location_id,sensing_datetime,sensing_date,sensing_time,direction_1,direction_2,total_of_directions
181,2025-04-14T14:00:00+00:00,2025-04-15,00:00,2,4,6
181,2025-04-14T14:03:00+00:00,2025-04-15,00:03,1,4,5
181,2025-04-14T14:05:00+00:00,2025-04-15,00:05,2,6,8
181,2025-04-14T14:09:00+00:00,2025-04-15,00:09,4,8,12
3,2025-04-14T13:57:00+00:00,2025-04-14,23:57,6,1,7
3,2025-04-14T14:07:00+00:00,2025-04-15,00:07,1,0,1
6,2025-04-14T13:55:00+00:00,2025-04-14,23:55,2,0,2
14,2025-04-14T14:06:00+00:00,2025-04-15,00:06,3,0,3
28,2025-04-14T14:01:00+00:00,2025-04-15,00:01,1,2,3
29,2025-04-14T14:01:00+00:00,2025-04-15,00:01,0,2,2
31,2025-04-14T14:09:00+00:00,2025-04-15,00:09,0,3,3
36,2025-04-14T14:02:00+00:00,2025-04-15,00:02,4,0,4
36,2025-04-14T14:08:00+00:00,2025-04-15,00:08,2,0,2
37,2025-04-14T13:59:00+00:00,2025-04-14,23:59,1,0,1
39,2025-04-14T14:03:00+00:00,2025-04-15,00:03,2,0,2
41,2025-04-14T13:55:00+00:00,2025-04-14,23:55,1,4,5
41,2025-04-14T13:56:00+00:00,2025-04-14,23:56,2,1,3
41,2025-04-14T14:02:00+00:00,2025-04-15,00:02,1,6,7
41,2025-04-14T14:09:00+00:00,2025-04-15,00:09,1,0,1
42,2025-04-14T13:55:00+00:00,2025-04-14,23:55,1,4,5
42,2025-04-14T14:01:00+00:00,2025-04-15,00:01,0,1,1
42,2025-04-14T14:05:00+00:00,2025-04-15,00:05,0,2,2
45,2025-04-14T13:56:00+00:00,2025-04-14,23:56,1,3,4
45,2025-04-14T14:01:00+00:00,2025-04-15,00:01,0,6,6
45,2025-04-14T14:02:00+00:00,2025-04-15,00:02,0,5,5
45,2025-04-14T14:03:00+00:00,2025-04-15,00:03,0,1,1
45,2025-04-14T14:05:00+00:00,2025-04-15,00:05,0,6,6
45,2025-04-14T14:06:00+00:00,2025-04-15,00:06,0,2,2
45,2025-04-14T14:07:00+00:00,2025-04-15,00:07,4,2,6
47,2025-04-14T13:58:00+00:00,2025-04-14,23:58,3,1,4
47,2025-04-14T14:00:00+00:00,2025-04-15,00:00,2,0,2
47,2025-04-14T14:02:00+00:00,2025-04-15,00:02,1,0,1
50,2025-04-14T14:02:00+00:00,2025-04-15,00:02,1,0,1
50,2025-04-14T14:06:00+00:00,2025-04-15,00:06,2,1,3
54,2025-04-14T13:59:00+00:00,2025-04-14,23:59,2,0,2
54,2025-04-14T14:04:00+00:00,2025-04-15,00:04,0,1,1
59,2025-04-14T13:55:00+00:00,2025-04-14,23:55,1,4,5
59,2025-04-14T14:00:00+00:00,2025-04-15,00:00,5,2,7
59,2025-04-14T14:05:00+00:00,2025-04-15,00:05,5,4,9
61,2025-04-14T13:56:00+00:00,2025-04-14,23:56,2,0,2
61,2025-04-14T13:57:00+00:00,2025-04-14,23:57,1,1,2
61,2025-04-14T14:00:00+00:00,2025-04-15,00:00,3,0,3
61,2025-04-14T14:04:00+00:00,2025-04-15,00:04,2,0,2
66,2025-04-14T13:56:00+00:00,2025-04-14,23:56,2,0,2
66,2025-04-14T14:04:00+00:00,2025-04-15,00:04,1,1,2
66,2025-04-14T14:06:00+00:00,2025-04-15,00:06,1,0,1
69,2025-04-14T14:00:00+00:00,2025-04-15,00:00,0,1,1
71,2025-04-14T13:58:00+00:00,2025-04-14,23:58,0,1,1
77,2025-04-14T13:55:00+00:00,2025-04-14,23:55,0,2,2
87,2025-04-14T14:04:00+00:00,2025-04-15,00:04,0,1,1
135,2025-04-14T14:00:00+00:00,2025-04-15,00:00,2,2,4
143,2025-04-14T13:55:00+00:00,2025-04-14,23:55,3,0,3
162,2025-04-14T14:00:00+00:00,2025-04-15,00:00,3,2,5
179,2025-04-14T13:55:00+00:00,2025-04-14,23:55,0,2,2
179,2025-04-14T14:00:00+00:00,2025-04-15,00:00,2,4,6
179,2025-04-14T14:05:00+00:00,2025-04-15,00:05,1,0,1
1,2025-04-14T13:59:00+00:00,2025-04-14,23:59,1,6,7
1,2025-04-14T14:00:00+00:00,2025-04-15,00:00,0,2,2
1,2025-04-14T14:02:00+00:00,2025-04-15,00:02,0,1,1
2,2025-04-14T14:00:00+00:00,2025-04-15,00:00,0,1,1
2,2025-04-14T14:06:00+00:00,2025-04-15,00:06,0,1,1
9,2025-04-14T13:55:00+00:00,2025-04-14,23:55,1,0,1
10,2025-04-14T13:57:00+00:00,2025-04-14,23:57,0,1,1
12,2025-04-14T13:56:00+00:00,2025-04-14,23:56,0,1,1
12,2025-04-14T14:07:00+00:00,2025-04-15,00:07,1,0,1
17,2025-04-14T13:58:00+00:00,2025-04-14,23:58,1,0,1
19,2025-04-14T13:58:00+00:00,2025-04-14,23:58,0,4,4
20,2025-04-14T13:58:00+00:00,2025-04-14,23:58,1,0,1
23,2025-04-14T14:05:00+00:00,2025-04-15,00:05,2,3,5
23,2025-04-14T14:07:00+00:00,2025-04-15,00:07,2,0,2
24,2025-04-14T13:57:00+00:00,2025-04-14,23:57,2,3,5
24,2025-04-14T14:09:00+00:00,2025-04-15,00:09,0,4,4
25,2025-04-14T13:55:00+00:00,2025-04-14,23:55,1,0,1
25,2025-04-14T14:00:00+00:00,2025-04-15,00:00,6,4,10
25,2025-04-14T14:05:00+00:00,2025-04-15,00:05,2,2,4
27,2025-04-14T13:57:00+00:00,2025-04-14,23:57,1,0,1
30,2025-04-14T14:00:00+00:00,2025-04-15,00:00,2,1,3
30,2025-04-14T14:04:00+00:00,2025-04-15,00:04,4,0,4
30,2025-04-14T14:08:00+00:00,2025-04-15,00:08,0,3,3
35,2025-04-14T13:56:00+00:00,2025-04-14,23:56,2,3,5
35,2025-04-14T14:00:00+00:00,2025-04-15,00:00,2,3,5
35,2025-04-14T14:01:00+00:00,2025-04-15,00:01,1,1,2
35,2025-04-14T14:05:00+00:00,2025-04-15,00:05,3,3,6
48,2025-04-14T13:56:00+00:00,2025-04-14,23:56,1,0,1
49,2025-04-14T13:56:00+00:00,2025-04-14,23:56,1,0,1
49,2025-04-14T14:03:00+00:00,2025-04-15,00:03,0,2,2
49,2025-04-14T14:07:00+00:00,2025-04-15,00:07,0,2,2
49,2025-04-14T14:08:00+00:00,2025-04-15,00:08,2,1,3
51,2025-04-14T13:58:00+00:00,2025-04-14,23:58,0,1,1
51,2025-04-14T14:02:00+00:00,2025-04-15,00:02,0,2,2
51,2025-04-14T14:04:00+00:00,2025-04-15,00:04,1,0,1
51,2025-04-14T14:06:00+00:00,2025-04-15,00:06,1,1,2
51,2025-04-14T14:07:00+00:00,2025-04-15,00:07,1,0,1
51,2025-04-14T14:09:00+00:00,2025-04-15,00:09,1,6,7
52,2025-04-14T13:57:00+00:00,2025-04-14,23:57,1,0,1
52,2025-04-14T14:01:00+00:00,2025-04-15,00:01,0,2,2
53,2025-04-14T14:04:00+00:00,2025-04-15,00:04,1,0,1
56,2025-04-14T13:56:00+00:00,2025-04-14,23:56,1,0,1
56,2025-04-14T14:06:00+00:00,2025-04-15,00:06,0,1,1
56,2025-04-14T14:08:00+00:00,2025-04-15,00:08,0,3,3
58,2025-04-14T13:56:00+00:00,2025-04-14,23:56,1,0,1
58,2025-04-14T14:04:00+00:00,2025-04-15,00:04,1,0,1
58,2025-04-14T14:05:00+00:00,2025-04-15,00:05,2,0,2
58,2025-04-14T14:09:00+00:00,2025-04-15,00:09,0,1,1
62,2025-04-14T13:57:00+00:00,2025-04-14,23:57,0,1,1
62,2025-04-14T14:00:00+00:00,2025-04-15,00:00,2,0,2
62,2025-04-14T14:08:00+00:00,2025-04-15,00:08,0,2,2
67,2025-04-14T13:57:00+00:00,2025-04-14,23:57,0,2,2
67,2025-04-14T14:01:00+00:00,2025-04-15,00:01,2,0,2
67,2025-04-14T14:04:00+00:00,2025-04-15,00:04,0,1,1
67,2025-04-14T14:07:00+00:00,2025-04-15,00:07,0,1,1
67,2025-04-14T14:08:00+00:00,2025-04-15,00:08,0,1,1
68,2025-04-14T14:07:00+00:00,2025-04-15,00:07,1,1,2
72,2025-04-14T13:57:00+00:00,2025-04-14,23:57,0,5,5
72,2025-04-14T14:02:00+00:00,2025-04-15,00:02,0,3,3
72,2025-04-14T14:08:00+00:00,2025-04-15,00:08,0,1,1
79,2025-04-14T13:55:00+00:00,2025-04-14,23:55,0,1,1
79,2025-04-14T14:09:00+00:00,2025-04-15,00:09,1,0,1
86,2025-04-14T14:02:00+00:00,2025-04-15,00:02,0,1,1
109,2025-04-14T13:55:00+00:00,2025-04-14,23:55,1,2,3
109,2025-04-14T14:00:00+00:00,2025-04-15,00:00,5,6,11
109,2025-04-14T14:05:00+00:00,2025-04-15,00:05,0,5,5
117,2025-04-14T14:00:00+00:00,2025-04-15,00:00,3,2,5
139,2025-04-14T14:00:00+00:00,2025-04-15,00:00,0,4,4
141,2025-04-14T14:00:00+00:00,2025-04-15,00:00,0,1,1
4,2025-04-14T13:56:00+00:00,2025-04-14,23:56,1,0,1
4,2025-04-14T13:57:00+00:00,2025-04-14,23:57,2,0,2
4,2025-04-14T14:02:00+00:00,2025-04-15,00:02,0,2,2
4,2025-04-14T14:04:00+00:00,2025-04-15,00:04,1,7,8
4,2025-04-14T14:05:00+00:00,2025-04-15,00:05,1,0,1
5,2025-04-14T13:55:00+00:00,2025-04-14,23:55,4,10,14
5,2025-04-14T14:05:00+00:00,2025-04-15,00:05,0,4,4
6,2025-04-14T14:05:00+00:00,2025-04-15,00:05,7,0,7
6,2025-04-14T14:07:00+00:00,2025-04-15,00:07,2,0,2
28,2025-04-14T13:58:00+00:00,2025-04-14,23:58,1,0,1
3,2025-04-14T14:10:00+00:00,2025-04-15,00:10,3,0,3
3,2025-04-14T14:13:00+00:00,2025-04-15,00:13,3,1,4
3,2025-04-14T14:14:00+00:00,2025-04-15,00:14,1,2,3
3,2025-04-14T14:16:00+00:00,2025-04-15,00:16,2,0,2
3,2025-04-14T14:24:00+00:00,2025-04-15,00:24,1,0,1
4,2025-04-14T14:15:00+00:00,2025-04-15,00:15,1,1,2
4,2025-04-14T14:17:00+00:00,2025-04-15,00:17,0,1,1
4,2025-04-14T14:19:00+00:00,2025-04-15,00:19,0,1,1
4,2025-04-14T14:22:00+00:00,2025-04-15,00:22,0,8,8
6,2025-04-14T14:10:00+00:00,2025-04-15,00:10,5,3,8
6,2025-04-14T14:16:00+00:00,2025-04-15,00:16,2,0,2
6,2025-04-14T14:17:00+00:00,2025-04-15,00:17,2,0,2
6,2025-04-14T14:20:00+00:00,2025-04-15,00:20,2,0,2
6,2025-04-14T14:24:00+00:00,2025-04-15,00:24,1,1,2
8,2025-04-14T14:13:00+00:00,2025-04-15,00:13,1,0,1
14,2025-04-14T14:15:00+00:00,2025-04-15,00:15,1,1,2
21,2025-04-14T14:20:00+00:00,2025-04-15,00:20,7,2,9
28,2025-04-14T14:11:00+00:00,2025-04-15,00:11,1,0,1
28,2025-04-14T14:14:00+00:00,2025-04-15,00:14,0,1,1
28,2025-04-14T14:21:00+00:00,2025-04-15,00:21,0,2,2
29,2025-04-14T14:21:00+00:00,2025-04-15,00:21,1,0,1
29,2025-04-14T14:23:00+00:00,2025-04-15,00:23,0,3,3
31,2025-04-14T14:22:00+00:00,2025-04-15,00:22,0,1,1
40,2025-04-14T14:18:00+00:00,2025-04-15,00:18,1,0,1
41,2025-04-14T14:11:00+00:00,2025-04-15,00:11,3,8,11
41,2025-04-14T14:12:00+00:00,2025-04-15,00:12,0,1,1
41,2025-04-14T14:14:00+00:00,2025-04-15,00:14,2,3,5
41,2025-04-14T14:15:00+00:00,2025-04-15,00:15,1,3,4
41,2025-04-14T14:19:00+00:00,2025-04-15,00:19,1,4,5
42,2025-04-14T14:15:00+00:00,2025-04-15,00:15,1,0,1
42,2025-04-14T14:16:00+00:00,2025-04-15,00:16,2,0,2
43,2025-04-14T14:20:00+00:00,2025-04-15,00:20,1,0,1
44,2025-04-14T14:15:00+00:00,2025-04-15,00:15,1,0,1
45,2025-04-14T14:12:00+00:00,2025-04-15,00:12,0,4,4
45,2025-04-14T14:13:00+00:00,2025-04-15,00:13,0,3,3
45,2025-04-14T14:15:00+00:00,2025-04-15,00:15,1,0,1
45,2025-04-14T14:19:00+00:00,2025-04-15,00:19,0,1,1
45,2025-04-14T14:24:00+00:00,2025-04-15,00:24,1,2,3
47,2025-04-14T14:13:00+00:00,2025-04-15,00:13,0,1,1
47,2025-04-14T14:21:00+00:00,2025-04-15,00:21,2,0,2
54,2025-04-14T14:10:00+00:00,2025-04-15,00:10,0,2,2
54,2025-04-14T14:14:00+00:00,2025-04-15,00:14,0,5,5
54,2025-04-14T14:15:00+00:00,2025-04-15,00:15,1,0,1
59,2025-04-14T14:15:00+00:00,2025-04-15,00:15,6,2,8
59,2025-04-14T14:20:00+00:00,2025-04-15,00:20,1,5,6
61,2025-04-14T14:10:00+00:00,2025-04-15,00:10,3,0,3
61,2025-04-14T14:16:00+00:00,2025-04-15,00:16,1,0,1
61,2025-04-14T14:19:00+00:00,2025-04-15,00:19,2,1,3
61,2025-04-14T14:24:00+00:00,2025-04-15,00:24,3,0,3
66,2025-04-14T14:13:00+00:00,2025-04-15,00:13,4,0,4
66,2025-04-14T14:17:00+00:00,2025-04-15,00:17,0,4,4
66,2025-04-14T14:18:00+00:00,2025-04-15,00:18,0,3,3
66,2025-04-14T14:22:00+00:00,2025-04-15,00:22,2,6,8
66,2025-04-14T14:23:00+00:00,2025-04-15,00:23,2,0,2
69,2025-04-14T14:18:00+00:00,2025-04-15,00:18,0,1,1
75,2025-04-14T14:13:00+00:00,2025-04-15,00:13,1,0,1
78,2025-04-14T14:24:00+00:00,2025-04-15,00:24,0,1,1
84,2025-04-14T14:15:00+00:00,2025-04-15,00:15,4,8,12
133,2025-04-14T14:15:00+00:00,2025-04-15,00:15,5,8,13
133,2025-04-14T14:20:00+00:00,2025-04-15,00:20,3,2,5
134,2025-04-14T14:10:00+00:00,2025-04-15,00:10,0,2,2
134,2025-04-14T14:15:00+00:00,2025-04-15,00:15,4,8,12
134,2025-04-14T14:20:00+00:00,2025-04-15,00:20,2,4,6
135,2025-04-14T14:20:00+00:00,2025-04-15,00:20,0,1,1
143,2025-04-14T14:10:00+00:00,2025-04-15,00:10,6,2,8
143,2025-04-14T14:15:00+00:00,2025-04-15,00:15,2,0,2
167,2025-04-14T14:20:00+00:00,2025-04-15,00:20,0,1,1
1,2025-04-14T14:15:00+00:00,2025-04-15,00:15,2,0,2
1,2025-04-14T14:17:00+00:00,2025-04-15,00:17,1,1,2
1,2025-04-14T14:21:00+00:00,2025-04-15,00:21,2,0,2
2,2025-04-14T14:17:00+00:00,2025-04-15,00:17,0,1,1
10,2025-04-14T14:13:00+00:00,2025-04-15,00:13,0,1,1
10,2025-04-14T14:22:00+00:00,2025-04-15,00:22,0,1,1
12,2025-04-14T14:15:00+00:00,2025-04-15,00:15,1,0,1
12,2025-04-14T14:19:00+00:00,2025-04-15,00:19,0,2,2
12,2025-04-14T14:22:00+00:00,2025-04-15,00:22,2,0,2
17,2025-04-14T14:17:00+00:00,2025-04-15,00:17,1,3,4
17,2025-04-14T14:20:00+00:00,2025-04-15,00:20,0,1,1
17,2025-04-14T14:21:00+00:00,2025-04-15,00:21,0,1,1
19,2025-04-14T14:15:00+00:00,2025-04-15,00:15,2,0,2
19,2025-04-14T14:18:00+00:00,2025-04-15,00:18,0,4,4
19,2025-04-14T14:20:00+00:00,2025-04-15,00:20,1,4,5
19,2025-04-14T14:22:00+00:00,2025-04-15,00:22,2,4,6
20,2025-04-14T14:12:00+00:00,2025-04-15,00:12,1,0,1
20,2025-04-14T14:14:00+00:00,2025-04-15,00:14,0,2,2
24,2025-04-14T14:13:00+00:00,2025-04-15,00:13,3,1,4
24,2025-04-14T14:21:00+00:00,2025-04-15,00:21,2,3,5
25,2025-04-14T14:10:00+00:00,2025-04-15,00:10,0,1,1
25,2025-04-14T14:15:00+00:00,2025-04-15,00:15,0,2,2
25,2025-04-14T14:20:00+00:00,2025-04-15,00:20,1,0,1
27,2025-04-14T14:16:00+00:00,2025-04-15,00:16,1,1,2
30,2025-04-14T14:11:00+00:00,2025-04-15,00:11,1,2,3
30,2025-04-14T14:17:00+00:00,2025-04-15,00:17,1,0,1
30,2025-04-14T14:22:00+00:00,2025-04-15,00:22,0,4,4
35,2025-04-14T14:17:00+00:00,2025-04-15,00:17,2,2,4
35,2025-04-14T14:24:00+00:00,2025-04-15,00:24,0,1,1
49,2025-04-14T14:14:00+00:00,2025-04-15,00:14,0,1,1
49,2025-04-14T14:19:00+00:00,2025-04-15,00:19,0,1,1
51,2025-04-14T14:18:00+00:00,2025-04-15,00:18,1,1,2
51,2025-04-14T14:20:00+00:00,2025-04-15,00:20,2,1,3
51,2025-04-14T14:24:00+00:00,2025-04-15,00:24,0,1,1
52,2025-04-14T14:20:00+00:00,2025-04-15,00:20,0,3,3
52,2025-04-14T14:23:00+00:00,2025-04-15,00:23,1,1,2
53,2025-04-14T14:21:00+00:00,2025-04-15,00:21,3,0,3
56,2025-04-14T14:11:00+00:00,2025-04-15,00:11,1,1,2
56,2025-04-14T14:14:00+00:00,2025-04-15,00:14,0,1,1
56,2025-04-14T14:16:00+00:00,2025-04-15,00:16,0,2,2
56,2025-04-14T14:18:00+00:00,2025-04-15,00:18,1,3,4
56,2025-04-14T14:21:00+00:00,2025-04-15,00:21,0,1,1
58,2025-04-14T14:10:00+00:00,2025-04-15,00:10,1,0,1
58,2025-04-14T14:11:00+00:00,2025-04-15,00:11,1,1,2
58,2025-04-14T14:19:00+00:00,2025-04-15,00:19,0,1,1
58,2025-04-14T14:23:00+00:00,2025-04-15,00:23,1,0,1
62,2025-04-14T14:13:00+00:00,2025-04-15,00:13,1,4,5
62,2025-04-14T14:15:00+00:00,2025-04-15,00:15,1,0,1
62,2025-04-14T14:19:00+00:00,2025-04-15,00:19,2,2,4
62,2025-04-14T14:24:00+00:00,2025-04-15,00:24,0,2,2
63,2025-04-14T14:11:00+00:00,2025-04-15,00:11,1,0,1
67,2025-04-14T14:10:00+00:00,2025-04-15,00:10,0,1,1
79,2025-04-14T14:12:00+00:00,2025-04-15,00:12,1,0,1
79,2025-04-14T14:13:00+00:00,2025-04-15,00:13,1,1,2
79,2025-04-14T14:14:00+00:00,2025-04-15,00:14,0,1,1
79,2025-04-14T14:19:00+00:00,2025-04-15,00:19,4,4,8
117,2025-04-14T14:10:00+00:00,2025-04-15,00:10,3,4,7
117,2025-04-14T14:15:00+00:00,2025-04-15,00:15,1,0,1
117,2025-04-14T14:20:00+00:00,2025-04-15,00:20,0,1,1
141,2025-04-14T14:10:00+00:00,2025-04-15,00:10,5,1,6
141,2025-04-14T14:20:00+00:00,2025-04-15,00:20,0,3,3
142,2025-04-14T14:20:00+00:00,2025-04-15,00:20,0,1,1
164,2025-04-14T14:20:00+00:00,2025-04-15,00:20,1,3,4
181,2025-04-14T13:56:00+00:00,2025-04-14,23:56,6,0,6
181,2025-04-14T13:58:00+00:00,2025-04-14,23:58,0,1,1
181,2025-04-14T13:59:00+00:00,2025-04-14,23:59,1,4,5
181,2025-04-14T14:01:00+00:00,2025-04-15,00:01,6,1,7
181,2025-04-14T14:02:00+00:00,2025-04-15,00:02,4,2,6
181,2025-04-14T14:07:00+00:00,2025-04-15,00:07,3,2,5
181,2025-04-14T14:08:00+00:00,2025-04-15,00:08,2,0,2
3,2025-04-14T14:00:00+00:00,2025-04-15,00:00,2,2,4
3,2025-04-14T14:03:00+00:00,2025-04-15,00:03,0,3,3
3,2025-04-14T14:06:00+00:00,2025-04-15,00:06,2,3,5
3,2025-04-14T14:09:00+00:00,2025-04-15,00:09,6,0,6
4,2025-04-14T13:59:00+00:00,2025-04-14,23:59,1,5,6
4,2025-04-14T14:01:00+00:00,2025-04-15,00:01,8,4,12
4,2025-04-14T14:03:00+00:00,2025-04-15,00:03,1,1,2
4,2025-04-14T14:09:00+00:00,2025-04-15,00:09,10,0,10
6,2025-04-14T14:01:00+00:00,2025-04-15,00:01,2,0,2
6,2025-04-14T14:02:00+00:00,2025-04-15,00:02,7,0,7
14,2025-04-14T14:03:00+00:00,2025-04-15,00:03,0,1,1
14,2025-04-14T14:07:00+00:00,2025-04-15,00:07,1,0,1
21,2025-04-14T13:55:00+00:00,2025-04-14,23:55,5,8,13
29,2025-04-14T13:58:00+00:00,2025-04-14,23:58,0,1,1
36,2025-04-14T14:00:00+00:00,2025-04-15,00:00,0,1,1
40,2025-04-14T14:03:00+00:00,2025-04-15,00:03,1,0,1
41,2025-04-14T13:57:00+00:00,2025-04-14,23:57,4,0,4
41,2025-04-14T13:58:00+00:00,2025-04-14,23:58,6,1,7
42,2025-04-14T14:09:00+00:00,2025-04-15,00:09,0,1,1
45,2025-04-14T13:58:00+00:00,2025-04-14,23:58,2,0,2
45,2025-04-14T14:04:00+00:00,2025-04-15,00:04,1,0,1
47,2025-04-14T13:57:00+00:00,2025-04-14,23:57,2,1,3
47,2025-04-14T14:05:00+00:00,2025-04-15,00:05,1,3,4
47,2025-04-14T14:08:00+00:00,2025-04-15,00:08,0,2,2
54,2025-04-14T14:08:00+00:00,2025-04-15,00:08,2,0,2
61,2025-04-14T13:58:00+00:00,2025-04-14,23:58,2,2,4
61,2025-04-14T14:02:00+00:00,2025-04-15,00:02,3,0,3
61,2025-04-14T14:07:00+00:00,2025-04-15,00:07,4,1,5
66,2025-04-14T13:57:00+00:00,2025-04-14,23:57,0,1,1
66,2025-04-14T13:58:00+00:00,2025-04-14,23:58,1,0,1
66,2025-04-14T14:00:00+00:00,2025-04-15,00:00,3,2,5
66,2025-04-14T14:01:00+00:00,2025-04-15,00:01,2,0,2
66,2025-04-14T14:03:00+00:00,2025-04-15,00:03,0,1,1
66,2025-04-14T14:05:00+00:00,2025-04-15,00:05,4,2,6
66,2025-04-14T14:09:00+00:00,2025-04-15,00:09,0,1,1
84,2025-04-14T14:00:00+00:00,2025-04-15,00:00,1,3,4
84,2025-04-14T14:05:00+00:00,2025-04-15,00:05,0,7,7
108,2025-04-14T14:05:00+00:00,2025-04-15,00:05,0,1,1
132,2025-04-14T13:55:00+00:00,2025-04-14,23:55,7,0,7
132,2025-04-14T14:00:00+00:00,2025-04-15,00:00,3,3,6
133,2025-04-14T14:00:00+00:00,2025-04-15,00:00,8,0,8
134,2025-04-14T14:00:00+00:00,2025-04-15,00:00,2,5,7
135,2025-04-14T14:05:00+00:00,2025-04-15,00:05,0,5,5
162,2025-04-14T13:55:00+00:00,2025-04-14,23:55,5,6,11
162,2025-04-14T14:05:00+00:00,2025-04-15,00:05,4,5,9
166,2025-04-14T13:55:00+00:00,2025-04-14,23:55,1,0,1
167,2025-04-14T14:05:00+00:00,2025-04-15,00:05,2,4,6
1,2025-04-14T13:55:00+00:00,2025-04-14,23:55,3,3,6
1,2025-04-14T13:58:00+00:00,2025-04-14,23:58,3,0,3
1,2025-04-14T14:03:00+00:00,2025-04-15,00:03,1,4,5
1,2025-04-14T14:04:00+00:00,2025-04-15,00:04,0,1,1
1,2025-04-14T14:05:00+00:00,2025-04-15,00:05,0,1,1
1,2025-04-14T14:08:00+00:00,2025-04-15,00:08,1,0,1
9,2025-04-14T13:56:00+00:00,2025-04-14,23:56,0,1,1
12,2025-04-14T14:05:00+00:00,2025-04-15,00:05,2,0,2
17,2025-04-14T13:56:00+00:00,2025-04-14,23:56,0,1,1
17,2025-04-14T14:01:00+00:00,2025-04-15,00:01,1,0,1
17,2025-04-14T14:02:00+00:00,2025-04-15,00:02,1,0,1
19,2025-04-14T13:57:00+00:00,2025-04-14,23:57,4,2,6
19,2025-04-14T14:01:00+00:00,2025-04-15,00:01,2,1,3
19,2025-04-14T14:02:00+00:00,2025-04-15,00:02,1,4,5
19,2025-04-14T14:03:00+00:00,2025-04-15,00:03,0,1,1
19,2025-04-14T14:06:00+00:00,2025-04-15,00:06,1,2,3
23,2025-04-14T13:58:00+00:00,2025-04-14,23:58,6,3,9
23,2025-04-14T14:00:00+00:00,2025-04-15,00:00,0,1,1
24,2025-04-14T13:56:00+00:00,2025-04-14,23:56,0,2,2
24,2025-04-14T13:58:00+00:00,2025-04-14,23:58,1,4,5
24,2025-04-14T13:59:00+00:00,2025-04-14,23:59,0,2,2
24,2025-04-14T14:00:00+00:00,2025-04-15,00:00,0,2,2
24,2025-04-14T14:02:00+00:00,2025-04-15,00:02,1,2,3
24,2025-04-14T14:03:00+00:00,2025-04-15,00:03,1,0,1
27,2025-04-14T13:55:00+00:00,2025-04-14,23:55,2,0,2
30,2025-04-14T13:55:00+00:00,2025-04-14,23:55,0,3,3
30,2025-04-14T13:59:00+00:00,2025-04-14,23:59,5,0,5
30,2025-04-14T14:02:00+00:00,2025-04-15,00:02,0,3,3
30,2025-04-14T14:07:00+00:00,2025-04-15,00:07,1,2,3
35,2025-04-14T13:55:00+00:00,2025-04-14,23:55,1,2,3
35,2025-04-14T13:57:00+00:00,2025-04-14,23:57,2,5,7
35,2025-04-14T13:58:00+00:00,2025-04-14,23:58,3,1,4
35,2025-04-14T13:59:00+00:00,2025-04-14,23:59,4,1,5
35,2025-04-14T14:04:00+00:00,2025-04-15,00:04,1,0,1
35,2025-04-14T14:06:00+00:00,2025-04-15,00:06,1,0,1
35,2025-04-14T14:08:00+00:00,2025-04-15,00:08,0,1,1
49,2025-04-14T13:55:00+00:00,2025-04-14,23:55,1,1,2
49,2025-04-14T14:00:00+00:00,2025-04-15,00:00,1,2,3
49,2025-04-14T14:04:00+00:00,2025-04-15,00:04,3,2,5
49,2025-04-14T14:05:00+00:00,2025-04-15,00:05,1,0,1
51,2025-04-14T14:03:00+00:00,2025-04-15,00:03,2,0,2
51,2025-04-14T14:05:00+00:00,2025-04-15,00:05,1,0,1
51,2025-04-14T14:08:00+00:00,2025-04-15,00:08,2,0,2
52,2025-04-14T13:59:00+00:00,2025-04-14,23:59,1,0,1
52,2025-04-14T14:00:00+00:00,2025-04-15,00:00,0,4,4
52,2025-04-14T14:04:00+00:00,2025-04-15,00:04,0,2,2
52,2025-04-14T14:07:00+00:00,2025-04-15,00:07,0,1,1
52,2025-04-14T14:09:00+00:00,2025-04-15,00:09,1,0,1
53,2025-04-14T14:05:00+00:00,2025-04-15,00:05,0,1,1
56,2025-04-14T14:07:00+00:00,2025-04-15,00:07,0,1,1
58,2025-04-14T13:55:00+00:00,2025-04-14,23:55,0,2,2
58,2025-04-14T13:59:00+00:00,2025-04-14,23:59,0,1,1
58,2025-04-14T14:01:00+00:00,2025-04-15,00:01,1,2,3
58,2025-04-14T14:06:00+00:00,2025-04-15,00:06,1,1,2
58,2025-04-14T14:08:00+00:00,2025-04-15,00:08,1,1,2
62,2025-04-14T13:56:00+00:00,2025-04-14,23:56,0,1,1
62,2025-04-14T14:04:00+00:00,2025-04-15,00:04,2,0,2
62,2025-04-14T14:05:00+00:00,2025-04-15,00:05,1,4,5
62,2025-04-14T14:06:00+00:00,2025-04-15,00:06,4,0,4
62,2025-04-14T14:09:00+00:00,2025-04-15,00:09,2,1,3
63,2025-04-14T14:01:00+00:00,2025-04-15,00:01,0,1,1
67,2025-04-14T13:59:00+00:00,2025-04-14,23:59,0,1,1
67,2025-04-14T14:05:00+00:00,2025-04-15,00:05,0,2,2
67,2025-04-14T14:06:00+00:00,2025-04-15,00:06,0,1,1
79,2025-04-14T13:56:00+00:00,2025-04-14,23:56,3,0,3
79,2025-04-14T13:59:00+00:00,2025-04-14,23:59,1,0,1
79,2025-04-14T14:02:00+00:00,2025-04-15,00:02,1,0,1
79,2025-04-14T14:03:00+00:00,2025-04-15,00:03,2,3,5
79,2025-04-14T14:05:00+00:00,2025-04-15,00:05,2,2,4
79,2025-04-14T14:08:00+00:00,2025-04-15,00:08,1,0,1
6,2025-04-14T13:58:00+00:00,2025-04-14,23:58,0,5,5
14,2025-04-14T13:56:00+00:00,2025-04-14,23:56,3,0,3
14,2025-04-14T14:02:00+00:00,2025-04-15,00:02,2,0,2
21,2025-04-14T14:05:00+00:00,2025-04-15,00:05,0,4,4
28,2025-04-14T13:55:00+00:00,2025-04-14,23:55,2,0,2
28,2025-04-14T14:02:00+00:00,2025-04-15,00:02,2,0,2
28,2025-04-14T14:09:00+00:00,2025-04-15,00:09,2,0,2
31,2025-04-14T13:55:00+00:00,2025-04-14,23:55,0,1,1
37,2025-04-14T14:01:00+00:00,2025-04-15,00:01,0,1,1
37,2025-04-14T14:04:00+00:00,2025-04-15,00:04,6,0,6
41,2025-04-14T14:04:00+00:00,2025-04-15,00:04,2,5,7
41,2025-04-14T14:05:00+00:00,2025-04-15,00:05,3,3,6
141,2025-04-14T13:55:00+00:00,2025-04-14,23:55,0,1,1
141,2025-04-14T14:05:00+00:00,2025-04-15,00:05,4,2,6
164,2025-04-14T14:05:00+00:00,2025-04-15,00:05,1,0,1
181,2025-04-14T14:12:00+00:00,2025-04-15,00:12,2,4,6
181,2025-04-14T14:15:00+00:00,2025-04-15,00:15,3,4,7
181,2025-04-14T14:22:00+00:00,2025-04-15,00:22,0,2,2
181,2025-04-14T14:10:00+00:00,2025-04-15,00:10,3,3,6
181,2025-04-14T14:11:00+00:00,2025-04-15,00:11,4,2,6
181,2025-04-14T14:14:00+00:00,2025-04-15,00:14,2,1,3
181,2025-04-14T14:17:00+00:00,2025-04-15,00:17,2,2,4
181,2025-04-14T14:18:00+00:00,2025-04-15,00:18,5,3,8
181,2025-04-14T14:20:00+00:00,2025-04-15,00:20,4,4,8
181,2025-04-14T14:21:00+00:00,2025-04-15,00:21,9,2,11
181,2025-04-14T14:23:00+00:00,2025-04-15,00:23,6,8,14
181,2025-04-14T14:24:00+00:00,2025-04-15,00:24,4,2,6
3,2025-04-14T14:11:00+00:00,2025-04-15,00:11,1,1,2
3,2025-04-14T14:15:00+00:00,2025-04-15,00:15,2,1,3
3,2025-04-14T14:17:00+00:00,2025-04-15,00:17,3,0,3
3,2025-04-14T14:19:00+00:00,2025-04-15,00:19,0,2,2
3,2025-04-14T14:22:00+00:00,2025-04-15,00:22,1,0,1
4,2025-04-14T14:13:00+00:00,2025-04-15,00:13,3,0,3
4,2025-04-14T14:14:00+00:00,2025-04-15,00:14,1,0,1
4,2025-04-14T14:21:00+00:00,2025-04-15,00:21,5,0,5
4,2025-04-14T14:23:00+00:00,2025-04-15,00:23,4,4,8
6,2025-04-14T14:15:00+00:00,2025-04-15,00:15,0,1,1
6,2025-04-14T14:18:00+00:00,2025-04-15,00:18,0,1,1
14,2025-04-14T14:22:00+00:00,2025-04-15,00:22,1,0,1
28,2025-04-14T14:10:00+00:00,2025-04-15,00:10,0,2,2
28,2025-04-14T14:19:00+00:00,2025-04-15,00:19,0,3,3
29,2025-04-14T14:24:00+00:00,2025-04-15,00:24,2,0,2
37,2025-04-14T14:10:00+00:00,2025-04-15,00:10,2,0,2
37,2025-04-14T14:16:00+00:00,2025-04-15,00:16,2,0,2
37,2025-04-14T14:17:00+00:00,2025-04-15,00:17,0,1,1
37,2025-04-14T14:20:00+00:00,2025-04-15,00:20,2,0,2
37,2025-04-14T14:22:00+00:00,2025-04-15,00:22,0,1,1
39,2025-04-14T14:16:00+00:00,2025-04-15,00:16,1,0,1
39,2025-04-14T14:19:00+00:00,2025-04-15,00:19,0,2,2
41,2025-04-14T14:10:00+00:00,2025-04-15,00:10,3,2,5
41,2025-04-14T14:17:00+00:00,2025-04-15,00:17,2,8,10
42,2025-04-14T14:11:00+00:00,2025-04-15,00:11,1,0,1
42,2025-04-14T14:17:00+00:00,2025-04-15,00:17,1,0,1
42,2025-04-14T14:20:00+00:00,2025-04-15,00:20,0,1,1
43,2025-04-14T14:10:00+00:00,2025-04-15,00:10,1,0,1
43,2025-04-14T14:15:00+00:00,2025-04-15,00:15,0,2,2
47,2025-04-14T14:17:00+00:00,2025-04-15,00:17,2,2,4
47,2025-04-14T14:24:00+00:00,2025-04-15,00:24,1,1,2
50,2025-04-14T14:15:00+00:00,2025-04-15,00:15,1,0,1
61,2025-04-14T14:12:00+00:00,2025-04-15,00:12,2,0,2
61,2025-04-14T14:14:00+00:00,2025-04-15,00:14,1,1,2
61,2025-04-14T14:15:00+00:00,2025-04-15,00:15,0,1,1
66,2025-04-14T14:24:00+00:00,2025-04-15,00:24,1,2,3
70,2025-04-14T14:22:00+00:00,2025-04-15,00:22,1,0,1
71,2025-04-14T14:22:00+00:00,2025-04-15,00:22,0,1,1
77,2025-04-14T14:20:00+00:00,2025-04-15,00:20,1,0,1
84,2025-04-14T14:20:00+00:00,2025-04-15,00:20,4,3,7
87,2025-04-14T14:17:00+00:00,2025-04-15,00:17,1,0,1
107,2025-04-14T14:15:00+00:00,2025-04-15,00:15,0,2,2
108,2025-04-14T14:10:00+00:00,2025-04-15,00:10,0,2,2
108,2025-04-14T14:11:00+00:00,2025-04-15,00:11,2,1,3
108,2025-04-14T14:13:00+00:00,2025-04-15,00:13,0,4,4
108,2025-04-14T14:15:00+00:00,2025-04-15,00:15,0,4,4
108,2025-04-14T14:21:00+00:00,2025-04-15,00:21,1,3,4
131,2025-04-14T14:15:00+00:00,2025-04-15,00:15,2,0,2
131,2025-04-14T14:20:00+00:00,2025-04-15,00:20,2,0,2
132,2025-04-14T14:15:00+00:00,2025-04-15,00:15,1,0,1
132,2025-04-14T14:20:00+00:00,2025-04-15,00:20,1,2,3
135,2025-04-14T14:15:00+00:00,2025-04-15,00:15,0,3,3
162,2025-04-14T14:20:00+00:00,2025-04-15,00:20,4,3,7
1,2025-04-14T14:23:00+00:00,2025-04-15,00:23,2,2,4
2,2025-04-14T14:12:00+00:00,2025-04-15,00:12,0,7,7
2,2025-04-14T14:19:00+00:00,2025-04-15,00:19,1,0,1
10,2025-04-14T14:21:00+00:00,2025-04-15,00:21,2,0,2
11,2025-04-14T14:20:00+00:00,2025-04-15,00:20,7,0,7
12,2025-04-14T14:23:00+00:00,2025-04-15,00:23,1,0,1
17,2025-04-14T14:16:00+00:00,2025-04-15,00:16,0,1,1
17,2025-04-14T14:22:00+00:00,2025-04-15,00:22,0,2,2
19,2025-04-14T14:10:00+00:00,2025-04-15,00:10,0,1,1
19,2025-04-14T14:11:00+00:00,2025-04-15,00:11,0,3,3
19,2025-04-14T14:13:00+00:00,2025-04-15,00:13,3,0,3
19,2025-04-14T14:16:00+00:00,2025-04-15,00:16,0,2,2
19,2025-04-14T14:21:00+00:00,2025-04-15,00:21,2,3,5
19,2025-04-14T14:24:00+00:00,2025-04-15,00:24,0,1,1
23,2025-04-14T14:11:00+00:00,2025-04-15,00:11,0,1,1
23,2025-04-14T14:16:00+00:00,2025-04-15,00:16,0,1,1
23,2025-04-14T14:17:00+00:00,2025-04-15,00:17,0,1,1
23,2025-04-14T14:18:00+00:00,2025-04-15,00:18,0,2,2
24,2025-04-14T14:19:00+00:00,2025-04-15,00:19,0,4,4
24,2025-04-14T14:22:00+00:00,2025-04-15,00:22,1,2,3
24,2025-04-14T14:24:00+00:00,2025-04-15,00:24,0,1,1
30,2025-04-14T14:14:00+00:00,2025-04-15,00:14,1,1,2
30,2025-04-14T14:18:00+00:00,2025-04-15,00:18,0,5,5
30,2025-04-14T14:23:00+00:00,2025-04-15,00:23,4,0,4
35,2025-04-14T14:11:00+00:00,2025-04-15,00:11,2,4,6
35,2025-04-14T14:14:00+00:00,2025-04-15,00:14,0,2,2
35,2025-04-14T14:21:00+00:00,2025-04-15,00:21,0,2,2
49,2025-04-14T14:12:00+00:00,2025-04-15,00:12,5,0,5
49,2025-04-14T14:13:00+00:00,2025-04-15,00:13,0,1,1
49,2025-04-14T14:16:00+00:00,2025-04-15,00:16,2,6,8
49,2025-04-14T14:17:00+00:00,2025-04-15,00:17,0,1,1
49,2025-04-14T14:24:00+00:00,2025-04-15,00:24,2,0,2
51,2025-04-14T14:15:00+00:00,2025-04-15,00:15,0,2,2
53,2025-04-14T14:22:00+00:00,2025-04-15,00:22,0,1,1
56,2025-04-14T14:23:00+00:00,2025-04-15,00:23,0,1,1
58,2025-04-14T14:12:00+00:00,2025-04-15,00:12,1,1,2
58,2025-04-14T14:14:00+00:00,2025-04-15,00:14,0,4,4
58,2025-04-14T14:15:00+00:00,2025-04-15,00:15,3,0,3
58,2025-04-14T14:22:00+00:00,2025-04-15,00:22,0,1,1
62,2025-04-14T14:10:00+00:00,2025-04-15,00:10,2,0,2
62,2025-04-14T14:11:00+00:00,2025-04-15,00:11,0,1,1
62,2025-04-14T14:16:00+00:00,2025-04-15,00:16,0,1,1
62,2025-04-14T14:22:00+00:00,2025-04-15,00:22,0,6,6
62,2025-04-14T14:23:00+00:00,2025-04-15,00:23,3,0,3
63,2025-04-14T14:14:00+00:00,2025-04-15,00:14,0,1,1
63,2025-04-14T14:24:00+00:00,2025-04-15,00:24,0,1,1
67,2025-04-14T14:17:00+00:00,2025-04-15,00:17,0,2,2
67,2025-04-14T14:18:00+00:00,2025-04-15,00:18,0,2,2
67,2025-04-14T14:20:00+00:00,2025-04-15,00:20,0,1,1
72,2025-04-14T14:16:00+00:00,2025-04-15,00:16,0,2,2
79,2025-04-14T14:10:00+00:00,2025-04-15,00:10,1,0,1
79,2025-04-14T14:11:00+00:00,2025-04-15,00:11,1,2,3
79,2025-04-14T14:17:00+00:00,2025-04-15,00:17,0,5,5
79,2025-04-14T14:18:00+00:00,2025-04-15,00:18,2,2,4
79,2025-04-14T14:21:00+00:00,2025-04-15,00:21,2,0,2
79,2025-04-14T14:23:00+00:00,2025-04-15,00:23,1,2,3
79,2025-04-14T14:24:00+00:00,2025-04-15,00:24,0,1,1
86,2025-04-14T14:10:00+00:00,2025-04-15,00:10,0,1,1
164,2025-04-14T14:10:00+00:00,2025-04-15,00:10,1,0,1
4,2025-04-14T14:10:00+00:00,2025-04-15,00:10,2,1,3
4,2025-04-14T14:24:00+00:00,2025-04-15,00:24,2,0,2
5,2025-04-14T14:10:00+00:00,2025-04-15,00:10,1,6,7
5,2025-04-14T14:20:00+00:00,2025-04-15,00:20,7,6,13
6,2025-04-14T14:11:00+00:00,2025-04-15,00:11,0,3,3
6,2025-04-14T14:12:00+00:00,2025-04-15,00:12,1,3,4
6,2025-04-14T14:19:00+00:00,2025-04-15,00:19,3,3,6
6,2025-04-14T14:22:00+00:00,2025-04-15,00:22,1,0,1
14,2025-04-14T14:19:00+00:00,2025-04-15,00:19,1,0,1
14,2025-04-14T14:21:00+00:00,2025-04-15,00:21,1,0,1
21,2025-04-14T14:10:00+00:00,2025-04-15,00:10,0,5,5
28,2025-04-14T14:15:00+00:00,2025-04-15,00:15,3,0,3
29,2025-04-14T14:17:00+00:00,2025-04-15,00:17,0,1,1
31,2025-04-14T14:21:00+00:00,2025-04-15,00:21,1,0,1
36,2025-04-14T14:15:00+00:00,2025-04-15,00:15,0,1,1
36,2025-04-14T14:23:00+00:00,2025-04-15,00:23,3,0,3
41,2025-04-14T14:20:00+00:00,2025-04-15,00:20,3,2,5
41,2025-04-14T14:22:00+00:00,2025-04-15,00:22,1,1,2
41,2025-04-14T14:23:00+00:00,2025-04-15,00:23,4,6,10
41,2025-04-14T14:24:00+00:00,2025-04-15,00:24,4,1,5
44,2025-04-14T14:10:00+00:00,2025-04-15,00:10,1,0,1
45,2025-04-14T14:10:00+00:00,2025-04-15,00:10,0,4,4
47,2025-04-14T14:12:00+00:00,2025-04-15,00:12,0,2,2
47,2025-04-14T14:16:00+00:00,2025-04-15,00:16,2,0,2
50,2025-04-14T14:24:00+00:00,2025-04-15,00:24,2,0,2
54,2025-04-14T14:11:00+00:00,2025-04-15,00:11,0,4,4
54,2025-04-14T14:17:00+00:00,2025-04-15,00:17,1,0,1
54,2025-04-14T14:22:00+00:00,2025-04-15,00:22,0,1,1
61,2025-04-14T14:18:00+00:00,2025-04-15,00:18,2,0,2
61,2025-04-14T14:22:00+00:00,2025-04-15,00:22,3,0,3
3,2025-04-14T14:26:00+00:00,2025-04-15,00:26,6,1,7
3,2025-04-14T14:27:00+00:00,2025-04-15,00:27,0,1,1
3,2025-04-14T14:28:00+00:00,2025-04-15,00:28,0,2,2
3,2025-04-14T14:29:00+00:00,2025-04-15,00:29,1,0,1
3,2025-04-14T14:30:00+00:00,2025-04-15,00:30,2,1,3
3,2025-04-14T14:31:00+00:00,2025-04-15,00:31,2,0,2
3,2025-04-14T14:33:00+00:00,2025-04-15,00:33,0,1,1
3,2025-04-14T14:35:00+00:00,2025-04-15,00:35,1,0,1
4,2025-04-14T14:26:00+00:00,2025-04-15,00:26,6,0,6
4,2025-04-14T14:27:00+00:00,2025-04-15,00:27,4,0,4
4,2025-04-14T14:28:00+00:00,2025-04-15,00:28,1,2,3
4,2025-04-14T14:37:00+00:00,2025-04-15,00:37,0,1,1
6,2025-04-14T14:25:00+00:00,2025-04-15,00:25,0,2,2
6,2025-04-14T14:35:00+00:00,2025-04-15,00:35,0,1,1
14,2025-04-14T14:25:00+00:00,2025-04-15,00:25,0,6,6
14,2025-04-14T14:26:00+00:00,2025-04-15,00:26,1,0,1
14,2025-04-14T14:27:00+00:00,2025-04-15,00:27,2,0,2
21,2025-04-14T14:35:00+00:00,2025-04-15,00:35,0,4,4
28,2025-04-14T14:25:00+00:00,2025-04-15,00:25,0,1,1
29,2025-04-14T14:33:00+00:00,2025-04-15,00:33,0,1,1
29,2025-04-14T14:35:00+00:00,2025-04-15,00:35,1,0,1
31,2025-04-14T14:30:00+00:00,2025-04-15,00:30,0,4,4
37,2025-04-14T14:32:00+00:00,2025-04-15,00:32,0,4,4
40,2025-04-14T14:32:00+00:00,2025-04-15,00:32,1,0,1
41,2025-04-14T14:25:00+00:00,2025-04-15,00:25,3,7,10
42,2025-04-14T14:34:00+00:00,2025-04-15,00:34,0,1,1
45,2025-04-14T14:36:00+00:00,2025-04-15,00:36,1,0,1
45,2025-04-14T14:37:00+00:00,2025-04-15,00:37,0,3,3
47,2025-04-14T14:30:00+00:00,2025-04-15,00:30,1,0,1
47,2025-04-14T14:32:00+00:00,2025-04-15,00:32,0,2,2
47,2025-04-14T14:33:00+00:00,2025-04-15,00:33,1,0,1
47,2025-04-14T14:37:00+00:00,2025-04-15,00:37,0,2,2
50,2025-04-14T14:25:00+00:00,2025-04-15,00:25,2,0,2
54,2025-04-14T14:33:00+00:00,2025-04-15,00:33,0,1,1
54,2025-04-14T14:34:00+00:00,2025-04-15,00:34,0,1,1
59,2025-04-14T14:25:00+00:00,2025-04-15,00:25,1,5,6
61,2025-04-14T14:29:00+00:00,2025-04-15,00:29,3,1,4
61,2025-04-14T14:30:00+00:00,2025-04-15,00:30,2,0,2
61,2025-04-14T14:39:00+00:00,2025-04-15,00:39,3,0,3
66,2025-04-14T14:31:00+00:00,2025-04-15,00:31,0,1,1
66,2025-04-14T14:38:00+00:00,2025-04-15,00:38,0,1,1
78,2025-04-14T14:32:00+00:00,2025-04-15,00:32,0,1,1
84,2025-04-14T14:25:00+00:00,2025-04-15,00:25,0,4,4
84,2025-04-14T14:30:00+00:00,2025-04-15,00:30,3,4,7
107,2025-04-14T14:25:00+00:00,2025-04-15,00:25,2,0,2
108,2025-04-14T14:29:00+00:00,2025-04-15,00:29,0,2,2
108,2025-04-14T14:30:00+00:00,2025-04-15,00:30,3,0,3
108,2025-04-14T14:35:00+00:00,2025-04-15,00:35,2,4,6
108,2025-04-14T14:37:00+00:00,2025-04-15,00:37,2,1,3
131,2025-04-14T14:25:00+00:00,2025-04-15,00:25,0,1,1
131,2025-04-14T14:35:00+00:00,2025-04-15,00:35,3,2,5
132,2025-04-14T14:25:00+00:00,2025-04-15,00:25,1,0,1
132,2025-04-14T14:30:00+00:00,2025-04-15,00:30,3,4,7
132,2025-04-14T14:35:00+00:00,2025-04-15,00:35,2,3,5
135,2025-04-14T14:30:00+00:00,2025-04-15,00:30,1,0,1
135,2025-04-14T14:35:00+00:00,2025-04-15,00:35,4,4,8
167,2025-04-14T14:35:00+00:00,2025-04-15,00:35,0,1,1
1,2025-04-14T14:26:00+00:00,2025-04-15,00:26,0,2,2
1,2025-04-14T14:29:00+00:00,2025-04-15,00:29,0,1,1
1,2025-04-14T14:37:00+00:00,2025-04-15,00:37,0,1,1
2,2025-04-14T14:39:00+00:00,2025-04-15,00:39,0,2,2
12,2025-04-14T14:27:00+00:00,2025-04-15,00:27,2,0,2
17,2025-04-14T14:26:00+00:00,2025-04-15,00:26,1,1,2
19,2025-04-14T14:32:00+00:00,2025-04-15,00:32,1,1,2
19,2025-04-14T14:37:00+00:00,2025-04-15,00:37,1,0,1
20,2025-04-14T14:30:00+00:00,2025-04-15,00:30,0,3,3
20,2025-04-14T14:37:00+00:00,2025-04-15,00:37,4,0,4
24,2025-04-14T14:26:00+00:00,2025-04-15,00:26,2,0,2
24,2025-04-14T14:31:00+00:00,2025-04-15,00:31,1,0,1
24,2025-04-14T14:37:00+00:00,2025-04-15,00:37,0,6,6
35,2025-04-14T14:25:00+00:00,2025-04-15,00:25,1,2,3
35,2025-04-14T14:27:00+00:00,2025-04-15,00:27,0,2,2
35,2025-04-14T14:28:00+00:00,2025-04-15,00:28,0,3,3
35,2025-04-14T14:35:00+00:00,2025-04-15,00:35,0,1,1
35,2025-04-14T14:36:00+00:00,2025-04-15,00:36,0,4,4
35,2025-04-14T14:38:00+00:00,2025-04-15,00:38,0,1,1
49,2025-04-14T14:28:00+00:00,2025-04-15,00:28,0,3,3
49,2025-04-14T14:34:00+00:00,2025-04-15,00:34,1,1,2
49,2025-04-14T14:36:00+00:00,2025-04-15,00:36,6,0,6
51,2025-04-14T14:37:00+00:00,2025-04-15,00:37,0,1,1
52,2025-04-14T14:31:00+00:00,2025-04-15,00:31,2,0,2
52,2025-04-14T14:34:00+00:00,2025-04-15,00:34,0,3,3
53,2025-04-14T14:26:00+00:00,2025-04-15,00:26,1,0,1
53,2025-04-14T14:38:00+00:00,2025-04-15,00:38,1,0,1
56,2025-04-14T14:31:00+00:00,2025-04-15,00:31,1,1,2
56,2025-04-14T14:37:00+00:00,2025-04-15,00:37,1,1,2
58,2025-04-14T14:31:00+00:00,2025-04-15,00:31,1,1,2
62,2025-04-14T14:25:00+00:00,2025-04-15,00:25,1,0,1
62,2025-04-14T14:36:00+00:00,2025-04-15,00:36,0,2,2
67,2025-04-14T14:25:00+00:00,2025-04-15,00:25,0,1,1
72,2025-04-14T14:27:00+00:00,2025-04-15,00:27,0,1,1
72,2025-04-14T14:36:00+00:00,2025-04-15,00:36,3,1,4
79,2025-04-14T14:28:00+00:00,2025-04-15,00:28,1,0,1
79,2025-04-14T14:29:00+00:00,2025-04-15,00:29,0,4,4
79,2025-04-14T14:38:00+00:00,2025-04-15,00:38,0,2,2
109,2025-04-14T14:30:00+00:00,2025-04-15,00:30,5,1,6
117,2025-04-14T14:25:00+00:00,2025-04-15,00:25,3,1,4
164,2025-04-14T14:25:00+00:00,2025-04-15,00:25,2,0,2
181,2025-04-14T14:34:00+00:00,2025-04-15,00:34,3,2,5
181,2025-04-14T14:37:00+00:00,2025-04-15,00:37,4,1,5
181,2025-04-14T14:38:00+00:00,2025-04-15,00:38,0,3,3
181,2025-04-14T14:39:00+00:00,2025-04-15,00:39,3,3,6
181,2025-04-14T13:55:00+00:00,2025-04-14,23:55,8,3,11
181,2025-04-14T13:57:00+00:00,2025-04-14,23:57,3,3,6
181,2025-04-14T14:04:00+00:00,2025-04-15,00:04,2,7,9
181,2025-04-14T14:06:00+00:00,2025-04-15,00:06,4,1,5
3,2025-04-14T14:25:00+00:00,2025-04-15,00:25,0,2,2
3,2025-04-14T14:37:00+00:00,2025-04-15,00:37,1,0,1
4,2025-04-14T14:29:00+00:00,2025-04-15,00:29,1,0,1
4,2025-04-14T14:31:00+00:00,2025-04-15,00:31,1,1,2
4,2025-04-14T14:38:00+00:00,2025-04-15,00:38,0,2,2
5,2025-04-14T14:25:00+00:00,2025-04-15,00:25,1,5,6
5,2025-04-14T14:35:00+00:00,2025-04-15,00:35,1,1,2
6,2025-04-14T14:27:00+00:00,2025-04-15,00:27,0,1,1
6,2025-04-14T14:32:00+00:00,2025-04-15,00:32,0,2,2
6,2025-04-14T14:37:00+00:00,2025-04-15,00:37,1,0,1
6,2025-04-14T14:38:00+00:00,2025-04-15,00:38,0,1,1
21,2025-04-14T14:25:00+00:00,2025-04-15,00:25,4,2,6
21,2025-04-14T14:30:00+00:00,2025-04-15,00:30,3,2,5
28,2025-04-14T14:27:00+00:00,2025-04-15,00:27,2,0,2
28,2025-04-14T14:28:00+00:00,2025-04-15,00:28,4,0,4
28,2025-04-14T14:29:00+00:00,2025-04-15,00:29,1,0,1
28,2025-04-14T14:32:00+00:00,2025-04-15,00:32,0,1,1
28,2025-04-14T14:33:00+00:00,2025-04-15,00:33,2,3,5
29,2025-04-14T14:28:00+00:00,2025-04-15,00:28,0,1,1
31,2025-04-14T14:26:00+00:00,2025-04-15,00:26,0,1,1
31,2025-04-14T14:31:00+00:00,2025-04-15,00:31,0,1,1
37,2025-04-14T14:26:00+00:00,2025-04-15,00:26,0,2,2
37,2025-04-14T14:29:00+00:00,2025-04-15,00:29,2,1,3
37,2025-04-14T14:35:00+00:00,2025-04-15,00:35,3,0,3
39,2025-04-14T14:32:00+00:00,2025-04-15,00:32,1,0,1
39,2025-04-14T14:39:00+00:00,2025-04-15,00:39,1,0,1
41,2025-04-14T14:26:00+00:00,2025-04-15,00:26,2,4,6
41,2025-04-14T14:27:00+00:00,2025-04-15,00:27,4,5,9
41,2025-04-14T14:28:00+00:00,2025-04-15,00:28,3,1,4
41,2025-04-14T14:30:00+00:00,2025-04-15,00:30,0,2,2
41,2025-04-14T14:39:00+00:00,2025-04-15,00:39,1,4,5
42,2025-04-14T14:37:00+00:00,2025-04-15,00:37,1,0,1
43,2025-04-14T14:30:00+00:00,2025-04-15,00:30,0,1,1
43,2025-04-14T14:35:00+00:00,2025-04-15,00:35,1,0,1
45,2025-04-14T14:33:00+00:00,2025-04-15,00:33,0,2,2
47,2025-04-14T14:27:00+00:00,2025-04-15,00:27,4,0,4
47,2025-04-14T14:28:00+00:00,2025-04-15,00:28,0,2,2
47,2025-04-14T14:29:00+00:00,2025-04-15,00:29,0,2,2
47,2025-04-14T14:36:00+00:00,2025-04-15,00:36,0,1,1
54,2025-04-14T14:30:00+00:00,2025-04-15,00:30,0,1,1
54,2025-04-14T14:37:00+00:00,2025-04-15,00:37,1,0,1
61,2025-04-14T14:26:00+00:00,2025-04-15,00:26,1,3,4
61,2025-04-14T14:32:00+00:00,2025-04-15,00:32,1,0,1
66,2025-04-14T14:26:00+00:00,2025-04-15,00:26,3,2,5
66,2025-04-14T14:28:00+00:00,2025-04-15,00:28,1,0,1
66,2025-04-14T14:29:00+00:00,2025-04-15,00:29,1,0,1
66,2025-04-14T14:33:00+00:00,2025-04-15,00:33,0,2,2
66,2025-04-14T14:36:00+00:00,2025-04-15,00:36,1,0,1
66,2025-04-14T14:39:00+00:00,2025-04-15,00:39,0,3,3
77,2025-04-14T14:25:00+00:00,2025-04-15,00:25,2,0,2
77,2025-04-14T14:30:00+00:00,2025-04-15,00:30,0,1,1
78,2025-04-14T14:36:00+00:00,2025-04-15,00:36,1,0,1
84,2025-04-14T14:35:00+00:00,2025-04-15,00:35,4,2,6
107,2025-04-14T14:30:00+00:00,2025-04-15,00:30,0,2,2
107,2025-04-14T14:35:00+00:00,2025-04-15,00:35,1,1,2
108,2025-04-14T14:27:00+00:00,2025-04-15,00:27,1,1,2
108,2025-04-14T14:33:00+00:00,2025-04-15,00:33,1,1,2
108,2025-04-14T14:39:00+00:00,2025-04-15,00:39,3,0,3
133,2025-04-14T14:25:00+00:00,2025-04-15,00:25,5,5,10
133,2025-04-14T14:30:00+00:00,2025-04-15,00:30,1,4,5
134,2025-04-14T14:35:00+00:00,2025-04-15,00:35,4,6,10
143,2025-04-14T14:25:00+00:00,2025-04-15,00:25,0,2,2
143,2025-04-14T14:30:00+00:00,2025-04-15,00:30,3,2,5
143,2025-04-14T14:35:00+00:00,2025-04-15,00:35,2,0,2
162,2025-04-14T14:25:00+00:00,2025-04-15,00:25,2,2,4
162,2025-04-14T14:35:00+00:00,2025-04-15,00:35,4,2,6
165,2025-04-14T14:25:00+00:00,2025-04-15,00:25,1,0,1
1,2025-04-14T14:25:00+00:00,2025-04-15,00:25,0,2,2
1,2025-04-14T14:31:00+00:00,2025-04-15,00:31,1,3,4
1,2025-04-14T14:35:00+00:00,2025-04-15,00:35,0,1,1
2,2025-04-14T14:31:00+00:00,2025-04-15,00:31,0,1,1
12,2025-04-14T14:32:00+00:00,2025-04-15,00:32,1,0,1
12,2025-04-14T14:34:00+00:00,2025-04-15,00:34,1,0,1
17,2025-04-14T14:27:00+00:00,2025-04-15,00:27,1,0,1
17,2025-04-14T14:30:00+00:00,2025-04-15,00:30,0,2,2
17,2025-04-14T14:37:00+00:00,2025-04-15,00:37,2,0,2
19,2025-04-14T14:26:00+00:00,2025-04-15,00:26,4,0,4
19,2025-04-14T14:38:00+00:00,2025-04-15,00:38,0,3,3
19,2025-04-14T14:39:00+00:00,2025-04-15,00:39,1,0,1
23,2025-04-14T14:26:00+00:00,2025-04-15,00:26,0,2,2
23,2025-04-14T14:30:00+00:00,2025-04-15,00:30,1,0,1
23,2025-04-14T14:39:00+00:00,2025-04-15,00:39,0,1,1
24,2025-04-14T14:32:00+00:00,2025-04-15,00:32,2,0,2
24,2025-04-14T14:34:00+00:00,2025-04-15,00:34,0,1,1
24,2025-04-14T14:39:00+00:00,2025-04-15,00:39,0,4,4
27,2025-04-14T14:31:00+00:00,2025-04-15,00:31,3,0,3
27,2025-04-14T14:33:00+00:00,2025-04-15,00:33,2,0,2
30,2025-04-14T14:26:00+00:00,2025-04-15,00:26,0,3,3
30,2025-04-14T14:28:00+00:00,2025-04-15,00:28,0,4,4
30,2025-04-14T14:29:00+00:00,2025-04-15,00:29,1,0,1
30,2025-04-14T14:34:00+00:00,2025-04-15,00:34,4,3,7
30,2025-04-14T14:36:00+00:00,2025-04-15,00:36,0,1,1
35,2025-04-14T14:26:00+00:00,2025-04-15,00:26,4,6,10
35,2025-04-14T14:29:00+00:00,2025-04-15,00:29,0,1,1
35,2025-04-14T14:30:00+00:00,2025-04-15,00:30,5,2,7
35,2025-04-14T14:31:00+00:00,2025-04-15,00:31,0,2,2
35,2025-04-14T14:34:00+00:00,2025-04-15,00:34,0,7,7
49,2025-04-14T14:26:00+00:00,2025-04-15,00:26,0,3,3
49,2025-04-14T14:33:00+00:00,2025-04-15,00:33,3,1,4
49,2025-04-14T14:35:00+00:00,2025-04-15,00:35,1,0,1
51,2025-04-14T14:30:00+00:00,2025-04-15,00:30,0,1,1
52,2025-04-14T14:27:00+00:00,2025-04-15,00:27,0,1,1
52,2025-04-14T14:28:00+00:00,2025-04-15,00:28,2,0,2
52,2025-04-14T14:29:00+00:00,2025-04-15,00:29,0,4,4
52,2025-04-14T14:32:00+00:00,2025-04-15,00:32,1,1,2
53,2025-04-14T14:28:00+00:00,2025-04-15,00:28,1,0,1
56,2025-04-14T14:25:00+00:00,2025-04-15,00:25,1,0,1
56,2025-04-14T14:33:00+00:00,2025-04-15,00:33,0,2,2
58,2025-04-14T14:25:00+00:00,2025-04-15,00:25,1,0,1
62,2025-04-14T14:31:00+00:00,2025-04-15,00:31,2,0,2
62,2025-04-14T14:35:00+00:00,2025-04-15,00:35,1,3,4
63,2025-04-14T14:37:00+00:00,2025-04-15,00:37,0,1,1
67,2025-04-14T14:27:00+00:00,2025-04-15,00:27,0,1,1
67,2025-04-14T14:30:00+00:00,2025-04-15,00:30,0,2,2
67,2025-04-14T14:35:00+00:00,2025-04-15,00:35,1,0,1
72,2025-04-14T14:30:00+00:00,2025-04-15,00:30,1,0,1
72,2025-04-14T14:34:00+00:00,2025-04-15,00:34,0,2,2
79,2025-04-14T14:30:00+00:00,2025-04-15,00:30,0,1,1
79,2025-04-14T14:32:00+00:00,2025-04-15,00:32,2,2,4
79,2025-04-14T14:33:00+00:00,2025-04-15,00:33,1,2,3
141,2025-04-14T14:35:00+00:00,2025-04-15,00:35,0,1,1
142,2025-04-14T14:30:00+00:00,2025-04-15,00:30,0,1,1
164,2025-04-14T14:30:00+00:00,2025-04-15,00:30,0,1,1
164,2025-04-14T14:35:00+00:00,2025-04-15,00:35,3,2,5
181,2025-04-14T14:25:00+00:00,2025-04-15,00:25,6,3,9
181,2025-04-14T14:27:00+00:00,2025-04-15,00:27,0,1,1
181,2025-04-14T14:29:00+00:00,2025-04-15,00:29,2,4,6
181,2025-04-14T14:30:00+00:00,2025-04-15,00:30,3,4,7
181,2025-04-14T14:32:00+00:00,2025-04-15,00:32,1,6,7
181,2025-04-14T15:33:00+00:00,2025-04-15,01:33,1,0,1
181,2025-04-14T15:37:00+00:00,2025-04-15,01:37,3,0,3
3,2025-04-14T14:40:00+00:00,2025-04-15,00:40,4,0,4
3,2025-04-14T14:41:00+00:00,2025-04-15,00:41,2,0,2
3,2025-04-14T14:42:00+00:00,2025-04-15,00:42,2,0,2
3,2025-04-14T14:43:00+00:00,2025-04-15,00:43,1,1,2
3,2025-04-14T14:47:00+00:00,2025-04-15,00:47,1,1,2
3,2025-04-14T14:51:00+00:00,2025-04-15,00:51,1,0,1
3,2025-04-14T14:52:00+00:00,2025-04-15,00:52,1,0,1
4,2025-04-14T14:45:00+00:00,2025-04-15,00:45,1,1,2
4,2025-04-14T14:49:00+00:00,2025-04-15,00:49,0,2,2
4,2025-04-14T14:50:00+00:00,2025-04-15,00:50,1,1,2
4,2025-04-14T14:51:00+00:00,2025-04-15,00:51,4,0,4
4,2025-04-14T14:52:00+00:00,2025-04-15,00:52,6,0,6
5,2025-04-14T14:50:00+00:00,2025-04-15,00:50,1,9,10
6,2025-04-14T14:43:00+00:00,2025-04-15,00:43,0,1,1
6,2025-04-14T14:45:00+00:00,2025-04-15,00:45,0,1,1
6,2025-04-14T14:54:00+00:00,2025-04-15,00:54,3,0,3
14,2025-04-14T14:51:00+00:00,2025-04-15,00:51,0,1,1
21,2025-04-14T14:40:00+00:00,2025-04-15,00:40,1,1,2
21,2025-04-14T14:50:00+00:00,2025-04-15,00:50,6,0,6
31,2025-04-14T14:44:00+00:00,2025-04-15,00:44,0,1,1
36,2025-04-14T14:41:00+00:00,2025-04-15,00:41,2,0,2
36,2025-04-14T14:48:00+00:00,2025-04-15,00:48,0,2,2
41,2025-04-14T14:46:00+00:00,2025-04-15,00:46,2,4,6
41,2025-04-14T14:49:00+00:00,2025-04-15,00:49,1,1,2
41,2025-04-14T14:53:00+00:00,2025-04-15,00:53,3,6,9
43,2025-04-14T14:45:00+00:00,2025-04-15,00:45,2,0,2
45,2025-04-14T14:50:00+00:00,2025-04-15,00:50,0,1,1
47,2025-04-14T14:40:00+00:00,2025-04-15,00:40,3,0,3
47,2025-04-14T14:50:00+00:00,2025-04-15,00:50,2,0,2
54,2025-04-14T14:44:00+00:00,2025-04-15,00:44,0,2,2
54,2025-04-14T14:45:00+00:00,2025-04-15,00:45,2,2,4
59,2025-04-14T14:40:00+00:00,2025-04-15,00:40,1,4,5
61,2025-04-14T14:44:00+00:00,2025-04-15,00:44,1,0,1
61,2025-04-14T14:50:00+00:00,2025-04-15,00:50,1,0,1
66,2025-04-14T14:40:00+00:00,2025-04-15,00:40,0,1,1
66,2025-04-14T14:42:00+00:00,2025-04-15,00:42,0,1,1
66,2025-04-14T14:43:00+00:00,2025-04-15,00:43,2,0,2
66,2025-04-14T14:47:00+00:00,2025-04-15,00:47,0,1,1
66,2025-04-14T14:53:00+00:00,2025-04-15,00:53,2,0,2
66,2025-04-14T14:54:00+00:00,2025-04-15,00:54,2,0,2
70,2025-04-14T14:41:00+00:00,2025-04-15,00:41,0,1,1
71,2025-04-14T14:43:00+00:00,2025-04-15,00:43,0,1,1
71,2025-04-14T14:54:00+00:00,2025-04-15,00:54,1,1,2
84,2025-04-14T14:40:00+00:00,2025-04-15,00:40,4,3,7
84,2025-04-14T14:45:00+00:00,2025-04-15,00:45,7,2,9
107,2025-04-14T14:40:00+00:00,2025-04-15,00:40,2,0,2
108,2025-04-14T14:43:00+00:00,2025-04-15,00:43,1,1,2
108,2025-04-14T14:46:00+00:00,2025-04-15,00:46,0,2,2
108,2025-04-14T14:48:00+00:00,2025-04-15,00:48,2,2,4
108,2025-04-14T14:49:00+00:00,2025-04-15,00:49,0,1,1
118,2025-04-14T14:40:00+00:00,2025-04-15,00:40,0,1,1
131,2025-04-14T14:45:00+00:00,2025-04-15,00:45,2,0,2
133,2025-04-14T14:45:00+00:00,2025-04-15,00:45,6,2,8
134,2025-04-14T14:40:00+00:00,2025-04-15,00:40,2,5,7
135,2025-04-14T14:50:00+00:00,2025-04-15,00:50,4,1,5
143,2025-04-14T14:40:00+00:00,2025-04-15,00:40,1,2,3
162,2025-04-14T14:50:00+00:00,2025-04-15,00:50,7,3,10
1,2025-04-14T14:42:00+00:00,2025-04-15,00:42,0,2,2
1,2025-04-14T14:51:00+00:00,2025-04-15,00:51,0,1,1
2,2025-04-14T14:41:00+00:00,2025-04-15,00:41,0,1,1
2,2025-04-14T14:45:00+00:00,2025-04-15,00:45,1,1,2
19,2025-04-14T14:40:00+00:00,2025-04-15,00:40,1,0,1
19,2025-04-14T14:43:00+00:00,2025-04-15,00:43,4,0,4
19,2025-04-14T14:44:00+00:00,2025-04-15,00:44,1,0,1
20,2025-04-14T14:41:00+00:00,2025-04-15,00:41,0,1,1
20,2025-04-14T14:49:00+00:00,2025-04-15,00:49,0,1,1
20,2025-04-14T14:54:00+00:00,2025-04-15,00:54,0,1,1
23,2025-04-14T14:46:00+00:00,2025-04-15,00:46,2,1,3
23,2025-04-14T14:48:00+00:00,2025-04-15,00:48,0,1,1
23,2025-04-14T14:49:00+00:00,2025-04-15,00:49,0,1,1
23,2025-04-14T14:54:00+00:00,2025-04-15,00:54,1,2,3
24,2025-04-14T14:42:00+00:00,2025-04-15,00:42,2,0,2
24,2025-04-14T14:49:00+00:00,2025-04-15,00:49,1,0,1
24,2025-04-14T14:54:00+00:00,2025-04-15,00:54,3,0,3
25,2025-04-14T14:40:00+00:00,2025-04-15,00:40,0,7,7
27,2025-04-14T14:40:00+00:00,2025-04-15,00:40,2,0,2
30,2025-04-14T14:42:00+00:00,2025-04-15,00:42,0,8,8
30,2025-04-14T14:43:00+00:00,2025-04-15,00:43,0,1,1
35,2025-04-14T14:41:00+00:00,2025-04-15,00:41,0,1,1
35,2025-04-14T14:42:00+00:00,2025-04-15,00:42,1,1,2
35,2025-04-14T14:46:00+00:00,2025-04-15,00:46,0,1,1
35,2025-04-14T14:50:00+00:00,2025-04-15,00:50,0,1,1
35,2025-04-14T14:51:00+00:00,2025-04-15,00:51,2,0,2
49,2025-04-14T14:48:00+00:00,2025-04-15,00:48,1,1,2
49,2025-04-14T14:52:00+00:00,2025-04-15,00:52,0,2,2
51,2025-04-14T14:41:00+00:00,2025-04-15,00:41,1,1,2
51,2025-04-14T14:42:00+00:00,2025-04-15,00:42,2,0,2
51,2025-04-14T14:45:00+00:00,2025-04-15,00:45,1,0,1
51,2025-04-14T14:52:00+00:00,2025-04-15,00:52,4,3,7
52,2025-04-14T14:52:00+00:00,2025-04-15,00:52,0,2,2
56,2025-04-14T14:43:00+00:00,2025-04-15,00:43,0,1,1
56,2025-04-14T14:45:00+00:00,2025-04-15,00:45,0,1,1
56,2025-04-14T14:51:00+00:00,2025-04-15,00:51,0,1,1
58,2025-04-14T14:40:00+00:00,2025-04-15,00:40,1,0,1
58,2025-04-14T14:43:00+00:00,2025-04-15,00:43,1,0,1
58,2025-04-14T14:45:00+00:00,2025-04-15,00:45,2,0,2
58,2025-04-14T14:49:00+00:00,2025-04-15,00:49,3,1,4
58,2025-04-14T14:51:00+00:00,2025-04-15,00:51,1,0,1
62,2025-04-14T14:44:00+00:00,2025-04-15,00:44,2,1,3
62,2025-04-14T14:46:00+00:00,2025-04-15,00:46,0,3,3
62,2025-04-14T14:48:00+00:00,2025-04-15,00:48,1,0,1
62,2025-04-14T14:51:00+00:00,2025-04-15,00:51,0,1,1
67,2025-04-14T14:45:00+00:00,2025-04-15,00:45,1,0,1
67,2025-04-14T14:50:00+00:00,2025-04-15,00:50,0,1,1
72,2025-04-14T14:47:00+00:00,2025-04-15,00:47,0,2,2
72,2025-04-14T14:53:00+00:00,2025-04-15,00:53,0,1,1
79,2025-04-14T14:42:00+00:00,2025-04-15,00:42,0,7,7
79,2025-04-14T14:53:00+00:00,2025-04-15,00:53,0,5,5
109,2025-04-14T14:45:00+00:00,2025-04-15,00:45,1,1,2
139,2025-04-14T14:45:00+00:00,2025-04-15,00:45,2,0,2
141,2025-04-14T14:40:00+00:00,2025-04-15,00:40,0,1,1
181,2025-04-14T14:41:00+00:00,2025-04-15,00:41,2,7,9
181,2025-04-14T14:43:00+00:00,2025-04-15,00:43,3,8,11
181,2025-04-14T14:44:00+00:00,2025-04-15,00:44,6,0,6
181,2025-04-14T14:49:00+00:00,2025-04-15,00:49,1,3,4
181,2025-04-14T14:51:00+00:00,2025-04-15,00:51,4,5,9
181,2025-04-14T14:54:00+00:00,2025-04-15,00:54,5,2,7
3,2025-04-14T14:56:00+00:00,2025-04-15,00:56,1,0,1
3,2025-04-14T14:58:00+00:00,2025-04-15,00:58,1,0,1
3,2025-04-14T14:59:00+00:00,2025-04-15,00:59,1,0,1
4,2025-04-14T14:55:00+00:00,2025-04-15,00:55,0,4,4
4,2025-04-14T14:56:00+00:00,2025-04-15,00:56,0,2,2
4,2025-04-14T15:03:00+00:00,2025-04-15,01:03,1,0,1
4,2025-04-14T15:08:00+00:00,2025-04-15,01:08,0,2,2
6,2025-04-14T15:00:00+00:00,2025-04-15,01:00,0,7,7
6,2025-04-14T15:06:00+00:00,2025-04-15,01:06,1,0,1
29,2025-04-14T15:01:00+00:00,2025-04-15,01:01,1,0,1
29,2025-04-14T15:02:00+00:00,2025-04-15,01:02,0,1,1
29,2025-04-14T15:05:00+00:00,2025-04-15,01:05,0,2,2
36,2025-04-14T15:04:00+00:00,2025-04-15,01:04,0,1,1
37,2025-04-14T15:03:00+00:00,2025-04-15,01:03,0,3,3
41,2025-04-14T15:00:00+00:00,2025-04-15,01:00,3,0,3
41,2025-04-14T15:05:00+00:00,2025-04-15,01:05,0,1,1
41,2025-04-14T15:06:00+00:00,2025-04-15,01:06,1,0,1
41,2025-04-14T15:08:00+00:00,2025-04-15,01:08,0,1,1
45,2025-04-14T15:04:00+00:00,2025-04-15,01:04,0,1,1
47,2025-04-14T15:04:00+00:00,2025-04-15,01:04,2,1,3
47,2025-04-14T15:07:00+00:00,2025-04-15,01:07,2,3,5
61,2025-04-14T14:55:00+00:00,2025-04-15,00:55,0,1,1
61,2025-04-14T14:58:00+00:00,2025-04-15,00:58,3,0,3
66,2025-04-14T14:56:00+00:00,2025-04-15,00:56,0,2,2
66,2025-04-14T15:00:00+00:00,2025-04-15,01:00,0,2,2
66,2025-04-14T15:08:00+00:00,2025-04-15,01:08,1,0,1
69,2025-04-14T14:57:00+00:00,2025-04-15,00:57,1,0,1
70,2025-04-14T15:09:00+00:00,2025-04-15,01:09,2,0,2
71,2025-04-14T14:55:00+00:00,2025-04-15,00:55,0,1,1
77,2025-04-14T15:05:00+00:00,2025-04-15,01:05,2,0,2
87,2025-04-14T14:57:00+00:00,2025-04-15,00:57,0,1,1
108,2025-04-14T14:57:00+00:00,2025-04-15,00:57,1,0,1
108,2025-04-14T15:05:00+00:00,2025-04-15,01:05,1,1,2
108,2025-04-14T15:08:00+00:00,2025-04-15,01:08,1,1,2
131,2025-04-14T15:00:00+00:00,2025-04-15,01:00,0,4,4
132,2025-04-14T15:00:00+00:00,2025-04-15,01:00,3,0,3
133,2025-04-14T15:00:00+00:00,2025-04-15,01:00,5,2,7
133,2025-04-14T15:05:00+00:00,2025-04-15,01:05,2,0,2
134,2025-04-14T15:05:00+00:00,2025-04-15,01:05,2,1,3
135,2025-04-14T15:00:00+00:00,2025-04-15,01:00,1,5,6
135,2025-04-14T15:05:00+00:00,2025-04-15,01:05,0,1,1
162,2025-04-14T15:00:00+00:00,2025-04-15,01:00,1,0,1
167,2025-04-14T15:00:00+00:00,2025-04-15,01:00,1,0,1
1,2025-04-14T14:58:00+00:00,2025-04-15,00:58,1,0,1
1,2025-04-14T15:05:00+00:00,2025-04-15,01:05,2,1,3
1,2025-04-14T15:09:00+00:00,2025-04-15,01:09,0,1,1
2,2025-04-14T15:06:00+00:00,2025-04-15,01:06,0,2,2
2,2025-04-14T15:09:00+00:00,2025-04-15,01:09,0,1,1
17,2025-04-14T14:58:00+00:00,2025-04-15,00:58,1,0,1
19,2025-04-14T15:02:00+00:00,2025-04-15,01:02,0,3,3
20,2025-04-14T15:09:00+00:00,2025-04-15,01:09,0,1,1
23,2025-04-14T15:05:00+00:00,2025-04-15,01:05,1,0,1
23,2025-04-14T15:06:00+00:00,2025-04-15,01:06,0,4,4
24,2025-04-14T14:56:00+00:00,2025-04-15,00:56,0,2,2
25,2025-04-14T15:00:00+00:00,2025-04-15,01:00,0,1,1
30,2025-04-14T15:00:00+00:00,2025-04-15,01:00,0,1,1
30,2025-04-14T15:01:00+00:00,2025-04-15,01:01,0,1,1
30,2025-04-14T15:03:00+00:00,2025-04-15,01:03,0,4,4
35,2025-04-14T14:56:00+00:00,2025-04-15,00:56,1,0,1
35,2025-04-14T14:57:00+00:00,2025-04-15,00:57,0,2,2
35,2025-04-14T15:05:00+00:00,2025-04-15,01:05,1,0,1
35,2025-04-14T15:06:00+00:00,2025-04-15,01:06,1,0,1
35,2025-04-14T15:09:00+00:00,2025-04-15,01:09,0,1,1
49,2025-04-14T14:55:00+00:00,2025-04-15,00:55,3,4,7
49,2025-04-14T15:06:00+00:00,2025-04-15,01:06,2,0,2
51,2025-04-14T15:02:00+00:00,2025-04-15,01:02,0,1,1
51,2025-04-14T15:04:00+00:00,2025-04-15,01:04,1,0,1
52,2025-04-14T14:55:00+00:00,2025-04-15,00:55,0,3,3
52,2025-04-14T14:57:00+00:00,2025-04-15,00:57,0,1,1
58,2025-04-14T15:05:00+00:00,2025-04-15,01:05,0,2,2
58,2025-04-14T15:07:00+00:00,2025-04-15,01:07,1,3,4
62,2025-04-14T14:56:00+00:00,2025-04-15,00:56,0,3,3
62,2025-04-14T15:00:00+00:00,2025-04-15,01:00,2,2,4
62,2025-04-14T15:01:00+00:00,2025-04-15,01:01,1,4,5
62,2025-04-14T15:03:00+00:00,2025-04-15,01:03,1,0,1
62,2025-04-14T15:09:00+00:00,2025-04-15,01:09,4,0,4
79,2025-04-14T15:05:00+00:00,2025-04-15,01:05,1,0,1
79,2025-04-14T15:08:00+00:00,2025-04-15,01:08,0,1,1
109,2025-04-14T14:55:00+00:00,2025-04-15,00:55,0,2,2
109,2025-04-14T15:00:00+00:00,2025-04-15,01:00,2,1,3
164,2025-04-14T15:00:00+00:00,2025-04-15,01:00,1,0,1
181,2025-04-14T14:57:00+00:00,2025-04-15,00:57,4,2,6
181,2025-04-14T15:04:00+00:00,2025-04-15,01:04,5,0,5
181,2025-04-14T15:05:00+00:00,2025-04-15,01:05,0,2,2
181,2025-04-14T15:14:00+00:00,2025-04-15,01:14,0,2,2
181,2025-04-14T15:16:00+00:00,2025-04-15,01:16,2,0,2
181,2025-04-14T15:18:00+00:00,2025-04-15,01:18,4,0,4
181,2025-04-14T15:23:00+00:00,2025-04-15,01:23,8,4,12
181,2025-04-14T15:24:00+00:00,2025-04-15,01:24,0,2,2
3,2025-04-14T15:11:00+00:00,2025-04-15,01:11,2,3,5
3,2025-04-14T15:14:00+00:00,2025-04-15,01:14,1,3,4
3,2025-04-14T15:15:00+00:00,2025-04-15,01:15,1,0,1
3,2025-04-14T15:16:00+00:00,2025-04-15,01:16,3,1,4
3,2025-04-14T15:21:00+00:00,2025-04-15,01:21,1,0,1
4,2025-04-14T15:14:00+00:00,2025-04-15,01:14,1,0,1
4,2025-04-14T15:23:00+00:00,2025-04-15,01:23,0,2,2
5,2025-04-14T15:15:00+00:00,2025-04-15,01:15,3,2,5
6,2025-04-14T15:12:00+00:00,2025-04-15,01:12,1,0,1
6,2025-04-14T15:15:00+00:00,2025-04-15,01:15,3,0,3
6,2025-04-14T15:16:00+00:00,2025-04-15,01:16,0,1,1
6,2025-04-14T15:18:00+00:00,2025-04-15,01:18,1,0,1
6,2025-04-14T15:20:00+00:00,2025-04-15,01:20,0,1,1
6,2025-04-14T15:21:00+00:00,2025-04-15,01:21,1,0,1
14,2025-04-14T15:11:00+00:00,2025-04-15,01:11,3,0,3
14,2025-04-14T15:20:00+00:00,2025-04-15,01:20,4,0,4
21,2025-04-14T15:20:00+00:00,2025-04-15,01:20,2,3,5
28,2025-04-14T15:10:00+00:00,2025-04-15,01:10,0,1,1
28,2025-04-14T15:16:00+00:00,2025-04-15,01:16,1,0,1
29,2025-04-14T15:16:00+00:00,2025-04-15,01:16,0,1,1
31,2025-04-14T15:10:00+00:00,2025-04-15,01:10,1,0,1
36,2025-04-14T15:12:00+00:00,2025-04-15,01:12,0,1,1
41,2025-04-14T15:10:00+00:00,2025-04-15,01:10,0,1,1
43,2025-04-14T15:20:00+00:00,2025-04-15,01:20,1,0,1
45,2025-04-14T15:11:00+00:00,2025-04-15,01:11,0,2,2
47,2025-04-14T15:23:00+00:00,2025-04-15,01:23,1,0,1
54,2025-04-14T15:11:00+00:00,2025-04-15,01:11,1,0,1
54,2025-04-14T15:15:00+00:00,2025-04-15,01:15,3,0,3
59,2025-04-14T15:20:00+00:00,2025-04-15,01:20,4,0,4
66,2025-04-14T15:12:00+00:00,2025-04-15,01:12,1,1,2
71,2025-04-14T15:15:00+00:00,2025-04-15,01:15,0,1,1
75,2025-04-14T15:10:00+00:00,2025-04-15,01:10,0,1,1
77,2025-04-14T15:15:00+00:00,2025-04-15,01:15,4,0,4
84,2025-04-14T15:10:00+00:00,2025-04-15,01:10,2,2,4
107,2025-04-14T15:10:00+00:00,2025-04-15,01:10,0,2,2
108,2025-04-14T15:18:00+00:00,2025-04-15,01:18,1,0,1
108,2025-04-14T15:20:00+00:00,2025-04-15,01:20,2,0,2
132,2025-04-14T15:10:00+00:00,2025-04-15,01:10,4,0,4
132,2025-04-14T15:15:00+00:00,2025-04-15,01:15,0,1,1
133,2025-04-14T15:15:00+00:00,2025-04-15,01:15,8,0,8
134,2025-04-14T15:10:00+00:00,2025-04-15,01:10,2,1,3
134,2025-04-14T15:20:00+00:00,2025-04-15,01:20,3,1,4
135,2025-04-14T15:10:00+00:00,2025-04-15,01:10,2,0,2
162,2025-04-14T15:10:00+00:00,2025-04-15,01:10,1,4,5
162,2025-04-14T15:20:00+00:00,2025-04-15,01:20,2,0,2
167,2025-04-14T15:20:00+00:00,2025-04-15,01:20,0,1,1
1,2025-04-14T15:13:00+00:00,2025-04-15,01:13,0,1,1
9,2025-04-14T15:16:00+00:00,2025-04-15,01:16,0,2,2
11,2025-04-14T15:12:00+00:00,2025-04-15,01:12,0,1,1
11,2025-04-14T15:23:00+00:00,2025-04-15,01:23,0,3,3
12,2025-04-14T15:10:00+00:00,2025-04-15,01:10,0,1,1
12,2025-04-14T15:21:00+00:00,2025-04-15,01:21,0,1,1
19,2025-04-14T15:17:00+00:00,2025-04-15,01:17,2,1,3
19,2025-04-14T15:19:00+00:00,2025-04-15,01:19,0,2,2
20,2025-04-14T15:20:00+00:00,2025-04-15,01:20,1,0,1
20,2025-04-14T15:21:00+00:00,2025-04-15,01:21,1,0,1
23,2025-04-14T15:13:00+00:00,2025-04-15,01:13,0,2,2
23,2025-04-14T15:19:00+00:00,2025-04-15,01:19,1,0,1
23,2025-04-14T15:21:00+00:00,2025-04-15,01:21,1,0,1
24,2025-04-14T15:11:00+00:00,2025-04-15,01:11,0,1,1
24,2025-04-14T15:15:00+00:00,2025-04-15,01:15,2,4,6
25,2025-04-14T15:10:00+00:00,2025-04-15,01:10,1,1,2
27,2025-04-14T15:14:00+00:00,2025-04-15,01:14,0,4,4
30,2025-04-14T15:11:00+00:00,2025-04-15,01:11,1,0,1
30,2025-04-14T15:12:00+00:00,2025-04-15,01:12,1,1,2
30,2025-04-14T15:24:00+00:00,2025-04-15,01:24,0,1,1
35,2025-04-14T15:10:00+00:00,2025-04-15,01:10,0,1,1
35,2025-04-14T15:16:00+00:00,2025-04-15,01:16,1,0,1
49,2025-04-14T15:10:00+00:00,2025-04-15,01:10,8,3,11
49,2025-04-14T15:11:00+00:00,2025-04-15,01:11,0,2,2
49,2025-04-14T15:19:00+00:00,2025-04-15,01:19,0,1,1
49,2025-04-14T15:21:00+00:00,2025-04-15,01:21,1,0,1
53,2025-04-14T15:12:00+00:00,2025-04-15,01:12,0,4,4
53,2025-04-14T15:19:00+00:00,2025-04-15,01:19,0,1,1
56,2025-04-14T15:12:00+00:00,2025-04-15,01:12,0,2,2
58,2025-04-14T15:10:00+00:00,2025-04-15,01:10,1,1,2
58,2025-04-14T15:18:00+00:00,2025-04-15,01:18,1,0,1
58,2025-04-14T15:19:00+00:00,2025-04-15,01:19,0,1,1
58,2025-04-14T15:21:00+00:00,2025-04-15,01:21,0,1,1
62,2025-04-14T15:16:00+00:00,2025-04-15,01:16,1,0,1
62,2025-04-14T15:21:00+00:00,2025-04-15,01:21,2,3,5
62,2025-04-14T15:22:00+00:00,2025-04-15,01:22,3,0,3
62,2025-04-14T15:23:00+00:00,2025-04-15,01:23,1,0,1
63,2025-04-14T15:18:00+00:00,2025-04-15,01:18,0,1,1
63,2025-04-14T15:20:00+00:00,2025-04-15,01:20,0,1,1
67,2025-04-14T15:19:00+00:00,2025-04-15,01:19,0,1,1
79,2025-04-14T15:11:00+00:00,2025-04-15,01:11,0,2,2
79,2025-04-14T15:15:00+00:00,2025-04-15,01:15,0,1,1
79,2025-04-14T15:16:00+00:00,2025-04-15,01:16,1,0,1
79,2025-04-14T15:19:00+00:00,2025-04-15,01:19,0,1,1
117,2025-04-14T15:10:00+00:00,2025-04-15,01:10,2,0,2
130,2025-04-14T15:20:00+00:00,2025-04-15,01:20,2,0,2
3,2025-04-14T15:25:00+00:00,2025-04-15,01:25,2,0,2
4,2025-04-14T15:30:00+00:00,2025-04-15,01:30,1,1,2
4,2025-04-14T15:36:00+00:00,2025-04-15,01:36,1,0,1
5,2025-04-14T15:25:00+00:00,2025-04-15,01:25,0,4,4
5,2025-04-14T15:30:00+00:00,2025-04-15,01:30,2,4,6
6,2025-04-14T15:29:00+00:00,2025-04-15,01:29,0,5,5
6,2025-04-14T15:35:00+00:00,2025-04-15,01:35,1,2,3
14,2025-04-14T15:33:00+00:00,2025-04-15,01:33,0,2,2
14,2025-04-14T15:34:00+00:00,2025-04-15,01:34,0,1,1
21,2025-04-14T15:30:00+00:00,2025-04-15,01:30,3,6,9
28,2025-04-14T15:26:00+00:00,2025-04-15,01:26,1,0,1
29,2025-04-14T15:37:00+00:00,2025-04-15,01:37,0,1,1
40,2025-04-14T15:31:00+00:00,2025-04-15,01:31,1,0,1
41,2025-04-14T15:30:00+00:00,2025-04-15,01:30,2,1,3
41,2025-04-14T15:35:00+00:00,2025-04-15,01:35,0,1,1
41,2025-04-14T15:36:00+00:00,2025-04-15,01:36,2,0,2
45,2025-04-14T15:25:00+00:00,2025-04-15,01:25,0,1,1
45,2025-04-14T15:29:00+00:00,2025-04-15,01:29,1,0,1
45,2025-04-14T15:32:00+00:00,2025-04-15,01:32,0,2,2
45,2025-04-14T15:37:00+00:00,2025-04-15,01:37,1,0,1
47,2025-04-14T15:26:00+00:00,2025-04-15,01:26,0,1,1
47,2025-04-14T15:28:00+00:00,2025-04-15,01:28,1,0,1
50,2025-04-14T15:30:00+00:00,2025-04-15,01:30,2,0,2
59,2025-04-14T15:25:00+00:00,2025-04-15,01:25,0,2,2
61,2025-04-14T15:31:00+00:00,2025-04-15,01:31,1,0,1
66,2025-04-14T15:33:00+00:00,2025-04-15,01:33,1,0,1
66,2025-04-14T15:39:00+00:00,2025-04-15,01:39,2,0,2
84,2025-04-14T15:25:00+00:00,2025-04-15,01:25,6,3,9
84,2025-04-14T15:35:00+00:00,2025-04-15,01:35,3,1,4
108,2025-04-14T15:25:00+00:00,2025-04-15,01:25,1,0,1
131,2025-04-14T15:25:00+00:00,2025-04-15,01:25,2,0,2
131,2025-04-14T15:35:00+00:00,2025-04-15,01:35,3,0,3
134,2025-04-14T15:25:00+00:00,2025-04-15,01:25,3,0,3
134,2025-04-14T15:30:00+00:00,2025-04-15,01:30,1,0,1
135,2025-04-14T15:25:00+00:00,2025-04-15,01:25,4,0,4
135,2025-04-14T15:35:00+00:00,2025-04-15,01:35,6,4,10
143,2025-04-14T15:25:00+00:00,2025-04-15,01:25,4,1,5
162,2025-04-14T15:35:00+00:00,2025-04-15,01:35,5,0,5
1,2025-04-14T15:31:00+00:00,2025-04-15,01:31,0,1,1
1,2025-04-14T15:36:00+00:00,2025-04-15,01:36,0,1,1
2,2025-04-14T15:25:00+00:00,2025-04-15,01:25,0,1,1
9,2025-04-14T15:35:00+00:00,2025-04-15,01:35,3,0,3
12,2025-04-14T15:28:00+00:00,2025-04-15,01:28,1,1,2
12,2025-04-14T15:36:00+00:00,2025-04-15,01:36,1,0,1
19,2025-04-14T15:27:00+00:00,2025-04-15,01:27,0,2,2
19,2025-04-14T15:29:00+00:00,2025-04-15,01:29,0,2,2
19,2025-04-14T15:38:00+00:00,2025-04-15,01:38,0,1,1
20,2025-04-14T15:31:00+00:00,2025-04-15,01:31,1,2,3
20,2025-04-14T15:32:00+00:00,2025-04-15,01:32,2,2,4
23,2025-04-14T15:26:00+00:00,2025-04-15,01:26,0,2,2
23,2025-04-14T15:30:00+00:00,2025-04-15,01:30,1,0,1
23,2025-04-14T15:33:00+00:00,2025-04-15,01:33,0,3,3
23,2025-04-14T15:35:00+00:00,2025-04-15,01:35,1,0,1
24,2025-04-14T15:32:00+00:00,2025-04-15,01:32,1,1,2
25,2025-04-14T15:30:00+00:00,2025-04-15,01:30,2,1,3
35,2025-04-14T15:25:00+00:00,2025-04-15,01:25,0,2,2
35,2025-04-14T15:26:00+00:00,2025-04-15,01:26,1,1,2
35,2025-04-14T15:31:00+00:00,2025-04-15,01:31,0,3,3
35,2025-04-14T15:37:00+00:00,2025-04-15,01:37,0,2,2
49,2025-04-14T15:25:00+00:00,2025-04-15,01:25,0,1,1
49,2025-04-14T15:30:00+00:00,2025-04-15,01:30,3,0,3
49,2025-04-14T15:35:00+00:00,2025-04-15,01:35,1,0,1
52,2025-04-14T15:34:00+00:00,2025-04-15,01:34,2,2,4
56,2025-04-14T15:30:00+00:00,2025-04-15,01:30,0,2,2
56,2025-04-14T15:37:00+00:00,2025-04-15,01:37,0,5,5
56,2025-04-14T15:38:00+00:00,2025-04-15,01:38,0,1,1
58,2025-04-14T15:31:00+00:00,2025-04-15,01:31,0,2,2
58,2025-04-14T15:37:00+00:00,2025-04-15,01:37,1,0,1
62,2025-04-14T15:28:00+00:00,2025-04-15,01:28,0,1,1
62,2025-04-14T15:34:00+00:00,2025-04-15,01:34,1,0,1
62,2025-04-14T15:38:00+00:00,2025-04-15,01:38,2,1,3
63,2025-04-14T15:34:00+00:00,2025-04-15,01:34,0,1,1
67,2025-04-14T15:34:00+00:00,2025-04-15,01:34,0,1,1
72,2025-04-14T15:27:00+00:00,2025-04-15,01:27,0,1,1
79,2025-04-14T15:28:00+00:00,2025-04-15,01:28,1,0,1
79,2025-04-14T15:33:00+00:00,2025-04-15,01:33,0,2,2
86,2025-04-14T15:26:00+00:00,2025-04-15,01:26,0,1,1
86,2025-04-14T15:39:00+00:00,2025-04-15,01:39,0,1,1
109,2025-04-14T15:25:00+00:00,2025-04-15,01:25,0,2,2
141,2025-04-14T15:25:00+00:00,2025-04-15,01:25,1,1,2
164,2025-04-14T15:35:00+00:00,2025-04-15,01:35,1,0,1
181,2025-04-14T15:44:00+00:00,2025-04-15,01:44,6,3,9
181,2025-04-14T15:46:00+00:00,2025-04-15,01:46,13,0,13
181,2025-04-14T15:51:00+00:00,2025-04-15,01:51,1,1,2
181,2025-04-14T15:53:00+00:00,2025-04-15,01:53,1,0,1
3,2025-04-14T16:12:00+00:00,2025-04-15,02:12,1,0,1
3,2025-04-14T16:23:00+00:00,2025-04-15,02:23,0,1,1
4,2025-04-14T16:12:00+00:00,2025-04-15,02:12,2,0,2
4,2025-04-14T16:16:00+00:00,2025-04-15,02:16,1,0,1
5,2025-04-14T16:10:00+00:00,2025-04-15,02:10,0,2,2
5,2025-04-14T16:15:00+00:00,2025-04-15,02:15,0,2,2
14,2025-04-14T16:15:00+00:00,2025-04-15,02:15,2,0,2
21,2025-04-14T16:10:00+00:00,2025-04-15,02:10,4,0,4
21,2025-04-14T16:20:00+00:00,2025-04-15,02:20,1,0,1
28,2025-04-14T16:22:00+00:00,2025-04-15,02:22,1,0,1
29,2025-04-14T16:19:00+00:00,2025-04-15,02:19,9,0,9
36,2025-04-14T16:17:00+00:00,2025-04-15,02:17,0,2,2
41,2025-04-14T16:13:00+00:00,2025-04-15,02:13,1,3,4
42,2025-04-14T16:16:00+00:00,2025-04-15,02:16,0,1,1
47,2025-04-14T16:16:00+00:00,2025-04-15,02:16,1,0,1
54,2025-04-14T16:11:00+00:00,2025-04-15,02:11,1,0,1
54,2025-04-14T16:19:00+00:00,2025-04-15,02:19,0,3,3
54,2025-04-14T16:20:00+00:00,2025-04-15,02:20,2,0,2
59,2025-04-14T16:20:00+00:00,2025-04-15,02:20,1,2,3
70,2025-04-14T16:15:00+00:00,2025-04-15,02:15,0,1,1
71,2025-04-14T16:20:00+00:00,2025-04-15,02:20,0,1,1
108,2025-04-14T16:23:00+00:00,2025-04-15,02:23,2,0,2
131,2025-04-14T16:15:00+00:00,2025-04-15,02:15,2,1,3
133,2025-04-14T16:15:00+00:00,2025-04-15,02:15,1,0,1
134,2025-04-14T16:10:00+00:00,2025-04-15,02:10,3,0,3
134,2025-04-14T16:15:00+00:00,2025-04-15,02:15,1,0,1
143,2025-04-14T16:15:00+00:00,2025-04-15,02:15,1,0,1
162,2025-04-14T16:10:00+00:00,2025-04-15,02:10,4,3,7
165,2025-04-14T16:15:00+00:00,2025-04-15,02:15,1,0,1
2,2025-04-14T16:12:00+00:00,2025-04-15,02:12,0,2,2
10,2025-04-14T16:17:00+00:00,2025-04-15,02:17,1,0,1
12,2025-04-14T16:15:00+00:00,2025-04-15,02:15,1,0,1
19,2025-04-14T16:22:00+00:00,2025-04-15,02:22,1,0,1
20,2025-04-14T16:24:00+00:00,2025-04-15,02:24,2,0,2
24,2025-04-14T16:12:00+00:00,2025-04-15,02:12,1,0,1
24,2025-04-14T16:13:00+00:00,2025-04-15,02:13,0,1,1
25,2025-04-14T16:10:00+00:00,2025-04-15,02:10,3,0,3
25,2025-04-14T16:20:00+00:00,2025-04-15,02:20,1,0,1
27,2025-04-14T16:14:00+00:00,2025-04-15,02:14,0,1,1
30,2025-04-14T16:17:00+00:00,2025-04-15,02:17,0,1,1
35,2025-04-14T16:22:00+00:00,2025-04-15,02:22,0,3,3
49,2025-04-14T16:12:00+00:00,2025-04-15,02:12,1,0,1
49,2025-04-14T16:13:00+00:00,2025-04-15,02:13,2,3,5
49,2025-04-14T16:15:00+00:00,2025-04-15,02:15,0,2,2
49,2025-04-14T16:21:00+00:00,2025-04-15,02:21,0,1,1
49,2025-04-14T16:24:00+00:00,2025-04-15,02:24,1,0,1
58,2025-04-14T16:14:00+00:00,2025-04-15,02:14,0,4,4
58,2025-04-14T16:21:00+00:00,2025-04-15,02:21,0,2,2
58,2025-04-14T16:23:00+00:00,2025-04-15,02:23,1,1,2
62,2025-04-14T16:15:00+00:00,2025-04-15,02:15,0,8,8
63,2025-04-14T16:11:00+00:00,2025-04-15,02:11,0,2,2
72,2025-04-14T16:22:00+00:00,2025-04-15,02:22,0,1,1
79,2025-04-14T16:22:00+00:00,2025-04-15,02:22,1,0,1
79,2025-04-14T16:24:00+00:00,2025-04-15,02:24,0,1,1
109,2025-04-14T16:15:00+00:00,2025-04-15,02:15,2,0,2
117,2025-04-14T16:15:00+00:00,2025-04-15,02:15,4,0,4
141,2025-04-14T16:20:00+00:00,2025-04-15,02:20,2,0,2
164,2025-04-14T16:20:00+00:00,2025-04-15,02:20,0,1,1
3,2025-04-14T15:49:00+00:00,2025-04-15,01:49,1,0,1
4,2025-04-14T15:46:00+00:00,2025-04-15,01:46,1,1,2
4,2025-04-14T15:47:00+00:00,2025-04-15,01:47,4,0,4
4,2025-04-14T15:49:00+00:00,2025-04-15,01:49,3,0,3
4,2025-04-14T15:51:00+00:00,2025-04-15,01:51,0,1,1
5,2025-04-14T15:50:00+00:00,2025-04-15,01:50,2,1,3
6,2025-04-14T15:45:00+00:00,2025-04-15,01:45,0,2,2
6,2025-04-14T15:51:00+00:00,2025-04-15,01:51,2,0,2
14,2025-04-14T15:46:00+00:00,2025-04-15,01:46,7,0,7
21,2025-04-14T15:40:00+00:00,2025-04-15,01:40,1,1,2
21,2025-04-14T15:45:00+00:00,2025-04-15,01:45,1,4,5
28,2025-04-14T15:45:00+00:00,2025-04-15,01:45,2,0,2
28,2025-04-14T15:51:00+00:00,2025-04-15,01:51,1,0,1
29,2025-04-14T15:43:00+00:00,2025-04-15,01:43,0,2,2
29,2025-04-14T15:45:00+00:00,2025-04-15,01:45,0,1,1
31,2025-04-14T15:43:00+00:00,2025-04-15,01:43,2,2,4
31,2025-04-14T15:46:00+00:00,2025-04-15,01:46,0,1,1
41,2025-04-14T15:44:00+00:00,2025-04-15,01:44,4,1,5
41,2025-04-14T15:45:00+00:00,2025-04-15,01:45,4,3,7
54,2025-04-14T15:51:00+00:00,2025-04-15,01:51,0,2,2
54,2025-04-14T15:54:00+00:00,2025-04-15,01:54,0,1,1
61,2025-04-14T15:44:00+00:00,2025-04-15,01:44,2,0,2
61,2025-04-14T15:49:00+00:00,2025-04-15,01:49,0,1,1
61,2025-04-14T15:50:00+00:00,2025-04-15,01:50,2,0,2
66,2025-04-14T15:40:00+00:00,2025-04-15,01:40,0,2,2
69,2025-04-14T15:52:00+00:00,2025-04-15,01:52,1,0,1
84,2025-04-14T15:40:00+00:00,2025-04-15,01:40,1,2,3
108,2025-04-14T15:52:00+00:00,2025-04-15,01:52,1,1,2
108,2025-04-14T15:54:00+00:00,2025-04-15,01:54,0,1,1
131,2025-04-14T15:50:00+00:00,2025-04-15,01:50,1,0,1
132,2025-04-14T15:50:00+00:00,2025-04-15,01:50,1,0,1
133,2025-04-14T15:40:00+00:00,2025-04-15,01:40,4,1,5
134,2025-04-14T15:45:00+00:00,2025-04-15,01:45,2,3,5
135,2025-04-14T15:45:00+00:00,2025-04-15,01:45,1,3,4
162,2025-04-14T15:45:00+00:00,2025-04-15,01:45,2,4,6
162,2025-04-14T15:50:00+00:00,2025-04-15,01:50,2,3,5
1,2025-04-14T15:54:00+00:00,2025-04-15,01:54,0,2,2
11,2025-04-14T15:40:00+00:00,2025-04-15,01:40,0,1,1
19,2025-04-14T15:47:00+00:00,2025-04-15,01:47,0,3,3
20,2025-04-14T15:41:00+00:00,2025-04-15,01:41,1,0,1
20,2025-04-14T15:45:00+00:00,2025-04-15,01:45,2,2,4
23,2025-04-14T15:52:00+00:00,2025-04-15,01:52,0,1,1
25,2025-04-14T15:40:00+00:00,2025-04-15,01:40,1,3,4
27,2025-04-14T15:47:00+00:00,2025-04-15,01:47,2,0,2
30,2025-04-14T15:40:00+00:00,2025-04-15,01:40,0,1,1
30,2025-04-14T15:42:00+00:00,2025-04-15,01:42,0,2,2
30,2025-04-14T15:43:00+00:00,2025-04-15,01:43,1,0,1
35,2025-04-14T15:48:00+00:00,2025-04-15,01:48,1,0,1
35,2025-04-14T15:49:00+00:00,2025-04-15,01:49,1,3,4
35,2025-04-14T15:54:00+00:00,2025-04-15,01:54,1,0,1
49,2025-04-14T15:40:00+00:00,2025-04-15,01:40,0,1,1
51,2025-04-14T15:41:00+00:00,2025-04-15,01:41,0,1,1
53,2025-04-14T15:46:00+00:00,2025-04-15,01:46,1,0,1
53,2025-04-14T15:51:00+00:00,2025-04-15,01:51,0,2,2
56,2025-04-14T15:45:00+00:00,2025-04-15,01:45,0,2,2
58,2025-04-14T15:48:00+00:00,2025-04-15,01:48,1,1,2
62,2025-04-14T15:40:00+00:00,2025-04-15,01:40,0,1,1
62,2025-04-14T15:47:00+00:00,2025-04-15,01:47,1,2,3
62,2025-04-14T15:49:00+00:00,2025-04-15,01:49,2,0,2
62,2025-04-14T15:54:00+00:00,2025-04-15,01:54,1,0,1
63,2025-04-14T15:43:00+00:00,2025-04-15,01:43,0,2,2
109,2025-04-14T15:40:00+00:00,2025-04-15,01:40,1,0,1
109,2025-04-14T15:50:00+00:00,2025-04-15,01:50,0,1,1
117,2025-04-14T15:50:00+00:00,2025-04-15,01:50,0,2,2
139,2025-04-14T15:45:00+00:00,2025-04-15,01:45,0,1,1
142,2025-04-14T15:50:00+00:00,2025-04-15,01:50,0,1,1
181,2025-04-14T15:56:00+00:00,2025-04-15,01:56,0,4,4
181,2025-04-14T15:58:00+00:00,2025-04-15,01:58,0,1,1
181,2025-04-14T16:02:00+00:00,2025-04-15,02:02,0,4,4
3,2025-04-14T15:55:00+00:00,2025-04-15,01:55,0,1,1
3,2025-04-14T15:57:00+00:00,2025-04-15,01:57,0,2,2
3,2025-04-14T16:04:00+00:00,2025-04-15,02:04,0,1,1
4,2025-04-14T15:57:00+00:00,2025-04-15,01:57,1,0,1
4,2025-04-14T16:00:00+00:00,2025-04-15,02:00,0,5,5
6,2025-04-14T15:56:00+00:00,2025-04-15,01:56,3,0,3
8,2025-04-14T15:56:00+00:00,2025-04-15,01:56,0,1,1
36,2025-04-14T16:02:00+00:00,2025-04-15,02:02,1,0,1
37,2025-04-14T16:05:00+00:00,2025-04-15,02:05,1,0,1
41,2025-04-14T15:55:00+00:00,2025-04-15,01:55,0,2,2
41,2025-04-14T16:03:00+00:00,2025-04-15,02:03,1,0,1
42,2025-04-14T16:05:00+00:00,2025-04-15,02:05,0,1,1
43,2025-04-14T16:00:00+00:00,2025-04-15,02:00,0,1,1
45,2025-04-14T15:59:00+00:00,2025-04-15,01:59,1,0,1
45,2025-04-14T16:07:00+00:00,2025-04-15,02:07,0,2,2
47,2025-04-14T15:55:00+00:00,2025-04-15,01:55,0,1,1
47,2025-04-14T15:56:00+00:00,2025-04-15,01:56,1,0,1
47,2025-04-14T15:58:00+00:00,2025-04-15,01:58,0,5,5
47,2025-04-14T16:01:00+00:00,2025-04-15,02:01,1,2,3
47,2025-04-14T16:02:00+00:00,2025-04-15,02:02,0,1,1
47,2025-04-14T16:05:00+00:00,2025-04-15,02:05,0,2,2
54,2025-04-14T15:56:00+00:00,2025-04-15,01:56,1,0,1
54,2025-04-14T16:06:00+00:00,2025-04-15,02:06,0,2,2
61,2025-04-14T15:56:00+00:00,2025-04-15,01:56,2,0,2
61,2025-04-14T15:58:00+00:00,2025-04-15,01:58,2,1,3
66,2025-04-14T15:55:00+00:00,2025-04-15,01:55,0,1,1
70,2025-04-14T16:07:00+00:00,2025-04-15,02:07,0,2,2
87,2025-04-14T16:04:00+00:00,2025-04-15,02:04,0,1,1
107,2025-04-14T16:05:00+00:00,2025-04-15,02:05,0,2,2
131,2025-04-14T16:00:00+00:00,2025-04-15,02:00,0,3,3
131,2025-04-14T16:05:00+00:00,2025-04-15,02:05,0,2,2
132,2025-04-14T16:00:00+00:00,2025-04-15,02:00,0,2,2
132,2025-04-14T16:05:00+00:00,2025-04-15,02:05,5,5,10
133,2025-04-14T15:55:00+00:00,2025-04-15,01:55,1,1,2
143,2025-04-14T15:55:00+00:00,2025-04-15,01:55,0,6,6
162,2025-04-14T16:00:00+00:00,2025-04-15,02:00,6,0,6
2,2025-04-14T16:09:00+00:00,2025-04-15,02:09,0,2,2
12,2025-04-14T15:58:00+00:00,2025-04-15,01:58,1,0,1
12,2025-04-14T15:59:00+00:00,2025-04-15,01:59,1,0,1
19,2025-04-14T16:09:00+00:00,2025-04-15,02:09,3,0,3
20,2025-04-14T16:00:00+00:00,2025-04-15,02:00,2,1,3
20,2025-04-14T16:03:00+00:00,2025-04-15,02:03,1,0,1
20,2025-04-14T16:05:00+00:00,2025-04-15,02:05,2,0,2
20,2025-04-14T16:06:00+00:00,2025-04-15,02:06,2,1,3
20,2025-04-14T16:08:00+00:00,2025-04-15,02:08,1,0,1
24,2025-04-14T16:09:00+00:00,2025-04-15,02:09,0,1,1
30,2025-04-14T16:00:00+00:00,2025-04-15,02:00,0,2,2
49,2025-04-14T15:57:00+00:00,2025-04-15,01:57,0,1,1
49,2025-04-14T15:58:00+00:00,2025-04-15,01:58,3,0,3
49,2025-04-14T16:02:00+00:00,2025-04-15,02:02,0,1,1
52,2025-04-14T15:57:00+00:00,2025-04-15,01:57,1,0,1
58,2025-04-14T15:57:00+00:00,2025-04-15,01:57,0,1,1
58,2025-04-14T16:00:00+00:00,2025-04-15,02:00,2,0,2
58,2025-04-14T16:02:00+00:00,2025-04-15,02:02,1,0,1
58,2025-04-14T16:06:00+00:00,2025-04-15,02:06,1,1,2
58,2025-04-14T16:09:00+00:00,2025-04-15,02:09,0,1,1
62,2025-04-14T15:55:00+00:00,2025-04-15,01:55,1,0,1
62,2025-04-14T15:56:00+00:00,2025-04-15,01:56,0,4,4
62,2025-04-14T15:57:00+00:00,2025-04-15,01:57,1,1,2
62,2025-04-14T16:01:00+00:00,2025-04-15,02:01,0,1,1
62,2025-04-14T16:02:00+00:00,2025-04-15,02:02,1,0,1
62,2025-04-14T16:04:00+00:00,2025-04-15,02:04,1,0,1
72,2025-04-14T15:56:00+00:00,2025-04-15,01:56,0,1,1
72,2025-04-14T16:08:00+00:00,2025-04-15,02:08,0,5,5
79,2025-04-14T15:59:00+00:00,2025-04-15,01:59,0,1,1
79,2025-04-14T16:02:00+00:00,2025-04-15,02:02,0,1,1
109,2025-04-14T16:05:00+00:00,2025-04-15,02:05,0,2,2
141,2025-04-14T15:55:00+00:00,2025-04-15,01:55,0,1,1
141,2025-04-14T16:05:00+00:00,2025-04-15,02:05,1,0,1
181,2025-04-14T16:22:00+00:00,2025-04-15,02:22,1,2,3
3,2025-04-14T16:28:00+00:00,2025-04-15,02:28,1,0,1
3,2025-04-14T16:29:00+00:00,2025-04-15,02:29,2,1,3
3,2025-04-14T16:33:00+00:00,2025-04-15,02:33,0,1,1
3,2025-04-14T16:34:00+00:00,2025-04-15,02:34,2,1,3
3,2025-04-14T16:36:00+00:00,2025-04-15,02:36,4,0,4
4,2025-04-14T16:26:00+00:00,2025-04-15,02:26,0,1,1
4,2025-04-14T16:29:00+00:00,2025-04-15,02:29,1,0,1
4,2025-04-14T16:32:00+00:00,2025-04-15,02:32,5,0,5
4,2025-04-14T16:36:00+00:00,2025-04-15,02:36,0,2,2
5,2025-04-14T16:35:00+00:00,2025-04-15,02:35,2,2,4
6,2025-04-14T16:36:00+00:00,2025-04-15,02:36,0,6,6
29,2025-04-14T16:26:00+00:00,2025-04-15,02:26,0,1,1
31,2025-04-14T16:36:00+00:00,2025-04-15,02:36,0,1,1
41,2025-04-14T16:26:00+00:00,2025-04-15,02:26,1,0,1
41,2025-04-14T16:27:00+00:00,2025-04-15,02:27,2,0,2
41,2025-04-14T16:39:00+00:00,2025-04-15,02:39,3,2,5
47,2025-04-14T16:25:00+00:00,2025-04-15,02:25,0,2,2
47,2025-04-14T16:27:00+00:00,2025-04-15,02:27,1,1,2
54,2025-04-14T16:25:00+00:00,2025-04-15,02:25,3,0,3
54,2025-04-14T16:28:00+00:00,2025-04-15,02:28,2,0,2
54,2025-04-14T16:32:00+00:00,2025-04-15,02:32,0,1,1
61,2025-04-14T16:30:00+00:00,2025-04-15,02:30,1,0,1
61,2025-04-14T16:36:00+00:00,2025-04-15,02:36,0,1,1
66,2025-04-14T16:32:00+00:00,2025-04-15,02:32,3,0,3
66,2025-04-14T16:36:00+00:00,2025-04-15,02:36,0,2,2
71,2025-04-14T16:38:00+00:00,2025-04-15,02:38,0,1,1
71,2025-04-14T16:39:00+00:00,2025-04-15,02:39,1,0,1
107,2025-04-14T16:25:00+00:00,2025-04-15,02:25,0,1,1
107,2025-04-14T16:35:00+00:00,2025-04-15,02:35,0,1,1
108,2025-04-14T16:37:00+00:00,2025-04-15,02:37,2,0,2
131,2025-04-14T16:25:00+00:00,2025-04-15,02:25,0,2,2
135,2025-04-14T16:30:00+00:00,2025-04-15,02:30,1,1,2
143,2025-04-14T16:30:00+00:00,2025-04-15,02:30,0,1,1
162,2025-04-14T16:25:00+00:00,2025-04-15,02:25,1,1,2
162,2025-04-14T16:30:00+00:00,2025-04-15,02:30,3,6,9
11,2025-04-14T16:25:00+00:00,2025-04-15,02:25,0,2,2
11,2025-04-14T16:30:00+00:00,2025-04-15,02:30,1,0,1
12,2025-04-14T16:26:00+00:00,2025-04-15,02:26,1,0,1
12,2025-04-14T16:27:00+00:00,2025-04-15,02:27,0,1,1
19,2025-04-14T16:29:00+00:00,2025-04-15,02:29,0,1,1
20,2025-04-14T16:25:00+00:00,2025-04-15,02:25,1,0,1
20,2025-04-14T16:26:00+00:00,2025-04-15,02:26,1,0,1
20,2025-04-14T16:28:00+00:00,2025-04-15,02:28,5,0,5
20,2025-04-14T16:29:00+00:00,2025-04-15,02:29,4,0,4
20,2025-04-14T16:31:00+00:00,2025-04-15,02:31,0,1,1
23,2025-04-14T16:25:00+00:00,2025-04-15,02:25,0,1,1
24,2025-04-14T16:32:00+00:00,2025-04-15,02:32,0,1,1
24,2025-04-14T16:33:00+00:00,2025-04-15,02:33,1,0,1
24,2025-04-14T16:37:00+00:00,2025-04-15,02:37,1,0,1
30,2025-04-14T16:31:00+00:00,2025-04-15,02:31,0,3,3
30,2025-04-14T16:33:00+00:00,2025-04-15,02:33,0,1,1
35,2025-04-14T16:29:00+00:00,2025-04-15,02:29,0,1,1
35,2025-04-14T16:33:00+00:00,2025-04-15,02:33,1,0,1
35,2025-04-14T16:34:00+00:00,2025-04-15,02:34,2,1,3
35,2025-04-14T16:39:00+00:00,2025-04-15,02:39,1,6,7
49,2025-04-14T16:28:00+00:00,2025-04-15,02:28,0,2,2
51,2025-04-14T16:27:00+00:00,2025-04-15,02:27,1,0,1
62,2025-04-14T16:25:00+00:00,2025-04-15,02:25,2,1,3
62,2025-04-14T16:27:00+00:00,2025-04-15,02:27,1,0,1
62,2025-04-14T16:35:00+00:00,2025-04-15,02:35,0,1,1
62,2025-04-14T16:37:00+00:00,2025-04-15,02:37,0,1,1
63,2025-04-14T16:33:00+00:00,2025-04-15,02:33,0,2,2
67,2025-04-14T16:34:00+00:00,2025-04-15,02:34,0,1,1
79,2025-04-14T16:26:00+00:00,2025-04-15,02:26,0,3,3
79,2025-04-14T16:36:00+00:00,2025-04-15,02:36,2,0,2
109,2025-04-14T16:30:00+00:00,2025-04-15,02:30,0,5,5
141,2025-04-14T16:25:00+00:00,2025-04-15,02:25,3,0,3
142,2025-04-14T16:25:00+00:00,2025-04-15,02:25,0,1,1
181,2025-04-14T16:26:00+00:00,2025-04-15,02:26,0,7,7
181,2025-04-14T16:34:00+00:00,2025-04-15,02:34,1,0,1
181,2025-04-14T16:36:00+00:00,2025-04-15,02:36,2,0,2
181,2025-04-14T16:37:00+00:00,2025-04-15,02:37,1,1,2
181,2025-04-14T16:38:00+00:00,2025-04-15,02:38,0,1,1
3,2025-04-14T17:18:00+00:00,2025-04-15,03:18,1,0,1
3,2025-04-14T17:20:00+00:00,2025-04-15,03:20,1,0,1
3,2025-04-14T17:21:00+00:00,2025-04-15,03:21,3,0,3
4,2025-04-14T17:11:00+00:00,2025-04-15,03:11,0,5,5
4,2025-04-14T17:18:00+00:00,2025-04-15,03:18,0,2,2
4,2025-04-14T17:24:00+00:00,2025-04-15,03:24,1,0,1
5,2025-04-14T17:10:00+00:00,2025-04-15,03:10,2,2,4
5,2025-04-14T17:20:00+00:00,2025-04-15,03:20,2,1,3
6,2025-04-14T17:14:00+00:00,2025-04-15,03:14,1,0,1
14,2025-04-14T17:17:00+00:00,2025-04-15,03:17,1,0,1
14,2025-04-14T17:19:00+00:00,2025-04-15,03:19,0,1,1
28,2025-04-14T17:15:00+00:00,2025-04-15,03:15,0,1,1
28,2025-04-14T17:24:00+00:00,2025-04-15,03:24,0,1,1
31,2025-04-14T17:21:00+00:00,2025-04-15,03:21,2,0,2
37,2025-04-14T17:24:00+00:00,2025-04-15,03:24,1,0,1
41,2025-04-14T17:15:00+00:00,2025-04-15,03:15,0,3,3
41,2025-04-14T17:19:00+00:00,2025-04-15,03:19,0,2,2
45,2025-04-14T17:14:00+00:00,2025-04-15,03:14,2,0,2
47,2025-04-14T17:21:00+00:00,2025-04-15,03:21,3,0,3
54,2025-04-14T17:11:00+00:00,2025-04-15,03:11,0,1,1
59,2025-04-14T17:10:00+00:00,2025-04-15,03:10,0,1,1
61,2025-04-14T17:19:00+00:00,2025-04-15,03:19,1,0,1
61,2025-04-14T17:21:00+00:00,2025-04-15,03:21,1,0,1
66,2025-04-14T17:24:00+00:00,2025-04-15,03:24,0,1,1
108,2025-04-14T17:16:00+00:00,2025-04-15,03:16,0,1,1
133,2025-04-14T17:20:00+00:00,2025-04-15,03:20,0,2,2
162,2025-04-14T17:10:00+00:00,2025-04-15,03:10,2,1,3
1,2025-04-14T17:13:00+00:00,2025-04-15,03:13,0,3,3
1,2025-04-14T17:21:00+00:00,2025-04-15,03:21,1,0,1
2,2025-04-14T17:17:00+00:00,2025-04-15,03:17,1,0,1
2,2025-04-14T17:21:00+00:00,2025-04-15,03:21,1,0,1
12,2025-04-14T17:17:00+00:00,2025-04-15,03:17,0,2,2
24,2025-04-14T17:10:00+00:00,2025-04-15,03:10,0,1,1
24,2025-04-14T17:11:00+00:00,2025-04-15,03:11,1,0,1
25,2025-04-14T17:10:00+00:00,2025-04-15,03:10,1,0,1
30,2025-04-14T17:10:00+00:00,2025-04-15,03:10,1,0,1
35,2025-04-14T17:16:00+00:00,2025-04-15,03:16,0,1,1
35,2025-04-14T17:22:00+00:00,2025-04-15,03:22,1,0,1
53,2025-04-14T17:20:00+00:00,2025-04-15,03:20,1,0,1
56,2025-04-14T17:12:00+00:00,2025-04-15,03:12,1,0,1
56,2025-04-14T17:18:00+00:00,2025-04-15,03:18,0,2,2
58,2025-04-14T17:15:00+00:00,2025-04-15,03:15,1,0,1
58,2025-04-14T17:19:00+00:00,2025-04-15,03:19,0,1,1
62,2025-04-14T17:13:00+00:00,2025-04-15,03:13,0,1,1
62,2025-04-14T17:20:00+00:00,2025-04-15,03:20,2,0,2
62,2025-04-14T17:23:00+00:00,2025-04-15,03:23,0,1,1
72,2025-04-14T17:20:00+00:00,2025-04-15,03:20,0,1,1
72,2025-04-14T17:21:00+00:00,2025-04-15,03:21,0,1,1
79,2025-04-14T17:11:00+00:00,2025-04-15,03:11,0,1,1
79,2025-04-14T17:19:00+00:00,2025-04-15,03:19,1,1,2
109,2025-04-14T17:10:00+00:00,2025-04-15,03:10,0,1,1
181,2025-04-14T17:27:00+00:00,2025-04-15,03:27,1,0,1
181,2025-04-14T17:28:00+00:00,2025-04-15,03:28,2,0,2
181,2025-04-14T17:29:00+00:00,2025-04-15,03:29,1,0,1
181,2025-04-14T17:32:00+00:00,2025-04-15,03:32,0,1,1
181,2025-04-14T17:33:00+00:00,2025-04-15,03:33,1,0,1
181,2025-04-14T17:36:00+00:00,2025-04-15,03:36,1,0,1
181,2025-04-14T17:38:00+00:00,2025-04-15,03:38,1,0,1
3,2025-04-14T16:59:00+00:00,2025-04-15,02:59,2,0,2
4,2025-04-14T16:59:00+00:00,2025-04-15,02:59,2,0,2
4,2025-04-14T17:00:00+00:00,2025-04-15,03:00,3,0,3
4,2025-04-14T17:09:00+00:00,2025-04-15,03:09,1,0,1
5,2025-04-14T17:05:00+00:00,2025-04-15,03:05,1,0,1
6,2025-04-14T16:55:00+00:00,2025-04-15,02:55,1,0,1
29,2025-04-14T16:58:00+00:00,2025-04-15,02:58,0,1,1
29,2025-04-14T17:09:00+00:00,2025-04-15,03:09,0,1,1
31,2025-04-14T16:56:00+00:00,2025-04-15,02:56,3,0,3
31,2025-04-14T16:58:00+00:00,2025-04-15,02:58,0,2,2
31,2025-04-14T17:06:00+00:00,2025-04-15,03:06,0,1,1
41,2025-04-14T16:58:00+00:00,2025-04-15,02:58,2,2,4
41,2025-04-14T17:01:00+00:00,2025-04-15,03:01,1,0,1
41,2025-04-14T17:05:00+00:00,2025-04-15,03:05,1,0,1
41,2025-04-14T17:08:00+00:00,2025-04-15,03:08,0,3,3
41,2025-04-14T17:09:00+00:00,2025-04-15,03:09,0,2,2
45,2025-04-14T17:06:00+00:00,2025-04-15,03:06,0,1,1
45,2025-04-14T17:09:00+00:00,2025-04-15,03:09,0,2,2
47,2025-04-14T16:59:00+00:00,2025-04-15,02:59,1,0,1
47,2025-04-14T17:01:00+00:00,2025-04-15,03:01,0,2,2
47,2025-04-14T17:04:00+00:00,2025-04-15,03:04,0,1,1
54,2025-04-14T17:09:00+00:00,2025-04-15,03:09,0,3,3
61,2025-04-14T17:03:00+00:00,2025-04-15,03:03,3,0,3
66,2025-04-14T16:59:00+00:00,2025-04-15,02:59,1,1,2
66,2025-04-14T17:03:00+00:00,2025-04-15,03:03,1,0,1
66,2025-04-14T17:08:00+00:00,2025-04-15,03:08,1,1,2
84,2025-04-14T16:55:00+00:00,2025-04-15,02:55,3,1,4
87,2025-04-14T16:55:00+00:00,2025-04-15,02:55,1,0,1
108,2025-04-14T17:01:00+00:00,2025-04-15,03:01,1,0,1
132,2025-04-14T17:00:00+00:00,2025-04-15,03:00,1,0,1
133,2025-04-14T17:05:00+00:00,2025-04-15,03:05,0,1,1
134,2025-04-14T17:00:00+00:00,2025-04-15,03:00,2,4,6
135,2025-04-14T17:05:00+00:00,2025-04-15,03:05,0,1,1
143,2025-04-14T17:00:00+00:00,2025-04-15,03:00,1,0,1
165,2025-04-14T17:05:00+00:00,2025-04-15,03:05,1,0,1
1,2025-04-14T17:06:00+00:00,2025-04-15,03:06,2,1,3
1,2025-04-14T17:07:00+00:00,2025-04-15,03:07,0,2,2
2,2025-04-14T16:59:00+00:00,2025-04-15,02:59,1,1,2
9,2025-04-14T17:03:00+00:00,2025-04-15,03:03,3,0,3
17,2025-04-14T17:05:00+00:00,2025-04-15,03:05,1,0,1
19,2025-04-14T17:00:00+00:00,2025-04-15,03:00,2,1,3
19,2025-04-14T17:05:00+00:00,2025-04-15,03:05,0,1,1
20,2025-04-14T16:59:00+00:00,2025-04-15,02:59,0,1,1
20,2025-04-14T17:03:00+00:00,2025-04-15,03:03,1,1,2
24,2025-04-14T17:07:00+00:00,2025-04-15,03:07,4,0,4
24,2025-04-14T17:09:00+00:00,2025-04-15,03:09,1,0,1
25,2025-04-14T17:05:00+00:00,2025-04-15,03:05,1,0,1
27,2025-04-14T17:07:00+00:00,2025-04-15,03:07,2,0,2
30,2025-04-14T17:07:00+00:00,2025-04-15,03:07,0,2,2
30,2025-04-14T17:08:00+00:00,2025-04-15,03:08,0,2,2
35,2025-04-14T17:01:00+00:00,2025-04-15,03:01,3,0,3
35,2025-04-14T17:09:00+00:00,2025-04-15,03:09,2,0,2
49,2025-04-14T17:02:00+00:00,2025-04-15,03:02,2,3,5
49,2025-04-14T17:08:00+00:00,2025-04-15,03:08,0,4,4
52,2025-04-14T17:07:00+00:00,2025-04-15,03:07,0,2,2
52,2025-04-14T17:09:00+00:00,2025-04-15,03:09,2,5,7
56,2025-04-14T16:57:00+00:00,2025-04-15,02:57,0,1,1
58,2025-04-14T17:00:00+00:00,2025-04-15,03:00,0,1,1
58,2025-04-14T17:01:00+00:00,2025-04-15,03:01,1,1,2
58,2025-04-14T17:08:00+00:00,2025-04-15,03:08,2,0,2
62,2025-04-14T17:00:00+00:00,2025-04-15,03:00,0,1,1
79,2025-04-14T16:57:00+00:00,2025-04-15,02:57,0,1,1
79,2025-04-14T16:58:00+00:00,2025-04-15,02:58,1,1,2
79,2025-04-14T16:59:00+00:00,2025-04-15,02:59,1,0,1
109,2025-04-14T17:05:00+00:00,2025-04-15,03:05,0,2,2
139,2025-04-14T17:05:00+00:00,2025-04-15,03:05,1,0,1
181,2025-04-14T16:40:00+00:00,2025-04-15,02:40,0,3,3
181,2025-04-14T16:48:00+00:00,2025-04-15,02:48,0,1,1
181,2025-04-14T17:12:00+00:00,2025-04-15,03:12,0,2,2
181,2025-04-14T17:15:00+00:00,2025-04-15,03:15,0,3,3
181,2025-04-14T17:17:00+00:00,2025-04-15,03:17,2,1,3
181,2025-04-14T17:18:00+00:00,2025-04-15,03:18,1,1,2
4,2025-04-14T17:27:00+00:00,2025-04-15,03:27,0,1,1
4,2025-04-14T17:29:00+00:00,2025-04-15,03:29,1,0,1
5,2025-04-14T17:25:00+00:00,2025-04-15,03:25,3,0,3
6,2025-04-14T17:28:00+00:00,2025-04-15,03:28,0,1,1
6,2025-04-14T17:30:00+00:00,2025-04-15,03:30,1,0,1
6,2025-04-14T17:33:00+00:00,2025-04-15,03:33,0,2,2
6,2025-04-14T17:34:00+00:00,2025-04-15,03:34,1,2,3
6,2025-04-14T17:39:00+00:00,2025-04-15,03:39,0,2,2
21,2025-04-14T17:35:00+00:00,2025-04-15,03:35,1,0,1
31,2025-04-14T17:30:00+00:00,2025-04-15,03:30,0,2,2
41,2025-04-14T17:26:00+00:00,2025-04-15,03:26,1,0,1
41,2025-04-14T17:31:00+00:00,2025-04-15,03:31,2,1,3
41,2025-04-14T17:32:00+00:00,2025-04-15,03:32,2,0,2
41,2025-04-14T17:35:00+00:00,2025-04-15,03:35,2,0,2
45,2025-04-14T17:37:00+00:00,2025-04-15,03:37,0,1,1
47,2025-04-14T17:29:00+00:00,2025-04-15,03:29,1,0,1
47,2025-04-14T17:35:00+00:00,2025-04-15,03:35,0,1,1
61,2025-04-14T17:35:00+00:00,2025-04-15,03:35,1,0,1
66,2025-04-14T17:37:00+00:00,2025-04-15,03:37,1,0,1
77,2025-04-14T17:30:00+00:00,2025-04-15,03:30,1,0,1
77,2025-04-14T17:35:00+00:00,2025-04-15,03:35,0,1,1
84,2025-04-14T17:35:00+00:00,2025-04-15,03:35,1,1,2
132,2025-04-14T17:25:00+00:00,2025-04-15,03:25,1,1,2
133,2025-04-14T17:25:00+00:00,2025-04-15,03:25,2,0,2
134,2025-04-14T17:35:00+00:00,2025-04-15,03:35,5,0,5
12,2025-04-14T17:34:00+00:00,2025-04-15,03:34,1,0,1
17,2025-04-14T17:33:00+00:00,2025-04-15,03:33,0,1,1
17,2025-04-14T17:35:00+00:00,2025-04-15,03:35,1,0,1
18,2025-04-14T17:36:00+00:00,2025-04-15,03:36,1,0,1
19,2025-04-14T17:29:00+00:00,2025-04-15,03:29,0,2,2
19,2025-04-14T17:31:00+00:00,2025-04-15,03:31,0,1,1
19,2025-04-14T17:33:00+00:00,2025-04-15,03:33,0,1,1
23,2025-04-14T17:26:00+00:00,2025-04-15,03:26,1,0,1
30,2025-04-14T17:38:00+00:00,2025-04-15,03:38,1,0,1
35,2025-04-14T17:34:00+00:00,2025-04-15,03:34,1,0,1
49,2025-04-14T17:30:00+00:00,2025-04-15,03:30,0,3,3
52,2025-04-14T17:28:00+00:00,2025-04-15,03:28,0,1,1
56,2025-04-14T17:36:00+00:00,2025-04-15,03:36,1,0,1
62,2025-04-14T17:27:00+00:00,2025-04-15,03:27,2,0,2
62,2025-04-14T17:32:00+00:00,2025-04-15,03:32,1,0,1
62,2025-04-14T17:38:00+00:00,2025-04-15,03:38,0,1,1
67,2025-04-14T17:36:00+00:00,2025-04-15,03:36,0,1,1
79,2025-04-14T17:29:00+00:00,2025-04-15,03:29,0,2,2
142,2025-04-14T17:35:00+00:00,2025-04-15,03:35,1,0,1
3,2025-04-14T16:47:00+00:00,2025-04-15,02:47,0,1,1
4,2025-04-14T16:45:00+00:00,2025-04-15,02:45,1,0,1
4,2025-04-14T16:52:00+00:00,2025-04-15,02:52,0,1,1
4,2025-04-14T16:53:00+00:00,2025-04-15,02:53,2,0,2
5,2025-04-14T16:50:00+00:00,2025-04-15,02:50,1,1,2
6,2025-04-14T16:49:00+00:00,2025-04-15,02:49,1,1,2
14,2025-04-14T16:42:00+00:00,2025-04-15,02:42,1,0,1
29,2025-04-14T16:49:00+00:00,2025-04-15,02:49,0,1,1
41,2025-04-14T16:43:00+00:00,2025-04-15,02:43,1,0,1
41,2025-04-14T16:47:00+00:00,2025-04-15,02:47,1,1,2
41,2025-04-14T16:49:00+00:00,2025-04-15,02:49,1,0,1
41,2025-04-14T16:52:00+00:00,2025-04-15,02:52,2,0,2
42,2025-04-14T16:47:00+00:00,2025-04-15,02:47,0,3,3
45,2025-04-14T16:48:00+00:00,2025-04-15,02:48,0,1,1
47,2025-04-14T16:51:00+00:00,2025-04-15,02:51,1,0,1
61,2025-04-14T16:45:00+00:00,2025-04-15,02:45,2,0,2
70,2025-04-14T16:46:00+00:00,2025-04-15,02:46,1,0,1
70,2025-04-14T16:52:00+00:00,2025-04-15,02:52,0,2,2
78,2025-04-14T16:43:00+00:00,2025-04-15,02:43,0,1,1
131,2025-04-14T16:45:00+00:00,2025-04-15,02:45,0,1,1
134,2025-04-14T16:40:00+00:00,2025-04-15,02:40,1,1,2
134,2025-04-14T16:45:00+00:00,2025-04-15,02:45,2,2,4
135,2025-04-14T16:50:00+00:00,2025-04-15,02:50,1,2,3
143,2025-04-14T16:50:00+00:00,2025-04-15,02:50,0,2,2
17,2025-04-14T16:48:00+00:00,2025-04-15,02:48,0,1,1
20,2025-04-14T16:45:00+00:00,2025-04-15,02:45,1,0,1
20,2025-04-14T16:49:00+00:00,2025-04-15,02:49,1,0,1
24,2025-04-14T16:42:00+00:00,2025-04-15,02:42,0,2,2
24,2025-04-14T16:44:00+00:00,2025-04-15,02:44,0,1,1
24,2025-04-14T16:45:00+00:00,2025-04-15,02:45,1,0,1
24,2025-04-14T16:47:00+00:00,2025-04-15,02:47,0,1,1
24,2025-04-14T16:50:00+00:00,2025-04-15,02:50,1,0,1
24,2025-04-14T16:54:00+00:00,2025-04-15,02:54,0,3,3
27,2025-04-14T16:42:00+00:00,2025-04-15,02:42,1,0,1
30,2025-04-14T16:52:00+00:00,2025-04-15,02:52,1,0,1
35,2025-04-14T16:41:00+00:00,2025-04-15,02:41,0,3,3
35,2025-04-14T16:46:00+00:00,2025-04-15,02:46,2,0,2
49,2025-04-14T16:40:00+00:00,2025-04-15,02:40,1,0,1
49,2025-04-14T16:48:00+00:00,2025-04-15,02:48,0,2,2
49,2025-04-14T16:49:00+00:00,2025-04-15,02:49,1,0,1
49,2025-04-14T16:52:00+00:00,2025-04-15,02:52,1,0,1
53,2025-04-14T16:43:00+00:00,2025-04-15,02:43,1,0,1
58,2025-04-14T16:49:00+00:00,2025-04-15,02:49,1,2,3
63,2025-04-14T16:40:00+00:00,2025-04-15,02:40,0,1,1
79,2025-04-14T16:41:00+00:00,2025-04-15,02:41,1,1,2
79,2025-04-14T16:49:00+00:00,2025-04-15,02:49,1,1,2
79,2025-04-14T16:50:00+00:00,2025-04-15,02:50,3,0,3
109,2025-04-14T16:40:00+00:00,2025-04-15,02:40,0,1,1
109,2025-04-14T16:50:00+00:00,2025-04-15,02:50,1,1,2
181,2025-04-14T17:01:00+00:00,2025-04-15,03:01,1,0,1
181,2025-04-14T17:06:00+00:00,2025-04-15,03:06,0,1,1
3,2025-04-14T18:03:00+00:00,2025-04-15,04:03,1,0,1
3,2025-04-14T18:07:00+00:00,2025-04-15,04:07,0,1,1
4,2025-04-14T17:56:00+00:00,2025-04-15,03:56,1,0,1
4,2025-04-14T18:05:00+00:00,2025-04-15,04:05,3,0,3
6,2025-04-14T17:56:00+00:00,2025-04-15,03:56,1,1,2
6,2025-04-14T18:06:00+00:00,2025-04-15,04:06,1,0,1
6,2025-04-14T18:09:00+00:00,2025-04-15,04:09,1,0,1
8,2025-04-14T18:07:00+00:00,2025-04-15,04:07,0,1,1
28,2025-04-14T18:01:00+00:00,2025-04-15,04:01,0,1,1
28,2025-04-14T18:04:00+00:00,2025-04-15,04:04,0,1,1
28,2025-04-14T18:08:00+00:00,2025-04-15,04:08,0,2,2
29,2025-04-14T18:07:00+00:00,2025-04-15,04:07,2,0,2
37,2025-04-14T18:05:00+00:00,2025-04-15,04:05,1,0,1
41,2025-04-14T17:56:00+00:00,2025-04-15,03:56,1,0,1
41,2025-04-14T18:06:00+00:00,2025-04-15,04:06,1,0,1
45,2025-04-14T18:00:00+00:00,2025-04-15,04:00,0,1,1
45,2025-04-14T18:04:00+00:00,2025-04-15,04:04,1,0,1
45,2025-04-14T18:06:00+00:00,2025-04-15,04:06,1,0,1
47,2025-04-14T18:02:00+00:00,2025-04-15,04:02,1,0,1
47,2025-04-14T18:05:00+00:00,2025-04-15,04:05,1,0,1
54,2025-04-14T17:57:00+00:00,2025-04-15,03:57,0,1,1
59,2025-04-14T18:00:00+00:00,2025-04-15,04:00,1,0,1
66,2025-04-14T17:58:00+00:00,2025-04-15,03:58,0,1,1
84,2025-04-14T17:55:00+00:00,2025-04-15,03:55,1,1,2
108,2025-04-14T17:56:00+00:00,2025-04-15,03:56,2,0,2
133,2025-04-14T18:05:00+00:00,2025-04-15,04:05,2,0,2
135,2025-04-14T17:55:00+00:00,2025-04-15,03:55,1,0,1
10,2025-04-14T18:06:00+00:00,2025-04-15,04:06,1,0,1
11,2025-04-14T17:58:00+00:00,2025-04-15,03:58,0,1,1
12,2025-04-14T17:55:00+00:00,2025-04-15,03:55,1,0,1
12,2025-04-14T18:08:00+00:00,2025-04-15,04:08,1,0,1
17,2025-04-14T17:58:00+00:00,2025-04-15,03:58,1,0,1
17,2025-04-14T18:02:00+00:00,2025-04-15,04:02,2,0,2
17,2025-04-14T18:05:00+00:00,2025-04-15,04:05,1,0,1
19,2025-04-14T18:03:00+00:00,2025-04-15,04:03,0,2,2
20,2025-04-14T17:58:00+00:00,2025-04-15,03:58,1,0,1
30,2025-04-14T18:09:00+00:00,2025-04-15,04:09,0,2,2
35,2025-04-14T17:56:00+00:00,2025-04-15,03:56,0,2,2
35,2025-04-14T17:58:00+00:00,2025-04-15,03:58,1,0,1
35,2025-04-14T18:08:00+00:00,2025-04-15,04:08,0,1,1
49,2025-04-14T18:06:00+00:00,2025-04-15,04:06,0,1,1
51,2025-04-14T18:00:00+00:00,2025-04-15,04:00,2,0,2
51,2025-04-14T18:02:00+00:00,2025-04-15,04:02,0,1,1
52,2025-04-14T18:05:00+00:00,2025-04-15,04:05,0,2,2
141,2025-04-14T17:55:00+00:00,2025-04-15,03:55,1,0,1
141,2025-04-14T18:05:00+00:00,2025-04-15,04:05,0,2,2
8,2025-04-14T17:46:00+00:00,2025-04-15,03:46,1,0,1
21,2025-04-14T17:50:00+00:00,2025-04-15,03:50,3,0,3
28,2025-04-14T17:54:00+00:00,2025-04-15,03:54,0,1,1
29,2025-04-14T17:40:00+00:00,2025-04-15,03:40,0,2,2
29,2025-04-14T17:47:00+00:00,2025-04-15,03:47,1,0,1
31,2025-04-14T17:47:00+00:00,2025-04-15,03:47,0,1,1
37,2025-04-14T17:41:00+00:00,2025-04-15,03:41,1,0,1
41,2025-04-14T17:42:00+00:00,2025-04-15,03:42,0,1,1
41,2025-04-14T17:46:00+00:00,2025-04-15,03:46,0,1,1
41,2025-04-14T17:48:00+00:00,2025-04-15,03:48,1,0,1
41,2025-04-14T17:51:00+00:00,2025-04-15,03:51,2,1,3
45,2025-04-14T17:47:00+00:00,2025-04-15,03:47,1,0,1
47,2025-04-14T17:44:00+00:00,2025-04-15,03:44,6,0,6
47,2025-04-14T17:49:00+00:00,2025-04-15,03:49,1,0,1
61,2025-04-14T17:51:00+00:00,2025-04-15,03:51,1,0,1
71,2025-04-14T17:45:00+00:00,2025-04-15,03:45,1,0,1
132,2025-04-14T17:45:00+00:00,2025-04-15,03:45,1,0,1
132,2025-04-14T17:50:00+00:00,2025-04-15,03:50,0,1,1
133,2025-04-14T17:50:00+00:00,2025-04-15,03:50,0,2,2
135,2025-04-14T17:40:00+00:00,2025-04-15,03:40,2,0,2
135,2025-04-14T17:50:00+00:00,2025-04-15,03:50,1,3,4
143,2025-04-14T17:40:00+00:00,2025-04-15,03:40,2,0,2
143,2025-04-14T17:45:00+00:00,2025-04-15,03:45,1,0,1
143,2025-04-14T17:50:00+00:00,2025-04-15,03:50,1,0,1
1,2025-04-14T17:42:00+00:00,2025-04-15,03:42,0,1,1
10,2025-04-14T17:45:00+00:00,2025-04-15,03:45,0,1,1
17,2025-04-14T17:51:00+00:00,2025-04-15,03:51,0,1,1
19,2025-04-14T17:51:00+00:00,2025-04-15,03:51,1,0,1
24,2025-04-14T17:41:00+00:00,2025-04-15,03:41,0,2,2
24,2025-04-14T17:54:00+00:00,2025-04-15,03:54,2,2,4
25,2025-04-14T17:45:00+00:00,2025-04-15,03:45,1,0,1
30,2025-04-14T17:46:00+00:00,2025-04-15,03:46,0,4,4
35,2025-04-14T17:42:00+00:00,2025-04-15,03:42,4,1,5
35,2025-04-14T17:43:00+00:00,2025-04-15,03:43,1,0,1
35,2025-04-14T17:51:00+00:00,2025-04-15,03:51,0,1,1
49,2025-04-14T17:54:00+00:00,2025-04-15,03:54,1,3,4
58,2025-04-14T17:48:00+00:00,2025-04-15,03:48,2,0,2
58,2025-04-14T17:50:00+00:00,2025-04-15,03:50,1,0,1
58,2025-04-14T17:53:00+00:00,2025-04-15,03:53,1,1,2
62,2025-04-14T17:41:00+00:00,2025-04-15,03:41,0,1,1
62,2025-04-14T17:44:00+00:00,2025-04-15,03:44,1,0,1
62,2025-04-14T17:45:00+00:00,2025-04-15,03:45,0,1,1
62,2025-04-14T17:47:00+00:00,2025-04-15,03:47,1,1,2
72,2025-04-14T17:49:00+00:00,2025-04-15,03:49,0,3,3
79,2025-04-14T17:41:00+00:00,2025-04-15,03:41,1,0,1
79,2025-04-14T17:54:00+00:00,2025-04-15,03:54,0,2,2
181,2025-04-14T17:59:00+00:00,2025-04-15,03:59,1,0,1
181,2025-04-14T18:00:00+00:00,2025-04-15,04:00,3,0,3
181,2025-04-14T18:05:00+00:00,2025-04-15,04:05,0,2,2
181,2025-04-14T18:09:00+00:00,2025-04-15,04:09,0,1,1
181,2025-04-14T17:42:00+00:00,2025-04-15,03:42,2,1,3
181,2025-04-14T17:50:00+00:00,2025-04-15,03:50,0,1,1
181,2025-04-14T17:52:00+00:00,2025-04-15,03:52,0,1,1
181,2025-04-14T18:36:00+00:00,2025-04-15,04:36,0,1,1
181,2025-04-14T18:38:00+00:00,2025-04-15,04:38,1,0,1
181,2025-04-14T18:10:00+00:00,2025-04-15,04:10,0,1,1
181,2025-04-14T18:14:00+00:00,2025-04-15,04:14,1,0,1
181,2025-04-14T18:18:00+00:00,2025-04-15,04:18,1,1,2
181,2025-04-14T18:23:00+00:00,2025-04-15,04:23,2,2,4
4,2025-04-14T18:21:00+00:00,2025-04-15,04:21,0,1,1
5,2025-04-14T18:10:00+00:00,2025-04-15,04:10,5,0,5
5,2025-04-14T18:15:00+00:00,2025-04-15,04:15,3,0,3
14,2025-04-14T18:13:00+00:00,2025-04-15,04:13,1,0,1
14,2025-04-14T18:18:00+00:00,2025-04-15,04:18,1,0,1
28,2025-04-14T18:13:00+00:00,2025-04-15,04:13,0,2,2
28,2025-04-14T18:14:00+00:00,2025-04-15,04:14,0,2,2
31,2025-04-14T18:10:00+00:00,2025-04-15,04:10,1,0,1
31,2025-04-14T18:21:00+00:00,2025-04-15,04:21,0,1,1
37,2025-04-14T18:15:00+00:00,2025-04-15,04:15,0,1,1
37,2025-04-14T18:23:00+00:00,2025-04-15,04:23,1,0,1
45,2025-04-14T18:10:00+00:00,2025-04-15,04:10,0,1,1
45,2025-04-14T18:23:00+00:00,2025-04-15,04:23,0,1,1
47,2025-04-14T18:14:00+00:00,2025-04-15,04:14,0,3,3
47,2025-04-14T18:15:00+00:00,2025-04-15,04:15,2,0,2
47,2025-04-14T18:24:00+00:00,2025-04-15,04:24,2,1,3
59,2025-04-14T18:10:00+00:00,2025-04-15,04:10,0,2,2
59,2025-04-14T18:15:00+00:00,2025-04-15,04:15,0,1,1
59,2025-04-14T18:20:00+00:00,2025-04-15,04:20,3,0,3
70,2025-04-14T18:23:00+00:00,2025-04-15,04:23,0,1,1
84,2025-04-14T18:10:00+00:00,2025-04-15,04:10,1,1,2
87,2025-04-14T18:16:00+00:00,2025-04-15,04:16,1,0,1
107,2025-04-14T18:15:00+00:00,2025-04-15,04:15,1,0,1
133,2025-04-14T18:10:00+00:00,2025-04-15,04:10,1,1,2
134,2025-04-14T18:10:00+00:00,2025-04-15,04:10,1,1,2
143,2025-04-14T18:10:00+00:00,2025-04-15,04:10,2,1,3
162,2025-04-14T18:15:00+00:00,2025-04-15,04:15,2,2,4
2,2025-04-14T18:11:00+00:00,2025-04-15,04:11,0,1,1
9,2025-04-14T18:23:00+00:00,2025-04-15,04:23,1,0,1
17,2025-04-14T18:17:00+00:00,2025-04-15,04:17,0,1,1
18,2025-04-14T18:11:00+00:00,2025-04-15,04:11,0,2,2
19,2025-04-14T18:21:00+00:00,2025-04-15,04:21,0,1,1
20,2025-04-14T18:18:00+00:00,2025-04-15,04:18,0,1,1
24,2025-04-14T18:17:00+00:00,2025-04-15,04:17,1,0,1
27,2025-04-14T18:24:00+00:00,2025-04-15,04:24,1,0,1
35,2025-04-14T18:11:00+00:00,2025-04-15,04:11,0,2,2
49,2025-04-14T18:10:00+00:00,2025-04-15,04:10,0,1,1
49,2025-04-14T18:11:00+00:00,2025-04-15,04:11,0,2,2
49,2025-04-14T18:16:00+00:00,2025-04-15,04:16,1,0,1
49,2025-04-14T18:24:00+00:00,2025-04-15,04:24,0,1,1
51,2025-04-14T18:14:00+00:00,2025-04-15,04:14,0,2,2
56,2025-04-14T18:20:00+00:00,2025-04-15,04:20,1,0,1
58,2025-04-14T18:19:00+00:00,2025-04-15,04:19,0,1,1
67,2025-04-14T18:12:00+00:00,2025-04-15,04:12,1,0,1
79,2025-04-14T18:12:00+00:00,2025-04-15,04:12,0,1,1
109,2025-04-14T18:20:00+00:00,2025-04-15,04:20,1,2,3
117,2025-04-14T18:20:00+00:00,2025-04-15,04:20,1,0,1
141,2025-04-14T18:20:00+00:00,2025-04-15,04:20,2,0,2
4,2025-04-14T18:30:00+00:00,2025-04-15,04:30,0,3,3
5,2025-04-14T18:30:00+00:00,2025-04-15,04:30,1,0,1
8,2025-04-14T18:39:00+00:00,2025-04-15,04:39,0,1,1
14,2025-04-14T18:29:00+00:00,2025-04-15,04:29,2,0,2
14,2025-04-14T18:33:00+00:00,2025-04-15,04:33,6,0,6
28,2025-04-14T18:26:00+00:00,2025-04-15,04:26,1,1,2
28,2025-04-14T18:30:00+00:00,2025-04-15,04:30,0,1,1
28,2025-04-14T18:31:00+00:00,2025-04-15,04:31,0,1,1
28,2025-04-14T18:33:00+00:00,2025-04-15,04:33,1,2,3
28,2025-04-14T18:34:00+00:00,2025-04-15,04:34,0,1,1
41,2025-04-14T18:28:00+00:00,2025-04-15,04:28,1,2,3
42,2025-04-14T18:30:00+00:00,2025-04-15,04:30,0,1,1
43,2025-04-14T18:25:00+00:00,2025-04-15,04:25,0,1,1
45,2025-04-14T18:30:00+00:00,2025-04-15,04:30,0,2,2
47,2025-04-14T18:26:00+00:00,2025-04-15,04:26,1,0,1
54,2025-04-14T18:33:00+00:00,2025-04-15,04:33,0,1,1
59,2025-04-14T18:35:00+00:00,2025-04-15,04:35,1,0,1
66,2025-04-14T18:32:00+00:00,2025-04-15,04:32,0,1,1
66,2025-04-14T18:36:00+00:00,2025-04-15,04:36,0,1,1
84,2025-04-14T18:30:00+00:00,2025-04-15,04:30,3,5,8
107,2025-04-14T18:30:00+00:00,2025-04-15,04:30,0,1,1
108,2025-04-14T18:36:00+00:00,2025-04-15,04:36,2,0,2
132,2025-04-14T18:35:00+00:00,2025-04-15,04:35,0,3,3
133,2025-04-14T18:25:00+00:00,2025-04-15,04:25,1,2,3
143,2025-04-14T18:30:00+00:00,2025-04-15,04:30,1,0,1
162,2025-04-14T18:25:00+00:00,2025-04-15,04:25,1,0,1
179,2025-04-14T18:25:00+00:00,2025-04-15,04:25,1,0,1
11,2025-04-14T18:35:00+00:00,2025-04-15,04:35,0,1,1
12,2025-04-14T18:38:00+00:00,2025-04-15,04:38,0,1,1
24,2025-04-14T18:30:00+00:00,2025-04-15,04:30,0,1,1
27,2025-04-14T18:30:00+00:00,2025-04-15,04:30,1,0,1
27,2025-04-14T18:32:00+00:00,2025-04-15,04:32,0,1,1
35,2025-04-14T18:37:00+00:00,2025-04-15,04:37,1,0,1
51,2025-04-14T18:31:00+00:00,2025-04-15,04:31,1,0,1
53,2025-04-14T18:37:00+00:00,2025-04-15,04:37,1,0,1
58,2025-04-14T18:26:00+00:00,2025-04-15,04:26,0,1,1
62,2025-04-14T18:34:00+00:00,2025-04-15,04:34,0,3,3
62,2025-04-14T18:35:00+00:00,2025-04-15,04:35,1,0,1
62,2025-04-14T18:39:00+00:00,2025-04-15,04:39,1,0,1
67,2025-04-14T18:34:00+00:00,2025-04-15,04:34,0,1,1
79,2025-04-14T18:33:00+00:00,2025-04-15,04:33,0,1,1
141,2025-04-14T18:30:00+00:00,2025-04-15,04:30,1,0,1
3,2025-04-14T19:19:00+00:00,2025-04-15,05:19,0,1,1
4,2025-04-14T19:20:00+00:00,2025-04-15,05:20,2,0,2
5,2025-04-14T19:20:00+00:00,2025-04-15,05:20,1,1,2
6,2025-04-14T19:11:00+00:00,2025-04-15,05:11,3,0,3
6,2025-04-14T19:19:00+00:00,2025-04-15,05:19,2,1,3
6,2025-04-14T19:23:00+00:00,2025-04-15,05:23,1,3,4
14,2025-04-14T19:11:00+00:00,2025-04-15,05:11,2,0,2
14,2025-04-14T19:21:00+00:00,2025-04-15,05:21,1,1,2
28,2025-04-14T19:11:00+00:00,2025-04-15,05:11,0,1,1
28,2025-04-14T19:23:00+00:00,2025-04-15,05:23,1,1,2
28,2025-04-14T19:24:00+00:00,2025-04-15,05:24,0,1,1
29,2025-04-14T19:19:00+00:00,2025-04-15,05:19,0,1,1
29,2025-04-14T19:21:00+00:00,2025-04-15,05:21,0,1,1
31,2025-04-14T19:14:00+00:00,2025-04-15,05:14,1,1,2
41,2025-04-14T19:11:00+00:00,2025-04-15,05:11,0,1,1
41,2025-04-14T19:20:00+00:00,2025-04-15,05:20,1,1,2
45,2025-04-14T19:11:00+00:00,2025-04-15,05:11,1,3,4
45,2025-04-14T19:14:00+00:00,2025-04-15,05:14,0,1,1
45,2025-04-14T19:19:00+00:00,2025-04-15,05:19,0,1,1
45,2025-04-14T19:22:00+00:00,2025-04-15,05:22,0,2,2
47,2025-04-14T19:15:00+00:00,2025-04-15,05:15,0,1,1
47,2025-04-14T19:23:00+00:00,2025-04-15,05:23,1,0,1
50,2025-04-14T19:19:00+00:00,2025-04-15,05:19,1,0,1
59,2025-04-14T19:20:00+00:00,2025-04-15,05:20,0,1,1
61,2025-04-14T19:13:00+00:00,2025-04-15,05:13,0,1,1
66,2025-04-14T19:17:00+00:00,2025-04-15,05:17,0,1,1
69,2025-04-14T19:17:00+00:00,2025-04-15,05:17,1,0,1
69,2025-04-14T19:20:00+00:00,2025-04-15,05:20,0,1,1
70,2025-04-14T19:24:00+00:00,2025-04-15,05:24,1,0,1
84,2025-04-14T19:15:00+00:00,2025-04-15,05:15,6,0,6
84,2025-04-14T19:20:00+00:00,2025-04-15,05:20,4,5,9
87,2025-04-14T19:15:00+00:00,2025-04-15,05:15,0,1,1
108,2025-04-14T19:16:00+00:00,2025-04-15,05:16,0,1,1
132,2025-04-14T19:15:00+00:00,2025-04-15,05:15,1,0,1
132,2025-04-14T19:20:00+00:00,2025-04-15,05:20,1,1,2
133,2025-04-14T19:10:00+00:00,2025-04-15,05:10,1,4,5
133,2025-04-14T19:20:00+00:00,2025-04-15,05:20,3,4,7
162,2025-04-14T19:10:00+00:00,2025-04-15,05:10,0,2,2
179,2025-04-14T19:15:00+00:00,2025-04-15,05:15,1,0,1
1,2025-04-14T19:12:00+00:00,2025-04-15,05:12,0,1,1
2,2025-04-14T19:21:00+00:00,2025-04-15,05:21,0,1,1
2,2025-04-14T19:24:00+00:00,2025-04-15,05:24,0,1,1
9,2025-04-14T19:19:00+00:00,2025-04-15,05:19,1,1,2
9,2025-04-14T19:22:00+00:00,2025-04-15,05:22,1,0,1
9,2025-04-14T19:23:00+00:00,2025-04-15,05:23,0,1,1
10,2025-04-14T19:22:00+00:00,2025-04-15,05:22,0,1,1
12,2025-04-14T19:22:00+00:00,2025-04-15,05:22,1,0,1
17,2025-04-14T19:19:00+00:00,2025-04-15,05:19,1,0,1
18,2025-04-14T19:11:00+00:00,2025-04-15,05:11,0,1,1
18,2025-04-14T19:14:00+00:00,2025-04-15,05:14,0,1,1
19,2025-04-14T19:19:00+00:00,2025-04-15,05:19,0,1,1
20,2025-04-14T19:19:00+00:00,2025-04-15,05:19,1,0,1
23,2025-04-14T19:18:00+00:00,2025-04-15,05:18,0,5,5
23,2025-04-14T19:21:00+00:00,2025-04-15,05:21,1,0,1
23,2025-04-14T19:23:00+00:00,2025-04-15,05:23,1,0,1
25,2025-04-14T19:10:00+00:00,2025-04-15,05:10,2,0,2
27,2025-04-14T19:17:00+00:00,2025-04-15,05:17,0,1,1
35,2025-04-14T19:14:00+00:00,2025-04-15,05:14,1,1,2
35,2025-04-14T19:16:00+00:00,2025-04-15,05:16,1,2,3
35,2025-04-14T19:20:00+00:00,2025-04-15,05:20,0,1,1
49,2025-04-14T19:20:00+00:00,2025-04-15,05:20,2,3,5
58,2025-04-14T19:24:00+00:00,2025-04-15,05:24,2,0,2
62,2025-04-14T19:15:00+00:00,2025-04-15,05:15,0,1,1
67,2025-04-14T19:11:00+00:00,2025-04-15,05:11,0,1,1
67,2025-04-14T19:20:00+00:00,2025-04-15,05:20,1,0,1
72,2025-04-14T19:15:00+00:00,2025-04-15,05:15,0,1,1
79,2025-04-14T19:13:00+00:00,2025-04-15,05:13,0,1,1
79,2025-04-14T19:16:00+00:00,2025-04-15,05:16,2,1,3
79,2025-04-14T19:19:00+00:00,2025-04-15,05:19,0,1,1
86,2025-04-14T19:15:00+00:00,2025-04-15,05:15,1,0,1
3,2025-04-14T19:29:00+00:00,2025-04-15,05:29,1,0,1
3,2025-04-14T19:37:00+00:00,2025-04-15,05:37,0,1,1
4,2025-04-14T19:26:00+00:00,2025-04-15,05:26,1,1,2
4,2025-04-14T19:37:00+00:00,2025-04-15,05:37,3,1,4
5,2025-04-14T19:35:00+00:00,2025-04-15,05:35,2,8,10
6,2025-04-14T19:25:00+00:00,2025-04-15,05:25,1,1,2
6,2025-04-14T19:32:00+00:00,2025-04-15,05:32,2,0,2
6,2025-04-14T19:33:00+00:00,2025-04-15,05:33,1,2,3
6,2025-04-14T19:39:00+00:00,2025-04-15,05:39,0,6,6
14,2025-04-14T19:26:00+00:00,2025-04-15,05:26,1,0,1
14,2025-04-14T19:27:00+00:00,2025-04-15,05:27,1,0,1
14,2025-04-14T19:35:00+00:00,2025-04-15,05:35,1,2,3
14,2025-04-14T19:36:00+00:00,2025-04-15,05:36,1,0,1
14,2025-04-14T19:38:00+00:00,2025-04-15,05:38,0,2,2
21,2025-04-14T19:25:00+00:00,2025-04-15,05:25,0,1,1
28,2025-04-14T19:35:00+00:00,2025-04-15,05:35,0,2,2
28,2025-04-14T19:38:00+00:00,2025-04-15,05:38,1,2,3
29,2025-04-14T19:33:00+00:00,2025-04-15,05:33,0,1,1
29,2025-04-14T19:34:00+00:00,2025-04-15,05:34,0,1,1
29,2025-04-14T19:39:00+00:00,2025-04-15,05:39,1,1,2
39,2025-04-14T19:27:00+00:00,2025-04-15,05:27,1,0,1
41,2025-04-14T19:28:00+00:00,2025-04-15,05:28,1,0,1
41,2025-04-14T19:29:00+00:00,2025-04-15,05:29,3,2,5
41,2025-04-14T19:31:00+00:00,2025-04-15,05:31,0,3,3
41,2025-04-14T19:32:00+00:00,2025-04-15,05:32,1,0,1
41,2025-04-14T19:35:00+00:00,2025-04-15,05:35,1,0,1
41,2025-04-14T19:38:00+00:00,2025-04-15,05:38,2,2,4
45,2025-04-14T19:34:00+00:00,2025-04-15,05:34,0,1,1
45,2025-04-14T19:35:00+00:00,2025-04-15,05:35,0,2,2
45,2025-04-14T19:38:00+00:00,2025-04-15,05:38,0,1,1
45,2025-04-14T19:39:00+00:00,2025-04-15,05:39,1,0,1
47,2025-04-14T19:32:00+00:00,2025-04-15,05:32,1,0,1
54,2025-04-14T19:32:00+00:00,2025-04-15,05:32,0,3,3
54,2025-04-14T19:35:00+00:00,2025-04-15,05:35,2,0,2
54,2025-04-14T19:38:00+00:00,2025-04-15,05:38,1,0,1
59,2025-04-14T19:35:00+00:00,2025-04-15,05:35,1,0,1
61,2025-04-14T19:27:00+00:00,2025-04-15,05:27,0,1,1
66,2025-04-14T19:31:00+00:00,2025-04-15,05:31,0,1,1
66,2025-04-14T19:35:00+00:00,2025-04-15,05:35,0,2,2
66,2025-04-14T19:38:00+00:00,2025-04-15,05:38,1,2,3
66,2025-04-14T19:39:00+00:00,2025-04-15,05:39,1,0,1
75,2025-04-14T19:39:00+00:00,2025-04-15,05:39,0,1,1
84,2025-04-14T19:25:00+00:00,2025-04-15,05:25,0,3,3
87,2025-04-14T19:26:00+00:00,2025-04-15,05:26,0,1,1
107,2025-04-14T19:30:00+00:00,2025-04-15,05:30,1,1,2
107,2025-04-14T19:35:00+00:00,2025-04-15,05:35,2,2,4
108,2025-04-14T19:25:00+00:00,2025-04-15,05:25,1,0,1
108,2025-04-14T19:28:00+00:00,2025-04-15,05:28,0,1,1
108,2025-04-14T19:34:00+00:00,2025-04-15,05:34,1,0,1
108,2025-04-14T19:39:00+00:00,2025-04-15,05:39,0,3,3
131,2025-04-14T19:25:00+00:00,2025-04-15,05:25,2,2,4
133,2025-04-14T19:30:00+00:00,2025-04-15,05:30,11,7,18
134,2025-04-14T19:30:00+00:00,2025-04-15,05:30,1,3,4
143,2025-04-14T19:25:00+00:00,2025-04-15,05:25,3,0,3
143,2025-04-14T19:35:00+00:00,2025-04-15,05:35,0,3,3
166,2025-04-14T19:30:00+00:00,2025-04-15,05:30,0,1,1
167,2025-04-14T19:35:00+00:00,2025-04-15,05:35,0,1,1
179,2025-04-14T19:25:00+00:00,2025-04-15,05:25,1,0,1
1,2025-04-14T19:26:00+00:00,2025-04-15,05:26,0,1,1
1,2025-04-14T19:29:00+00:00,2025-04-15,05:29,1,0,1
2,2025-04-14T19:29:00+00:00,2025-04-15,05:29,1,2,3
9,2025-04-14T19:27:00+00:00,2025-04-15,05:27,1,0,1
9,2025-04-14T19:36:00+00:00,2025-04-15,05:36,1,1,2
9,2025-04-14T19:37:00+00:00,2025-04-15,05:37,1,0,1
10,2025-04-14T19:35:00+00:00,2025-04-15,05:35,0,1,1
11,2025-04-14T19:27:00+00:00,2025-04-15,05:27,1,0,1
12,2025-04-14T19:29:00+00:00,2025-04-15,05:29,2,0,2
17,2025-04-14T19:28:00+00:00,2025-04-15,05:28,1,0,1
17,2025-04-14T19:29:00+00:00,2025-04-15,05:29,1,0,1
17,2025-04-14T19:30:00+00:00,2025-04-15,05:30,1,1,2
17,2025-04-14T19:34:00+00:00,2025-04-15,05:34,1,1,2
17,2025-04-14T19:37:00+00:00,2025-04-15,05:37,3,0,3
18,2025-04-14T19:27:00+00:00,2025-04-15,05:27,2,0,2
18,2025-04-14T19:37:00+00:00,2025-04-15,05:37,0,1,1
20,2025-04-14T19:34:00+00:00,2025-04-15,05:34,1,0,1
23,2025-04-14T19:36:00+00:00,2025-04-15,05:36,0,2,2
23,2025-04-14T19:38:00+00:00,2025-04-15,05:38,0,1,1
24,2025-04-14T19:35:00+00:00,2025-04-15,05:35,5,0,5
25,2025-04-14T19:35:00+00:00,2025-04-15,05:35,2,4,6
30,2025-04-14T19:27:00+00:00,2025-04-15,05:27,1,0,1
30,2025-04-14T19:30:00+00:00,2025-04-15,05:30,0,1,1
30,2025-04-14T19:31:00+00:00,2025-04-15,05:31,0,2,2
30,2025-04-14T19:34:00+00:00,2025-04-15,05:34,0,1,1
35,2025-04-14T19:27:00+00:00,2025-04-15,05:27,4,1,5
35,2025-04-14T19:39:00+00:00,2025-04-15,05:39,1,2,3
49,2025-04-14T19:29:00+00:00,2025-04-15,05:29,0,1,1
51,2025-04-14T19:28:00+00:00,2025-04-15,05:28,1,0,1
52,2025-04-14T19:29:00+00:00,2025-04-15,05:29,1,0,1
53,2025-04-14T19:27:00+00:00,2025-04-15,05:27,0,1,1
53,2025-04-14T19:33:00+00:00,2025-04-15,05:33,0,2,2
56,2025-04-14T19:36:00+00:00,2025-04-15,05:36,0,1,1
58,2025-04-14T19:25:00+00:00,2025-04-15,05:25,2,1,3
58,2025-04-14T19:26:00+00:00,2025-04-15,05:26,3,0,3
62,2025-04-14T19:38:00+00:00,2025-04-15,05:38,0,1,1
63,2025-04-14T19:26:00+00:00,2025-04-15,05:26,1,0,1
72,2025-04-14T19:31:00+00:00,2025-04-15,05:31,0,1,1
72,2025-04-14T19:36:00+00:00,2025-04-15,05:36,1,0,1
72,2025-04-14T19:37:00+00:00,2025-04-15,05:37,1,0,1
72,2025-04-14T19:38:00+00:00,2025-04-15,05:38,1,0,1
76,2025-04-14T19:32:00+00:00,2025-04-15,05:32,1,0,1
79,2025-04-14T19:35:00+00:00,2025-04-15,05:35,1,0,1
79,2025-04-14T19:37:00+00:00,2025-04-15,05:37,5,1,6
109,2025-04-14T19:35:00+00:00,2025-04-15,05:35,4,3,7
181,2025-04-14T18:44:00+00:00,2025-04-15,04:44,0,1,1
181,2025-04-14T18:47:00+00:00,2025-04-15,04:47,0,1,1
181,2025-04-14T18:49:00+00:00,2025-04-15,04:49,0,1,1
4,2025-04-14T18:40:00+00:00,2025-04-15,04:40,0,1,1
4,2025-04-14T18:45:00+00:00,2025-04-15,04:45,1,0,1
4,2025-04-14T18:48:00+00:00,2025-04-15,04:48,0,1,1
5,2025-04-14T18:50:00+00:00,2025-04-15,04:50,3,2,5
6,2025-04-14T18:43:00+00:00,2025-04-15,04:43,1,0,1
6,2025-04-14T18:44:00+00:00,2025-04-15,04:44,1,0,1
14,2025-04-14T18:46:00+00:00,2025-04-15,04:46,1,0,1
28,2025-04-14T18:42:00+00:00,2025-04-15,04:42,1,0,1
29,2025-04-14T18:52:00+00:00,2025-04-15,04:52,0,1,1
31,2025-04-14T18:46:00+00:00,2025-04-15,04:46,0,1,1
31,2025-04-14T18:53:00+00:00,2025-04-15,04:53,0,2,2
36,2025-04-14T18:47:00+00:00,2025-04-15,04:47,2,0,2
39,2025-04-14T18:49:00+00:00,2025-04-15,04:49,0,1,1
41,2025-04-14T18:44:00+00:00,2025-04-15,04:44,1,1,2
41,2025-04-14T18:53:00+00:00,2025-04-15,04:53,1,0,1
45,2025-04-14T18:41:00+00:00,2025-04-15,04:41,0,1,1
45,2025-04-14T18:43:00+00:00,2025-04-15,04:43,0,1,1
45,2025-04-14T18:48:00+00:00,2025-04-15,04:48,0,1,1
59,2025-04-14T18:50:00+00:00,2025-04-15,04:50,1,1,2
61,2025-04-14T18:47:00+00:00,2025-04-15,04:47,1,0,1
61,2025-04-14T18:54:00+00:00,2025-04-15,04:54,1,0,1
66,2025-04-14T18:40:00+00:00,2025-04-15,04:40,0,1,1
66,2025-04-14T18:43:00+00:00,2025-04-15,04:43,0,1,1
66,2025-04-14T18:54:00+00:00,2025-04-15,04:54,1,0,1
70,2025-04-14T18:53:00+00:00,2025-04-15,04:53,0,1,1
77,2025-04-14T18:50:00+00:00,2025-04-15,04:50,0,2,2
84,2025-04-14T18:50:00+00:00,2025-04-15,04:50,1,2,3
135,2025-04-14T18:45:00+00:00,2025-04-15,04:45,2,0,2
143,2025-04-14T18:50:00+00:00,2025-04-15,04:50,2,2,4
2,2025-04-14T18:53:00+00:00,2025-04-15,04:53,0,2,2
11,2025-04-14T18:47:00+00:00,2025-04-15,04:47,1,0,1
12,2025-04-14T18:44:00+00:00,2025-04-15,04:44,1,0,1
17,2025-04-14T18:54:00+00:00,2025-04-15,04:54,0,1,1
19,2025-04-14T18:50:00+00:00,2025-04-15,04:50,0,1,1
19,2025-04-14T18:54:00+00:00,2025-04-15,04:54,0,3,3
20,2025-04-14T18:47:00+00:00,2025-04-15,04:47,0,2,2
23,2025-04-14T18:43:00+00:00,2025-04-15,04:43,1,0,1
24,2025-04-14T18:40:00+00:00,2025-04-15,04:40,3,0,3
24,2025-04-14T18:49:00+00:00,2025-04-15,04:49,0,2,2
24,2025-04-14T18:54:00+00:00,2025-04-15,04:54,3,0,3
25,2025-04-14T18:50:00+00:00,2025-04-15,04:50,0,1,1
27,2025-04-14T18:46:00+00:00,2025-04-15,04:46,0,1,1
30,2025-04-14T18:46:00+00:00,2025-04-15,04:46,0,2,2
35,2025-04-14T18:40:00+00:00,2025-04-15,04:40,0,1,1
35,2025-04-14T18:44:00+00:00,2025-04-15,04:44,1,0,1
49,2025-04-14T18:41:00+00:00,2025-04-15,04:41,0,1,1
49,2025-04-14T18:46:00+00:00,2025-04-15,04:46,0,1,1
51,2025-04-14T18:48:00+00:00,2025-04-15,04:48,0,1,1
56,2025-04-14T18:40:00+00:00,2025-04-15,04:40,1,0,1
58,2025-04-14T18:42:00+00:00,2025-04-15,04:42,0,1,1
58,2025-04-14T18:51:00+00:00,2025-04-15,04:51,1,0,1
62,2025-04-14T18:42:00+00:00,2025-04-15,04:42,1,0,1
62,2025-04-14T18:46:00+00:00,2025-04-15,04:46,1,1,2
63,2025-04-14T18:50:00+00:00,2025-04-15,04:50,0,1,1
63,2025-04-14T18:54:00+00:00,2025-04-15,04:54,0,1,1
67,2025-04-14T18:40:00+00:00,2025-04-15,04:40,0,1,1
67,2025-04-14T18:41:00+00:00,2025-04-15,04:41,1,0,1
85,2025-04-14T18:42:00+00:00,2025-04-15,04:42,1,0,1
109,2025-04-14T18:50:00+00:00,2025-04-15,04:50,0,1,1
141,2025-04-14T18:40:00+00:00,2025-04-15,04:40,1,0,1
141,2025-04-14T18:45:00+00:00,2025-04-15,04:45,2,0,2
164,2025-04-14T18:40:00+00:00,2025-04-15,04:40,1,0,1
164,2025-04-14T18:45:00+00:00,2025-04-15,04:45,0,1,1
181,2025-04-14T19:02:00+00:00,2025-04-15,05:02,1,0,1
181,2025-04-14T19:03:00+00:00,2025-04-15,05:03,1,0,1
181,2025-04-14T19:05:00+00:00,2025-04-15,05:05,0,1,1
181,2025-04-14T19:07:00+00:00,2025-04-15,05:07,1,0,1
4,2025-04-14T18:55:00+00:00,2025-04-15,04:55,2,1,3
4,2025-04-14T18:57:00+00:00,2025-04-15,04:57,1,0,1
4,2025-04-14T19:03:00+00:00,2025-04-15,05:03,3,1,4
6,2025-04-14T19:01:00+00:00,2025-04-15,05:01,1,1,2
6,2025-04-14T19:02:00+00:00,2025-04-15,05:02,2,0,2
28,2025-04-14T18:56:00+00:00,2025-04-15,04:56,0,1,1
28,2025-04-14T18:57:00+00:00,2025-04-15,04:57,0,1,1
28,2025-04-14T19:00:00+00:00,2025-04-15,05:00,0,1,1
37,2025-04-14T19:06:00+00:00,2025-04-15,05:06,1,0,1
39,2025-04-14T19:04:00+00:00,2025-04-15,05:04,1,0,1
41,2025-04-14T18:56:00+00:00,2025-04-15,04:56,0,2,2
41,2025-04-14T18:57:00+00:00,2025-04-15,04:57,0,2,2
41,2025-04-14T19:00:00+00:00,2025-04-15,05:00,0,2,2
41,2025-04-14T19:03:00+00:00,2025-04-15,05:03,1,1,2
45,2025-04-14T18:56:00+00:00,2025-04-15,04:56,0,1,1
45,2025-04-14T19:07:00+00:00,2025-04-15,05:07,0,2,2
47,2025-04-14T18:56:00+00:00,2025-04-15,04:56,1,0,1
47,2025-04-14T18:59:00+00:00,2025-04-15,04:59,1,4,5
47,2025-04-14T19:02:00+00:00,2025-04-15,05:02,0,1,1
59,2025-04-14T18:55:00+00:00,2025-04-15,04:55,0,1,1
61,2025-04-14T18:58:00+00:00,2025-04-15,04:58,1,2,3
61,2025-04-14T19:07:00+00:00,2025-04-15,05:07,0,1,1
70,2025-04-14T18:55:00+00:00,2025-04-15,04:55,0,1,1
77,2025-04-14T18:55:00+00:00,2025-04-15,04:55,0,1,1
84,2025-04-14T18:55:00+00:00,2025-04-15,04:55,0,2,2
87,2025-04-14T18:56:00+00:00,2025-04-15,04:56,1,0,1
131,2025-04-14T19:00:00+00:00,2025-04-15,05:00,1,0,1
132,2025-04-14T18:55:00+00:00,2025-04-15,04:55,3,0,3
133,2025-04-14T19:00:00+00:00,2025-04-15,05:00,3,6,9
135,2025-04-14T19:05:00+00:00,2025-04-15,05:05,1,1,2
162,2025-04-14T19:00:00+00:00,2025-04-15,05:00,0,1,1
179,2025-04-14T18:55:00+00:00,2025-04-15,04:55,1,0,1
179,2025-04-14T19:00:00+00:00,2025-04-15,05:00,1,0,1
17,2025-04-14T18:57:00+00:00,2025-04-15,04:57,0,1,1
17,2025-04-14T19:00:00+00:00,2025-04-15,05:00,1,0,1
17,2025-04-14T19:01:00+00:00,2025-04-15,05:01,1,0,1
17,2025-04-14T19:06:00+00:00,2025-04-15,05:06,0,1,1
19,2025-04-14T19:04:00+00:00,2025-04-15,05:04,1,0,1
20,2025-04-14T19:07:00+00:00,2025-04-15,05:07,1,1,2
20,2025-04-14T19:09:00+00:00,2025-04-15,05:09,1,0,1
23,2025-04-14T18:55:00+00:00,2025-04-15,04:55,0,1,1
24,2025-04-14T18:58:00+00:00,2025-04-15,04:58,6,0,6
24,2025-04-14T19:07:00+00:00,2025-04-15,05:07,1,1,2
25,2025-04-14T18:55:00+00:00,2025-04-15,04:55,2,2,4
25,2025-04-14T19:05:00+00:00,2025-04-15,05:05,2,0,2
27,2025-04-14T18:58:00+00:00,2025-04-15,04:58,0,1,1
35,2025-04-14T18:56:00+00:00,2025-04-15,04:56,2,1,3
35,2025-04-14T19:07:00+00:00,2025-04-15,05:07,2,0,2
35,2025-04-14T19:08:00+00:00,2025-04-15,05:08,1,1,2
35,2025-04-14T19:09:00+00:00,2025-04-15,05:09,1,0,1
49,2025-04-14T18:55:00+00:00,2025-04-15,04:55,1,0,1
51,2025-04-14T18:58:00+00:00,2025-04-15,04:58,1,0,1
51,2025-04-14T19:04:00+00:00,2025-04-15,05:04,0,1,1
52,2025-04-14T18:58:00+00:00,2025-04-15,04:58,0,2,2
56,2025-04-14T18:56:00+00:00,2025-04-15,04:56,0,1,1
62,2025-04-14T18:56:00+00:00,2025-04-15,04:56,2,0,2
62,2025-04-14T19:09:00+00:00,2025-04-15,05:09,1,0,1
68,2025-04-14T19:09:00+00:00,2025-04-15,05:09,0,1,1
72,2025-04-14T19:01:00+00:00,2025-04-15,05:01,0,1,1
79,2025-04-14T19:04:00+00:00,2025-04-15,05:04,1,1,2
79,2025-04-14T19:05:00+00:00,2025-04-15,05:05,0,1,1
79,2025-04-14T19:06:00+00:00,2025-04-15,05:06,0,2,2
85,2025-04-14T18:55:00+00:00,2025-04-15,04:55,1,0,1
85,2025-04-14T19:07:00+00:00,2025-04-15,05:07,0,1,1
109,2025-04-14T18:55:00+00:00,2025-04-15,04:55,1,0,1
141,2025-04-14T19:05:00+00:00,2025-04-15,05:05,1,0,1
164,2025-04-14T19:00:00+00:00,2025-04-15,05:00,1,0,1
181,2025-04-14T19:10:00+00:00,2025-04-15,05:10,0,2,2
181,2025-04-14T19:23:00+00:00,2025-04-15,05:23,0,1,1
3,2025-04-14T13:55:00+00:00,2025-04-14,23:55,3,2,5
3,2025-04-14T13:58:00+00:00,2025-04-14,23:58,1,1,2
3,2025-04-14T13:59:00+00:00,2025-04-14,23:59,0,6,6
3,2025-04-14T14:01:00+00:00,2025-04-15,00:01,3,1,4
3,2025-04-14T14:04:00+00:00,2025-04-15,00:04,0,1,1
4,2025-04-14T14:00:00+00:00,2025-04-15,00:00,4,0,4
5,2025-04-14T14:00:00+00:00,2025-04-15,00:00,5,0,5
6,2025-04-14T13:57:00+00:00,2025-04-14,23:57,2,2,4
6,2025-04-14T14:03:00+00:00,2025-04-15,00:03,0,1,1
6,2025-04-14T14:06:00+00:00,2025-04-15,00:06,1,0,1
6,2025-04-14T14:08:00+00:00,2025-04-15,00:08,2,1,3
6,2025-04-14T14:09:00+00:00,2025-04-15,00:09,1,1,2
28,2025-04-14T14:00:00+00:00,2025-04-15,00:00,2,0,2
29,2025-04-14T14:08:00+00:00,2025-04-15,00:08,0,2,2
31,2025-04-14T13:58:00+00:00,2025-04-14,23:58,2,0,2
31,2025-04-14T14:02:00+00:00,2025-04-15,00:02,0,3,3
31,2025-04-14T14:08:00+00:00,2025-04-15,00:08,0,1,1
36,2025-04-14T13:55:00+00:00,2025-04-14,23:55,1,0,1
39,2025-04-14T14:08:00+00:00,2025-04-15,00:08,0,2,2
41,2025-04-14T13:59:00+00:00,2025-04-14,23:59,3,2,5
41,2025-04-14T14:00:00+00:00,2025-04-15,00:00,0,3,3
41,2025-04-14T14:01:00+00:00,2025-04-15,00:01,2,2,4
41,2025-04-14T14:03:00+00:00,2025-04-15,00:03,2,4,6
41,2025-04-14T14:06:00+00:00,2025-04-15,00:06,9,5,14
41,2025-04-14T14:07:00+00:00,2025-04-15,00:07,4,3,7
41,2025-04-14T14:08:00+00:00,2025-04-15,00:08,2,0,2
42,2025-04-14T13:58:00+00:00,2025-04-14,23:58,0,1,1
42,2025-04-14T14:00:00+00:00,2025-04-15,00:00,1,1,2
43,2025-04-14T13:55:00+00:00,2025-04-14,23:55,0,5,5
43,2025-04-14T14:05:00+00:00,2025-04-15,00:05,1,0,1
45,2025-04-14T13:55:00+00:00,2025-04-14,23:55,0,1,1
45,2025-04-14T14:00:00+00:00,2025-04-15,00:00,1,1,2
45,2025-04-14T14:09:00+00:00,2025-04-15,00:09,1,0,1
47,2025-04-14T14:09:00+00:00,2025-04-15,00:09,1,1,2
54,2025-04-14T13:56:00+00:00,2025-04-14,23:56,0,2,2
54,2025-04-14T13:57:00+00:00,2025-04-14,23:57,1,3,4
54,2025-04-14T14:01:00+00:00,2025-04-15,00:01,0,4,4
54,2025-04-14T14:07:00+00:00,2025-04-15,00:07,1,0,1
54,2025-04-14T14:09:00+00:00,2025-04-15,00:09,0,2,2
61,2025-04-14T14:03:00+00:00,2025-04-15,00:03,1,0,1
61,2025-04-14T14:05:00+00:00,2025-04-15,00:05,0,3,3
61,2025-04-14T14:06:00+00:00,2025-04-15,00:06,3,1,4
66,2025-04-14T13:55:00+00:00,2025-04-14,23:55,2,2,4
66,2025-04-14T13:59:00+00:00,2025-04-14,23:59,3,0,3
66,2025-04-14T14:07:00+00:00,2025-04-15,00:07,0,1,1
66,2025-04-14T14:08:00+00:00,2025-04-15,00:08,0,1,1
77,2025-04-14T14:05:00+00:00,2025-04-15,00:05,1,2,3
84,2025-04-14T13:55:00+00:00,2025-04-14,23:55,7,2,9
107,2025-04-14T13:55:00+00:00,2025-04-14,23:55,0,1,1
107,2025-04-14T14:00:00+00:00,2025-04-15,00:00,1,1,2
107,2025-04-14T14:05:00+00:00,2025-04-15,00:05,0,2,2
108,2025-04-14T13:56:00+00:00,2025-04-14,23:56,0,1,1
131,2025-04-14T13:55:00+00:00,2025-04-14,23:55,1,1,2
131,2025-04-14T14:00:00+00:00,2025-04-15,00:00,2,3,5
131,2025-04-14T14:05:00+00:00,2025-04-15,00:05,3,1,4
132,2025-04-14T14:05:00+00:00,2025-04-15,00:05,1,2,3
133,2025-04-14T13:55:00+00:00,2025-04-14,23:55,11,7,18
133,2025-04-14T14:05:00+00:00,2025-04-15,00:05,3,9,12
134,2025-04-14T13:55:00+00:00,2025-04-14,23:55,9,1,10
134,2025-04-14T14:05:00+00:00,2025-04-15,00:05,3,5,8
135,2025-04-14T13:55:00+00:00,2025-04-14,23:55,4,1,5
143,2025-04-14T14:05:00+00:00,2025-04-15,00:05,1,3,4
165,2025-04-14T14:00:00+00:00,2025-04-15,00:00,1,1,2
167,2025-04-14T14:00:00+00:00,2025-04-15,00:00,0,1,1
1,2025-04-14T13:56:00+00:00,2025-04-14,23:56,1,1,2
1,2025-04-14T13:57:00+00:00,2025-04-14,23:57,0,1,1
1,2025-04-14T14:06:00+00:00,2025-04-15,00:06,1,2,3
9,2025-04-14T14:07:00+00:00,2025-04-15,00:07,0,1,1
9,2025-04-14T14:08:00+00:00,2025-04-15,00:08,1,0,1
11,2025-04-14T13:55:00+00:00,2025-04-14,23:55,1,0,1
11,2025-04-14T14:00:00+00:00,2025-04-15,00:00,1,0,1
11,2025-04-14T14:02:00+00:00,2025-04-15,00:02,1,0,1
12,2025-04-14T13:58:00+00:00,2025-04-14,23:58,1,0,1
12,2025-04-14T14:03:00+00:00,2025-04-15,00:03,1,1,2
12,2025-04-14T14:09:00+00:00,2025-04-15,00:09,0,1,1
17,2025-04-14T13:55:00+00:00,2025-04-14,23:55,1,0,1
19,2025-04-14T13:55:00+00:00,2025-04-14,23:55,1,0,1
19,2025-04-14T13:59:00+00:00,2025-04-14,23:59,0,1,1
19,2025-04-14T14:00:00+00:00,2025-04-15,00:00,5,0,5
19,2025-04-14T14:04:00+00:00,2025-04-15,00:04,2,1,3
19,2025-04-14T14:05:00+00:00,2025-04-15,00:05,0,2,2
19,2025-04-14T14:07:00+00:00,2025-04-15,00:07,0,3,3
19,2025-04-14T14:08:00+00:00,2025-04-15,00:08,0,2,2
19,2025-04-14T14:09:00+00:00,2025-04-15,00:09,1,1,2
20,2025-04-14T14:04:00+00:00,2025-04-15,00:04,1,0,1
20,2025-04-14T14:06:00+00:00,2025-04-15,00:06,0,3,3
23,2025-04-14T13:55:00+00:00,2025-04-14,23:55,1,0,1
23,2025-04-14T14:08:00+00:00,2025-04-15,00:08,0,2,2
23,2025-04-14T14:09:00+00:00,2025-04-15,00:09,2,1,3
24,2025-04-14T14:01:00+00:00,2025-04-15,00:01,0,1,1
24,2025-04-14T14:05:00+00:00,2025-04-15,00:05,2,2,4
24,2025-04-14T14:06:00+00:00,2025-04-15,00:06,2,0,2
24,2025-04-14T14:08:00+00:00,2025-04-15,00:08,1,1,2
27,2025-04-14T13:58:00+00:00,2025-04-14,23:58,0,1,1
30,2025-04-14T13:56:00+00:00,2025-04-14,23:56,0,1,1
30,2025-04-14T14:01:00+00:00,2025-04-15,00:01,0,1,1
35,2025-04-14T14:02:00+00:00,2025-04-15,00:02,5,7,12
35,2025-04-14T14:07:00+00:00,2025-04-15,00:07,1,0,1
49,2025-04-14T13:58:00+00:00,2025-04-14,23:58,1,2,3
49,2025-04-14T14:09:00+00:00,2025-04-15,00:09,3,0,3
52,2025-04-14T14:03:00+00:00,2025-04-15,00:03,2,0,2
56,2025-04-14T13:55:00+00:00,2025-04-14,23:55,0,1,1
56,2025-04-14T13:58:00+00:00,2025-04-14,23:58,0,1,1
56,2025-04-14T14:00:00+00:00,2025-04-15,00:00,1,0,1
56,2025-04-14T14:01:00+00:00,2025-04-15,00:01,2,0,2
56,2025-04-14T14:04:00+00:00,2025-04-15,00:04,2,0,2
56,2025-04-14T14:05:00+00:00,2025-04-15,00:05,0,1,1
56,2025-04-14T14:09:00+00:00,2025-04-15,00:09,0,5,5
58,2025-04-14T14:02:00+00:00,2025-04-15,00:02,0,3,3
62,2025-04-14T14:01:00+00:00,2025-04-15,00:01,0,2,2
62,2025-04-14T14:02:00+00:00,2025-04-15,00:02,2,0,2
62,2025-04-14T14:07:00+00:00,2025-04-15,00:07,2,1,3
63,2025-04-14T13:56:00+00:00,2025-04-14,23:56,0,2,2
63,2025-04-14T13:58:00+00:00,2025-04-14,23:58,0,1,1
63,2025-04-14T14:00:00+00:00,2025-04-15,00:00,0,1,1
63,2025-04-14T14:09:00+00:00,2025-04-15,00:09,0,2,2
68,2025-04-14T13:59:00+00:00,2025-04-14,23:59,1,0,1
68,2025-04-14T14:00:00+00:00,2025-04-15,00:00,0,1,1
72,2025-04-14T13:56:00+00:00,2025-04-14,23:56,0,1,1
79,2025-04-14T13:57:00+00:00,2025-04-14,23:57,1,2,3
79,2025-04-14T14:01:00+00:00,2025-04-15,00:01,1,0,1
79,2025-04-14T14:04:00+00:00,2025-04-15,00:04,0,1,1
79,2025-04-14T14:06:00+00:00,2025-04-15,00:06,0,2,2
79,2025-04-14T14:07:00+00:00,2025-04-15,00:07,0,1,1
85,2025-04-14T13:59:00+00:00,2025-04-14,23:59,1,0,1
86,2025-04-14T13:57:00+00:00,2025-04-14,23:57,1,0,1
117,2025-04-14T13:55:00+00:00,2025-04-14,23:55,3,0,3
117,2025-04-14T14:05:00+00:00,2025-04-15,00:05,3,0,3
137,2025-04-14T14:00:00+00:00,2025-04-15,00:00,0,1,1
164,2025-04-14T14:00:00+00:00,2025-04-15,00:00,0,2,2
3,2025-04-14T19:59:00+00:00,2025-04-15,05:59,0,1,1
3,2025-04-14T20:00:00+00:00,2025-04-15,06:00,0,2,2
3,2025-04-14T20:01:00+00:00,2025-04-15,06:01,0,1,1
3,2025-04-14T20:04:00+00:00,2025-04-15,06:04,0,1,1
4,2025-04-14T19:57:00+00:00,2025-04-15,05:57,1,1,2
4,2025-04-14T19:59:00+00:00,2025-04-15,05:59,0,1,1
4,2025-04-14T20:01:00+00:00,2025-04-15,06:01,0,2,2
4,2025-04-14T20:03:00+00:00,2025-04-15,06:03,1,2,3
4,2025-04-14T20:04:00+00:00,2025-04-15,06:04,4,2,6
4,2025-04-14T20:08:00+00:00,2025-04-15,06:08,2,0,2
4,2025-04-14T20:09:00+00:00,2025-04-15,06:09,6,0,6
5,2025-04-14T19:55:00+00:00,2025-04-15,05:55,3,14,17
6,2025-04-14T20:02:00+00:00,2025-04-15,06:02,3,3,6
6,2025-04-14T20:04:00+00:00,2025-04-15,06:04,1,2,3
6,2025-04-14T20:08:00+00:00,2025-04-15,06:08,2,0,2
8,2025-04-14T20:02:00+00:00,2025-04-15,06:02,0,1,1
8,2025-04-14T20:04:00+00:00,2025-04-15,06:04,1,0,1
14,2025-04-14T20:01:00+00:00,2025-04-15,06:01,0,5,5
14,2025-04-14T20:02:00+00:00,2025-04-15,06:02,1,1,2
14,2025-04-14T20:05:00+00:00,2025-04-15,06:05,0,2,2
14,2025-04-14T20:07:00+00:00,2025-04-15,06:07,2,1,3
14,2025-04-14T20:08:00+00:00,2025-04-15,06:08,2,2,4
28,2025-04-14T20:02:00+00:00,2025-04-15,06:02,7,0,7
28,2025-04-14T20:03:00+00:00,2025-04-15,06:03,4,0,4
28,2025-04-14T20:08:00+00:00,2025-04-15,06:08,0,1,1
29,2025-04-14T19:58:00+00:00,2025-04-15,05:58,5,3,8
29,2025-04-14T19:59:00+00:00,2025-04-15,05:59,2,7,9
29,2025-04-14T20:01:00+00:00,2025-04-15,06:01,1,1,2
29,2025-04-14T20:04:00+00:00,2025-04-15,06:04,0,2,2
29,2025-04-14T20:09:00+00:00,2025-04-15,06:09,1,1,2
31,2025-04-14T19:55:00+00:00,2025-04-15,05:55,1,0,1
36,2025-04-14T20:06:00+00:00,2025-04-15,06:06,2,0,2
37,2025-04-14T19:57:00+00:00,2025-04-15,05:57,1,0,1
37,2025-04-14T20:01:00+00:00,2025-04-15,06:01,1,0,1
37,2025-04-14T20:06:00+00:00,2025-04-15,06:06,1,0,1
37,2025-04-14T20:09:00+00:00,2025-04-15,06:09,2,0,2
39,2025-04-14T20:06:00+00:00,2025-04-15,06:06,1,0,1
40,2025-04-14T19:56:00+00:00,2025-04-15,05:56,2,0,2
40,2025-04-14T20:01:00+00:00,2025-04-15,06:01,0,1,1
40,2025-04-14T20:09:00+00:00,2025-04-15,06:09,0,1,1
41,2025-04-14T19:55:00+00:00,2025-04-15,05:55,4,2,6
41,2025-04-14T19:58:00+00:00,2025-04-15,05:58,5,0,5
41,2025-04-14T19:59:00+00:00,2025-04-15,05:59,7,2,9
41,2025-04-14T20:00:00+00:00,2025-04-15,06:00,8,1,9
41,2025-04-14T20:01:00+00:00,2025-04-15,06:01,10,3,13
41,2025-04-14T20:07:00+00:00,2025-04-15,06:07,13,0,13
42,2025-04-14T19:59:00+00:00,2025-04-15,05:59,0,1,1
42,2025-04-14T20:02:00+00:00,2025-04-15,06:02,0,1,1
42,2025-04-14T20:07:00+00:00,2025-04-15,06:07,0,1,1
42,2025-04-14T20:09:00+00:00,2025-04-15,06:09,0,1,1
43,2025-04-14T20:05:00+00:00,2025-04-15,06:05,0,3,3
45,2025-04-14T19:56:00+00:00,2025-04-15,05:56,0,2,2
47,2025-04-14T19:58:00+00:00,2025-04-15,05:58,1,1,2
47,2025-04-14T19:59:00+00:00,2025-04-15,05:59,0,9,9
47,2025-04-14T20:01:00+00:00,2025-04-15,06:01,0,1,1
47,2025-04-14T20:08:00+00:00,2025-04-15,06:08,1,0,1
47,2025-04-14T20:09:00+00:00,2025-04-15,06:09,0,1,1
59,2025-04-14T19:55:00+00:00,2025-04-15,05:55,1,1,2
61,2025-04-14T19:59:00+00:00,2025-04-15,05:59,1,3,4
61,2025-04-14T20:08:00+00:00,2025-04-15,06:08,0,1,1
66,2025-04-14T19:58:00+00:00,2025-04-15,05:58,0,4,4
69,2025-04-14T20:07:00+00:00,2025-04-15,06:07,1,0,1
70,2025-04-14T19:57:00+00:00,2025-04-15,05:57,1,0,1
70,2025-04-14T19:59:00+00:00,2025-04-15,05:59,1,1,2
84,2025-04-14T20:05:00+00:00,2025-04-15,06:05,8,4,12
87,2025-04-14T19:56:00+00:00,2025-04-15,05:56,1,0,1
87,2025-04-14T20:08:00+00:00,2025-04-15,06:08,1,0,1
107,2025-04-14T20:00:00+00:00,2025-04-15,06:00,2,1,3
107,2025-04-14T20:05:00+00:00,2025-04-15,06:05,1,2,3
108,2025-04-14T20:01:00+00:00,2025-04-15,06:01,1,0,1
108,2025-04-14T20:04:00+00:00,2025-04-15,06:04,2,1,3
108,2025-04-14T20:08:00+00:00,2025-04-15,06:08,1,1,2
131,2025-04-14T19:55:00+00:00,2025-04-15,05:55,0,1,1
131,2025-04-14T20:00:00+00:00,2025-04-15,06:00,1,2,3
131,2025-04-14T20:05:00+00:00,2025-04-15,06:05,0,2,2
132,2025-04-14T20:00:00+00:00,2025-04-15,06:00,1,0,1
132,2025-04-14T20:05:00+00:00,2025-04-15,06:05,1,1,2
133,2025-04-14T19:55:00+00:00,2025-04-15,05:55,15,11,26
133,2025-04-14T20:05:00+00:00,2025-04-15,06:05,11,10,21
134,2025-04-14T20:00:00+00:00,2025-04-15,06:00,10,12,22
134,2025-04-14T20:05:00+00:00,2025-04-15,06:05,6,1,7
135,2025-04-14T19:55:00+00:00,2025-04-15,05:55,6,9,15
135,2025-04-14T20:00:00+00:00,2025-04-15,06:00,6,7,13
167,2025-04-14T19:55:00+00:00,2025-04-15,05:55,0,3,3
167,2025-04-14T20:00:00+00:00,2025-04-15,06:00,1,2,3
167,2025-04-14T20:05:00+00:00,2025-04-15,06:05,0,1,1
179,2025-04-14T19:55:00+00:00,2025-04-15,05:55,2,0,2
1,2025-04-14T20:09:00+00:00,2025-04-15,06:09,1,1,2
2,2025-04-14T19:56:00+00:00,2025-04-15,05:56,0,1,1
9,2025-04-14T19:56:00+00:00,2025-04-15,05:56,0,2,2
9,2025-04-14T19:57:00+00:00,2025-04-15,05:57,0,5,5
9,2025-04-14T19:58:00+00:00,2025-04-15,05:58,1,1,2
9,2025-04-14T20:04:00+00:00,2025-04-15,06:04,0,2,2
9,2025-04-14T20:05:00+00:00,2025-04-15,06:05,0,2,2
10,2025-04-14T20:08:00+00:00,2025-04-15,06:08,0,1,1
11,2025-04-14T20:04:00+00:00,2025-04-15,06:04,1,0,1
12,2025-04-14T20:05:00+00:00,2025-04-15,06:05,1,0,1
12,2025-04-14T20:06:00+00:00,2025-04-15,06:06,1,0,1
12,2025-04-14T20:07:00+00:00,2025-04-15,06:07,0,1,1
12,2025-04-14T20:09:00+00:00,2025-04-15,06:09,1,0,1
17,2025-04-14T20:04:00+00:00,2025-04-15,06:04,3,0,3
18,2025-04-14T20:01:00+00:00,2025-04-15,06:01,0,1,1
18,2025-04-14T20:03:00+00:00,2025-04-15,06:03,0,1,1
18,2025-04-14T20:04:00+00:00,2025-04-15,06:04,0,1,1
19,2025-04-14T20:01:00+00:00,2025-04-15,06:01,2,0,2
19,2025-04-14T20:02:00+00:00,2025-04-15,06:02,0,1,1
23,2025-04-14T19:55:00+00:00,2025-04-15,05:55,3,1,4
23,2025-04-14T19:57:00+00:00,2025-04-15,05:57,0,2,2
23,2025-04-14T20:09:00+00:00,2025-04-15,06:09,1,0,1
24,2025-04-14T19:56:00+00:00,2025-04-15,05:56,5,0,5
24,2025-04-14T19:57:00+00:00,2025-04-15,05:57,7,1,8
24,2025-04-14T19:58:00+00:00,2025-04-15,05:58,7,2,9
24,2025-04-14T19:59:00+00:00,2025-04-15,05:59,4,2,6
24,2025-04-14T20:00:00+00:00,2025-04-15,06:00,8,0,8
24,2025-04-14T20:01:00+00:00,2025-04-15,06:01,10,1,11
24,2025-04-14T20:06:00+00:00,2025-04-15,06:06,2,0,2
24,2025-04-14T20:07:00+00:00,2025-04-15,06:07,2,1,3
25,2025-04-14T20:05:00+00:00,2025-04-15,06:05,4,3,7
27,2025-04-14T20:07:00+00:00,2025-04-15,06:07,0,2,2
35,2025-04-14T19:55:00+00:00,2025-04-15,05:55,2,0,2
35,2025-04-14T19:56:00+00:00,2025-04-15,05:56,3,2,5
35,2025-04-14T19:59:00+00:00,2025-04-15,05:59,1,6,7
35,2025-04-14T20:00:00+00:00,2025-04-15,06:00,2,11,13
35,2025-04-14T20:03:00+00:00,2025-04-15,06:03,0,7,7
35,2025-04-14T20:04:00+00:00,2025-04-15,06:04,5,1,6
35,2025-04-14T20:05:00+00:00,2025-04-15,06:05,1,3,4
35,2025-04-14T20:07:00+00:00,2025-04-15,06:07,3,2,5
35,2025-04-14T20:09:00+00:00,2025-04-15,06:09,4,5,9
49,2025-04-14T19:57:00+00:00,2025-04-15,05:57,2,1,3
49,2025-04-14T19:58:00+00:00,2025-04-15,05:58,1,0,1
49,2025-04-14T20:01:00+00:00,2025-04-15,06:01,1,1,2
51,2025-04-14T20:02:00+00:00,2025-04-15,06:02,1,1,2
51,2025-04-14T20:08:00+00:00,2025-04-15,06:08,0,2,2
52,2025-04-14T19:56:00+00:00,2025-04-15,05:56,1,0,1
53,2025-04-14T19:59:00+00:00,2025-04-15,05:59,0,1,1
56,2025-04-14T19:57:00+00:00,2025-04-15,05:57,6,0,6
58,2025-04-14T19:56:00+00:00,2025-04-15,05:56,11,1,12
58,2025-04-14T19:58:00+00:00,2025-04-15,05:58,7,3,10
58,2025-04-14T19:59:00+00:00,2025-04-15,05:59,5,2,7
58,2025-04-14T20:00:00+00:00,2025-04-15,06:00,7,3,10
58,2025-04-14T20:02:00+00:00,2025-04-15,06:02,5,0,5
58,2025-04-14T20:03:00+00:00,2025-04-15,06:03,3,2,5
58,2025-04-14T20:04:00+00:00,2025-04-15,06:04,3,1,4
58,2025-04-14T20:05:00+00:00,2025-04-15,06:05,3,1,4
58,2025-04-14T20:06:00+00:00,2025-04-15,06:06,2,1,3
58,2025-04-14T20:07:00+00:00,2025-04-15,06:07,4,1,5
58,2025-04-14T20:08:00+00:00,2025-04-15,06:08,1,0,1
62,2025-04-14T20:02:00+00:00,2025-04-15,06:02,1,0,1
62,2025-04-14T20:04:00+00:00,2025-04-15,06:04,1,1,2
67,2025-04-14T20:00:00+00:00,2025-04-15,06:00,0,1,1
67,2025-04-14T20:04:00+00:00,2025-04-15,06:04,2,0,2
67,2025-04-14T20:05:00+00:00,2025-04-15,06:05,2,0,2
67,2025-04-14T20:08:00+00:00,2025-04-15,06:08,0,1,1
68,2025-04-14T20:07:00+00:00,2025-04-15,06:07,2,0,2
72,2025-04-14T19:58:00+00:00,2025-04-15,05:58,2,0,2
72,2025-04-14T20:00:00+00:00,2025-04-15,06:00,3,0,3
72,2025-04-14T20:01:00+00:00,2025-04-15,06:01,2,0,2
72,2025-04-14T20:03:00+00:00,2025-04-15,06:03,1,1,2
72,2025-04-14T20:08:00+00:00,2025-04-15,06:08,0,1,1
79,2025-04-14T19:58:00+00:00,2025-04-15,05:58,1,1,2
79,2025-04-14T20:02:00+00:00,2025-04-15,06:02,6,1,7
79,2025-04-14T20:05:00+00:00,2025-04-15,06:05,0,1,1
79,2025-04-14T20:06:00+00:00,2025-04-15,06:06,1,1,2
85,2025-04-14T19:56:00+00:00,2025-04-15,05:56,1,0,1
85,2025-04-14T20:00:00+00:00,2025-04-15,06:00,0,3,3
85,2025-04-14T20:07:00+00:00,2025-04-15,06:07,1,1,2
86,2025-04-14T19:57:00+00:00,2025-04-15,05:57,1,0,1
117,2025-04-14T19:55:00+00:00,2025-04-15,05:55,0,1,1
139,2025-04-14T19:55:00+00:00,2025-04-15,05:55,1,1,2
164,2025-04-14T20:00:00+00:00,2025-04-15,06:00,2,3,5
164,2025-04-14T20:05:00+00:00,2025-04-15,06:05,0,1,1
3,2025-04-14T19:40:00+00:00,2025-04-15,05:40,0,1,1
3,2025-04-14T19:41:00+00:00,2025-04-15,05:41,0,1,1
3,2025-04-14T19:45:00+00:00,2025-04-15,05:45,1,0,1
3,2025-04-14T19:46:00+00:00,2025-04-15,05:46,1,1,2
3,2025-04-14T19:49:00+00:00,2025-04-15,05:49,1,0,1
3,2025-04-14T19:53:00+00:00,2025-04-15,05:53,1,1,2
3,2025-04-14T19:54:00+00:00,2025-04-15,05:54,0,1,1
4,2025-04-14T19:43:00+00:00,2025-04-15,05:43,2,0,2
4,2025-04-14T19:45:00+00:00,2025-04-15,05:45,1,1,2
4,2025-04-14T19:47:00+00:00,2025-04-15,05:47,1,0,1
4,2025-04-14T19:52:00+00:00,2025-04-15,05:52,3,3,6
4,2025-04-14T19:53:00+00:00,2025-04-15,05:53,1,0,1
5,2025-04-14T19:45:00+00:00,2025-04-15,05:45,2,3,5
5,2025-04-14T19:50:00+00:00,2025-04-15,05:50,3,2,5
6,2025-04-14T19:41:00+00:00,2025-04-15,05:41,1,1,2
6,2025-04-14T19:42:00+00:00,2025-04-15,05:42,2,1,3
6,2025-04-14T19:44:00+00:00,2025-04-15,05:44,2,2,4
6,2025-04-14T19:45:00+00:00,2025-04-15,05:45,1,1,2
6,2025-04-14T19:50:00+00:00,2025-04-15,05:50,2,2,4
6,2025-04-14T19:53:00+00:00,2025-04-15,05:53,1,0,1
6,2025-04-14T19:54:00+00:00,2025-04-15,05:54,2,0,2
8,2025-04-14T19:43:00+00:00,2025-04-15,05:43,1,0,1
8,2025-04-14T19:53:00+00:00,2025-04-15,05:53,1,0,1
14,2025-04-14T19:41:00+00:00,2025-04-15,05:41,2,2,4
14,2025-04-14T19:46:00+00:00,2025-04-15,05:46,1,0,1
14,2025-04-14T19:48:00+00:00,2025-04-15,05:48,1,0,1
14,2025-04-14T19:49:00+00:00,2025-04-15,05:49,2,1,3
14,2025-04-14T19:53:00+00:00,2025-04-15,05:53,1,0,1
21,2025-04-14T19:45:00+00:00,2025-04-15,05:45,1,2,3
21,2025-04-14T19:50:00+00:00,2025-04-15,05:50,0,1,1
28,2025-04-14T19:40:00+00:00,2025-04-15,05:40,3,1,4
28,2025-04-14T19:42:00+00:00,2025-04-15,05:42,1,0,1
29,2025-04-14T19:41:00+00:00,2025-04-15,05:41,1,1,2
29,2025-04-14T19:48:00+00:00,2025-04-15,05:48,1,1,2
36,2025-04-14T19:42:00+00:00,2025-04-15,05:42,1,0,1
36,2025-04-14T19:43:00+00:00,2025-04-15,05:43,0,1,1
36,2025-04-14T19:45:00+00:00,2025-04-15,05:45,0,1,1
36,2025-04-14T19:51:00+00:00,2025-04-15,05:51,1,0,1
39,2025-04-14T19:48:00+00:00,2025-04-15,05:48,2,0,2
39,2025-04-14T19:51:00+00:00,2025-04-15,05:51,1,0,1
40,2025-04-14T19:41:00+00:00,2025-04-15,05:41,0,2,2
40,2025-04-14T19:50:00+00:00,2025-04-15,05:50,1,0,1
40,2025-04-14T19:51:00+00:00,2025-04-15,05:51,0,1,1
42,2025-04-14T19:41:00+00:00,2025-04-15,05:41,1,1,2
42,2025-04-14T19:52:00+00:00,2025-04-15,05:52,0,1,1
45,2025-04-14T19:40:00+00:00,2025-04-15,05:40,2,0,2
45,2025-04-14T19:42:00+00:00,2025-04-15,05:42,1,0,1
45,2025-04-14T19:51:00+00:00,2025-04-15,05:51,0,2,2
47,2025-04-14T19:48:00+00:00,2025-04-15,05:48,0,2,2
47,2025-04-14T19:52:00+00:00,2025-04-15,05:52,1,0,1
47,2025-04-14T19:54:00+00:00,2025-04-15,05:54,0,1,1
50,2025-04-14T19:44:00+00:00,2025-04-15,05:44,0,1,1
50,2025-04-14T19:49:00+00:00,2025-04-15,05:49,5,0,5
54,2025-04-14T19:50:00+00:00,2025-04-15,05:50,0,7,7
54,2025-04-14T19:54:00+00:00,2025-04-15,05:54,0,1,1
61,2025-04-14T19:43:00+00:00,2025-04-15,05:43,1,0,1
61,2025-04-14T19:51:00+00:00,2025-04-15,05:51,0,2,2
61,2025-04-14T19:52:00+00:00,2025-04-15,05:52,0,1,1
61,2025-04-14T19:53:00+00:00,2025-04-15,05:53,0,1,1
66,2025-04-14T19:45:00+00:00,2025-04-15,05:45,0,1,1
70,2025-04-14T19:41:00+00:00,2025-04-15,05:41,0,1,1
75,2025-04-14T19:48:00+00:00,2025-04-15,05:48,1,0,1
77,2025-04-14T19:45:00+00:00,2025-04-15,05:45,0,3,3
84,2025-04-14T19:50:00+00:00,2025-04-15,05:50,3,4,7
87,2025-04-14T19:45:00+00:00,2025-04-15,05:45,0,1,1
87,2025-04-14T19:53:00+00:00,2025-04-15,05:53,2,0,2
107,2025-04-14T19:40:00+00:00,2025-04-15,05:40,0,1,1
108,2025-04-14T19:40:00+00:00,2025-04-15,05:40,0,8,8
108,2025-04-14T19:45:00+00:00,2025-04-15,05:45,0,1,1
108,2025-04-14T19:46:00+00:00,2025-04-15,05:46,0,4,4
108,2025-04-14T19:48:00+00:00,2025-04-15,05:48,0,2,2
108,2025-04-14T19:51:00+00:00,2025-04-15,05:51,1,0,1
108,2025-04-14T19:53:00+00:00,2025-04-15,05:53,1,2,3
108,2025-04-14T19:54:00+00:00,2025-04-15,05:54,1,2,3
131,2025-04-14T19:50:00+00:00,2025-04-15,05:50,0,2,2
134,2025-04-14T19:45:00+00:00,2025-04-15,05:45,2,8,10
135,2025-04-14T19:45:00+00:00,2025-04-15,05:45,2,6,8
135,2025-04-14T19:50:00+00:00,2025-04-15,05:50,6,7,13
143,2025-04-14T19:45:00+00:00,2025-04-15,05:45,0,2,2
165,2025-04-14T19:40:00+00:00,2025-04-15,05:40,0,1,1
179,2025-04-14T19:45:00+00:00,2025-04-15,05:45,1,0,1
1,2025-04-14T19:44:00+00:00,2025-04-15,05:44,0,1,1
1,2025-04-14T19:46:00+00:00,2025-04-15,05:46,1,0,1
1,2025-04-14T19:49:00+00:00,2025-04-15,05:49,0,1,1
1,2025-04-14T19:53:00+00:00,2025-04-15,05:53,0,1,1
2,2025-04-14T19:43:00+00:00,2025-04-15,05:43,0,1,1
2,2025-04-14T19:44:00+00:00,2025-04-15,05:44,0,1,1
2,2025-04-14T19:49:00+00:00,2025-04-15,05:49,0,1,1
2,2025-04-14T19:51:00+00:00,2025-04-15,05:51,0,1,1
9,2025-04-14T19:40:00+00:00,2025-04-15,05:40,1,0,1
9,2025-04-14T19:41:00+00:00,2025-04-15,05:41,2,1,3
9,2025-04-14T19:43:00+00:00,2025-04-15,05:43,1,1,2
9,2025-04-14T19:50:00+00:00,2025-04-15,05:50,0,2,2
9,2025-04-14T19:51:00+00:00,2025-04-15,05:51,0,1,1
9,2025-04-14T19:53:00+00:00,2025-04-15,05:53,0,2,2
9,2025-04-14T19:54:00+00:00,2025-04-15,05:54,0,1,1
10,2025-04-14T19:51:00+00:00,2025-04-15,05:51,0,1,1
11,2025-04-14T19:40:00+00:00,2025-04-15,05:40,2,0,2
12,2025-04-14T19:50:00+00:00,2025-04-15,05:50,1,0,1
17,2025-04-14T19:52:00+00:00,2025-04-15,05:52,0,1,1
19,2025-04-14T19:48:00+00:00,2025-04-15,05:48,1,0,1
19,2025-04-14T19:51:00+00:00,2025-04-15,05:51,1,0,1
23,2025-04-14T19:41:00+00:00,2025-04-15,05:41,2,0,2
23,2025-04-14T19:50:00+00:00,2025-04-15,05:50,0,2,2
24,2025-04-14T19:41:00+00:00,2025-04-15,05:41,1,1,2
24,2025-04-14T19:44:00+00:00,2025-04-15,05:44,3,2,5
24,2025-04-14T19:46:00+00:00,2025-04-15,05:46,3,5,8
24,2025-04-14T19:49:00+00:00,2025-04-15,05:49,2,1,3
24,2025-04-14T19:50:00+00:00,2025-04-15,05:50,1,0,1
25,2025-04-14T19:45:00+00:00,2025-04-15,05:45,3,5,8
25,2025-04-14T19:50:00+00:00,2025-04-15,05:50,3,1,4
30,2025-04-14T19:41:00+00:00,2025-04-15,05:41,1,0,1
30,2025-04-14T19:51:00+00:00,2025-04-15,05:51,1,0,1
30,2025-04-14T19:53:00+00:00,2025-04-15,05:53,0,1,1
35,2025-04-14T19:41:00+00:00,2025-04-15,05:41,2,2,4
35,2025-04-14T19:45:00+00:00,2025-04-15,05:45,2,1,3
35,2025-04-14T19:51:00+00:00,2025-04-15,05:51,1,0,1
35,2025-04-14T19:52:00+00:00,2025-04-15,05:52,9,3,12
35,2025-04-14T19:53:00+00:00,2025-04-15,05:53,1,1,2
49,2025-04-14T19:50:00+00:00,2025-04-15,05:50,1,0,1
49,2025-04-14T19:54:00+00:00,2025-04-15,05:54,2,1,3
51,2025-04-14T19:49:00+00:00,2025-04-15,05:49,0,1,1
51,2025-04-14T19:52:00+00:00,2025-04-15,05:52,1,0,1
53,2025-04-14T19:48:00+00:00,2025-04-15,05:48,1,0,1
53,2025-04-14T19:51:00+00:00,2025-04-15,05:51,0,1,1
53,2025-04-14T19:54:00+00:00,2025-04-15,05:54,0,1,1
56,2025-04-14T19:46:00+00:00,2025-04-15,05:46,0,1,1
56,2025-04-14T19:51:00+00:00,2025-04-15,05:51,0,3,3
58,2025-04-14T19:45:00+00:00,2025-04-15,05:45,2,0,2
58,2025-04-14T19:48:00+00:00,2025-04-15,05:48,4,0,4
58,2025-04-14T19:49:00+00:00,2025-04-15,05:49,1,1,2
58,2025-04-14T19:51:00+00:00,2025-04-15,05:51,3,3,6
62,2025-04-14T19:48:00+00:00,2025-04-15,05:48,1,0,1
67,2025-04-14T19:40:00+00:00,2025-04-15,05:40,1,0,1
67,2025-04-14T19:50:00+00:00,2025-04-15,05:50,2,0,2
67,2025-04-14T19:54:00+00:00,2025-04-15,05:54,1,0,1
72,2025-04-14T19:43:00+00:00,2025-04-15,05:43,1,0,1
72,2025-04-14T19:46:00+00:00,2025-04-15,05:46,1,0,1
72,2025-04-14T19:47:00+00:00,2025-04-15,05:47,0,1,1
72,2025-04-14T19:49:00+00:00,2025-04-15,05:49,0,1,1
72,2025-04-14T19:50:00+00:00,2025-04-15,05:50,1,0,1
79,2025-04-14T19:42:00+00:00,2025-04-15,05:42,0,3,3
79,2025-04-14T19:45:00+00:00,2025-04-15,05:45,1,0,1
79,2025-04-14T19:50:00+00:00,2025-04-15,05:50,1,0,1
79,2025-04-14T19:51:00+00:00,2025-04-15,05:51,3,3,6
85,2025-04-14T19:47:00+00:00,2025-04-15,05:47,0,1,1
109,2025-04-14T19:40:00+00:00,2025-04-15,05:40,1,1,2
109,2025-04-14T19:45:00+00:00,2025-04-15,05:45,2,1,3
117,2025-04-14T19:45:00+00:00,2025-04-15,05:45,1,0,1
141,2025-04-14T19:50:00+00:00,2025-04-15,05:50,1,1,2
181,2025-04-14T19:49:00+00:00,2025-04-15,05:49,1,2,3
181,2025-04-14T20:00:00+00:00,2025-04-15,06:00,0,1,1
181,2025-04-14T20:01:00+00:00,2025-04-15,06:01,2,2,4
181,2025-04-14T21:14:00+00:00,2025-04-15,07:14,0,4,4
181,2025-04-14T21:16:00+00:00,2025-04-15,07:16,2,5,7
181,2025-04-14T21:20:00+00:00,2025-04-15,07:20,0,5,5
181,2025-04-14T21:23:00+00:00,2025-04-15,07:23,4,7,11
181,2025-04-14T21:26:00+00:00,2025-04-15,07:26,5,1,6
181,2025-04-14T21:28:00+00:00,2025-04-15,07:28,3,3,6
181,2025-04-14T21:31:00+00:00,2025-04-15,07:31,4,5,9
181,2025-04-14T21:36:00+00:00,2025-04-15,07:36,7,6,13
181,2025-04-14T21:39:00+00:00,2025-04-15,07:39,3,6,9
181,2025-04-14T21:40:00+00:00,2025-04-15,07:40,5,9,14
181,2025-04-14T21:42:00+00:00,2025-04-15,07:42,7,5,12
181,2025-04-14T21:43:00+00:00,2025-04-15,07:43,5,1,6
181,2025-04-14T21:52:00+00:00,2025-04-15,07:52,5,5,10
181,2025-04-14T21:53:00+00:00,2025-04-15,07:53,0,9,9
181,2025-04-14T21:59:00+00:00,2025-04-15,07:59,6,6,12
181,2025-04-14T22:01:00+00:00,2025-04-15,08:01,9,15,24
181,2025-04-14T22:04:00+00:00,2025-04-15,08:04,1,4,5
181,2025-04-14T22:06:00+00:00,2025-04-15,08:06,9,5,14
181,2025-04-14T22:07:00+00:00,2025-04-15,08:07,2,3,5
180,2025-04-14T21:20:00+00:00,2025-04-15,07:20,1,0,1
180,2025-04-14T21:23:00+00:00,2025-04-15,07:23,2,0,2
180,2025-04-14T21:24:00+00:00,2025-04-15,07:24,2,0,2
180,2025-04-14T21:25:00+00:00,2025-04-15,07:25,1,0,1
180,2025-04-14T21:32:00+00:00,2025-04-15,07:32,1,0,1
180,2025-04-14T21:40:00+00:00,2025-04-15,07:40,1,0,1
180,2025-04-14T21:41:00+00:00,2025-04-15,07:41,2,0,2
180,2025-04-14T21:42:00+00:00,2025-04-15,07:42,1,0,1
180,2025-04-14T21:44:00+00:00,2025-04-15,07:44,2,0,2
180,2025-04-14T21:45:00+00:00,2025-04-15,07:45,0,1,1
180,2025-04-14T21:54:00+00:00,2025-04-15,07:54,3,0,3
180,2025-04-14T21:58:00+00:00,2025-04-15,07:58,3,0,3
181,2025-04-14T20:11:00+00:00,2025-04-15,06:11,0,1,1
181,2025-04-14T20:18:00+00:00,2025-04-15,06:18,1,3,4
181,2025-04-14T20:20:00+00:00,2025-04-15,06:20,0,1,1
181,2025-04-14T20:21:00+00:00,2025-04-15,06:21,1,5,6
180,2025-04-14T20:17:00+00:00,2025-04-15,06:17,0,4,4
180,2025-04-14T20:24:00+00:00,2025-04-15,06:24,0,1,1
181,2025-04-14T20:27:00+00:00,2025-04-15,06:27,0,3,3
181,2025-04-14T20:31:00+00:00,2025-04-15,06:31,2,2,4
181,2025-04-14T20:33:00+00:00,2025-04-15,06:33,4,1,5
181,2025-04-14T20:35:00+00:00,2025-04-15,06:35,1,2,3
181,2025-04-14T20:36:00+00:00,2025-04-15,06:36,1,3,4
180,2025-04-14T20:28:00+00:00,2025-04-15,06:28,1,0,1
180,2025-04-14T20:31:00+00:00,2025-04-15,06:31,1,0,1
180,2025-04-14T20:33:00+00:00,2025-04-15,06:33,1,0,1
180,2025-04-14T20:34:00+00:00,2025-04-15,06:34,0,6,6
3,2025-04-14T20:15:00+00:00,2025-04-15,06:15,1,2,3
3,2025-04-14T20:16:00+00:00,2025-04-15,06:16,0,1,1
3,2025-04-14T20:19:00+00:00,2025-04-15,06:19,0,1,1
3,2025-04-14T20:23:00+00:00,2025-04-15,06:23,0,4,4
4,2025-04-14T20:19:00+00:00,2025-04-15,06:19,1,0,1
4,2025-04-14T20:22:00+00:00,2025-04-15,06:22,8,0,8
4,2025-04-14T20:23:00+00:00,2025-04-15,06:23,3,2,5
5,2025-04-14T20:15:00+00:00,2025-04-15,06:15,2,22,24
6,2025-04-14T20:10:00+00:00,2025-04-15,06:10,2,3,5
6,2025-04-14T20:11:00+00:00,2025-04-15,06:11,6,2,8
6,2025-04-14T20:12:00+00:00,2025-04-15,06:12,5,3,8
6,2025-04-14T20:14:00+00:00,2025-04-15,06:14,6,2,8
6,2025-04-14T20:17:00+00:00,2025-04-15,06:17,13,9,22
6,2025-04-14T20:22:00+00:00,2025-04-15,06:22,2,1,3
6,2025-04-14T20:24:00+00:00,2025-04-15,06:24,4,1,5
8,2025-04-14T20:21:00+00:00,2025-04-15,06:21,1,0,1
28,2025-04-14T20:13:00+00:00,2025-04-15,06:13,2,1,3
28,2025-04-14T20:14:00+00:00,2025-04-15,06:14,1,1,2
28,2025-04-14T20:16:00+00:00,2025-04-15,06:16,1,0,1
28,2025-04-14T20:19:00+00:00,2025-04-15,06:19,4,0,4
28,2025-04-14T20:22:00+00:00,2025-04-15,06:22,4,4,8
29,2025-04-14T20:12:00+00:00,2025-04-15,06:12,1,2,3
29,2025-04-14T20:13:00+00:00,2025-04-15,06:13,0,5,5
29,2025-04-14T20:19:00+00:00,2025-04-15,06:19,0,1,1
29,2025-04-14T20:23:00+00:00,2025-04-15,06:23,0,3,3
31,2025-04-14T20:13:00+00:00,2025-04-15,06:13,0,2,2
36,2025-04-14T20:12:00+00:00,2025-04-15,06:12,1,0,1
37,2025-04-14T20:14:00+00:00,2025-04-15,06:14,2,0,2
39,2025-04-14T20:17:00+00:00,2025-04-15,06:17,2,1,3
40,2025-04-14T20:16:00+00:00,2025-04-15,06:16,0,1,1
40,2025-04-14T20:20:00+00:00,2025-04-15,06:20,1,0,1
41,2025-04-14T20:14:00+00:00,2025-04-15,06:14,2,0,2
41,2025-04-14T20:17:00+00:00,2025-04-15,06:17,0,2,2
41,2025-04-14T20:19:00+00:00,2025-04-15,06:19,19,3,22
41,2025-04-14T20:20:00+00:00,2025-04-15,06:20,18,3,21
42,2025-04-14T20:12:00+00:00,2025-04-15,06:12,1,0,1
42,2025-04-14T20:17:00+00:00,2025-04-15,06:17,2,0,2
42,2025-04-14T20:20:00+00:00,2025-04-15,06:20,0,1,1
45,2025-04-14T20:10:00+00:00,2025-04-15,06:10,1,1,2
45,2025-04-14T20:15:00+00:00,2025-04-15,06:15,0,1,1
47,2025-04-14T20:16:00+00:00,2025-04-15,06:16,0,2,2
47,2025-04-14T20:17:00+00:00,2025-04-15,06:17,1,6,7
47,2025-04-14T20:21:00+00:00,2025-04-15,06:21,0,2,2
47,2025-04-14T20:23:00+00:00,2025-04-15,06:23,0,5,5
50,2025-04-14T20:19:00+00:00,2025-04-15,06:19,0,1,1
54,2025-04-14T20:11:00+00:00,2025-04-15,06:11,1,0,1
54,2025-04-14T20:22:00+00:00,2025-04-15,06:22,1,0,1
61,2025-04-14T20:13:00+00:00,2025-04-15,06:13,1,0,1
61,2025-04-14T20:17:00+00:00,2025-04-15,06:17,1,0,1
61,2025-04-14T20:23:00+00:00,2025-04-15,06:23,1,0,1
66,2025-04-14T20:12:00+00:00,2025-04-15,06:12,0,1,1
66,2025-04-14T20:17:00+00:00,2025-04-15,06:17,1,0,1
66,2025-04-14T20:19:00+00:00,2025-04-15,06:19,0,1,1
66,2025-04-14T20:23:00+00:00,2025-04-15,06:23,0,1,1
69,2025-04-14T20:12:00+00:00,2025-04-15,06:12,0,1,1
69,2025-04-14T20:21:00+00:00,2025-04-15,06:21,1,0,1
69,2025-04-14T20:23:00+00:00,2025-04-15,06:23,1,0,1
69,2025-04-14T20:24:00+00:00,2025-04-15,06:24,2,1,3
70,2025-04-14T20:14:00+00:00,2025-04-15,06:14,2,0,2
70,2025-04-14T20:24:00+00:00,2025-04-15,06:24,0,1,1
71,2025-04-14T20:13:00+00:00,2025-04-15,06:13,1,0,1
75,2025-04-14T20:21:00+00:00,2025-04-15,06:21,1,0,1
75,2025-04-14T20:22:00+00:00,2025-04-15,06:22,1,0,1
78,2025-04-14T20:20:00+00:00,2025-04-15,06:20,1,1,2
84,2025-04-14T20:15:00+00:00,2025-04-15,06:15,41,7,48
87,2025-04-14T20:24:00+00:00,2025-04-15,06:24,2,0,2
107,2025-04-14T20:10:00+00:00,2025-04-15,06:10,0,1,1
107,2025-04-14T20:20:00+00:00,2025-04-15,06:20,0,3,3
108,2025-04-14T20:10:00+00:00,2025-04-15,06:10,2,0,2
108,2025-04-14T20:24:00+00:00,2025-04-15,06:24,2,4,6
131,2025-04-14T20:20:00+00:00,2025-04-15,06:20,4,3,7
132,2025-04-14T20:20:00+00:00,2025-04-15,06:20,1,2,3
133,2025-04-14T20:15:00+00:00,2025-04-15,06:15,27,25,52
133,2025-04-14T20:20:00+00:00,2025-04-15,06:20,10,14,24
134,2025-04-14T20:15:00+00:00,2025-04-15,06:15,11,9,20
135,2025-04-14T20:10:00+00:00,2025-04-15,06:10,5,5,10
143,2025-04-14T20:20:00+00:00,2025-04-15,06:20,2,8,10
162,2025-04-14T20:15:00+00:00,2025-04-15,06:15,2,2,4
165,2025-04-14T20:10:00+00:00,2025-04-15,06:10,0,1,1
167,2025-04-14T20:10:00+00:00,2025-04-15,06:10,0,3,3
1,2025-04-14T20:17:00+00:00,2025-04-15,06:17,2,0,2
1,2025-04-14T20:19:00+00:00,2025-04-15,06:19,1,0,1
2,2025-04-14T20:18:00+00:00,2025-04-15,06:18,0,2,2
2,2025-04-14T20:21:00+00:00,2025-04-15,06:21,0,1,1
9,2025-04-14T20:13:00+00:00,2025-04-15,06:13,1,1,2
9,2025-04-14T20:15:00+00:00,2025-04-15,06:15,2,3,5
9,2025-04-14T20:23:00+00:00,2025-04-15,06:23,0,2,2
10,2025-04-14T20:17:00+00:00,2025-04-15,06:17,0,1,1
11,2025-04-14T20:11:00+00:00,2025-04-15,06:11,1,0,1
11,2025-04-14T20:12:00+00:00,2025-04-15,06:12,1,0,1
11,2025-04-14T20:22:00+00:00,2025-04-15,06:22,1,1,2
12,2025-04-14T20:18:00+00:00,2025-04-15,06:18,1,0,1
12,2025-04-14T20:19:00+00:00,2025-04-15,06:19,2,0,2
12,2025-04-14T20:23:00+00:00,2025-04-15,06:23,0,2,2
17,2025-04-14T20:16:00+00:00,2025-04-15,06:16,4,1,5
17,2025-04-14T20:17:00+00:00,2025-04-15,06:17,2,0,2
17,2025-04-14T20:23:00+00:00,2025-04-15,06:23,2,0,2
18,2025-04-14T20:16:00+00:00,2025-04-15,06:16,0,1,1
19,2025-04-14T20:24:00+00:00,2025-04-15,06:24,1,1,2
23,2025-04-14T20:17:00+00:00,2025-04-15,06:17,3,1,4
23,2025-04-14T20:20:00+00:00,2025-04-15,06:20,2,0,2
23,2025-04-14T20:21:00+00:00,2025-04-15,06:21,2,1,3
23,2025-04-14T20:23:00+00:00,2025-04-15,06:23,2,0,2
24,2025-04-14T20:12:00+00:00,2025-04-15,06:12,0,4,4
24,2025-04-14T20:13:00+00:00,2025-04-15,06:13,1,1,2
24,2025-04-14T20:14:00+00:00,2025-04-15,06:14,3,0,3
24,2025-04-14T20:15:00+00:00,2025-04-15,06:15,11,0,11
24,2025-04-14T20:17:00+00:00,2025-04-15,06:17,5,0,5
24,2025-04-14T20:19:00+00:00,2025-04-15,06:19,6,0,6
25,2025-04-14T20:10:00+00:00,2025-04-15,06:10,5,3,8
27,2025-04-14T20:13:00+00:00,2025-04-15,06:13,0,2,2
27,2025-04-14T20:17:00+00:00,2025-04-15,06:17,0,1,1
27,2025-04-14T20:18:00+00:00,2025-04-15,06:18,0,2,2
35,2025-04-14T20:11:00+00:00,2025-04-15,06:11,3,3,6
35,2025-04-14T20:12:00+00:00,2025-04-15,06:12,3,3,6
35,2025-04-14T20:13:00+00:00,2025-04-15,06:13,3,1,4
35,2025-04-14T20:15:00+00:00,2025-04-15,06:15,5,2,7
35,2025-04-14T20:17:00+00:00,2025-04-15,06:17,0,2,2
35,2025-04-14T20:18:00+00:00,2025-04-15,06:18,3,7,10
35,2025-04-14T20:19:00+00:00,2025-04-15,06:19,2,4,6
35,2025-04-14T20:22:00+00:00,2025-04-15,06:22,10,6,16
49,2025-04-14T20:16:00+00:00,2025-04-15,06:16,2,0,2
49,2025-04-14T20:23:00+00:00,2025-04-15,06:23,1,0,1
51,2025-04-14T20:18:00+00:00,2025-04-15,06:18,1,1,2
53,2025-04-14T20:17:00+00:00,2025-04-15,06:17,0,1,1
53,2025-04-14T20:20:00+00:00,2025-04-15,06:20,1,1,2
56,2025-04-14T20:22:00+00:00,2025-04-15,06:22,0,2,2
58,2025-04-14T20:10:00+00:00,2025-04-15,06:10,1,0,1
58,2025-04-14T20:11:00+00:00,2025-04-15,06:11,0,2,2
58,2025-04-14T20:15:00+00:00,2025-04-15,06:15,4,1,5
58,2025-04-14T20:17:00+00:00,2025-04-15,06:17,7,0,7
62,2025-04-14T20:17:00+00:00,2025-04-15,06:17,3,0,3
62,2025-04-14T20:22:00+00:00,2025-04-15,06:22,4,2,6
62,2025-04-14T20:23:00+00:00,2025-04-15,06:23,1,1,2
63,2025-04-14T20:16:00+00:00,2025-04-15,06:16,0,1,1
67,2025-04-14T20:10:00+00:00,2025-04-15,06:10,1,0,1
67,2025-04-14T20:20:00+00:00,2025-04-15,06:20,1,1,2
67,2025-04-14T20:23:00+00:00,2025-04-15,06:23,4,2,6
68,2025-04-14T20:11:00+00:00,2025-04-15,06:11,1,0,1
68,2025-04-14T20:22:00+00:00,2025-04-15,06:22,1,0,1
68,2025-04-14T20:23:00+00:00,2025-04-15,06:23,1,0,1
72,2025-04-14T20:10:00+00:00,2025-04-15,06:10,2,0,2
72,2025-04-14T20:16:00+00:00,2025-04-15,06:16,1,1,2
72,2025-04-14T20:18:00+00:00,2025-04-15,06:18,1,0,1
72,2025-04-14T20:19:00+00:00,2025-04-15,06:19,1,1,2
72,2025-04-14T20:22:00+00:00,2025-04-15,06:22,1,0,1
72,2025-04-14T20:23:00+00:00,2025-04-15,06:23,0,2,2
72,2025-04-14T20:24:00+00:00,2025-04-15,06:24,1,0,1
76,2025-04-14T20:13:00+00:00,2025-04-15,06:13,1,0,1
85,2025-04-14T20:17:00+00:00,2025-04-15,06:17,1,0,1
85,2025-04-14T20:19:00+00:00,2025-04-15,06:19,1,0,1
109,2025-04-14T20:10:00+00:00,2025-04-15,06:10,2,4,6
109,2025-04-14T20:15:00+00:00,2025-04-15,06:15,1,3,4
109,2025-04-14T20:20:00+00:00,2025-04-15,06:20,1,7,8
117,2025-04-14T20:15:00+00:00,2025-04-15,06:15,4,1,5
117,2025-04-14T20:20:00+00:00,2025-04-15,06:20,2,3,5
136,2025-04-14T20:10:00+00:00,2025-04-15,06:10,1,1,2
136,2025-04-14T20:15:00+00:00,2025-04-15,06:15,1,0,1
141,2025-04-14T20:20:00+00:00,2025-04-15,06:20,3,3,6
142,2025-04-14T20:20:00+00:00,2025-04-15,06:20,4,0,4
164,2025-04-14T20:10:00+00:00,2025-04-15,06:10,0,1,1
3,2025-04-14T20:25:00+00:00,2025-04-15,06:25,0,1,1
3,2025-04-14T20:32:00+00:00,2025-04-15,06:32,1,0,1
3,2025-04-14T20:35:00+00:00,2025-04-15,06:35,0,1,1
3,2025-04-14T20:36:00+00:00,2025-04-15,06:36,0,3,3
4,2025-04-14T20:26:00+00:00,2025-04-15,06:26,4,2,6
4,2025-04-14T20:28:00+00:00,2025-04-15,06:28,1,0,1
4,2025-04-14T20:30:00+00:00,2025-04-15,06:30,2,3,5
4,2025-04-14T20:31:00+00:00,2025-04-15,06:31,1,0,1
4,2025-04-14T20:32:00+00:00,2025-04-15,06:32,4,1,5
4,2025-04-14T20:36:00+00:00,2025-04-15,06:36,3,3,6
4,2025-04-14T20:38:00+00:00,2025-04-15,06:38,3,1,4
5,2025-04-14T20:30:00+00:00,2025-04-15,06:30,11,17,28
5,2025-04-14T20:35:00+00:00,2025-04-15,06:35,6,33,39
6,2025-04-14T20:26:00+00:00,2025-04-15,06:26,0,1,1
6,2025-04-14T20:27:00+00:00,2025-04-15,06:27,4,9,13
6,2025-04-14T20:28:00+00:00,2025-04-15,06:28,2,11,13
6,2025-04-14T20:33:00+00:00,2025-04-15,06:33,5,2,7
8,2025-04-14T20:34:00+00:00,2025-04-15,06:34,2,1,3
8,2025-04-14T20:38:00+00:00,2025-04-15,06:38,2,1,3
8,2025-04-14T20:39:00+00:00,2025-04-15,06:39,2,0,2
14,2025-04-14T20:28:00+00:00,2025-04-15,06:28,4,0,4
14,2025-04-14T20:37:00+00:00,2025-04-15,06:37,3,5,8
21,2025-04-14T20:30:00+00:00,2025-04-15,06:30,2,1,3
21,2025-04-14T20:35:00+00:00,2025-04-15,06:35,1,3,4
28,2025-04-14T20:27:00+00:00,2025-04-15,06:27,5,1,6
28,2025-04-14T20:31:00+00:00,2025-04-15,06:31,7,5,12
28,2025-04-14T20:36:00+00:00,2025-04-15,06:36,1,1,2
28,2025-04-14T20:38:00+00:00,2025-04-15,06:38,13,3,16
29,2025-04-14T20:25:00+00:00,2025-04-15,06:25,0,8,8
31,2025-04-14T20:31:00+00:00,2025-04-15,06:31,2,0,2
31,2025-04-14T20:34:00+00:00,2025-04-15,06:34,1,1,2
36,2025-04-14T20:26:00+00:00,2025-04-15,06:26,1,0,1
36,2025-04-14T20:28:00+00:00,2025-04-15,06:28,1,0,1
36,2025-04-14T20:30:00+00:00,2025-04-15,06:30,2,2,4
36,2025-04-14T20:33:00+00:00,2025-04-15,06:33,0,1,1
36,2025-04-14T20:36:00+00:00,2025-04-15,06:36,0,3,3
37,2025-04-14T20:39:00+00:00,2025-04-15,06:39,0,1,1
40,2025-04-14T20:25:00+00:00,2025-04-15,06:25,1,2,3
40,2025-04-14T20:32:00+00:00,2025-04-15,06:32,2,1,3
41,2025-04-14T20:28:00+00:00,2025-04-15,06:28,2,4,6
41,2025-04-14T20:30:00+00:00,2025-04-15,06:30,7,0,7
41,2025-04-14T20:32:00+00:00,2025-04-15,06:32,4,4,8
41,2025-04-14T20:33:00+00:00,2025-04-15,06:33,7,2,9
41,2025-04-14T20:34:00+00:00,2025-04-15,06:34,13,0,13
41,2025-04-14T20:36:00+00:00,2025-04-15,06:36,22,4,26
41,2025-04-14T20:39:00+00:00,2025-04-15,06:39,11,3,14
42,2025-04-14T20:27:00+00:00,2025-04-15,06:27,1,0,1
42,2025-04-14T20:30:00+00:00,2025-04-15,06:30,1,2,3
43,2025-04-14T20:25:00+00:00,2025-04-15,06:25,2,0,2
43,2025-04-14T20:30:00+00:00,2025-04-15,06:30,2,0,2
43,2025-04-14T20:35:00+00:00,2025-04-15,06:35,5,0,5
44,2025-04-14T20:25:00+00:00,2025-04-15,06:25,1,1,2
44,2025-04-14T20:30:00+00:00,2025-04-15,06:30,1,0,1
45,2025-04-14T20:32:00+00:00,2025-04-15,06:32,0,1,1
45,2025-04-14T20:38:00+00:00,2025-04-15,06:38,1,0,1
47,2025-04-14T20:30:00+00:00,2025-04-15,06:30,0,2,2
47,2025-04-14T20:33:00+00:00,2025-04-15,06:33,0,7,7
47,2025-04-14T20:37:00+00:00,2025-04-15,06:37,0,6,6
50,2025-04-14T20:26:00+00:00,2025-04-15,06:26,0,1,1
50,2025-04-14T20:27:00+00:00,2025-04-15,06:27,1,0,1
50,2025-04-14T20:30:00+00:00,2025-04-15,06:30,1,0,1
54,2025-04-14T20:31:00+00:00,2025-04-15,06:31,1,0,1
61,2025-04-14T20:25:00+00:00,2025-04-15,06:25,0,1,1
61,2025-04-14T20:27:00+00:00,2025-04-15,06:27,0,3,3
61,2025-04-14T20:34:00+00:00,2025-04-15,06:34,0,2,2
61,2025-04-14T20:35:00+00:00,2025-04-15,06:35,1,0,1
61,2025-04-14T20:36:00+00:00,2025-04-15,06:36,1,0,1
61,2025-04-14T20:38:00+00:00,2025-04-15,06:38,0,1,1
66,2025-04-14T20:33:00+00:00,2025-04-15,06:33,1,2,3
66,2025-04-14T20:39:00+00:00,2025-04-15,06:39,0,3,3
69,2025-04-14T20:26:00+00:00,2025-04-15,06:26,0,1,1
69,2025-04-14T20:36:00+00:00,2025-04-15,06:36,2,0,2
69,2025-04-14T20:37:00+00:00,2025-04-15,06:37,0,1,1
69,2025-04-14T20:39:00+00:00,2025-04-15,06:39,1,0,1
70,2025-04-14T20:28:00+00:00,2025-04-15,06:28,1,1,2
70,2025-04-14T20:37:00+00:00,2025-04-15,06:37,1,0,1
75,2025-04-14T20:30:00+00:00,2025-04-15,06:30,0,1,1
75,2025-04-14T20:35:00+00:00,2025-04-15,06:35,2,0,2
75,2025-04-14T20:38:00+00:00,2025-04-15,06:38,0,3,3
77,2025-04-14T20:25:00+00:00,2025-04-15,06:25,2,5,7
77,2025-04-14T20:30:00+00:00,2025-04-15,06:30,3,4,7
87,2025-04-14T20:37:00+00:00,2025-04-15,06:37,1,1,2
107,2025-04-14T20:30:00+00:00,2025-04-15,06:30,0,2,2
107,2025-04-14T20:35:00+00:00,2025-04-15,06:35,2,2,4
108,2025-04-14T20:25:00+00:00,2025-04-15,06:25,2,1,3
108,2025-04-14T20:26:00+00:00,2025-04-15,06:26,1,1,2
108,2025-04-14T20:33:00+00:00,2025-04-15,06:33,1,5,6
108,2025-04-14T20:35:00+00:00,2025-04-15,06:35,1,5,6
108,2025-04-14T20:36:00+00:00,2025-04-15,06:36,1,3,4
108,2025-04-14T20:39:00+00:00,2025-04-15,06:39,1,5,6
131,2025-04-14T20:25:00+00:00,2025-04-15,06:25,1,1,2
131,2025-04-14T20:30:00+00:00,2025-04-15,06:30,3,1,4
133,2025-04-14T20:30:00+00:00,2025-04-15,06:30,17,8,25
134,2025-04-14T20:25:00+00:00,2025-04-15,06:25,12,8,20
134,2025-04-14T20:30:00+00:00,2025-04-15,06:30,16,4,20
134,2025-04-14T20:35:00+00:00,2025-04-15,06:35,14,9,23
140,2025-04-14T20:30:00+00:00,2025-04-15,06:30,1,0,1
143,2025-04-14T20:35:00+00:00,2025-04-15,06:35,1,7,8
162,2025-04-14T20:25:00+00:00,2025-04-15,06:25,3,5,8
162,2025-04-14T20:30:00+00:00,2025-04-15,06:30,5,4,9
165,2025-04-14T20:25:00+00:00,2025-04-15,06:25,2,0,2
165,2025-04-14T20:30:00+00:00,2025-04-15,06:30,1,3,4
166,2025-04-14T20:35:00+00:00,2025-04-15,06:35,1,0,1
167,2025-04-14T20:35:00+00:00,2025-04-15,06:35,0,1,1
1,2025-04-14T20:26:00+00:00,2025-04-15,06:26,3,0,3
1,2025-04-14T20:34:00+00:00,2025-04-15,06:34,0,1,1
2,2025-04-14T20:25:00+00:00,2025-04-15,06:25,0,2,2
2,2025-04-14T20:27:00+00:00,2025-04-15,06:27,0,2,2
2,2025-04-14T20:34:00+00:00,2025-04-15,06:34,1,0,1
9,2025-04-14T20:25:00+00:00,2025-04-15,06:25,0,4,4
9,2025-04-14T20:26:00+00:00,2025-04-15,06:26,3,5,8
9,2025-04-14T20:27:00+00:00,2025-04-15,06:27,3,3,6
9,2025-04-14T20:29:00+00:00,2025-04-15,06:29,0,3,3
9,2025-04-14T20:30:00+00:00,2025-04-15,06:30,1,2,3
9,2025-04-14T20:36:00+00:00,2025-04-15,06:36,1,3,4
9,2025-04-14T20:38:00+00:00,2025-04-15,06:38,0,10,10
10,2025-04-14T20:39:00+00:00,2025-04-15,06:39,0,1,1
11,2025-04-14T20:29:00+00:00,2025-04-15,06:29,0,1,1
12,2025-04-14T20:25:00+00:00,2025-04-15,06:25,1,1,2
12,2025-04-14T20:28:00+00:00,2025-04-15,06:28,2,1,3
12,2025-04-14T20:34:00+00:00,2025-04-15,06:34,0,1,1
12,2025-04-14T20:35:00+00:00,2025-04-15,06:35,1,0,1
12,2025-04-14T20:39:00+00:00,2025-04-15,06:39,0,1,1
17,2025-04-14T20:29:00+00:00,2025-04-15,06:29,1,3,4
17,2025-04-14T20:30:00+00:00,2025-04-15,06:30,4,1,5
17,2025-04-14T20:34:00+00:00,2025-04-15,06:34,2,0,2
17,2025-04-14T20:35:00+00:00,2025-04-15,06:35,2,0,2
17,2025-04-14T20:36:00+00:00,2025-04-15,06:36,1,0,1
17,2025-04-14T20:38:00+00:00,2025-04-15,06:38,3,0,3
17,2025-04-14T20:39:00+00:00,2025-04-15,06:39,4,2,6
18,2025-04-14T20:38:00+00:00,2025-04-15,06:38,2,2,4
23,2025-04-14T20:28:00+00:00,2025-04-15,06:28,1,0,1
23,2025-04-14T20:31:00+00:00,2025-04-15,06:31,0,1,1
23,2025-04-14T20:33:00+00:00,2025-04-15,06:33,2,2,4
23,2025-04-14T20:38:00+00:00,2025-04-15,06:38,2,0,2
24,2025-04-14T20:27:00+00:00,2025-04-15,06:27,8,1,9
24,2025-04-14T20:33:00+00:00,2025-04-15,06:33,10,2,12
24,2025-04-14T20:38:00+00:00,2025-04-15,06:38,11,1,12
25,2025-04-14T20:35:00+00:00,2025-04-15,06:35,15,8,23
27,2025-04-14T20:35:00+00:00,2025-04-15,06:35,2,0,2
27,2025-04-14T20:36:00+00:00,2025-04-15,06:36,1,1,2
30,2025-04-14T20:26:00+00:00,2025-04-15,06:26,0,1,1
30,2025-04-14T20:30:00+00:00,2025-04-15,06:30,0,1,1
30,2025-04-14T20:37:00+00:00,2025-04-15,06:37,0,1,1
35,2025-04-14T20:27:00+00:00,2025-04-15,06:27,8,5,13
35,2025-04-14T20:30:00+00:00,2025-04-15,06:30,10,7,17
35,2025-04-14T20:32:00+00:00,2025-04-15,06:32,4,2,6
35,2025-04-14T20:36:00+00:00,2025-04-15,06:36,4,11,15
35,2025-04-14T20:37:00+00:00,2025-04-15,06:37,1,5,6
49,2025-04-14T20:29:00+00:00,2025-04-15,06:29,0,3,3
49,2025-04-14T20:30:00+00:00,2025-04-15,06:30,0,1,1
49,2025-04-14T20:31:00+00:00,2025-04-15,06:31,0,1,1
49,2025-04-14T20:34:00+00:00,2025-04-15,06:34,0,2,2
49,2025-04-14T20:37:00+00:00,2025-04-15,06:37,1,0,1
51,2025-04-14T20:27:00+00:00,2025-04-15,06:27,1,0,1
51,2025-04-14T20:35:00+00:00,2025-04-15,06:35,1,1,2
51,2025-04-14T20:38:00+00:00,2025-04-15,06:38,0,3,3
52,2025-04-14T20:32:00+00:00,2025-04-15,06:32,0,1,1
53,2025-04-14T20:29:00+00:00,2025-04-15,06:29,1,0,1
53,2025-04-14T20:31:00+00:00,2025-04-15,06:31,2,1,3
53,2025-04-14T20:36:00+00:00,2025-04-15,06:36,1,3,4
53,2025-04-14T20:37:00+00:00,2025-04-15,06:37,1,0,1
53,2025-04-14T20:38:00+00:00,2025-04-15,06:38,0,1,1
56,2025-04-14T20:26:00+00:00,2025-04-15,06:26,0,3,3
56,2025-04-14T20:28:00+00:00,2025-04-15,06:28,0,1,1
56,2025-04-14T20:29:00+00:00,2025-04-15,06:29,2,0,2
56,2025-04-14T20:34:00+00:00,2025-04-15,06:34,0,1,1
56,2025-04-14T20:35:00+00:00,2025-04-15,06:35,0,2,2
58,2025-04-14T20:26:00+00:00,2025-04-15,06:26,6,1,7
58,2025-04-14T20:33:00+00:00,2025-04-15,06:33,9,0,9
58,2025-04-14T20:39:00+00:00,2025-04-15,06:39,13,1,14
62,2025-04-14T20:27:00+00:00,2025-04-15,06:27,2,0,2
62,2025-04-14T20:28:00+00:00,2025-04-15,06:28,6,0,6
62,2025-04-14T20:31:00+00:00,2025-04-15,06:31,2,1,3
62,2025-04-14T20:34:00+00:00,2025-04-15,06:34,2,0,2
62,2025-04-14T20:35:00+00:00,2025-04-15,06:35,4,0,4
62,2025-04-14T20:36:00+00:00,2025-04-15,06:36,2,0,2
62,2025-04-14T20:38:00+00:00,2025-04-15,06:38,3,1,4
62,2025-04-14T20:39:00+00:00,2025-04-15,06:39,6,1,7
63,2025-04-14T20:31:00+00:00,2025-04-15,06:31,0,1,1
63,2025-04-14T20:39:00+00:00,2025-04-15,06:39,0,1,1
67,2025-04-14T20:25:00+00:00,2025-04-15,06:25,2,0,2
67,2025-04-14T20:29:00+00:00,2025-04-15,06:29,1,1,2
67,2025-04-14T20:34:00+00:00,2025-04-15,06:34,2,0,2
67,2025-04-14T20:36:00+00:00,2025-04-15,06:36,2,0,2
67,2025-04-14T20:37:00+00:00,2025-04-15,06:37,3,1,4
67,2025-04-14T20:38:00+00:00,2025-04-15,06:38,4,0,4
67,2025-04-14T20:39:00+00:00,2025-04-15,06:39,1,0,1
68,2025-04-14T20:34:00+00:00,2025-04-15,06:34,0,1,1
68,2025-04-14T20:39:00+00:00,2025-04-15,06:39,1,0,1
72,2025-04-14T20:25:00+00:00,2025-04-15,06:25,3,0,3
72,2025-04-14T20:27:00+00:00,2025-04-15,06:27,1,0,1
72,2025-04-14T20:29:00+00:00,2025-04-15,06:29,1,1,2
72,2025-04-14T20:34:00+00:00,2025-04-15,06:34,2,2,4
72,2025-04-14T20:36:00+00:00,2025-04-15,06:36,2,0,2
72,2025-04-14T20:39:00+00:00,2025-04-15,06:39,1,3,4
76,2025-04-14T20:36:00+00:00,2025-04-15,06:36,0,1,1
79,2025-04-14T20:27:00+00:00,2025-04-15,06:27,1,0,1
79,2025-04-14T20:28:00+00:00,2025-04-15,06:28,13,2,15
79,2025-04-14T20:31:00+00:00,2025-04-15,06:31,1,0,1
79,2025-04-14T20:32:00+00:00,2025-04-15,06:32,0,3,3
79,2025-04-14T20:35:00+00:00,2025-04-15,06:35,1,0,1
79,2025-04-14T20:37:00+00:00,2025-04-15,06:37,12,1,13
79,2025-04-14T20:38:00+00:00,2025-04-15,06:38,2,0,2
79,2025-04-14T20:39:00+00:00,2025-04-15,06:39,7,0,7
85,2025-04-14T20:25:00+00:00,2025-04-15,06:25,1,0,1
85,2025-04-14T20:27:00+00:00,2025-04-15,06:27,1,1,2
85,2025-04-14T20:34:00+00:00,2025-04-15,06:34,2,0,2
86,2025-04-14T20:37:00+00:00,2025-04-15,06:37,1,0,1
136,2025-04-14T20:25:00+00:00,2025-04-15,06:25,5,2,7
136,2025-04-14T20:30:00+00:00,2025-04-15,06:30,3,0,3
136,2025-04-14T20:35:00+00:00,2025-04-15,06:35,9,3,12
137,2025-04-14T20:35:00+00:00,2025-04-15,06:35,1,0,1
139,2025-04-14T20:30:00+00:00,2025-04-15,06:30,0,2,2
141,2025-04-14T20:25:00+00:00,2025-04-15,06:25,1,0,1
141,2025-04-14T20:30:00+00:00,2025-04-15,06:30,3,2,5
141,2025-04-14T20:35:00+00:00,2025-04-15,06:35,2,2,4
142,2025-04-14T20:25:00+00:00,2025-04-15,06:25,4,1,5
161,2025-04-14T20:35:00+00:00,2025-04-15,06:35,6,4,10
164,2025-04-14T20:25:00+00:00,2025-04-15,06:25,0,1,1
164,2025-04-14T20:30:00+00:00,2025-04-15,06:30,2,1,3
181,2025-04-14T20:41:00+00:00,2025-04-15,06:41,1,3,4
181,2025-04-14T20:46:00+00:00,2025-04-15,06:46,2,3,5
181,2025-04-14T20:48:00+00:00,2025-04-15,06:48,2,1,3
181,2025-04-14T20:52:00+00:00,2025-04-15,06:52,3,5,8
181,2025-04-14T20:53:00+00:00,2025-04-15,06:53,2,4,6
181,2025-04-14T20:54:00+00:00,2025-04-15,06:54,0,3,3
3,2025-04-14T14:48:00+00:00,2025-04-15,00:48,0,4,4
3,2025-04-14T14:53:00+00:00,2025-04-15,00:53,0,4,4
4,2025-04-14T14:48:00+00:00,2025-04-15,00:48,4,2,6
5,2025-04-14T14:40:00+00:00,2025-04-15,00:40,1,5,6
5,2025-04-14T14:45:00+00:00,2025-04-15,00:45,2,1,3
6,2025-04-14T14:46:00+00:00,2025-04-15,00:46,1,0,1
6,2025-04-14T14:52:00+00:00,2025-04-15,00:52,5,0,5
29,2025-04-14T14:44:00+00:00,2025-04-15,00:44,0,1,1
31,2025-04-14T14:45:00+00:00,2025-04-15,00:45,0,1,1
36,2025-04-14T14:40:00+00:00,2025-04-15,00:40,1,0,1
36,2025-04-14T14:50:00+00:00,2025-04-15,00:50,1,0,1
40,2025-04-14T14:54:00+00:00,2025-04-15,00:54,1,0,1
41,2025-04-14T14:41:00+00:00,2025-04-15,00:41,0,1,1
41,2025-04-14T14:44:00+00:00,2025-04-15,00:44,0,1,1
41,2025-04-14T14:47:00+00:00,2025-04-15,00:47,1,0,1
41,2025-04-14T14:48:00+00:00,2025-04-15,00:48,2,9,11
41,2025-04-14T14:50:00+00:00,2025-04-15,00:50,3,4,7
41,2025-04-14T14:51:00+00:00,2025-04-15,00:51,1,3,4
41,2025-04-14T14:52:00+00:00,2025-04-15,00:52,4,0,4
45,2025-04-14T14:41:00+00:00,2025-04-15,00:41,1,0,1
45,2025-04-14T14:48:00+00:00,2025-04-15,00:48,3,0,3
47,2025-04-14T14:41:00+00:00,2025-04-15,00:41,2,0,2
47,2025-04-14T14:43:00+00:00,2025-04-15,00:43,0,1,1
47,2025-04-14T14:52:00+00:00,2025-04-15,00:52,1,0,1
59,2025-04-14T14:45:00+00:00,2025-04-15,00:45,1,5,6
61,2025-04-14T14:40:00+00:00,2025-04-15,00:40,0,1,1
61,2025-04-14T14:41:00+00:00,2025-04-15,00:41,1,0,1
61,2025-04-14T14:49:00+00:00,2025-04-15,00:49,1,1,2
61,2025-04-14T14:51:00+00:00,2025-04-15,00:51,1,1,2
66,2025-04-14T14:41:00+00:00,2025-04-15,00:41,3,0,3
66,2025-04-14T14:46:00+00:00,2025-04-15,00:46,2,0,2
66,2025-04-14T14:50:00+00:00,2025-04-15,00:50,2,0,2
78,2025-04-14T14:41:00+00:00,2025-04-15,00:41,0,1,1
87,2025-04-14T14:42:00+00:00,2025-04-15,00:42,1,0,1
87,2025-04-14T14:45:00+00:00,2025-04-15,00:45,0,1,1
87,2025-04-14T14:46:00+00:00,2025-04-15,00:46,0,1,1
107,2025-04-14T14:45:00+00:00,2025-04-15,00:45,7,0,7
108,2025-04-14T14:41:00+00:00,2025-04-15,00:41,0,3,3
108,2025-04-14T14:52:00+00:00,2025-04-15,00:52,0,2,2
131,2025-04-14T14:50:00+00:00,2025-04-15,00:50,0,1,1
132,2025-04-14T14:40:00+00:00,2025-04-15,00:40,1,2,3
132,2025-04-14T14:50:00+00:00,2025-04-15,00:50,3,3,6
134,2025-04-14T14:45:00+00:00,2025-04-15,00:45,1,3,4
134,2025-04-14T14:50:00+00:00,2025-04-15,00:50,2,0,2
135,2025-04-14T14:40:00+00:00,2025-04-15,00:40,2,4,6
143,2025-04-14T14:45:00+00:00,2025-04-15,00:45,0,3,3
162,2025-04-14T14:40:00+00:00,2025-04-15,00:40,2,2,4
162,2025-04-14T14:45:00+00:00,2025-04-15,00:45,4,0,4
167,2025-04-14T14:40:00+00:00,2025-04-15,00:40,1,0,1
179,2025-04-14T14:40:00+00:00,2025-04-15,00:40,0,1,1
2,2025-04-14T14:43:00+00:00,2025-04-15,00:43,1,0,1
12,2025-04-14T14:52:00+00:00,2025-04-15,00:52,1,0,1
17,2025-04-14T14:46:00+00:00,2025-04-15,00:46,0,1,1
19,2025-04-14T14:46:00+00:00,2025-04-15,00:46,0,1,1
19,2025-04-14T14:50:00+00:00,2025-04-15,00:50,0,1,1
19,2025-04-14T14:54:00+00:00,2025-04-15,00:54,0,1,1
20,2025-04-14T14:47:00+00:00,2025-04-15,00:47,1,1,2
20,2025-04-14T14:52:00+00:00,2025-04-15,00:52,0,2,2
23,2025-04-14T14:45:00+00:00,2025-04-15,00:45,0,4,4
23,2025-04-14T14:47:00+00:00,2025-04-15,00:47,2,0,2
24,2025-04-14T14:44:00+00:00,2025-04-15,00:44,1,2,3
24,2025-04-14T14:46:00+00:00,2025-04-15,00:46,0,1,1
24,2025-04-14T14:47:00+00:00,2025-04-15,00:47,0,2,2
25,2025-04-14T14:45:00+00:00,2025-04-15,00:45,0,1,1
25,2025-04-14T14:50:00+00:00,2025-04-15,00:50,1,3,4
30,2025-04-14T14:40:00+00:00,2025-04-15,00:40,3,1,4
30,2025-04-14T14:41:00+00:00,2025-04-15,00:41,0,1,1
30,2025-04-14T14:49:00+00:00,2025-04-15,00:49,0,1,1
30,2025-04-14T14:51:00+00:00,2025-04-15,00:51,1,0,1
30,2025-04-14T14:52:00+00:00,2025-04-15,00:52,0,2,2
35,2025-04-14T14:47:00+00:00,2025-04-15,00:47,0,1,1
35,2025-04-14T14:54:00+00:00,2025-04-15,00:54,1,0,1
49,2025-04-14T14:49:00+00:00,2025-04-15,00:49,1,0,1
51,2025-04-14T14:48:00+00:00,2025-04-15,00:48,0,1,1
51,2025-04-14T14:51:00+00:00,2025-04-15,00:51,0,2,2
51,2025-04-14T14:53:00+00:00,2025-04-15,00:53,1,0,1
52,2025-04-14T14:42:00+00:00,2025-04-15,00:42,0,1,1
52,2025-04-14T14:49:00+00:00,2025-04-15,00:49,1,1,2
53,2025-04-14T14:51:00+00:00,2025-04-15,00:51,0,1,1
56,2025-04-14T14:40:00+00:00,2025-04-15,00:40,0,1,1
56,2025-04-14T14:44:00+00:00,2025-04-15,00:44,2,0,2
56,2025-04-14T14:50:00+00:00,2025-04-15,00:50,3,0,3
58,2025-04-14T14:42:00+00:00,2025-04-15,00:42,0,2,2
58,2025-04-14T14:50:00+00:00,2025-04-15,00:50,0,1,1
62,2025-04-14T14:40:00+00:00,2025-04-15,00:40,0,1,1
62,2025-04-14T14:52:00+00:00,2025-04-15,00:52,1,0,1
63,2025-04-14T14:43:00+00:00,2025-04-15,00:43,0,1,1
63,2025-04-14T14:52:00+00:00,2025-04-15,00:52,0,1,1
67,2025-04-14T14:41:00+00:00,2025-04-15,00:41,1,0,1
67,2025-04-14T14:52:00+00:00,2025-04-15,00:52,0,1,1
79,2025-04-14T14:41:00+00:00,2025-04-15,00:41,0,1,1
79,2025-04-14T14:43:00+00:00,2025-04-15,00:43,0,3,3
79,2025-04-14T14:45:00+00:00,2025-04-15,00:45,0,1,1
79,2025-04-14T14:47:00+00:00,2025-04-15,00:47,0,1,1
79,2025-04-14T14:49:00+00:00,2025-04-15,00:49,2,0,2
86,2025-04-14T14:52:00+00:00,2025-04-15,00:52,1,0,1
139,2025-04-14T14:50:00+00:00,2025-04-15,00:50,0,1,1
181,2025-04-14T14:55:00+00:00,2025-04-15,00:55,0,3,3
181,2025-04-14T14:56:00+00:00,2025-04-15,00:56,4,5,9
181,2025-04-14T14:59:00+00:00,2025-04-15,00:59,4,8,12
181,2025-04-14T15:00:00+00:00,2025-04-15,01:00,2,0,2
181,2025-04-14T15:01:00+00:00,2025-04-15,01:01,1,0,1
181,2025-04-14T15:07:00+00:00,2025-04-15,01:07,3,1,4
3,2025-04-14T20:40:00+00:00,2025-04-15,06:40,1,3,4
3,2025-04-14T20:47:00+00:00,2025-04-15,06:47,1,1,2
3,2025-04-14T20:54:00+00:00,2025-04-15,06:54,0,2,2
4,2025-04-14T20:43:00+00:00,2025-04-15,06:43,4,0,4
4,2025-04-14T20:46:00+00:00,2025-04-15,06:46,3,4,7
4,2025-04-14T20:47:00+00:00,2025-04-15,06:47,8,2,10
4,2025-04-14T20:49:00+00:00,2025-04-15,06:49,3,1,4
4,2025-04-14T20:50:00+00:00,2025-04-15,06:50,3,2,5
4,2025-04-14T20:53:00+00:00,2025-04-15,06:53,4,1,5
4,2025-04-14T20:54:00+00:00,2025-04-15,06:54,5,2,7
5,2025-04-14T20:40:00+00:00,2025-04-15,06:40,6,25,31
6,2025-04-14T20:41:00+00:00,2025-04-15,06:41,3,2,5
6,2025-04-14T20:49:00+00:00,2025-04-15,06:49,2,2,4
6,2025-04-14T20:53:00+00:00,2025-04-15,06:53,5,17,22
6,2025-04-14T20:54:00+00:00,2025-04-15,06:54,4,15,19
8,2025-04-14T20:40:00+00:00,2025-04-15,06:40,1,4,5
8,2025-04-14T20:46:00+00:00,2025-04-15,06:46,0,1,1
8,2025-04-14T20:49:00+00:00,2025-04-15,06:49,0,3,3
8,2025-04-14T20:50:00+00:00,2025-04-15,06:50,0,1,1
8,2025-04-14T20:53:00+00:00,2025-04-15,06:53,0,1,1
8,2025-04-14T20:54:00+00:00,2025-04-15,06:54,1,1,2
14,2025-04-14T20:40:00+00:00,2025-04-15,06:40,1,6,7
14,2025-04-14T20:41:00+00:00,2025-04-15,06:41,1,4,5
14,2025-04-14T20:42:00+00:00,2025-04-15,06:42,3,4,7
14,2025-04-14T20:50:00+00:00,2025-04-15,06:50,2,3,5
21,2025-04-14T20:45:00+00:00,2025-04-15,06:45,3,2,5
28,2025-04-14T20:47:00+00:00,2025-04-15,06:47,4,1,5
28,2025-04-14T20:50:00+00:00,2025-04-15,06:50,5,0,5
28,2025-04-14T20:51:00+00:00,2025-04-15,06:51,0,4,4
28,2025-04-14T20:54:00+00:00,2025-04-15,06:54,4,1,5
29,2025-04-14T20:40:00+00:00,2025-04-15,06:40,0,4,4
29,2025-04-14T20:41:00+00:00,2025-04-15,06:41,2,0,2
29,2025-04-14T20:44:00+00:00,2025-04-15,06:44,2,1,3
29,2025-04-14T20:46:00+00:00,2025-04-15,06:46,1,4,5
29,2025-04-14T20:54:00+00:00,2025-04-15,06:54,0,2,2
36,2025-04-14T20:47:00+00:00,2025-04-15,06:47,1,0,1
36,2025-04-14T20:49:00+00:00,2025-04-15,06:49,1,0,1
36,2025-04-14T20:53:00+00:00,2025-04-15,06:53,1,2,3
36,2025-04-14T20:54:00+00:00,2025-04-15,06:54,1,0,1
37,2025-04-14T20:48:00+00:00,2025-04-15,06:48,1,0,1
39,2025-04-14T20:40:00+00:00,2025-04-15,06:40,2,0,2
39,2025-04-14T20:49:00+00:00,2025-04-15,06:49,0,1,1
40,2025-04-14T20:42:00+00:00,2025-04-15,06:42,2,2,4
40,2025-04-14T20:44:00+00:00,2025-04-15,06:44,0,1,1
40,2025-04-14T20:46:00+00:00,2025-04-15,06:46,1,4,5
40,2025-04-14T20:51:00+00:00,2025-04-15,06:51,2,2,4
40,2025-04-14T20:53:00+00:00,2025-04-15,06:53,0,1,1
40,2025-04-14T20:54:00+00:00,2025-04-15,06:54,1,1,2
41,2025-04-14T20:41:00+00:00,2025-04-15,06:41,19,1,20
41,2025-04-14T20:42:00+00:00,2025-04-15,06:42,12,5,17
41,2025-04-14T20:43:00+00:00,2025-04-15,06:43,5,4,9
41,2025-04-14T20:44:00+00:00,2025-04-15,06:44,11,2,13
41,2025-04-14T20:45:00+00:00,2025-04-15,06:45,13,4,17
41,2025-04-14T20:46:00+00:00,2025-04-15,06:46,6,8,14
41,2025-04-14T20:48:00+00:00,2025-04-15,06:48,12,2,14
41,2025-04-14T20:51:00+00:00,2025-04-15,06:51,2,1,3
41,2025-04-14T20:53:00+00:00,2025-04-15,06:53,4,2,6
42,2025-04-14T20:44:00+00:00,2025-04-15,06:44,1,0,1
42,2025-04-14T20:45:00+00:00,2025-04-15,06:45,1,0,1
42,2025-04-14T20:46:00+00:00,2025-04-15,06:46,2,0,2
42,2025-04-14T20:50:00+00:00,2025-04-15,06:50,1,0,1
44,2025-04-14T20:40:00+00:00,2025-04-15,06:40,1,0,1
44,2025-04-14T20:45:00+00:00,2025-04-15,06:45,5,0,5
45,2025-04-14T20:46:00+00:00,2025-04-15,06:46,4,5,9
45,2025-04-14T20:48:00+00:00,2025-04-15,06:48,1,0,1
45,2025-04-14T20:49:00+00:00,2025-04-15,06:49,2,4,6
45,2025-04-14T20:51:00+00:00,2025-04-15,06:51,0,1,1
45,2025-04-14T20:54:00+00:00,2025-04-15,06:54,0,1,1
47,2025-04-14T20:42:00+00:00,2025-04-15,06:42,1,3,4
47,2025-04-14T20:44:00+00:00,2025-04-15,06:44,1,0,1
47,2025-04-14T20:47:00+00:00,2025-04-15,06:47,1,0,1
47,2025-04-14T20:48:00+00:00,2025-04-15,06:48,0,4,4
47,2025-04-14T20:51:00+00:00,2025-04-15,06:51,0,4,4
47,2025-04-14T20:52:00+00:00,2025-04-15,06:52,0,3,3
47,2025-04-14T20:53:00+00:00,2025-04-15,06:53,1,10,11
54,2025-04-14T20:45:00+00:00,2025-04-15,06:45,1,0,1
54,2025-04-14T20:52:00+00:00,2025-04-15,06:52,1,0,1
59,2025-04-14T20:40:00+00:00,2025-04-15,06:40,3,2,5
59,2025-04-14T20:50:00+00:00,2025-04-15,06:50,5,11,16
61,2025-04-14T20:47:00+00:00,2025-04-15,06:47,0,1,1
61,2025-04-14T20:50:00+00:00,2025-04-15,06:50,0,1,1
66,2025-04-14T20:40:00+00:00,2025-04-15,06:40,0,4,4
66,2025-04-14T20:46:00+00:00,2025-04-15,06:46,0,1,1
70,2025-04-14T20:43:00+00:00,2025-04-15,06:43,1,0,1
70,2025-04-14T20:53:00+00:00,2025-04-15,06:53,1,0,1
71,2025-04-14T20:43:00+00:00,2025-04-15,06:43,1,1,2
71,2025-04-14T20:48:00+00:00,2025-04-15,06:48,1,0,1
71,2025-04-14T20:53:00+00:00,2025-04-15,06:53,0,1,1
75,2025-04-14T20:43:00+00:00,2025-04-15,06:43,2,1,3
77,2025-04-14T20:40:00+00:00,2025-04-15,06:40,4,13,17
77,2025-04-14T20:45:00+00:00,2025-04-15,06:45,9,20,29
78,2025-04-14T20:50:00+00:00,2025-04-15,06:50,0,1,1
78,2025-04-14T20:54:00+00:00,2025-04-15,06:54,0,1,1
84,2025-04-14T20:45:00+00:00,2025-04-15,06:45,38,9,47
87,2025-04-14T20:42:00+00:00,2025-04-15,06:42,1,0,1
87,2025-04-14T20:47:00+00:00,2025-04-15,06:47,1,0,1
87,2025-04-14T20:48:00+00:00,2025-04-15,06:48,1,0,1
87,2025-04-14T20:50:00+00:00,2025-04-15,06:50,0,1,1
87,2025-04-14T20:53:00+00:00,2025-04-15,06:53,0,1,1
181,2025-04-14T14:42:00+00:00,2025-04-15,00:42,0,1,1
107,2025-04-14T20:40:00+00:00,2025-04-15,06:40,1,1,2
181,2025-04-14T14:46:00+00:00,2025-04-15,00:46,1,1,2
108,2025-04-14T20:41:00+00:00,2025-04-15,06:41,0,3,3
181,2025-04-14T14:47:00+00:00,2025-04-15,00:47,1,2,3
108,2025-04-14T20:45:00+00:00,2025-04-15,06:45,0,3,3
3,2025-04-14T15:09:00+00:00,2025-04-15,01:09,0,2,2
108,2025-04-14T20:52:00+00:00,2025-04-15,06:52,1,1,2
4,2025-04-14T15:05:00+00:00,2025-04-15,01:05,3,0,3
108,2025-04-14T20:54:00+00:00,2025-04-15,06:54,1,1,2
4,2025-04-14T15:06:00+00:00,2025-04-15,01:06,4,0,4
118,2025-04-14T20:40:00+00:00,2025-04-15,06:40,0,1,1
6,2025-04-14T14:57:00+00:00,2025-04-15,00:57,1,0,1
118,2025-04-14T20:45:00+00:00,2025-04-15,06:45,2,0,2
14,2025-04-14T15:05:00+00:00,2025-04-15,01:05,1,0,1
131,2025-04-14T20:45:00+00:00,2025-04-15,06:45,0,2,2
14,2025-04-14T15:09:00+00:00,2025-04-15,01:09,0,1,1
131,2025-04-14T20:50:00+00:00,2025-04-15,06:50,5,1,6
21,2025-04-14T14:55:00+00:00,2025-04-15,00:55,1,1,2
132,2025-04-14T20:50:00+00:00,2025-04-15,06:50,5,2,7
21,2025-04-14T15:05:00+00:00,2025-04-15,01:05,2,0,2
133,2025-04-14T20:40:00+00:00,2025-04-15,06:40,37,27,64
28,2025-04-14T14:57:00+00:00,2025-04-15,00:57,1,0,1
133,2025-04-14T20:50:00+00:00,2025-04-15,06:50,41,24,65
28,2025-04-14T15:07:00+00:00,2025-04-15,01:07,1,0,1
134,2025-04-14T20:50:00+00:00,2025-04-15,06:50,18,13,31
36,2025-04-14T14:55:00+00:00,2025-04-15,00:55,1,0,1
135,2025-04-14T20:45:00+00:00,2025-04-15,06:45,9,6,15
36,2025-04-14T15:05:00+00:00,2025-04-15,01:05,0,2,2
140,2025-04-14T20:45:00+00:00,2025-04-15,06:45,5,0,5
41,2025-04-14T14:55:00+00:00,2025-04-15,00:55,2,2,4
162,2025-04-14T20:40:00+00:00,2025-04-15,06:40,6,2,8
41,2025-04-14T14:56:00+00:00,2025-04-15,00:56,2,0,2
162,2025-04-14T20:45:00+00:00,2025-04-15,06:45,3,0,3
41,2025-04-14T14:57:00+00:00,2025-04-15,00:57,0,1,1
162,2025-04-14T20:50:00+00:00,2025-04-15,06:50,5,2,7
41,2025-04-14T15:03:00+00:00,2025-04-15,01:03,8,4,12
165,2025-04-14T20:45:00+00:00,2025-04-15,06:45,2,0,2
41,2025-04-14T15:04:00+00:00,2025-04-15,01:04,1,1,2
165,2025-04-14T20:50:00+00:00,2025-04-15,06:50,0,4,4
41,2025-04-14T15:07:00+00:00,2025-04-15,01:07,0,1,1
167,2025-04-14T20:45:00+00:00,2025-04-15,06:45,0,3,3
42,2025-04-14T15:00:00+00:00,2025-04-15,01:00,0,1,1
179,2025-04-14T20:40:00+00:00,2025-04-15,06:40,4,1,5
45,2025-04-14T14:58:00+00:00,2025-04-15,00:58,2,2,4
1,2025-04-14T20:44:00+00:00,2025-04-15,06:44,2,2,4
45,2025-04-14T15:08:00+00:00,2025-04-15,01:08,0,3,3
2,2025-04-14T20:41:00+00:00,2025-04-15,06:41,0,2,2
59,2025-04-14T15:00:00+00:00,2025-04-15,01:00,1,4,5
2,2025-04-14T20:43:00+00:00,2025-04-15,06:43,1,4,5
59,2025-04-14T15:05:00+00:00,2025-04-15,01:05,3,0,3
2,2025-04-14T20:44:00+00:00,2025-04-15,06:44,1,1,2
61,2025-04-14T15:00:00+00:00,2025-04-15,01:00,1,0,1
2,2025-04-14T20:48:00+00:00,2025-04-15,06:48,2,1,3
61,2025-04-14T15:06:00+00:00,2025-04-15,01:06,1,0,1
2,2025-04-14T20:49:00+00:00,2025-04-15,06:49,1,1,2
61,2025-04-14T15:08:00+00:00,2025-04-15,01:08,2,0,2
9,2025-04-14T20:41:00+00:00,2025-04-15,06:41,1,2,3
66,2025-04-14T14:55:00+00:00,2025-04-15,00:55,3,1,4
9,2025-04-14T20:42:00+00:00,2025-04-15,06:42,0,4,4
66,2025-04-14T14:59:00+00:00,2025-04-15,00:59,1,2,3
9,2025-04-14T20:44:00+00:00,2025-04-15,06:44,2,6,8
66,2025-04-14T15:01:00+00:00,2025-04-15,01:01,2,1,3
9,2025-04-14T20:45:00+00:00,2025-04-15,06:45,2,23,25
66,2025-04-14T15:04:00+00:00,2025-04-15,01:04,1,1,2
9,2025-04-14T20:46:00+00:00,2025-04-15,06:46,0,9,9
71,2025-04-14T15:03:00+00:00,2025-04-15,01:03,2,4,6
9,2025-04-14T20:47:00+00:00,2025-04-15,06:47,1,2,3
77,2025-04-14T14:55:00+00:00,2025-04-15,00:55,1,2,3
9,2025-04-14T20:52:00+00:00,2025-04-15,06:52,1,17,18
78,2025-04-14T14:59:00+00:00,2025-04-15,00:59,1,0,1
9,2025-04-14T20:54:00+00:00,2025-04-15,06:54,0,3,3
108,2025-04-14T15:04:00+00:00,2025-04-15,01:04,3,0,3
10,2025-04-14T20:42:00+00:00,2025-04-15,06:42,0,1,1
132,2025-04-14T15:05:00+00:00,2025-04-15,01:05,3,0,3
10,2025-04-14T20:48:00+00:00,2025-04-15,06:48,1,3,4
133,2025-04-14T14:55:00+00:00,2025-04-15,00:55,15,2,17
10,2025-04-14T20:50:00+00:00,2025-04-15,06:50,1,0,1
143,2025-04-14T14:55:00+00:00,2025-04-15,00:55,8,2,10
10,2025-04-14T20:54:00+00:00,2025-04-15,06:54,1,2,3
143,2025-04-14T15:00:00+00:00,2025-04-15,01:00,1,3,4
11,2025-04-14T20:49:00+00:00,2025-04-15,06:49,0,2,2
162,2025-04-14T15:05:00+00:00,2025-04-15,01:05,1,1,2
11,2025-04-14T20:54:00+00:00,2025-04-15,06:54,0,1,1
1,2025-04-14T15:04:00+00:00,2025-04-15,01:04,0,2,2
12,2025-04-14T20:40:00+00:00,2025-04-15,06:40,2,0,2
2,2025-04-14T14:56:00+00:00,2025-04-15,00:56,0,1,1
12,2025-04-14T20:45:00+00:00,2025-04-15,06:45,5,3,8
12,2025-04-14T14:57:00+00:00,2025-04-15,00:57,2,0,2
12,2025-04-14T20:49:00+00:00,2025-04-15,06:49,2,1,3
12,2025-04-14T15:09:00+00:00,2025-04-15,01:09,0,1,1
12,2025-04-14T20:54:00+00:00,2025-04-15,06:54,2,3,5
19,2025-04-14T14:57:00+00:00,2025-04-15,00:57,2,0,2
17,2025-04-14T20:41:00+00:00,2025-04-15,06:41,5,1,6
19,2025-04-14T14:58:00+00:00,2025-04-15,00:58,2,1,3
17,2025-04-14T20:43:00+00:00,2025-04-15,06:43,0,2,2
19,2025-04-14T15:05:00+00:00,2025-04-15,01:05,0,1,1
17,2025-04-14T20:44:00+00:00,2025-04-15,06:44,1,1,2
19,2025-04-14T15:07:00+00:00,2025-04-15,01:07,1,0,1
17,2025-04-14T20:52:00+00:00,2025-04-15,06:52,1,0,1
19,2025-04-14T15:08:00+00:00,2025-04-15,01:08,2,1,3
17,2025-04-14T20:53:00+00:00,2025-04-15,06:53,3,0,3
20,2025-04-14T15:07:00+00:00,2025-04-15,01:07,1,0,1
17,2025-04-14T20:54:00+00:00,2025-04-15,06:54,3,0,3
23,2025-04-14T15:04:00+00:00,2025-04-15,01:04,1,0,1
18,2025-04-14T20:50:00+00:00,2025-04-15,06:50,0,1,1
24,2025-04-14T14:55:00+00:00,2025-04-15,00:55,0,3,3
18,2025-04-14T20:54:00+00:00,2025-04-15,06:54,0,2,2
24,2025-04-14T15:04:00+00:00,2025-04-15,01:04,3,0,3
19,2025-04-14T20:43:00+00:00,2025-04-15,06:43,0,1,1
25,2025-04-14T15:05:00+00:00,2025-04-15,01:05,2,5,7
20,2025-04-14T20:44:00+00:00,2025-04-15,06:44,0,2,2
27,2025-04-14T14:58:00+00:00,2025-04-15,00:58,4,0,4
23,2025-04-14T20:40:00+00:00,2025-04-15,06:40,1,1,2
27,2025-04-14T15:01:00+00:00,2025-04-15,01:01,1,0,1
23,2025-04-14T20:41:00+00:00,2025-04-15,06:41,1,1,2
27,2025-04-14T15:04:00+00:00,2025-04-15,01:04,1,0,1
23,2025-04-14T20:42:00+00:00,2025-04-15,06:42,4,0,4
30,2025-04-14T14:55:00+00:00,2025-04-15,00:55,0,1,1
23,2025-04-14T20:46:00+00:00,2025-04-15,06:46,3,0,3
30,2025-04-14T15:02:00+00:00,2025-04-15,01:02,0,1,1
23,2025-04-14T20:47:00+00:00,2025-04-15,06:47,1,1,2
30,2025-04-14T15:09:00+00:00,2025-04-15,01:09,0,1,1
23,2025-04-14T20:54:00+00:00,2025-04-15,06:54,5,0,5
35,2025-04-14T14:59:00+00:00,2025-04-15,00:59,0,2,2
24,2025-04-14T20:41:00+00:00,2025-04-15,06:41,4,0,4
35,2025-04-14T15:02:00+00:00,2025-04-15,01:02,1,5,6
24,2025-04-14T20:45:00+00:00,2025-04-15,06:45,12,2,14
49,2025-04-14T15:03:00+00:00,2025-04-15,01:03,0,1,1
24,2025-04-14T20:49:00+00:00,2025-04-15,06:49,5,7,12
49,2025-04-14T15:07:00+00:00,2025-04-15,01:07,1,2,3
24,2025-04-14T20:53:00+00:00,2025-04-15,06:53,11,3,14
49,2025-04-14T15:08:00+00:00,2025-04-15,01:08,0,1,1
25,2025-04-14T20:45:00+00:00,2025-04-15,06:45,12,18,30
51,2025-04-14T14:58:00+00:00,2025-04-15,00:58,1,0,1
27,2025-04-14T20:42:00+00:00,2025-04-15,06:42,0,2,2
51,2025-04-14T15:09:00+00:00,2025-04-15,01:09,0,1,1
27,2025-04-14T20:45:00+00:00,2025-04-15,06:45,1,1,2
52,2025-04-14T14:59:00+00:00,2025-04-15,00:59,1,0,1
27,2025-04-14T20:50:00+00:00,2025-04-15,06:50,1,3,4
52,2025-04-14T15:05:00+00:00,2025-04-15,01:05,0,2,2
27,2025-04-14T20:52:00+00:00,2025-04-15,06:52,4,0,4
52,2025-04-14T15:07:00+00:00,2025-04-15,01:07,0,1,1
27,2025-04-14T20:54:00+00:00,2025-04-15,06:54,1,1,2
53,2025-04-14T14:56:00+00:00,2025-04-15,00:56,0,1,1
30,2025-04-14T20:46:00+00:00,2025-04-15,06:46,0,1,1
56,2025-04-14T14:55:00+00:00,2025-04-15,00:55,0,1,1
30,2025-04-14T20:52:00+00:00,2025-04-15,06:52,2,1,3
58,2025-04-14T14:56:00+00:00,2025-04-15,00:56,0,1,1
35,2025-04-14T20:44:00+00:00,2025-04-15,06:44,7,1,8
58,2025-04-14T14:57:00+00:00,2025-04-15,00:57,1,1,2
35,2025-04-14T20:45:00+00:00,2025-04-15,06:45,11,6,17
58,2025-04-14T14:59:00+00:00,2025-04-15,00:59,1,0,1
35,2025-04-14T20:50:00+00:00,2025-04-15,06:50,12,11,23
58,2025-04-14T15:00:00+00:00,2025-04-15,01:00,1,0,1
35,2025-04-14T20:51:00+00:00,2025-04-15,06:51,10,3,13
58,2025-04-14T15:02:00+00:00,2025-04-15,01:02,3,1,4
46,2025-04-14T20:45:00+00:00,2025-04-15,06:45,1,2,3
58,2025-04-14T15:03:00+00:00,2025-04-15,01:03,0,1,1
46,2025-04-14T20:50:00+00:00,2025-04-15,06:50,0,2,2
58,2025-04-14T15:04:00+00:00,2025-04-15,01:04,1,0,1
49,2025-04-14T20:48:00+00:00,2025-04-15,06:48,0,2,2
58,2025-04-14T15:06:00+00:00,2025-04-15,01:06,2,5,7
49,2025-04-14T20:50:00+00:00,2025-04-15,06:50,2,1,3
58,2025-04-14T15:09:00+00:00,2025-04-15,01:09,0,1,1
51,2025-04-14T20:43:00+00:00,2025-04-15,06:43,2,0,2
62,2025-04-14T14:55:00+00:00,2025-04-15,00:55,3,0,3
51,2025-04-14T20:45:00+00:00,2025-04-15,06:45,0,1,1
62,2025-04-14T15:07:00+00:00,2025-04-15,01:07,0,1,1
52,2025-04-14T20:42:00+00:00,2025-04-15,06:42,2,0,2
62,2025-04-14T15:08:00+00:00,2025-04-15,01:08,0,6,6
52,2025-04-14T20:49:00+00:00,2025-04-15,06:49,1,0,1
63,2025-04-14T15:09:00+00:00,2025-04-15,01:09,0,2,2
53,2025-04-14T20:45:00+00:00,2025-04-15,06:45,4,0,4
67,2025-04-14T14:55:00+00:00,2025-04-15,00:55,1,0,1
53,2025-04-14T20:49:00+00:00,2025-04-15,06:49,1,0,1
67,2025-04-14T14:59:00+00:00,2025-04-15,00:59,0,1,1
53,2025-04-14T20:52:00+00:00,2025-04-15,06:52,0,1,1
72,2025-04-14T15:09:00+00:00,2025-04-15,01:09,0,2,2
53,2025-04-14T20:53:00+00:00,2025-04-15,06:53,2,0,2
79,2025-04-14T14:55:00+00:00,2025-04-15,00:55,1,0,1
56,2025-04-14T20:40:00+00:00,2025-04-15,06:40,1,0,1
86,2025-04-14T15:08:00+00:00,2025-04-15,01:08,0,1,1
56,2025-04-14T20:43:00+00:00,2025-04-15,06:43,0,1,1
117,2025-04-14T14:55:00+00:00,2025-04-15,00:55,2,1,3
56,2025-04-14T20:46:00+00:00,2025-04-15,06:46,0,2,2
123,2025-04-14T15:00:00+00:00,2025-04-15,01:00,1,0,1
56,2025-04-14T20:52:00+00:00,2025-04-15,06:52,0,2,2
164,2025-04-14T14:55:00+00:00,2025-04-15,00:55,2,4,6
58,2025-04-14T20:41:00+00:00,2025-04-15,06:41,4,0,4
58,2025-04-14T20:42:00+00:00,2025-04-15,06:42,3,0,3
58,2025-04-14T20:43:00+00:00,2025-04-15,06:43,2,0,2
58,2025-04-14T20:44:00+00:00,2025-04-15,06:44,2,0,2
58,2025-04-14T20:48:00+00:00,2025-04-15,06:48,2,2,4
58,2025-04-14T20:49:00+00:00,2025-04-15,06:49,2,0,2
58,2025-04-14T20:50:00+00:00,2025-04-15,06:50,9,0,9
58,2025-04-14T20:53:00+00:00,2025-04-15,06:53,6,1,7
62,2025-04-14T20:44:00+00:00,2025-04-15,06:44,4,0,4
62,2025-04-14T20:45:00+00:00,2025-04-15,06:45,4,0,4
62,2025-04-14T20:46:00+00:00,2025-04-15,06:46,1,2,3
62,2025-04-14T20:49:00+00:00,2025-04-15,06:49,9,1,10
62,2025-04-14T20:51:00+00:00,2025-04-15,06:51,5,1,6
62,2025-04-14T20:54:00+00:00,2025-04-15,06:54,8,2,10
63,2025-04-14T20:40:00+00:00,2025-04-15,06:40,1,0,1
67,2025-04-14T20:41:00+00:00,2025-04-15,06:41,3,2,5
181,2025-04-14T15:12:00+00:00,2025-04-15,01:12,1,3,4
67,2025-04-14T20:47:00+00:00,2025-04-15,06:47,12,1,13
181,2025-04-14T15:15:00+00:00,2025-04-15,01:15,0,2,2
67,2025-04-14T20:48:00+00:00,2025-04-15,06:48,2,2,4
181,2025-04-14T15:19:00+00:00,2025-04-15,01:19,1,1,2
67,2025-04-14T20:54:00+00:00,2025-04-15,06:54,4,1,5
181,2025-04-14T15:20:00+00:00,2025-04-15,01:20,5,0,5
68,2025-04-14T20:46:00+00:00,2025-04-15,06:46,0,1,1
181,2025-04-14T15:22:00+00:00,2025-04-15,01:22,1,3,4
68,2025-04-14T20:53:00+00:00,2025-04-15,06:53,4,0,4
3,2025-04-14T15:10:00+00:00,2025-04-15,01:10,2,1,3
72,2025-04-14T20:44:00+00:00,2025-04-15,06:44,5,0,5
3,2025-04-14T15:12:00+00:00,2025-04-15,01:12,0,1,1
72,2025-04-14T20:46:00+00:00,2025-04-15,06:46,1,3,4
3,2025-04-14T15:24:00+00:00,2025-04-15,01:24,2,1,3
72,2025-04-14T20:48:00+00:00,2025-04-15,06:48,1,2,3
4,2025-04-14T15:18:00+00:00,2025-04-15,01:18,0,1,1
72,2025-04-14T20:49:00+00:00,2025-04-15,06:49,2,0,2
4,2025-04-14T15:21:00+00:00,2025-04-15,01:21,0,3,3
72,2025-04-14T20:50:00+00:00,2025-04-15,06:50,3,0,3
6,2025-04-14T15:10:00+00:00,2025-04-15,01:10,0,1,1
72,2025-04-14T20:54:00+00:00,2025-04-15,06:54,1,1,2
6,2025-04-14T15:23:00+00:00,2025-04-15,01:23,0,4,4
76,2025-04-14T20:43:00+00:00,2025-04-15,06:43,1,0,1
6,2025-04-14T15:24:00+00:00,2025-04-15,01:24,4,0,4
79,2025-04-14T20:40:00+00:00,2025-04-15,06:40,0,1,1
14,2025-04-14T15:17:00+00:00,2025-04-15,01:17,2,0,2
79,2025-04-14T20:41:00+00:00,2025-04-15,06:41,2,2,4
14,2025-04-14T15:19:00+00:00,2025-04-15,01:19,0,1,1
79,2025-04-14T20:44:00+00:00,2025-04-15,06:44,5,1,6
21,2025-04-14T15:10:00+00:00,2025-04-15,01:10,1,2,3
79,2025-04-14T20:46:00+00:00,2025-04-15,06:46,0,1,1
21,2025-04-14T15:15:00+00:00,2025-04-15,01:15,1,8,9
79,2025-04-14T20:48:00+00:00,2025-04-15,06:48,0,2,2
28,2025-04-14T15:12:00+00:00,2025-04-15,01:12,0,1,1
86,2025-04-14T20:48:00+00:00,2025-04-15,06:48,1,0,1
29,2025-04-14T15:13:00+00:00,2025-04-15,01:13,0,1,1
86,2025-04-14T20:52:00+00:00,2025-04-15,06:52,1,0,1
29,2025-04-14T15:22:00+00:00,2025-04-15,01:22,0,2,2
109,2025-04-14T20:40:00+00:00,2025-04-15,06:40,2,6,8
31,2025-04-14T15:23:00+00:00,2025-04-15,01:23,1,0,1
109,2025-04-14T20:50:00+00:00,2025-04-15,06:50,1,7,8
36,2025-04-14T15:18:00+00:00,2025-04-15,01:18,0,1,1
123,2025-04-14T20:40:00+00:00,2025-04-15,06:40,2,2,4
37,2025-04-14T15:13:00+00:00,2025-04-15,01:13,1,0,1
130,2025-04-14T20:40:00+00:00,2025-04-15,06:40,1,0,1
37,2025-04-14T15:18:00+00:00,2025-04-15,01:18,0,1,1
137,2025-04-14T20:40:00+00:00,2025-04-15,06:40,2,0,2
37,2025-04-14T15:21:00+00:00,2025-04-15,01:21,1,0,1
141,2025-04-14T20:40:00+00:00,2025-04-15,06:40,3,6,9
39,2025-04-14T15:12:00+00:00,2025-04-15,01:12,2,0,2
141,2025-04-14T20:50:00+00:00,2025-04-15,06:50,2,4,6
40,2025-04-14T15:24:00+00:00,2025-04-15,01:24,1,0,1
142,2025-04-14T20:40:00+00:00,2025-04-15,06:40,26,10,36
41,2025-04-14T15:12:00+00:00,2025-04-15,01:12,1,0,1
142,2025-04-14T20:50:00+00:00,2025-04-15,06:50,17,22,39
41,2025-04-14T15:20:00+00:00,2025-04-15,01:20,0,2,2
161,2025-04-14T20:50:00+00:00,2025-04-15,06:50,5,11,16
41,2025-04-14T15:21:00+00:00,2025-04-15,01:21,0,1,1
164,2025-04-14T20:40:00+00:00,2025-04-15,06:40,7,2,9
42,2025-04-14T15:22:00+00:00,2025-04-15,01:22,1,0,1
164,2025-04-14T20:45:00+00:00,2025-04-15,06:45,2,4,6
45,2025-04-14T15:13:00+00:00,2025-04-15,01:13,0,2,2
47,2025-04-14T15:11:00+00:00,2025-04-15,01:11,2,0,2
47,2025-04-14T15:12:00+00:00,2025-04-15,01:12,1,0,1
47,2025-04-14T15:13:00+00:00,2025-04-15,01:13,0,1,1
47,2025-04-14T15:14:00+00:00,2025-04-15,01:14,0,1,1
47,2025-04-14T15:15:00+00:00,2025-04-15,01:15,6,0,6
47,2025-04-14T15:22:00+00:00,2025-04-15,01:22,0,3,3
181,2025-04-14T20:59:00+00:00,2025-04-15,06:59,4,2,6
50,2025-04-14T15:22:00+00:00,2025-04-15,01:22,1,0,1
181,2025-04-14T21:00:00+00:00,2025-04-15,07:00,1,2,3
54,2025-04-14T15:18:00+00:00,2025-04-15,01:18,4,0,4
181,2025-04-14T21:04:00+00:00,2025-04-15,07:04,1,10,11
54,2025-04-14T15:24:00+00:00,2025-04-15,01:24,2,0,2
181,2025-04-14T21:05:00+00:00,2025-04-15,07:05,4,5,9
66,2025-04-14T15:10:00+00:00,2025-04-15,01:10,0,3,3
181,2025-04-14T21:06:00+00:00,2025-04-15,07:06,2,2,4
66,2025-04-14T15:11:00+00:00,2025-04-15,01:11,1,3,4
180,2025-04-14T20:59:00+00:00,2025-04-15,06:59,2,0,2
66,2025-04-14T15:13:00+00:00,2025-04-15,01:13,1,3,4
180,2025-04-14T21:07:00+00:00,2025-04-15,07:07,1,2,3
66,2025-04-14T15:14:00+00:00,2025-04-15,01:14,6,4,10
66,2025-04-14T15:15:00+00:00,2025-04-15,01:15,0,5,5
66,2025-04-14T15:16:00+00:00,2025-04-15,01:16,3,0,3
69,2025-04-14T15:21:00+00:00,2025-04-15,01:21,1,0,1
77,2025-04-14T15:10:00+00:00,2025-04-15,01:10,1,0,1
84,2025-04-14T15:20:00+00:00,2025-04-15,01:20,1,0,1
131,2025-04-14T15:15:00+00:00,2025-04-15,01:15,0,1,1
133,2025-04-14T15:10:00+00:00,2025-04-15,01:10,3,0,3
135,2025-04-14T15:15:00+00:00,2025-04-15,01:15,1,3,4
180,2025-04-14T20:48:00+00:00,2025-04-15,06:48,1,0,1
1,2025-04-14T15:11:00+00:00,2025-04-15,01:11,1,0,1
180,2025-04-14T20:51:00+00:00,2025-04-15,06:51,1,3,4
19,2025-04-14T15:12:00+00:00,2025-04-15,01:12,0,4,4
180,2025-04-14T20:53:00+00:00,2025-04-15,06:53,0,1,1
19,2025-04-14T15:16:00+00:00,2025-04-15,01:16,2,3,5
180,2025-04-14T20:54:00+00:00,2025-04-15,06:54,1,0,1
19,2025-04-14T15:21:00+00:00,2025-04-15,01:21,2,0,2
19,2025-04-14T15:22:00+00:00,2025-04-15,01:22,2,0,2
20,2025-04-14T15:10:00+00:00,2025-04-15,01:10,1,0,1
20,2025-04-14T15:13:00+00:00,2025-04-15,01:13,1,0,1
24,2025-04-14T15:16:00+00:00,2025-04-15,01:16,0,1,1
24,2025-04-14T15:18:00+00:00,2025-04-15,01:18,1,0,1
24,2025-04-14T15:22:00+00:00,2025-04-15,01:22,3,0,3
24,2025-04-14T15:23:00+00:00,2025-04-15,01:23,2,0,2
35,2025-04-14T15:12:00+00:00,2025-04-15,01:12,0,1,1
49,2025-04-14T15:14:00+00:00,2025-04-15,01:14,2,0,2
49,2025-04-14T15:17:00+00:00,2025-04-15,01:17,1,0,1
51,2025-04-14T15:10:00+00:00,2025-04-15,01:10,0,2,2
51,2025-04-14T15:13:00+00:00,2025-04-15,01:13,0,1,1
51,2025-04-14T15:19:00+00:00,2025-04-15,01:19,0,2,2
51,2025-04-14T15:20:00+00:00,2025-04-15,01:20,4,0,4
51,2025-04-14T15:22:00+00:00,2025-04-15,01:22,0,1,1
52,2025-04-14T15:20:00+00:00,2025-04-15,01:20,0,1,1
56,2025-04-14T15:23:00+00:00,2025-04-15,01:23,2,0,2
58,2025-04-14T15:20:00+00:00,2025-04-15,01:20,6,0,6
58,2025-04-14T15:22:00+00:00,2025-04-15,01:22,0,1,1
58,2025-04-14T15:23:00+00:00,2025-04-15,01:23,0,1,1
62,2025-04-14T15:14:00+00:00,2025-04-15,01:14,3,0,3
62,2025-04-14T15:15:00+00:00,2025-04-15,01:15,2,0,2
62,2025-04-14T15:18:00+00:00,2025-04-15,01:18,1,0,1
62,2025-04-14T15:24:00+00:00,2025-04-15,01:24,2,1,3
79,2025-04-14T15:10:00+00:00,2025-04-15,01:10,1,0,1
79,2025-04-14T15:17:00+00:00,2025-04-15,01:17,0,3,3
86,2025-04-14T15:22:00+00:00,2025-04-15,01:22,1,0,1
109,2025-04-14T15:10:00+00:00,2025-04-15,01:10,1,0,1
109,2025-04-14T15:15:00+00:00,2025-04-15,01:15,4,0,4
109,2025-04-14T15:20:00+00:00,2025-04-15,01:20,0,2,2
141,2025-04-14T15:15:00+00:00,2025-04-15,01:15,0,3,3
181,2025-04-14T15:26:00+00:00,2025-04-15,01:26,2,0,2
181,2025-04-14T15:28:00+00:00,2025-04-15,01:28,1,0,1
181,2025-04-14T15:32:00+00:00,2025-04-15,01:32,1,2,3
181,2025-04-14T15:35:00+00:00,2025-04-15,01:35,1,0,1
181,2025-04-14T15:36:00+00:00,2025-04-15,01:36,4,0,4
3,2025-04-14T15:26:00+00:00,2025-04-15,01:26,3,0,3
3,2025-04-14T15:32:00+00:00,2025-04-15,01:32,0,1,1
3,2025-04-14T15:39:00+00:00,2025-04-15,01:39,4,3,7
4,2025-04-14T15:28:00+00:00,2025-04-15,01:28,0,2,2
4,2025-04-14T15:33:00+00:00,2025-04-15,01:33,0,1,1
5,2025-04-14T15:35:00+00:00,2025-04-15,01:35,0,1,1
6,2025-04-14T15:25:00+00:00,2025-04-15,01:25,2,1,3
6,2025-04-14T15:32:00+00:00,2025-04-15,01:32,0,2,2
14,2025-04-14T15:37:00+00:00,2025-04-15,01:37,1,0,1
21,2025-04-14T15:25:00+00:00,2025-04-15,01:25,1,1,2
28,2025-04-14T15:32:00+00:00,2025-04-15,01:32,4,0,4
29,2025-04-14T15:27:00+00:00,2025-04-15,01:27,0,1,1
40,2025-04-14T15:26:00+00:00,2025-04-15,01:26,1,0,1
41,2025-04-14T15:27:00+00:00,2025-04-15,01:27,0,5,5
41,2025-04-14T15:32:00+00:00,2025-04-15,01:32,2,5,7
41,2025-04-14T15:37:00+00:00,2025-04-15,01:37,1,0,1
41,2025-04-14T15:38:00+00:00,2025-04-15,01:38,0,2,2
42,2025-04-14T15:34:00+00:00,2025-04-15,01:34,0,4,4
45,2025-04-14T15:38:00+00:00,2025-04-15,01:38,0,1,1
47,2025-04-14T15:27:00+00:00,2025-04-15,01:27,1,0,1
47,2025-04-14T15:30:00+00:00,2025-04-15,01:30,9,0,9
47,2025-04-14T15:31:00+00:00,2025-04-15,01:31,0,2,2
47,2025-04-14T15:36:00+00:00,2025-04-15,01:36,4,0,4
47,2025-04-14T15:37:00+00:00,2025-04-15,01:37,1,1,2
54,2025-04-14T15:39:00+00:00,2025-04-15,01:39,2,0,2
61,2025-04-14T15:25:00+00:00,2025-04-15,01:25,1,0,1
61,2025-04-14T15:26:00+00:00,2025-04-15,01:26,0,1,1
66,2025-04-14T15:26:00+00:00,2025-04-15,01:26,0,2,2
66,2025-04-14T15:34:00+00:00,2025-04-15,01:34,1,0,1
66,2025-04-14T15:36:00+00:00,2025-04-15,01:36,4,0,4
71,2025-04-14T15:28:00+00:00,2025-04-15,01:28,0,1,1
77,2025-04-14T15:25:00+00:00,2025-04-15,01:25,1,0,1
77,2025-04-14T15:35:00+00:00,2025-04-15,01:35,0,4,4
78,2025-04-14T15:36:00+00:00,2025-04-15,01:36,0,1,1
107,2025-04-14T15:25:00+00:00,2025-04-15,01:25,3,0,3
108,2025-04-14T15:35:00+00:00,2025-04-15,01:35,3,0,3
108,2025-04-14T15:39:00+00:00,2025-04-15,01:39,1,0,1
131,2025-04-14T15:30:00+00:00,2025-04-15,01:30,0,1,1
132,2025-04-14T15:25:00+00:00,2025-04-15,01:25,5,1,6
133,2025-04-14T15:30:00+00:00,2025-04-15,01:30,0,1,1
133,2025-04-14T15:35:00+00:00,2025-04-15,01:35,2,1,3
134,2025-04-14T15:35:00+00:00,2025-04-15,01:35,4,9,13
1,2025-04-14T15:26:00+00:00,2025-04-15,01:26,1,0,1
1,2025-04-14T15:27:00+00:00,2025-04-15,01:27,1,0,1
1,2025-04-14T15:29:00+00:00,2025-04-15,01:29,1,0,1
2,2025-04-14T15:27:00+00:00,2025-04-15,01:27,1,0,1
19,2025-04-14T15:28:00+00:00,2025-04-15,01:28,2,0,2
19,2025-04-14T15:39:00+00:00,2025-04-15,01:39,0,1,1
20,2025-04-14T15:28:00+00:00,2025-04-15,01:28,1,0,1
20,2025-04-14T15:33:00+00:00,2025-04-15,01:33,2,0,2
20,2025-04-14T15:36:00+00:00,2025-04-15,01:36,0,1,1
20,2025-04-14T15:39:00+00:00,2025-04-15,01:39,1,0,1
23,2025-04-14T15:37:00+00:00,2025-04-15,01:37,0,1,1
23,2025-04-14T15:38:00+00:00,2025-04-15,01:38,0,3,3
30,2025-04-14T15:27:00+00:00,2025-04-15,01:27,0,3,3
30,2025-04-14T15:29:00+00:00,2025-04-15,01:29,2,0,2
30,2025-04-14T15:32:00+00:00,2025-04-15,01:32,0,3,3
30,2025-04-14T15:34:00+00:00,2025-04-15,01:34,0,1,1
30,2025-04-14T15:38:00+00:00,2025-04-15,01:38,0,1,1
35,2025-04-14T15:29:00+00:00,2025-04-15,01:29,2,0,2
35,2025-04-14T15:32:00+00:00,2025-04-15,01:32,0,2,2
35,2025-04-14T15:35:00+00:00,2025-04-15,01:35,2,0,2
49,2025-04-14T15:26:00+00:00,2025-04-15,01:26,4,0,4
49,2025-04-14T15:31:00+00:00,2025-04-15,01:31,2,0,2
49,2025-04-14T15:34:00+00:00,2025-04-15,01:34,0,1,1
49,2025-04-14T15:37:00+00:00,2025-04-15,01:37,0,2,2
51,2025-04-14T15:26:00+00:00,2025-04-15,01:26,1,0,1
51,2025-04-14T15:35:00+00:00,2025-04-15,01:35,0,3,3
51,2025-04-14T15:38:00+00:00,2025-04-15,01:38,0,3,3
52,2025-04-14T15:38:00+00:00,2025-04-15,01:38,1,0,1
53,2025-04-14T15:30:00+00:00,2025-04-15,01:30,0,1,1
58,2025-04-14T15:25:00+00:00,2025-04-15,01:25,0,2,2
58,2025-04-14T15:26:00+00:00,2025-04-15,01:26,2,0,2
58,2025-04-14T15:35:00+00:00,2025-04-15,01:35,0,2,2
58,2025-04-14T15:36:00+00:00,2025-04-15,01:36,0,1,1
58,2025-04-14T15:38:00+00:00,2025-04-15,01:38,1,0,1
58,2025-04-14T15:39:00+00:00,2025-04-15,01:39,2,0,2
62,2025-04-14T15:32:00+00:00,2025-04-15,01:32,0,2,2
62,2025-04-14T15:35:00+00:00,2025-04-15,01:35,1,0,1
62,2025-04-14T15:37:00+00:00,2025-04-15,01:37,2,2,4
67,2025-04-14T15:39:00+00:00,2025-04-15,01:39,0,1,1
72,2025-04-14T15:38:00+00:00,2025-04-15,01:38,1,0,1
79,2025-04-14T15:27:00+00:00,2025-04-15,01:27,3,0,3
79,2025-04-14T15:29:00+00:00,2025-04-15,01:29,0,1,1
86,2025-04-14T15:25:00+00:00,2025-04-15,01:25,0,1,1
109,2025-04-14T15:30:00+00:00,2025-04-15,01:30,0,2,2
117,2025-04-14T15:25:00+00:00,2025-04-15,01:25,0,1,1
117,2025-04-14T15:30:00+00:00,2025-04-15,01:30,1,4,5
136,2025-04-14T15:35:00+00:00,2025-04-15,01:35,2,0,2
142,2025-04-14T15:35:00+00:00,2025-04-15,01:35,2,1,3
164,2025-04-14T15:25:00+00:00,2025-04-15,01:25,0,1,1
3,2025-04-14T20:59:00+00:00,2025-04-15,06:59,2,1,3
3,2025-04-14T21:00:00+00:00,2025-04-15,07:00,0,1,1
3,2025-04-14T21:01:00+00:00,2025-04-15,07:01,0,2,2
4,2025-04-14T20:55:00+00:00,2025-04-15,06:55,2,4,6
4,2025-04-14T21:00:00+00:00,2025-04-15,07:00,8,0,8
4,2025-04-14T21:04:00+00:00,2025-04-15,07:04,2,0,2
4,2025-04-14T21:06:00+00:00,2025-04-15,07:06,2,3,5
5,2025-04-14T20:55:00+00:00,2025-04-15,06:55,9,38,47
6,2025-04-14T20:57:00+00:00,2025-04-15,06:57,5,7,12
6,2025-04-14T20:59:00+00:00,2025-04-15,06:59,6,19,25
6,2025-04-14T21:00:00+00:00,2025-04-15,07:00,1,4,5
6,2025-04-14T21:03:00+00:00,2025-04-15,07:03,7,3,10
6,2025-04-14T21:06:00+00:00,2025-04-15,07:06,23,15,38
6,2025-04-14T21:07:00+00:00,2025-04-15,07:07,12,7,19
6,2025-04-14T21:08:00+00:00,2025-04-15,07:08,4,8,12
8,2025-04-14T20:57:00+00:00,2025-04-15,06:57,1,1,2
8,2025-04-14T21:07:00+00:00,2025-04-15,07:07,4,1,5
8,2025-04-14T21:08:00+00:00,2025-04-15,07:08,2,5,7
14,2025-04-14T20:58:00+00:00,2025-04-15,06:58,0,10,10
14,2025-04-14T20:59:00+00:00,2025-04-15,06:59,2,3,5
14,2025-04-14T21:00:00+00:00,2025-04-15,07:00,2,1,3
14,2025-04-14T21:02:00+00:00,2025-04-15,07:02,0,4,4
14,2025-04-14T21:05:00+00:00,2025-04-15,07:05,2,3,5
21,2025-04-14T20:55:00+00:00,2025-04-15,06:55,1,2,3
21,2025-04-14T21:00:00+00:00,2025-04-15,07:00,1,1,2
28,2025-04-14T21:05:00+00:00,2025-04-15,07:05,2,3,5
28,2025-04-14T21:06:00+00:00,2025-04-15,07:06,0,1,1
28,2025-04-14T21:08:00+00:00,2025-04-15,07:08,12,6,18
28,2025-04-14T21:09:00+00:00,2025-04-15,07:09,2,2,4
29,2025-04-14T20:56:00+00:00,2025-04-15,06:56,1,2,3
29,2025-04-14T20:57:00+00:00,2025-04-15,06:57,2,2,4
29,2025-04-14T20:58:00+00:00,2025-04-15,06:58,2,2,4
29,2025-04-14T21:00:00+00:00,2025-04-15,07:00,2,2,4
29,2025-04-14T21:07:00+00:00,2025-04-15,07:07,0,3,3
36,2025-04-14T20:58:00+00:00,2025-04-15,06:58,0,1,1
36,2025-04-14T21:00:00+00:00,2025-04-15,07:00,1,0,1
36,2025-04-14T21:02:00+00:00,2025-04-15,07:02,3,0,3
36,2025-04-14T21:06:00+00:00,2025-04-15,07:06,0,1,1
36,2025-04-14T21:07:00+00:00,2025-04-15,07:07,0,2,2
37,2025-04-14T21:05:00+00:00,2025-04-15,07:05,0,2,2
39,2025-04-14T20:55:00+00:00,2025-04-15,06:55,0,2,2
39,2025-04-14T20:57:00+00:00,2025-04-15,06:57,0,1,1
39,2025-04-14T21:04:00+00:00,2025-04-15,07:04,0,2,2
40,2025-04-14T20:58:00+00:00,2025-04-15,06:58,0,2,2
40,2025-04-14T21:01:00+00:00,2025-04-15,07:01,2,0,2
40,2025-04-14T21:05:00+00:00,2025-04-15,07:05,0,2,2
40,2025-04-14T21:08:00+00:00,2025-04-15,07:08,2,4,6
40,2025-04-14T21:09:00+00:00,2025-04-15,07:09,0,3,3
41,2025-04-14T20:58:00+00:00,2025-04-15,06:58,10,7,17
41,2025-04-14T21:05:00+00:00,2025-04-15,07:05,2,2,4
42,2025-04-14T20:56:00+00:00,2025-04-15,06:56,0,1,1
42,2025-04-14T21:02:00+00:00,2025-04-15,07:02,1,3,4
42,2025-04-14T21:08:00+00:00,2025-04-15,07:08,0,1,1
44,2025-04-14T21:00:00+00:00,2025-04-15,07:00,0,2,2
45,2025-04-14T20:55:00+00:00,2025-04-15,06:55,0,1,1
45,2025-04-14T20:56:00+00:00,2025-04-15,06:56,0,3,3
45,2025-04-14T21:00:00+00:00,2025-04-15,07:00,3,2,5
45,2025-04-14T21:01:00+00:00,2025-04-15,07:01,4,0,4
45,2025-04-14T21:04:00+00:00,2025-04-15,07:04,1,0,1
45,2025-04-14T21:05:00+00:00,2025-04-15,07:05,3,2,5
45,2025-04-14T21:09:00+00:00,2025-04-15,07:09,2,3,5
47,2025-04-14T20:57:00+00:00,2025-04-15,06:57,0,5,5
47,2025-04-14T20:58:00+00:00,2025-04-15,06:58,0,1,1
47,2025-04-14T21:02:00+00:00,2025-04-15,07:02,0,4,4
47,2025-04-14T21:04:00+00:00,2025-04-15,07:04,2,3,5
50,2025-04-14T21:08:00+00:00,2025-04-15,07:08,1,1,2
54,2025-04-14T20:56:00+00:00,2025-04-15,06:56,1,0,1
54,2025-04-14T20:58:00+00:00,2025-04-15,06:58,1,0,1
54,2025-04-14T20:59:00+00:00,2025-04-15,06:59,1,0,1
54,2025-04-14T21:06:00+00:00,2025-04-15,07:06,0,1,1
54,2025-04-14T21:07:00+00:00,2025-04-15,07:07,0,1,1
59,2025-04-14T20:55:00+00:00,2025-04-15,06:55,8,8,16
59,2025-04-14T21:00:00+00:00,2025-04-15,07:00,9,7,16
59,2025-04-14T21:05:00+00:00,2025-04-15,07:05,6,5,11
61,2025-04-14T20:56:00+00:00,2025-04-15,06:56,1,2,3
61,2025-04-14T20:57:00+00:00,2025-04-15,06:57,0,1,1
61,2025-04-14T21:01:00+00:00,2025-04-15,07:01,1,1,2
61,2025-04-14T21:04:00+00:00,2025-04-15,07:04,1,2,3
66,2025-04-14T20:55:00+00:00,2025-04-15,06:55,2,1,3
66,2025-04-14T20:59:00+00:00,2025-04-15,06:59,1,0,1
66,2025-04-14T21:00:00+00:00,2025-04-15,07:00,0,3,3
66,2025-04-14T21:01:00+00:00,2025-04-15,07:01,4,4,8
66,2025-04-14T21:06:00+00:00,2025-04-15,07:06,1,3,4
66,2025-04-14T21:07:00+00:00,2025-04-15,07:07,3,2,5
69,2025-04-14T20:56:00+00:00,2025-04-15,06:56,3,0,3
69,2025-04-14T21:00:00+00:00,2025-04-15,07:00,3,1,4
69,2025-04-14T21:07:00+00:00,2025-04-15,07:07,1,0,1
69,2025-04-14T21:08:00+00:00,2025-04-15,07:08,1,0,1
70,2025-04-14T21:01:00+00:00,2025-04-15,07:01,2,1,3
70,2025-04-14T21:03:00+00:00,2025-04-15,07:03,0,1,1
71,2025-04-14T21:03:00+00:00,2025-04-15,07:03,1,0,1
71,2025-04-14T21:07:00+00:00,2025-04-15,07:07,1,0,1
75,2025-04-14T20:56:00+00:00,2025-04-15,06:56,1,0,1
75,2025-04-14T21:05:00+00:00,2025-04-15,07:05,1,0,1
75,2025-04-14T21:09:00+00:00,2025-04-15,07:09,1,1,2
77,2025-04-14T20:55:00+00:00,2025-04-15,06:55,8,10,18
78,2025-04-14T21:04:00+00:00,2025-04-15,07:04,0,1,1
78,2025-04-14T21:07:00+00:00,2025-04-15,07:07,0,1,1
84,2025-04-14T21:00:00+00:00,2025-04-15,07:00,38,19,57
84,2025-04-14T21:05:00+00:00,2025-04-15,07:05,61,14,75
87,2025-04-14T20:56:00+00:00,2025-04-15,06:56,1,1,2
87,2025-04-14T20:58:00+00:00,2025-04-15,06:58,1,0,1
87,2025-04-14T21:07:00+00:00,2025-04-15,07:07,0,1,1
87,2025-04-14T21:09:00+00:00,2025-04-15,07:09,1,0,1
107,2025-04-14T21:00:00+00:00,2025-04-15,07:00,1,8,9
107,2025-04-14T21:05:00+00:00,2025-04-15,07:05,7,7,14
108,2025-04-14T20:55:00+00:00,2025-04-15,06:55,0,2,2
108,2025-04-14T21:00:00+00:00,2025-04-15,07:00,1,9,10
108,2025-04-14T21:01:00+00:00,2025-04-15,07:01,0,3,3
108,2025-04-14T21:05:00+00:00,2025-04-15,07:05,2,4,6
108,2025-04-14T21:09:00+00:00,2025-04-15,07:09,0,11,11
131,2025-04-14T20:55:00+00:00,2025-04-15,06:55,2,1,3
131,2025-04-14T21:00:00+00:00,2025-04-15,07:00,2,2,4
132,2025-04-14T21:00:00+00:00,2025-04-15,07:00,2,1,3
132,2025-04-14T21:05:00+00:00,2025-04-15,07:05,5,7,12
133,2025-04-14T21:00:00+00:00,2025-04-15,07:00,24,24,48
133,2025-04-14T21:05:00+00:00,2025-04-15,07:05,83,19,102
135,2025-04-14T20:55:00+00:00,2025-04-15,06:55,4,9,13
143,2025-04-14T20:55:00+00:00,2025-04-15,06:55,2,6,8
143,2025-04-14T21:00:00+00:00,2025-04-15,07:00,3,9,12
165,2025-04-14T21:05:00+00:00,2025-04-15,07:05,0,3,3
166,2025-04-14T20:55:00+00:00,2025-04-15,06:55,1,0,1
166,2025-04-14T21:05:00+00:00,2025-04-15,07:05,2,0,2
167,2025-04-14T20:55:00+00:00,2025-04-15,06:55,0,2,2
179,2025-04-14T20:55:00+00:00,2025-04-15,06:55,4,4,8
1,2025-04-14T20:55:00+00:00,2025-04-15,06:55,2,2,4
1,2025-04-14T21:00:00+00:00,2025-04-15,07:00,2,1,3
1,2025-04-14T21:02:00+00:00,2025-04-15,07:02,0,1,1
1,2025-04-14T21:03:00+00:00,2025-04-15,07:03,0,1,1
1,2025-04-14T21:04:00+00:00,2025-04-15,07:04,0,1,1
1,2025-04-14T21:06:00+00:00,2025-04-15,07:06,1,2,3
1,2025-04-14T21:08:00+00:00,2025-04-15,07:08,2,2,4
1,2025-04-14T21:09:00+00:00,2025-04-15,07:09,2,0,2
2,2025-04-14T20:56:00+00:00,2025-04-15,06:56,0,2,2
2,2025-04-14T20:59:00+00:00,2025-04-15,06:59,1,1,2
2,2025-04-14T21:01:00+00:00,2025-04-15,07:01,1,0,1
2,2025-04-14T21:05:00+00:00,2025-04-15,07:05,1,2,3
2,2025-04-14T21:06:00+00:00,2025-04-15,07:06,0,1,1
2,2025-04-14T21:07:00+00:00,2025-04-15,07:07,0,2,2
2,2025-04-14T21:08:00+00:00,2025-04-15,07:08,0,1,1
9,2025-04-14T20:55:00+00:00,2025-04-15,06:55,2,3,5
9,2025-04-14T20:56:00+00:00,2025-04-15,06:56,1,7,8
9,2025-04-14T21:03:00+00:00,2025-04-15,07:03,3,25,28
9,2025-04-14T21:05:00+00:00,2025-04-15,07:05,0,15,15
9,2025-04-14T21:08:00+00:00,2025-04-15,07:08,0,9,9
9,2025-04-14T21:09:00+00:00,2025-04-15,07:09,0,10,10
10,2025-04-14T20:56:00+00:00,2025-04-15,06:56,1,1,2
10,2025-04-14T20:57:00+00:00,2025-04-15,06:57,2,0,2
10,2025-04-14T20:59:00+00:00,2025-04-15,06:59,1,0,1
10,2025-04-14T21:02:00+00:00,2025-04-15,07:02,0,2,2
10,2025-04-14T21:05:00+00:00,2025-04-15,07:05,1,2,3
10,2025-04-14T21:08:00+00:00,2025-04-15,07:08,0,1,1
11,2025-04-14T21:01:00+00:00,2025-04-15,07:01,0,1,1
11,2025-04-14T21:02:00+00:00,2025-04-15,07:02,3,0,3
12,2025-04-14T20:58:00+00:00,2025-04-15,06:58,2,2,4
12,2025-04-14T21:03:00+00:00,2025-04-15,07:03,2,1,3
12,2025-04-14T21:04:00+00:00,2025-04-15,07:04,4,0,4
12,2025-04-14T21:09:00+00:00,2025-04-15,07:09,1,2,3
17,2025-04-14T20:59:00+00:00,2025-04-15,06:59,3,1,4
17,2025-04-14T21:00:00+00:00,2025-04-15,07:00,8,1,9
17,2025-04-14T21:01:00+00:00,2025-04-15,07:01,5,0,5
17,2025-04-14T21:04:00+00:00,2025-04-15,07:04,1,0,1
17,2025-04-14T21:09:00+00:00,2025-04-15,07:09,4,0,4
18,2025-04-14T21:00:00+00:00,2025-04-15,07:00,0,3,3
18,2025-04-14T21:01:00+00:00,2025-04-15,07:01,0,7,7
18,2025-04-14T21:03:00+00:00,2025-04-15,07:03,0,5,5
18,2025-04-14T21:04:00+00:00,2025-04-15,07:04,1,10,11
18,2025-04-14T21:07:00+00:00,2025-04-15,07:07,0,2,2
18,2025-04-14T21:08:00+00:00,2025-04-15,07:08,0,1,1
19,2025-04-14T20:55:00+00:00,2025-04-15,06:55,1,0,1
19,2025-04-14T21:04:00+00:00,2025-04-15,07:04,1,0,1
19,2025-04-14T21:07:00+00:00,2025-04-15,07:07,0,1,1
19,2025-04-14T21:08:00+00:00,2025-04-15,07:08,0,1,1
20,2025-04-14T20:56:00+00:00,2025-04-15,06:56,0,3,3
20,2025-04-14T21:04:00+00:00,2025-04-15,07:04,2,1,3
20,2025-04-14T21:05:00+00:00,2025-04-15,07:05,1,0,1
20,2025-04-14T21:06:00+00:00,2025-04-15,07:06,1,0,1
23,2025-04-14T20:55:00+00:00,2025-04-15,06:55,1,5,6
23,2025-04-14T21:00:00+00:00,2025-04-15,07:00,1,0,1
23,2025-04-14T21:03:00+00:00,2025-04-15,07:03,8,3,11
23,2025-04-14T21:05:00+00:00,2025-04-15,07:05,2,2,4
23,2025-04-14T21:08:00+00:00,2025-04-15,07:08,5,1,6
23,2025-04-14T21:09:00+00:00,2025-04-15,07:09,2,0,2
24,2025-04-14T21:00:00+00:00,2025-04-15,07:00,2,1,3
24,2025-04-14T21:06:00+00:00,2025-04-15,07:06,25,4,29
24,2025-04-14T21:08:00+00:00,2025-04-15,07:08,12,3,15
25,2025-04-14T20:55:00+00:00,2025-04-15,06:55,7,8,15
25,2025-04-14T21:00:00+00:00,2025-04-15,07:00,8,15,23
25,2025-04-14T21:05:00+00:00,2025-04-15,07:05,10,14,24
27,2025-04-14T21:02:00+00:00,2025-04-15,07:02,1,2,3
27,2025-04-14T21:06:00+00:00,2025-04-15,07:06,0,2,2
27,2025-04-14T21:07:00+00:00,2025-04-15,07:07,1,1,2
30,2025-04-14T20:55:00+00:00,2025-04-15,06:55,2,0,2
30,2025-04-14T21:05:00+00:00,2025-04-15,07:05,0,1,1
30,2025-04-14T21:07:00+00:00,2025-04-15,07:07,1,1,2
35,2025-04-14T20:59:00+00:00,2025-04-15,06:59,7,10,17
35,2025-04-14T21:01:00+00:00,2025-04-15,07:01,10,13,23
35,2025-04-14T21:04:00+00:00,2025-04-15,07:04,7,9,16
35,2025-04-14T21:07:00+00:00,2025-04-15,07:07,6,12,18
46,2025-04-14T21:00:00+00:00,2025-04-15,07:00,0,2,2
48,2025-04-14T21:04:00+00:00,2025-04-15,07:04,0,1,1
48,2025-04-14T21:05:00+00:00,2025-04-15,07:05,0,1,1
48,2025-04-14T21:07:00+00:00,2025-04-15,07:07,1,1,2
49,2025-04-14T20:55:00+00:00,2025-04-15,06:55,1,2,3
49,2025-04-14T20:56:00+00:00,2025-04-15,06:56,4,0,4
49,2025-04-14T20:57:00+00:00,2025-04-15,06:57,1,1,2
52,2025-04-14T20:58:00+00:00,2025-04-15,06:58,0,1,1
52,2025-04-14T21:02:00+00:00,2025-04-15,07:02,0,2,2
52,2025-04-14T21:07:00+00:00,2025-04-15,07:07,1,1,2
52,2025-04-14T21:08:00+00:00,2025-04-15,07:08,1,3,4
53,2025-04-14T20:56:00+00:00,2025-04-15,06:56,2,0,2
53,2025-04-14T20:58:00+00:00,2025-04-15,06:58,2,0,2
53,2025-04-14T20:59:00+00:00,2025-04-15,06:59,3,1,4
53,2025-04-14T21:07:00+00:00,2025-04-15,07:07,0,1,1
56,2025-04-14T20:55:00+00:00,2025-04-15,06:55,0,2,2
56,2025-04-14T20:59:00+00:00,2025-04-15,06:59,4,1,5
56,2025-04-14T21:06:00+00:00,2025-04-15,07:06,1,1,2
58,2025-04-14T20:57:00+00:00,2025-04-15,06:57,10,2,12
62,2025-04-14T20:56:00+00:00,2025-04-15,06:56,3,1,4
62,2025-04-14T20:58:00+00:00,2025-04-15,06:58,1,1,2
62,2025-04-14T21:03:00+00:00,2025-04-15,07:03,2,1,3
62,2025-04-14T21:05:00+00:00,2025-04-15,07:05,1,0,1
62,2025-04-14T21:08:00+00:00,2025-04-15,07:08,1,0,1
62,2025-04-14T21:09:00+00:00,2025-04-15,07:09,2,2,4
63,2025-04-14T20:55:00+00:00,2025-04-15,06:55,1,2,3
63,2025-04-14T21:00:00+00:00,2025-04-15,07:00,2,1,3
63,2025-04-14T21:03:00+00:00,2025-04-15,07:03,2,1,3
67,2025-04-14T20:59:00+00:00,2025-04-15,06:59,2,5,7
67,2025-04-14T21:00:00+00:00,2025-04-15,07:00,2,2,4
67,2025-04-14T21:01:00+00:00,2025-04-15,07:01,1,3,4
68,2025-04-14T20:55:00+00:00,2025-04-15,06:55,2,0,2
68,2025-04-14T20:56:00+00:00,2025-04-15,06:56,1,1,2
68,2025-04-14T21:03:00+00:00,2025-04-15,07:03,1,0,1
68,2025-04-14T21:05:00+00:00,2025-04-15,07:05,0,1,1
68,2025-04-14T21:06:00+00:00,2025-04-15,07:06,2,1,3
72,2025-04-14T20:55:00+00:00,2025-04-15,06:55,0,3,3
72,2025-04-14T20:59:00+00:00,2025-04-15,06:59,3,1,4
72,2025-04-14T21:01:00+00:00,2025-04-15,07:01,2,0,2
72,2025-04-14T21:09:00+00:00,2025-04-15,07:09,5,1,6
79,2025-04-14T20:56:00+00:00,2025-04-15,06:56,0,4,4
79,2025-04-14T21:01:00+00:00,2025-04-15,07:01,2,1,3
79,2025-04-14T21:04:00+00:00,2025-04-15,07:04,12,1,13
79,2025-04-14T21:06:00+00:00,2025-04-15,07:06,0,1,1
85,2025-04-14T20:58:00+00:00,2025-04-15,06:58,1,2,3
85,2025-04-14T21:09:00+00:00,2025-04-15,07:09,1,0,1
86,2025-04-14T20:57:00+00:00,2025-04-15,06:57,0,1,1
86,2025-04-14T20:58:00+00:00,2025-04-15,06:58,0,1,1
86,2025-04-14T21:05:00+00:00,2025-04-15,07:05,1,3,4
86,2025-04-14T21:09:00+00:00,2025-04-15,07:09,0,1,1
109,2025-04-14T20:55:00+00:00,2025-04-15,06:55,2,12,14
117,2025-04-14T21:00:00+00:00,2025-04-15,07:00,9,4,13
117,2025-04-14T21:05:00+00:00,2025-04-15,07:05,4,1,5
136,2025-04-14T20:55:00+00:00,2025-04-15,06:55,12,9,21
137,2025-04-14T20:55:00+00:00,2025-04-15,06:55,5,1,6
137,2025-04-14T21:05:00+00:00,2025-04-15,07:05,2,0,2
141,2025-04-14T21:00:00+00:00,2025-04-15,07:00,1,3,4
141,2025-04-14T21:05:00+00:00,2025-04-15,07:05,1,4,5
161,2025-04-14T20:55:00+00:00,2025-04-15,06:55,7,19,26
161,2025-04-14T21:00:00+00:00,2025-04-15,07:00,13,15,28
161,2025-04-14T21:05:00+00:00,2025-04-15,07:05,13,15,28
3,2025-04-14T15:40:00+00:00,2025-04-15,01:40,3,5,8
3,2025-04-14T15:45:00+00:00,2025-04-15,01:45,0,1,1
4,2025-04-14T15:42:00+00:00,2025-04-15,01:42,1,0,1
4,2025-04-14T15:44:00+00:00,2025-04-15,01:44,0,1,1
4,2025-04-14T15:48:00+00:00,2025-04-15,01:48,0,1,1
4,2025-04-14T15:52:00+00:00,2025-04-15,01:52,0,1,1
5,2025-04-14T15:45:00+00:00,2025-04-15,01:45,0,2,2
6,2025-04-14T15:41:00+00:00,2025-04-15,01:41,1,0,1
6,2025-04-14T15:43:00+00:00,2025-04-15,01:43,0,1,1
6,2025-04-14T15:49:00+00:00,2025-04-15,01:49,6,0,6
28,2025-04-14T15:54:00+00:00,2025-04-15,01:54,1,0,1
29,2025-04-14T15:40:00+00:00,2025-04-15,01:40,0,2,2
29,2025-04-14T15:46:00+00:00,2025-04-15,01:46,3,0,3
36,2025-04-14T15:42:00+00:00,2025-04-15,01:42,3,0,3
41,2025-04-14T15:40:00+00:00,2025-04-15,01:40,0,1,1
41,2025-04-14T15:47:00+00:00,2025-04-15,01:47,1,0,1
41,2025-04-14T15:54:00+00:00,2025-04-15,01:54,1,0,1
42,2025-04-14T15:44:00+00:00,2025-04-15,01:44,0,1,1
45,2025-04-14T15:49:00+00:00,2025-04-15,01:49,0,2,2
45,2025-04-14T15:50:00+00:00,2025-04-15,01:50,0,2,2
45,2025-04-14T15:52:00+00:00,2025-04-15,01:52,0,1,1
47,2025-04-14T15:43:00+00:00,2025-04-15,01:43,1,0,1
47,2025-04-14T15:48:00+00:00,2025-04-15,01:48,0,2,2
47,2025-04-14T15:50:00+00:00,2025-04-15,01:50,2,0,2
61,2025-04-14T15:51:00+00:00,2025-04-15,01:51,1,0,1
66,2025-04-14T15:41:00+00:00,2025-04-15,01:41,1,5,6
66,2025-04-14T15:44:00+00:00,2025-04-15,01:44,0,3,3
66,2025-04-14T15:46:00+00:00,2025-04-15,01:46,1,0,1
66,2025-04-14T15:51:00+00:00,2025-04-15,01:51,2,0,2
70,2025-04-14T15:49:00+00:00,2025-04-15,01:49,0,2,2
107,2025-04-14T15:50:00+00:00,2025-04-15,01:50,1,0,1
131,2025-04-14T15:45:00+00:00,2025-04-15,01:45,2,0,2
132,2025-04-14T15:45:00+00:00,2025-04-15,01:45,2,0,2
133,2025-04-14T15:45:00+00:00,2025-04-15,01:45,1,0,1
143,2025-04-14T15:40:00+00:00,2025-04-15,01:40,0,1,1
143,2025-04-14T15:50:00+00:00,2025-04-15,01:50,1,0,1
167,2025-04-14T15:40:00+00:00,2025-04-15,01:40,0,1,1
1,2025-04-14T15:40:00+00:00,2025-04-15,01:40,2,3,5
1,2025-04-14T15:49:00+00:00,2025-04-15,01:49,1,2,3
9,2025-04-14T15:43:00+00:00,2025-04-15,01:43,0,1,1
12,2025-04-14T15:49:00+00:00,2025-04-15,01:49,0,1,1
19,2025-04-14T15:50:00+00:00,2025-04-15,01:50,2,0,2
19,2025-04-14T15:53:00+00:00,2025-04-15,01:53,1,0,1
20,2025-04-14T15:42:00+00:00,2025-04-15,01:42,1,0,1
20,2025-04-14T15:52:00+00:00,2025-04-15,01:52,1,0,1
23,2025-04-14T15:44:00+00:00,2025-04-15,01:44,0,2,2
24,2025-04-14T15:43:00+00:00,2025-04-15,01:43,2,0,2
24,2025-04-14T15:54:00+00:00,2025-04-15,01:54,1,0,1
25,2025-04-14T15:45:00+00:00,2025-04-15,01:45,0,1,1
27,2025-04-14T15:43:00+00:00,2025-04-15,01:43,0,2,2
30,2025-04-14T15:44:00+00:00,2025-04-15,01:44,0,2,2
30,2025-04-14T15:45:00+00:00,2025-04-15,01:45,0,2,2
30,2025-04-14T15:54:00+00:00,2025-04-15,01:54,1,0,1
35,2025-04-14T15:43:00+00:00,2025-04-15,01:43,2,0,2
35,2025-04-14T15:51:00+00:00,2025-04-15,01:51,0,1,1
49,2025-04-14T15:43:00+00:00,2025-04-15,01:43,6,0,6
49,2025-04-14T15:46:00+00:00,2025-04-15,01:46,3,0,3
49,2025-04-14T15:52:00+00:00,2025-04-15,01:52,0,2,2
49,2025-04-14T15:53:00+00:00,2025-04-15,01:53,1,1,2
51,2025-04-14T15:53:00+00:00,2025-04-15,01:53,1,3,4
51,2025-04-14T15:54:00+00:00,2025-04-15,01:54,0,1,1
52,2025-04-14T15:45:00+00:00,2025-04-15,01:45,0,1,1
58,2025-04-14T15:43:00+00:00,2025-04-15,01:43,2,0,2
58,2025-04-14T15:46:00+00:00,2025-04-15,01:46,0,4,4
58,2025-04-14T15:54:00+00:00,2025-04-15,01:54,0,2,2
67,2025-04-14T15:41:00+00:00,2025-04-15,01:41,1,0,1
79,2025-04-14T15:41:00+00:00,2025-04-15,01:41,0,5,5
79,2025-04-14T15:45:00+00:00,2025-04-15,01:45,0,1,1
79,2025-04-14T15:47:00+00:00,2025-04-15,01:47,0,1,1
79,2025-04-14T15:49:00+00:00,2025-04-15,01:49,1,0,1
79,2025-04-14T15:51:00+00:00,2025-04-15,01:51,0,2,2
79,2025-04-14T15:52:00+00:00,2025-04-15,01:52,1,0,1
109,2025-04-14T15:45:00+00:00,2025-04-15,01:45,1,1,2
117,2025-04-14T15:40:00+00:00,2025-04-15,01:40,1,0,1
141,2025-04-14T15:40:00+00:00,2025-04-15,01:40,0,2,2
3,2025-04-14T21:11:00+00:00,2025-04-15,07:11,2,3,5
3,2025-04-14T21:12:00+00:00,2025-04-15,07:12,0,1,1
3,2025-04-14T21:20:00+00:00,2025-04-15,07:20,0,1,1
181,2025-04-14T15:47:00+00:00,2025-04-15,01:47,0,1,1
3,2025-04-14T21:24:00+00:00,2025-04-15,07:24,0,4,4
181,2025-04-14T15:49:00+00:00,2025-04-15,01:49,1,2,3
3,2025-04-14T21:27:00+00:00,2025-04-15,07:27,3,1,4
3,2025-04-14T21:31:00+00:00,2025-04-15,07:31,2,1,3
3,2025-04-14T21:38:00+00:00,2025-04-15,07:38,1,2,3
3,2025-04-14T21:39:00+00:00,2025-04-15,07:39,1,5,6
3,2025-04-14T21:42:00+00:00,2025-04-15,07:42,1,3,4
3,2025-04-14T21:44:00+00:00,2025-04-15,07:44,2,2,4
3,2025-04-14T16:11:00+00:00,2025-04-15,02:11,0,1,1
3,2025-04-14T21:45:00+00:00,2025-04-15,07:45,1,3,4
3,2025-04-14T16:13:00+00:00,2025-04-15,02:13,0,2,2
3,2025-04-14T21:46:00+00:00,2025-04-15,07:46,7,1,8
3,2025-04-14T16:14:00+00:00,2025-04-15,02:14,1,0,1
3,2025-04-14T21:51:00+00:00,2025-04-15,07:51,0,2,2
3,2025-04-14T16:15:00+00:00,2025-04-15,02:15,2,0,2
3,2025-04-14T21:55:00+00:00,2025-04-15,07:55,2,2,4
3,2025-04-14T16:19:00+00:00,2025-04-15,02:19,0,2,2
3,2025-04-14T22:00:00+00:00,2025-04-15,08:00,7,3,10
3,2025-04-14T16:20:00+00:00,2025-04-15,02:20,2,0,2
3,2025-04-14T22:02:00+00:00,2025-04-15,08:02,2,4,6
3,2025-04-14T16:21:00+00:00,2025-04-15,02:21,2,0,2
3,2025-04-14T22:07:00+00:00,2025-04-15,08:07,6,2,8
4,2025-04-14T16:10:00+00:00,2025-04-15,02:10,0,1,1
3,2025-04-14T22:08:00+00:00,2025-04-15,08:08,1,7,8
4,2025-04-14T16:11:00+00:00,2025-04-15,02:11,0,1,1
3,2025-04-14T22:09:00+00:00,2025-04-15,08:09,4,3,7
4,2025-04-14T16:18:00+00:00,2025-04-15,02:18,3,0,3
3,2025-04-14T22:10:00+00:00,2025-04-15,08:10,5,3,8
4,2025-04-14T16:19:00+00:00,2025-04-15,02:19,0,1,1
4,2025-04-14T21:14:00+00:00,2025-04-15,07:14,4,0,4
6,2025-04-14T16:16:00+00:00,2025-04-15,02:16,0,1,1
4,2025-04-14T21:16:00+00:00,2025-04-15,07:16,4,4,8
6,2025-04-14T16:19:00+00:00,2025-04-15,02:19,0,3,3
4,2025-04-14T21:26:00+00:00,2025-04-15,07:26,5,7,12
6,2025-04-14T16:23:00+00:00,2025-04-15,02:23,5,1,6
4,2025-04-14T21:28:00+00:00,2025-04-15,07:28,5,3,8
6,2025-04-14T16:24:00+00:00,2025-04-15,02:24,1,0,1
4,2025-04-14T21:30:00+00:00,2025-04-15,07:30,5,2,7
28,2025-04-14T16:17:00+00:00,2025-04-15,02:17,2,0,2
4,2025-04-14T21:35:00+00:00,2025-04-15,07:35,7,4,11
28,2025-04-14T16:24:00+00:00,2025-04-15,02:24,1,0,1
4,2025-04-14T21:36:00+00:00,2025-04-15,07:36,3,8,11
29,2025-04-14T16:21:00+00:00,2025-04-15,02:21,0,1,1
4,2025-04-14T21:39:00+00:00,2025-04-15,07:39,3,2,5
29,2025-04-14T16:23:00+00:00,2025-04-15,02:23,0,1,1
4,2025-04-14T21:40:00+00:00,2025-04-15,07:40,10,11,21
31,2025-04-14T16:21:00+00:00,2025-04-15,02:21,0,1,1
4,2025-04-14T21:41:00+00:00,2025-04-15,07:41,7,5,12
31,2025-04-14T16:24:00+00:00,2025-04-15,02:24,1,0,1
4,2025-04-14T21:45:00+00:00,2025-04-15,07:45,12,6,18
41,2025-04-14T16:15:00+00:00,2025-04-15,02:15,5,0,5
4,2025-04-14T21:46:00+00:00,2025-04-15,07:46,11,6,17
41,2025-04-14T16:17:00+00:00,2025-04-15,02:17,0,3,3
4,2025-04-14T21:49:00+00:00,2025-04-15,07:49,19,6,25
41,2025-04-14T16:19:00+00:00,2025-04-15,02:19,0,1,1
4,2025-04-14T21:50:00+00:00,2025-04-15,07:50,5,5,10
41,2025-04-14T16:23:00+00:00,2025-04-15,02:23,1,0,1
4,2025-04-14T21:53:00+00:00,2025-04-15,07:53,10,4,14
47,2025-04-14T16:18:00+00:00,2025-04-15,02:18,1,0,1
4,2025-04-14T21:54:00+00:00,2025-04-15,07:54,9,11,20
47,2025-04-14T16:19:00+00:00,2025-04-15,02:19,0,4,4
4,2025-04-14T21:56:00+00:00,2025-04-15,07:56,9,7,16
47,2025-04-14T16:20:00+00:00,2025-04-15,02:20,2,0,2
4,2025-04-14T21:57:00+00:00,2025-04-15,07:57,15,5,20
54,2025-04-14T16:10:00+00:00,2025-04-15,02:10,0,1,1
4,2025-04-14T21:59:00+00:00,2025-04-15,07:59,9,10,19
59,2025-04-14T16:15:00+00:00,2025-04-15,02:15,0,1,1
4,2025-04-14T22:08:00+00:00,2025-04-15,08:08,7,6,13
61,2025-04-14T16:17:00+00:00,2025-04-15,02:17,2,0,2
4,2025-04-14T22:09:00+00:00,2025-04-15,08:09,11,5,16
66,2025-04-14T16:14:00+00:00,2025-04-15,02:14,1,2,3
5,2025-04-14T21:10:00+00:00,2025-04-15,07:10,13,34,47
77,2025-04-14T16:15:00+00:00,2025-04-15,02:15,1,0,1
5,2025-04-14T21:25:00+00:00,2025-04-15,07:25,17,20,37
84,2025-04-14T16:10:00+00:00,2025-04-15,02:10,0,2,2
5,2025-04-14T21:30:00+00:00,2025-04-15,07:30,17,40,57
84,2025-04-14T16:15:00+00:00,2025-04-15,02:15,1,5,6
5,2025-04-14T21:35:00+00:00,2025-04-15,07:35,12,31,43
84,2025-04-14T16:20:00+00:00,2025-04-15,02:20,1,0,1
5,2025-04-14T21:45:00+00:00,2025-04-15,07:45,15,51,66
108,2025-04-14T16:16:00+00:00,2025-04-15,02:16,0,1,1
5,2025-04-14T21:50:00+00:00,2025-04-15,07:50,24,48,72
131,2025-04-14T16:10:00+00:00,2025-04-15,02:10,1,0,1
5,2025-04-14T22:10:00+00:00,2025-04-15,08:10,32,46,78
135,2025-04-14T16:15:00+00:00,2025-04-15,02:15,1,0,1
6,2025-04-14T21:12:00+00:00,2025-04-15,07:12,4,11,15
135,2025-04-14T16:20:00+00:00,2025-04-15,02:20,1,1,2
6,2025-04-14T21:15:00+00:00,2025-04-15,07:15,9,9,18
162,2025-04-14T16:15:00+00:00,2025-04-15,02:15,2,1,3
6,2025-04-14T21:18:00+00:00,2025-04-15,07:18,5,12,17
2,2025-04-14T16:14:00+00:00,2025-04-15,02:14,1,0,1
6,2025-04-14T21:19:00+00:00,2025-04-15,07:19,3,8,11
9,2025-04-14T16:10:00+00:00,2025-04-15,02:10,1,0,1
6,2025-04-14T21:24:00+00:00,2025-04-15,07:24,7,17,24
12,2025-04-14T16:11:00+00:00,2025-04-15,02:11,0,1,1
6,2025-04-14T21:26:00+00:00,2025-04-15,07:26,8,2,10
19,2025-04-14T16:23:00+00:00,2025-04-15,02:23,0,1,1
6,2025-04-14T21:27:00+00:00,2025-04-15,07:27,6,4,10
20,2025-04-14T16:12:00+00:00,2025-04-15,02:12,1,2,3
6,2025-04-14T21:32:00+00:00,2025-04-15,07:32,7,22,29
23,2025-04-14T16:24:00+00:00,2025-04-15,02:24,2,0,2
6,2025-04-14T21:33:00+00:00,2025-04-15,07:33,10,16,26
24,2025-04-14T16:22:00+00:00,2025-04-15,02:22,1,0,1
6,2025-04-14T21:37:00+00:00,2025-04-15,07:37,7,9,16
27,2025-04-14T16:17:00+00:00,2025-04-15,02:17,1,0,1
6,2025-04-14T21:41:00+00:00,2025-04-15,07:41,11,8,19
35,2025-04-14T16:13:00+00:00,2025-04-15,02:13,0,2,2
6,2025-04-14T21:44:00+00:00,2025-04-15,07:44,13,24,37
49,2025-04-14T16:19:00+00:00,2025-04-15,02:19,0,2,2
6,2025-04-14T21:47:00+00:00,2025-04-15,07:47,11,30,41
49,2025-04-14T16:23:00+00:00,2025-04-15,02:23,0,1,1
6,2025-04-14T21:49:00+00:00,2025-04-15,07:49,10,16,26
56,2025-04-14T16:22:00+00:00,2025-04-15,02:22,1,0,1
6,2025-04-14T21:50:00+00:00,2025-04-15,07:50,4,34,38
62,2025-04-14T16:17:00+00:00,2025-04-15,02:17,1,1,2
6,2025-04-14T21:51:00+00:00,2025-04-15,07:51,15,24,39
63,2025-04-14T16:22:00+00:00,2025-04-15,02:22,0,1,1
6,2025-04-14T21:53:00+00:00,2025-04-15,07:53,8,10,18
67,2025-04-14T16:14:00+00:00,2025-04-15,02:14,0,2,2
6,2025-04-14T21:54:00+00:00,2025-04-15,07:54,6,23,29
72,2025-04-14T16:13:00+00:00,2025-04-15,02:13,1,0,1
6,2025-04-14T21:58:00+00:00,2025-04-15,07:58,7,15,22
72,2025-04-14T16:20:00+00:00,2025-04-15,02:20,2,0,2
6,2025-04-14T22:00:00+00:00,2025-04-15,08:00,46,36,82
79,2025-04-14T16:17:00+00:00,2025-04-15,02:17,1,0,1
6,2025-04-14T22:03:00+00:00,2025-04-15,08:03,14,46,60
117,2025-04-14T16:20:00+00:00,2025-04-15,02:20,3,0,3
6,2025-04-14T22:04:00+00:00,2025-04-15,08:04,29,32,61
141,2025-04-14T16:10:00+00:00,2025-04-15,02:10,2,2,4
6,2025-04-14T22:06:00+00:00,2025-04-15,08:06,9,39,48
3,2025-04-14T16:01:00+00:00,2025-04-15,02:01,1,0,1
8,2025-04-14T21:10:00+00:00,2025-04-15,07:10,2,2,4
3,2025-04-14T16:05:00+00:00,2025-04-15,02:05,1,1,2
8,2025-04-14T21:17:00+00:00,2025-04-15,07:17,2,4,6
4,2025-04-14T16:01:00+00:00,2025-04-15,02:01,2,1,3
8,2025-04-14T21:20:00+00:00,2025-04-15,07:20,4,1,5
4,2025-04-14T16:09:00+00:00,2025-04-15,02:09,1,0,1
8,2025-04-14T21:29:00+00:00,2025-04-15,07:29,6,0,6
6,2025-04-14T16:02:00+00:00,2025-04-15,02:02,0,1,1
8,2025-04-14T21:30:00+00:00,2025-04-15,07:30,3,1,4
6,2025-04-14T16:03:00+00:00,2025-04-15,02:03,0,1,1
8,2025-04-14T21:32:00+00:00,2025-04-15,07:32,2,3,5
6,2025-04-14T16:04:00+00:00,2025-04-15,02:04,1,2,3
8,2025-04-14T21:34:00+00:00,2025-04-15,07:34,1,3,4
21,2025-04-14T15:55:00+00:00,2025-04-15,01:55,2,0,2
8,2025-04-14T21:35:00+00:00,2025-04-15,07:35,4,2,6
21,2025-04-14T16:05:00+00:00,2025-04-15,02:05,2,0,2
8,2025-04-14T21:36:00+00:00,2025-04-15,07:36,2,5,7
31,2025-04-14T16:06:00+00:00,2025-04-15,02:06,0,1,1
8,2025-04-14T21:39:00+00:00,2025-04-15,07:39,2,2,4
36,2025-04-14T15:58:00+00:00,2025-04-15,01:58,0,2,2
8,2025-04-14T21:45:00+00:00,2025-04-15,07:45,1,2,3
41,2025-04-14T15:59:00+00:00,2025-04-15,01:59,1,0,1
8,2025-04-14T21:47:00+00:00,2025-04-15,07:47,8,3,11
45,2025-04-14T15:58:00+00:00,2025-04-15,01:58,0,1,1
8,2025-04-14T21:50:00+00:00,2025-04-15,07:50,5,3,8
45,2025-04-14T16:03:00+00:00,2025-04-15,02:03,1,0,1
8,2025-04-14T21:53:00+00:00,2025-04-15,07:53,9,2,11
47,2025-04-14T16:03:00+00:00,2025-04-15,02:03,2,0,2
8,2025-04-14T21:57:00+00:00,2025-04-15,07:57,10,0,10
47,2025-04-14T16:08:00+00:00,2025-04-15,02:08,0,1,1
8,2025-04-14T22:00:00+00:00,2025-04-15,08:00,8,0,8
59,2025-04-14T15:55:00+00:00,2025-04-15,01:55,2,2,4
8,2025-04-14T22:01:00+00:00,2025-04-15,08:01,7,3,10
59,2025-04-14T16:00:00+00:00,2025-04-15,02:00,3,3,6
8,2025-04-14T22:04:00+00:00,2025-04-15,08:04,2,3,5
59,2025-04-14T16:05:00+00:00,2025-04-15,02:05,1,0,1
8,2025-04-14T22:10:00+00:00,2025-04-15,08:10,8,2,10
61,2025-04-14T15:59:00+00:00,2025-04-15,01:59,0,1,1
14,2025-04-14T21:10:00+00:00,2025-04-15,07:10,5,4,9
61,2025-04-14T16:01:00+00:00,2025-04-15,02:01,2,0,2
14,2025-04-14T21:11:00+00:00,2025-04-15,07:11,1,6,7
61,2025-04-14T16:04:00+00:00,2025-04-15,02:04,1,0,1
14,2025-04-14T21:15:00+00:00,2025-04-15,07:15,1,3,4
61,2025-04-14T16:09:00+00:00,2025-04-15,02:09,1,0,1
14,2025-04-14T21:16:00+00:00,2025-04-15,07:16,0,1,1
66,2025-04-14T16:01:00+00:00,2025-04-15,02:01,1,0,1
14,2025-04-14T21:17:00+00:00,2025-04-15,07:17,1,3,4
66,2025-04-14T16:03:00+00:00,2025-04-15,02:03,0,2,2
14,2025-04-14T21:18:00+00:00,2025-04-15,07:18,0,4,4
66,2025-04-14T16:06:00+00:00,2025-04-15,02:06,0,2,2
14,2025-04-14T21:19:00+00:00,2025-04-15,07:19,3,4,7
84,2025-04-14T16:05:00+00:00,2025-04-15,02:05,1,5,6
14,2025-04-14T21:20:00+00:00,2025-04-15,07:20,3,1,4
132,2025-04-14T15:55:00+00:00,2025-04-15,01:55,2,5,7
14,2025-04-14T21:21:00+00:00,2025-04-15,07:21,2,3,5
135,2025-04-14T15:55:00+00:00,2025-04-15,01:55,0,1,1
14,2025-04-14T21:23:00+00:00,2025-04-15,07:23,3,2,5
143,2025-04-14T16:00:00+00:00,2025-04-15,02:00,2,1,3
14,2025-04-14T21:26:00+00:00,2025-04-15,07:26,3,2,5
162,2025-04-14T15:55:00+00:00,2025-04-15,01:55,0,1,1
14,2025-04-14T21:33:00+00:00,2025-04-15,07:33,1,1,2
165,2025-04-14T15:55:00+00:00,2025-04-15,01:55,0,1,1
14,2025-04-14T21:35:00+00:00,2025-04-15,07:35,3,9,12
165,2025-04-14T16:00:00+00:00,2025-04-15,02:00,1,0,1
14,2025-04-14T21:36:00+00:00,2025-04-15,07:36,2,6,8
2,2025-04-14T16:00:00+00:00,2025-04-15,02:00,1,0,1
14,2025-04-14T21:37:00+00:00,2025-04-15,07:37,1,6,7
2,2025-04-14T16:03:00+00:00,2025-04-15,02:03,1,0,1
14,2025-04-14T21:44:00+00:00,2025-04-15,07:44,6,2,8
17,2025-04-14T16:04:00+00:00,2025-04-15,02:04,1,1,2
14,2025-04-14T21:45:00+00:00,2025-04-15,07:45,2,6,8
20,2025-04-14T15:55:00+00:00,2025-04-15,01:55,0,1,1
14,2025-04-14T21:46:00+00:00,2025-04-15,07:46,2,16,18
20,2025-04-14T16:02:00+00:00,2025-04-15,02:02,0,2,2
14,2025-04-14T21:49:00+00:00,2025-04-15,07:49,1,7,8
20,2025-04-14T16:04:00+00:00,2025-04-15,02:04,1,0,1
14,2025-04-14T21:51:00+00:00,2025-04-15,07:51,1,9,10
24,2025-04-14T15:58:00+00:00,2025-04-15,01:58,1,0,1
14,2025-04-14T21:52:00+00:00,2025-04-15,07:52,5,5,10
25,2025-04-14T16:05:00+00:00,2025-04-15,02:05,0,1,1
14,2025-04-14T21:53:00+00:00,2025-04-15,07:53,3,14,17
30,2025-04-14T16:03:00+00:00,2025-04-15,02:03,1,0,1
14,2025-04-14T21:55:00+00:00,2025-04-15,07:55,3,4,7
49,2025-04-14T15:55:00+00:00,2025-04-15,01:55,2,2,4
14,2025-04-14T21:56:00+00:00,2025-04-15,07:56,7,1,8
49,2025-04-14T16:07:00+00:00,2025-04-15,02:07,1,0,1
14,2025-04-14T21:59:00+00:00,2025-04-15,07:59,6,9,15
49,2025-04-14T16:09:00+00:00,2025-04-15,02:09,0,3,3
14,2025-04-14T22:00:00+00:00,2025-04-15,08:00,5,4,9
51,2025-04-14T15:55:00+00:00,2025-04-15,01:55,1,0,1
14,2025-04-14T22:05:00+00:00,2025-04-15,08:05,3,5,8
51,2025-04-14T16:08:00+00:00,2025-04-15,02:08,0,1,1
14,2025-04-14T22:07:00+00:00,2025-04-15,08:07,9,7,16
52,2025-04-14T15:56:00+00:00,2025-04-15,01:56,2,0,2
14,2025-04-14T22:08:00+00:00,2025-04-15,08:08,4,7,11
52,2025-04-14T15:59:00+00:00,2025-04-15,01:59,1,0,1
21,2025-04-14T21:10:00+00:00,2025-04-15,07:10,2,1,3
56,2025-04-14T15:58:00+00:00,2025-04-15,01:58,1,0,1
21,2025-04-14T21:30:00+00:00,2025-04-15,07:30,2,2,4
56,2025-04-14T15:59:00+00:00,2025-04-15,01:59,0,1,1
21,2025-04-14T21:45:00+00:00,2025-04-15,07:45,10,5,15
56,2025-04-14T16:00:00+00:00,2025-04-15,02:00,0,2,2
21,2025-04-14T21:50:00+00:00,2025-04-15,07:50,9,2,11
58,2025-04-14T15:55:00+00:00,2025-04-15,01:55,2,0,2
21,2025-04-14T22:00:00+00:00,2025-04-15,08:00,7,4,11
58,2025-04-14T15:58:00+00:00,2025-04-15,01:58,1,0,1
21,2025-04-14T22:05:00+00:00,2025-04-15,08:05,11,5,16
62,2025-04-14T15:58:00+00:00,2025-04-15,01:58,2,2,4
28,2025-04-14T21:11:00+00:00,2025-04-15,07:11,6,1,7
62,2025-04-14T15:59:00+00:00,2025-04-15,01:59,1,0,1
28,2025-04-14T21:14:00+00:00,2025-04-15,07:14,5,1,6
62,2025-04-14T16:05:00+00:00,2025-04-15,02:05,1,0,1
28,2025-04-14T21:16:00+00:00,2025-04-15,07:16,6,3,9
63,2025-04-14T15:55:00+00:00,2025-04-15,01:55,0,1,1
28,2025-04-14T21:20:00+00:00,2025-04-15,07:20,12,7,19
63,2025-04-14T16:07:00+00:00,2025-04-15,02:07,0,2,2
28,2025-04-14T21:21:00+00:00,2025-04-15,07:21,9,5,14
86,2025-04-14T16:00:00+00:00,2025-04-15,02:00,1,0,1
28,2025-04-14T21:29:00+00:00,2025-04-15,07:29,7,2,9
109,2025-04-14T15:55:00+00:00,2025-04-15,01:55,3,2,5
28,2025-04-14T21:38:00+00:00,2025-04-15,07:38,7,2,9
109,2025-04-14T16:00:00+00:00,2025-04-15,02:00,3,0,3
28,2025-04-14T21:39:00+00:00,2025-04-15,07:39,5,3,8
117,2025-04-14T16:05:00+00:00,2025-04-15,02:05,3,0,3
28,2025-04-14T21:43:00+00:00,2025-04-15,07:43,9,0,9
141,2025-04-14T16:00:00+00:00,2025-04-15,02:00,2,6,8
28,2025-04-14T21:45:00+00:00,2025-04-15,07:45,9,3,12
28,2025-04-14T21:46:00+00:00,2025-04-15,07:46,6,1,7
28,2025-04-14T21:47:00+00:00,2025-04-15,07:47,10,3,13
28,2025-04-14T21:53:00+00:00,2025-04-15,07:53,7,0,7
28,2025-04-14T21:54:00+00:00,2025-04-15,07:54,10,7,17
28,2025-04-14T21:56:00+00:00,2025-04-15,07:56,8,7,15
28,2025-04-14T22:01:00+00:00,2025-04-15,08:01,3,3,6
28,2025-04-14T22:03:00+00:00,2025-04-15,08:03,9,5,14
29,2025-04-14T21:15:00+00:00,2025-04-15,07:15,2,1,3
181,2025-04-14T16:11:00+00:00,2025-04-15,02:11,0,2,2
29,2025-04-14T21:17:00+00:00,2025-04-15,07:17,1,1,2
181,2025-04-14T16:16:00+00:00,2025-04-15,02:16,0,2,2
29,2025-04-14T21:18:00+00:00,2025-04-15,07:18,1,1,2
181,2025-04-14T16:20:00+00:00,2025-04-15,02:20,0,2,2
29,2025-04-14T21:22:00+00:00,2025-04-15,07:22,1,1,2
29,2025-04-14T21:23:00+00:00,2025-04-15,07:23,5,7,12
29,2025-04-14T21:32:00+00:00,2025-04-15,07:32,1,0,1
29,2025-04-14T21:34:00+00:00,2025-04-15,07:34,4,1,5
29,2025-04-14T21:38:00+00:00,2025-04-15,07:38,1,4,5
29,2025-04-14T21:41:00+00:00,2025-04-15,07:41,1,1,2
29,2025-04-14T21:45:00+00:00,2025-04-15,07:45,1,2,3
29,2025-04-14T21:50:00+00:00,2025-04-15,07:50,3,3,6
29,2025-04-14T21:51:00+00:00,2025-04-15,07:51,5,1,6
29,2025-04-14T21:52:00+00:00,2025-04-15,07:52,2,1,3
181,2025-04-14T15:59:00+00:00,2025-04-15,01:59,5,0,5
29,2025-04-14T21:55:00+00:00,2025-04-15,07:55,6,2,8
181,2025-04-14T16:06:00+00:00,2025-04-15,02:06,1,0,1
29,2025-04-14T21:58:00+00:00,2025-04-15,07:58,5,1,6
29,2025-04-14T22:01:00+00:00,2025-04-15,08:01,1,4,5
29,2025-04-14T22:03:00+00:00,2025-04-15,08:03,4,0,4
29,2025-04-14T22:06:00+00:00,2025-04-15,08:06,7,3,10
29,2025-04-14T22:09:00+00:00,2025-04-15,08:09,3,2,5
3,2025-04-14T16:26:00+00:00,2025-04-15,02:26,1,0,1
31,2025-04-14T21:13:00+00:00,2025-04-15,07:13,0,1,1
4,2025-04-14T16:28:00+00:00,2025-04-15,02:28,1,0,1
31,2025-04-14T21:34:00+00:00,2025-04-15,07:34,2,0,2
4,2025-04-14T16:37:00+00:00,2025-04-15,02:37,0,1,1
31,2025-04-14T21:36:00+00:00,2025-04-15,07:36,0,3,3
6,2025-04-14T16:39:00+00:00,2025-04-15,02:39,0,3,3
31,2025-04-14T21:39:00+00:00,2025-04-15,07:39,0,1,1
21,2025-04-14T16:25:00+00:00,2025-04-15,02:25,4,0,4
31,2025-04-14T21:50:00+00:00,2025-04-15,07:50,1,0,1
29,2025-04-14T16:34:00+00:00,2025-04-15,02:34,1,0,1
31,2025-04-14T21:58:00+00:00,2025-04-15,07:58,0,1,1
37,2025-04-14T16:26:00+00:00,2025-04-15,02:26,1,0,1
31,2025-04-14T22:05:00+00:00,2025-04-15,08:05,3,0,3
40,2025-04-14T16:35:00+00:00,2025-04-15,02:35,0,1,1
36,2025-04-14T21:12:00+00:00,2025-04-15,07:12,1,0,1
40,2025-04-14T16:36:00+00:00,2025-04-15,02:36,0,1,1
36,2025-04-14T21:17:00+00:00,2025-04-15,07:17,3,1,4
41,2025-04-14T16:25:00+00:00,2025-04-15,02:25,1,0,1
36,2025-04-14T21:18:00+00:00,2025-04-15,07:18,2,0,2
41,2025-04-14T16:33:00+00:00,2025-04-15,02:33,2,0,2
36,2025-04-14T21:22:00+00:00,2025-04-15,07:22,0,2,2
45,2025-04-14T16:30:00+00:00,2025-04-15,02:30,1,1,2
36,2025-04-14T21:23:00+00:00,2025-04-15,07:23,5,1,6
47,2025-04-14T16:36:00+00:00,2025-04-15,02:36,0,3,3
36,2025-04-14T21:24:00+00:00,2025-04-15,07:24,2,1,3
47,2025-04-14T16:38:00+00:00,2025-04-15,02:38,1,0,1
36,2025-04-14T21:26:00+00:00,2025-04-15,07:26,1,0,1
47,2025-04-14T16:39:00+00:00,2025-04-15,02:39,1,0,1
36,2025-04-14T21:27:00+00:00,2025-04-15,07:27,4,1,5
54,2025-04-14T16:26:00+00:00,2025-04-15,02:26,1,0,1
36,2025-04-14T21:28:00+00:00,2025-04-15,07:28,0,2,2
54,2025-04-14T16:35:00+00:00,2025-04-15,02:35,0,1,1
36,2025-04-14T21:30:00+00:00,2025-04-15,07:30,1,2,3
59,2025-04-14T16:30:00+00:00,2025-04-15,02:30,1,2,3
36,2025-04-14T21:31:00+00:00,2025-04-15,07:31,1,2,3
59,2025-04-14T16:35:00+00:00,2025-04-15,02:35,0,1,1
36,2025-04-14T21:32:00+00:00,2025-04-15,07:32,2,1,3
66,2025-04-14T16:31:00+00:00,2025-04-15,02:31,0,2,2
36,2025-04-14T21:34:00+00:00,2025-04-15,07:34,2,4,6
66,2025-04-14T16:34:00+00:00,2025-04-15,02:34,0,1,1
36,2025-04-14T21:45:00+00:00,2025-04-15,07:45,3,1,4
77,2025-04-14T16:35:00+00:00,2025-04-15,02:35,2,0,2
36,2025-04-14T21:48:00+00:00,2025-04-15,07:48,1,1,2
84,2025-04-14T16:35:00+00:00,2025-04-15,02:35,0,1,1
36,2025-04-14T21:51:00+00:00,2025-04-15,07:51,2,1,3
107,2025-04-14T16:30:00+00:00,2025-04-15,02:30,0,1,1
36,2025-04-14T21:55:00+00:00,2025-04-15,07:55,3,1,4
108,2025-04-14T16:27:00+00:00,2025-04-15,02:27,0,1,1
36,2025-04-14T21:58:00+00:00,2025-04-15,07:58,0,3,3
131,2025-04-14T16:30:00+00:00,2025-04-15,02:30,1,1,2
36,2025-04-14T22:03:00+00:00,2025-04-15,08:03,3,2,5
132,2025-04-14T16:25:00+00:00,2025-04-15,02:25,0,3,3
36,2025-04-14T22:04:00+00:00,2025-04-15,08:04,2,5,7
133,2025-04-14T16:25:00+00:00,2025-04-15,02:25,0,2,2
36,2025-04-14T22:09:00+00:00,2025-04-15,08:09,1,3,4
133,2025-04-14T16:35:00+00:00,2025-04-15,02:35,1,0,1
37,2025-04-14T21:18:00+00:00,2025-04-15,07:18,0,1,1
143,2025-04-14T16:25:00+00:00,2025-04-15,02:25,1,0,1
37,2025-04-14T21:36:00+00:00,2025-04-15,07:36,1,0,1
162,2025-04-14T16:35:00+00:00,2025-04-15,02:35,1,1,2
37,2025-04-14T21:50:00+00:00,2025-04-15,07:50,0,1,1
10,2025-04-14T16:25:00+00:00,2025-04-15,02:25,1,0,1
37,2025-04-14T21:53:00+00:00,2025-04-15,07:53,0,1,1
17,2025-04-14T16:29:00+00:00,2025-04-15,02:29,1,0,1
37,2025-04-14T21:54:00+00:00,2025-04-15,07:54,0,1,1
20,2025-04-14T16:30:00+00:00,2025-04-15,02:30,1,2,3
37,2025-04-14T21:56:00+00:00,2025-04-15,07:56,0,1,1
30,2025-04-14T16:37:00+00:00,2025-04-15,02:37,1,0,1
37,2025-04-14T21:58:00+00:00,2025-04-15,07:58,1,2,3
30,2025-04-14T16:38:00+00:00,2025-04-15,02:38,1,0,1
37,2025-04-14T22:01:00+00:00,2025-04-15,08:01,0,1,1
49,2025-04-14T16:25:00+00:00,2025-04-15,02:25,1,0,1
37,2025-04-14T22:10:00+00:00,2025-04-15,08:10,0,1,1
49,2025-04-14T16:27:00+00:00,2025-04-15,02:27,0,4,4
39,2025-04-14T21:13:00+00:00,2025-04-15,07:13,1,0,1
49,2025-04-14T16:34:00+00:00,2025-04-15,02:34,0,4,4
39,2025-04-14T21:19:00+00:00,2025-04-15,07:19,2,1,3
49,2025-04-14T16:36:00+00:00,2025-04-15,02:36,0,1,1
39,2025-04-14T21:27:00+00:00,2025-04-15,07:27,1,1,2
52,2025-04-14T16:37:00+00:00,2025-04-15,02:37,0,1,1
39,2025-04-14T21:28:00+00:00,2025-04-15,07:28,2,0,2
56,2025-04-14T16:26:00+00:00,2025-04-15,02:26,1,0,1
39,2025-04-14T21:31:00+00:00,2025-04-15,07:31,0,1,1
56,2025-04-14T16:31:00+00:00,2025-04-15,02:31,0,1,1
39,2025-04-14T21:36:00+00:00,2025-04-15,07:36,0,1,1
58,2025-04-14T16:27:00+00:00,2025-04-15,02:27,1,0,1
39,2025-04-14T21:41:00+00:00,2025-04-15,07:41,2,2,4
58,2025-04-14T16:29:00+00:00,2025-04-15,02:29,1,0,1
39,2025-04-14T21:56:00+00:00,2025-04-15,07:56,4,2,6
58,2025-04-14T16:33:00+00:00,2025-04-15,02:33,0,2,2
39,2025-04-14T21:59:00+00:00,2025-04-15,07:59,2,0,2
58,2025-04-14T16:36:00+00:00,2025-04-15,02:36,0,1,1
39,2025-04-14T22:03:00+00:00,2025-04-15,08:03,2,3,5
62,2025-04-14T16:36:00+00:00,2025-04-15,02:36,2,0,2
39,2025-04-14T22:08:00+00:00,2025-04-15,08:08,2,1,3
79,2025-04-14T16:25:00+00:00,2025-04-15,02:25,0,4,4
39,2025-04-14T22:10:00+00:00,2025-04-15,08:10,2,5,7
79,2025-04-14T16:32:00+00:00,2025-04-15,02:32,0,2,2
40,2025-04-14T21:10:00+00:00,2025-04-15,07:10,1,2,3
79,2025-04-14T16:33:00+00:00,2025-04-15,02:33,0,3,3
40,2025-04-14T21:12:00+00:00,2025-04-15,07:12,2,5,7
40,2025-04-14T21:19:00+00:00,2025-04-15,07:19,2,2,4
40,2025-04-14T21:22:00+00:00,2025-04-15,07:22,1,0,1
40,2025-04-14T21:27:00+00:00,2025-04-15,07:27,1,1,2
40,2025-04-14T21:29:00+00:00,2025-04-15,07:29,2,2,4
40,2025-04-14T21:32:00+00:00,2025-04-15,07:32,3,1,4
40,2025-04-14T21:34:00+00:00,2025-04-15,07:34,3,1,4
40,2025-04-14T21:39:00+00:00,2025-04-15,07:39,3,2,5
40,2025-04-14T21:40:00+00:00,2025-04-15,07:40,2,2,4
40,2025-04-14T21:44:00+00:00,2025-04-15,07:44,2,4,6
181,2025-04-14T16:30:00+00:00,2025-04-15,02:30,1,0,1
40,2025-04-14T21:47:00+00:00,2025-04-15,07:47,1,1,2
40,2025-04-14T21:49:00+00:00,2025-04-15,07:49,3,1,4
40,2025-04-14T21:50:00+00:00,2025-04-15,07:50,5,4,9
40,2025-04-14T21:54:00+00:00,2025-04-15,07:54,5,3,8
40,2025-04-14T21:57:00+00:00,2025-04-15,07:57,3,1,4
40,2025-04-14T21:58:00+00:00,2025-04-15,07:58,2,2,4
40,2025-04-14T22:00:00+00:00,2025-04-15,08:00,3,5,8
40,2025-04-14T22:01:00+00:00,2025-04-15,08:01,3,7,10
40,2025-04-14T22:04:00+00:00,2025-04-15,08:04,5,2,7
40,2025-04-14T22:08:00+00:00,2025-04-15,08:08,2,0,2
41,2025-04-14T21:11:00+00:00,2025-04-15,07:11,12,3,15
41,2025-04-14T21:12:00+00:00,2025-04-15,07:12,11,4,15
41,2025-04-14T21:14:00+00:00,2025-04-15,07:14,14,3,17
41,2025-04-14T21:15:00+00:00,2025-04-15,07:15,10,3,13
41,2025-04-14T21:23:00+00:00,2025-04-15,07:23,3,6,9
41,2025-04-14T21:29:00+00:00,2025-04-15,07:29,18,3,21
41,2025-04-14T21:31:00+00:00,2025-04-15,07:31,16,3,19
41,2025-04-14T21:32:00+00:00,2025-04-15,07:32,21,19,40
41,2025-04-14T21:34:00+00:00,2025-04-15,07:34,13,4,17
41,2025-04-14T21:35:00+00:00,2025-04-15,07:35,28,2,30
41,2025-04-14T21:37:00+00:00,2025-04-15,07:37,18,11,29
41,2025-04-14T21:39:00+00:00,2025-04-15,07:39,20,8,28
41,2025-04-14T21:40:00+00:00,2025-04-15,07:40,14,2,16
41,2025-04-14T21:41:00+00:00,2025-04-15,07:41,18,4,22
41,2025-04-14T21:45:00+00:00,2025-04-15,07:45,23,4,27
41,2025-04-14T21:46:00+00:00,2025-04-15,07:46,33,10,43
41,2025-04-14T21:49:00+00:00,2025-04-15,07:49,27,8,35
41,2025-04-14T21:51:00+00:00,2025-04-15,07:51,17,1,18
41,2025-04-14T22:00:00+00:00,2025-04-15,08:00,13,15,28
41,2025-04-14T22:10:00+00:00,2025-04-15,08:10,16,2,18
42,2025-04-14T21:10:00+00:00,2025-04-15,07:10,3,3,6
42,2025-04-14T21:14:00+00:00,2025-04-15,07:14,0,1,1
42,2025-04-14T21:18:00+00:00,2025-04-15,07:18,0,1,1
42,2025-04-14T21:24:00+00:00,2025-04-15,07:24,0,3,3
42,2025-04-14T21:26:00+00:00,2025-04-15,07:26,2,1,3
42,2025-04-14T21:30:00+00:00,2025-04-15,07:30,1,1,2
42,2025-04-14T21:31:00+00:00,2025-04-15,07:31,0,5,5
42,2025-04-14T21:32:00+00:00,2025-04-15,07:32,0,3,3
42,2025-04-14T21:37:00+00:00,2025-04-15,07:37,3,3,6
42,2025-04-14T21:39:00+00:00,2025-04-15,07:39,0,1,1
42,2025-04-14T21:40:00+00:00,2025-04-15,07:40,0,9,9
42,2025-04-14T21:43:00+00:00,2025-04-15,07:43,2,0,2
42,2025-04-14T21:44:00+00:00,2025-04-15,07:44,4,0,4
42,2025-04-14T21:46:00+00:00,2025-04-15,07:46,0,7,7
42,2025-04-14T21:50:00+00:00,2025-04-15,07:50,1,3,4
42,2025-04-14T21:52:00+00:00,2025-04-15,07:52,2,2,4
42,2025-04-14T21:53:00+00:00,2025-04-15,07:53,0,2,2
42,2025-04-14T21:55:00+00:00,2025-04-15,07:55,1,2,3
42,2025-04-14T21:56:00+00:00,2025-04-15,07:56,2,1,3
42,2025-04-14T22:03:00+00:00,2025-04-15,08:03,0,1,1
42,2025-04-14T22:04:00+00:00,2025-04-15,08:04,2,3,5
42,2025-04-14T22:06:00+00:00,2025-04-15,08:06,0,5,5
42,2025-04-14T22:08:00+00:00,2025-04-15,08:08,2,1,3
42,2025-04-14T22:10:00+00:00,2025-04-15,08:10,1,2,3
43,2025-04-14T21:15:00+00:00,2025-04-15,07:15,5,1,6
43,2025-04-14T21:40:00+00:00,2025-04-15,07:40,2,2,4
43,2025-04-14T21:55:00+00:00,2025-04-15,07:55,6,9,15
43,2025-04-14T22:00:00+00:00,2025-04-15,08:00,10,5,15
43,2025-04-14T22:05:00+00:00,2025-04-15,08:05,4,4,8
44,2025-04-14T21:10:00+00:00,2025-04-15,07:10,2,1,3
44,2025-04-14T21:15:00+00:00,2025-04-15,07:15,5,0,5
44,2025-04-14T21:20:00+00:00,2025-04-15,07:20,1,2,3
44,2025-04-14T21:35:00+00:00,2025-04-15,07:35,1,2,3
44,2025-04-14T21:55:00+00:00,2025-04-15,07:55,3,8,11
45,2025-04-14T21:11:00+00:00,2025-04-15,07:11,0,1,1
45,2025-04-14T21:12:00+00:00,2025-04-15,07:12,1,1,2
45,2025-04-14T21:13:00+00:00,2025-04-15,07:13,4,0,4
45,2025-04-14T21:15:00+00:00,2025-04-15,07:15,1,0,1
45,2025-04-14T21:18:00+00:00,2025-04-15,07:18,0,4,4
45,2025-04-14T21:28:00+00:00,2025-04-15,07:28,1,2,3
45,2025-04-14T21:30:00+00:00,2025-04-15,07:30,1,4,5
45,2025-04-14T21:33:00+00:00,2025-04-15,07:33,1,5,6
45,2025-04-14T21:38:00+00:00,2025-04-15,07:38,2,1,3
45,2025-04-14T21:42:00+00:00,2025-04-15,07:42,9,4,13
45,2025-04-14T21:43:00+00:00,2025-04-15,07:43,2,11,13
45,2025-04-14T21:46:00+00:00,2025-04-15,07:46,2,5,7
45,2025-04-14T21:48:00+00:00,2025-04-15,07:48,1,6,7
45,2025-04-14T21:49:00+00:00,2025-04-15,07:49,6,7,13
4,2025-04-14T16:43:00+00:00,2025-04-15,02:43,0,1,1
45,2025-04-14T21:50:00+00:00,2025-04-15,07:50,2,4,6
6,2025-04-14T16:51:00+00:00,2025-04-15,02:51,0,1,1
45,2025-04-14T21:51:00+00:00,2025-04-15,07:51,5,7,12
28,2025-04-14T16:42:00+00:00,2025-04-15,02:42,2,0,2
45,2025-04-14T21:56:00+00:00,2025-04-15,07:56,1,5,6
41,2025-04-14T16:50:00+00:00,2025-04-15,02:50,1,1,2
45,2025-04-14T21:59:00+00:00,2025-04-15,07:59,1,1,2
41,2025-04-14T16:54:00+00:00,2025-04-15,02:54,0,1,1
45,2025-04-14T22:02:00+00:00,2025-04-15,08:02,5,3,8
42,2025-04-14T16:48:00+00:00,2025-04-15,02:48,2,0,2
45,2025-04-14T22:03:00+00:00,2025-04-15,08:03,8,1,9
42,2025-04-14T16:49:00+00:00,2025-04-15,02:49,2,0,2
45,2025-04-14T22:06:00+00:00,2025-04-15,08:06,4,0,4
47,2025-04-14T16:46:00+00:00,2025-04-15,02:46,0,2,2
45,2025-04-14T22:07:00+00:00,2025-04-15,08:07,6,4,10
54,2025-04-14T16:46:00+00:00,2025-04-15,02:46,1,0,1
45,2025-04-14T22:09:00+00:00,2025-04-15,08:09,3,3,6
54,2025-04-14T16:48:00+00:00,2025-04-15,02:48,0,1,1
47,2025-04-14T21:10:00+00:00,2025-04-15,07:10,1,1,2
59,2025-04-14T16:45:00+00:00,2025-04-15,02:45,3,0,3
47,2025-04-14T21:12:00+00:00,2025-04-15,07:12,2,8,10
59,2025-04-14T16:50:00+00:00,2025-04-15,02:50,0,2,2
47,2025-04-14T21:14:00+00:00,2025-04-15,07:14,4,1,5
61,2025-04-14T16:47:00+00:00,2025-04-15,02:47,0,1,1
47,2025-04-14T21:15:00+00:00,2025-04-15,07:15,3,3,6
66,2025-04-14T16:40:00+00:00,2025-04-15,02:40,0,1,1
47,2025-04-14T21:19:00+00:00,2025-04-15,07:19,4,4,8
84,2025-04-14T16:45:00+00:00,2025-04-15,02:45,0,2,2
47,2025-04-14T21:20:00+00:00,2025-04-15,07:20,4,2,6
84,2025-04-14T16:50:00+00:00,2025-04-15,02:50,1,0,1
47,2025-04-14T21:22:00+00:00,2025-04-15,07:22,3,5,8
108,2025-04-14T16:43:00+00:00,2025-04-15,02:43,1,0,1
47,2025-04-14T21:23:00+00:00,2025-04-15,07:23,2,0,2
132,2025-04-14T16:45:00+00:00,2025-04-15,02:45,0,1,1
47,2025-04-14T21:24:00+00:00,2025-04-15,07:24,2,3,5
134,2025-04-14T16:50:00+00:00,2025-04-15,02:50,1,3,4
47,2025-04-14T21:26:00+00:00,2025-04-15,07:26,1,1,2
135,2025-04-14T16:45:00+00:00,2025-04-15,02:45,1,2,3
47,2025-04-14T21:31:00+00:00,2025-04-15,07:31,9,4,13
143,2025-04-14T16:40:00+00:00,2025-04-15,02:40,0,1,1
47,2025-04-14T21:34:00+00:00,2025-04-15,07:34,5,10,15
167,2025-04-14T16:45:00+00:00,2025-04-15,02:45,0,1,1
47,2025-04-14T21:40:00+00:00,2025-04-15,07:40,1,7,8
17,2025-04-14T16:52:00+00:00,2025-04-15,02:52,1,0,1
47,2025-04-14T21:41:00+00:00,2025-04-15,07:41,3,1,4
19,2025-04-14T16:43:00+00:00,2025-04-15,02:43,3,0,3
47,2025-04-14T21:45:00+00:00,2025-04-15,07:45,2,7,9
19,2025-04-14T16:49:00+00:00,2025-04-15,02:49,3,0,3
47,2025-04-14T21:46:00+00:00,2025-04-15,07:46,6,16,22
20,2025-04-14T16:41:00+00:00,2025-04-15,02:41,2,1,3
47,2025-04-14T21:47:00+00:00,2025-04-15,07:47,5,5,10
20,2025-04-14T16:47:00+00:00,2025-04-15,02:47,2,0,2
47,2025-04-14T21:54:00+00:00,2025-04-15,07:54,8,7,15
24,2025-04-14T16:52:00+00:00,2025-04-15,02:52,1,0,1
47,2025-04-14T21:58:00+00:00,2025-04-15,07:58,0,6,6
30,2025-04-14T16:44:00+00:00,2025-04-15,02:44,0,2,2
47,2025-04-14T22:03:00+00:00,2025-04-15,08:03,5,7,12
30,2025-04-14T16:47:00+00:00,2025-04-15,02:47,2,0,2
47,2025-04-14T22:05:00+00:00,2025-04-15,08:05,6,1,7
30,2025-04-14T16:54:00+00:00,2025-04-15,02:54,0,3,3
47,2025-04-14T22:06:00+00:00,2025-04-15,08:06,3,10,13
35,2025-04-14T16:45:00+00:00,2025-04-15,02:45,0,1,1
50,2025-04-14T21:13:00+00:00,2025-04-15,07:13,1,1,2
35,2025-04-14T16:49:00+00:00,2025-04-15,02:49,0,1,1
50,2025-04-14T21:15:00+00:00,2025-04-15,07:15,0,2,2
35,2025-04-14T16:51:00+00:00,2025-04-15,02:51,0,1,1
50,2025-04-14T21:16:00+00:00,2025-04-15,07:16,1,0,1
49,2025-04-14T16:41:00+00:00,2025-04-15,02:41,1,1,2
50,2025-04-14T21:25:00+00:00,2025-04-15,07:25,0,3,3
49,2025-04-14T16:42:00+00:00,2025-04-15,02:42,1,0,1
50,2025-04-14T21:29:00+00:00,2025-04-15,07:29,0,1,1
49,2025-04-14T16:44:00+00:00,2025-04-15,02:44,0,3,3
50,2025-04-14T21:48:00+00:00,2025-04-15,07:48,3,1,4
49,2025-04-14T16:50:00+00:00,2025-04-15,02:50,2,0,2
50,2025-04-14T21:50:00+00:00,2025-04-15,07:50,0,2,2
51,2025-04-14T16:43:00+00:00,2025-04-15,02:43,1,0,1
50,2025-04-14T21:55:00+00:00,2025-04-15,07:55,4,0,4
51,2025-04-14T16:50:00+00:00,2025-04-15,02:50,2,0,2
50,2025-04-14T21:56:00+00:00,2025-04-15,07:56,0,2,2
53,2025-04-14T16:42:00+00:00,2025-04-15,02:42,0,2,2
50,2025-04-14T21:58:00+00:00,2025-04-15,07:58,0,1,1
53,2025-04-14T16:53:00+00:00,2025-04-15,02:53,2,0,2
50,2025-04-14T22:02:00+00:00,2025-04-15,08:02,0,1,1
56,2025-04-14T16:50:00+00:00,2025-04-15,02:50,0,1,1
50,2025-04-14T22:10:00+00:00,2025-04-15,08:10,1,1,2
56,2025-04-14T16:52:00+00:00,2025-04-15,02:52,1,0,1
54,2025-04-14T21:11:00+00:00,2025-04-15,07:11,3,0,3
58,2025-04-14T16:42:00+00:00,2025-04-15,02:42,1,0,1
54,2025-04-14T21:13:00+00:00,2025-04-15,07:13,0,1,1
58,2025-04-14T16:50:00+00:00,2025-04-15,02:50,0,4,4
54,2025-04-14T21:14:00+00:00,2025-04-15,07:14,1,1,2
62,2025-04-14T16:45:00+00:00,2025-04-15,02:45,0,1,1
54,2025-04-14T21:18:00+00:00,2025-04-15,07:18,3,0,3
62,2025-04-14T16:54:00+00:00,2025-04-15,02:54,3,0,3
54,2025-04-14T21:22:00+00:00,2025-04-15,07:22,0,1,1
67,2025-04-14T16:43:00+00:00,2025-04-15,02:43,0,1,1
54,2025-04-14T21:24:00+00:00,2025-04-15,07:24,1,0,1
67,2025-04-14T16:48:00+00:00,2025-04-15,02:48,1,0,1
54,2025-04-14T21:25:00+00:00,2025-04-15,07:25,2,1,3
72,2025-04-14T16:40:00+00:00,2025-04-15,02:40,0,1,1
54,2025-04-14T21:27:00+00:00,2025-04-15,07:27,0,1,1
72,2025-04-14T16:48:00+00:00,2025-04-15,02:48,1,0,1
54,2025-04-14T21:28:00+00:00,2025-04-15,07:28,1,1,2
79,2025-04-14T16:43:00+00:00,2025-04-15,02:43,0,1,1
54,2025-04-14T21:32:00+00:00,2025-04-15,07:32,1,1,2
79,2025-04-14T16:44:00+00:00,2025-04-15,02:44,0,1,1
54,2025-04-14T21:38:00+00:00,2025-04-15,07:38,3,0,3
142,2025-04-14T16:50:00+00:00,2025-04-15,02:50,1,0,1
54,2025-04-14T21:43:00+00:00,2025-04-15,07:43,0,2,2
54,2025-04-14T21:45:00+00:00,2025-04-15,07:45,0,5,5
54,2025-04-14T21:51:00+00:00,2025-04-15,07:51,1,3,4
54,2025-04-14T21:52:00+00:00,2025-04-15,07:52,1,1,2
54,2025-04-14T21:57:00+00:00,2025-04-15,07:57,2,1,3
54,2025-04-14T21:58:00+00:00,2025-04-15,07:58,0,1,1
54,2025-04-14T22:00:00+00:00,2025-04-15,08:00,3,0,3
54,2025-04-14T22:02:00+00:00,2025-04-15,08:02,0,7,7
54,2025-04-14T22:03:00+00:00,2025-04-15,08:03,3,1,4
54,2025-04-14T22:10:00+00:00,2025-04-15,08:10,2,1,3
59,2025-04-14T21:20:00+00:00,2025-04-15,07:20,7,3,10
59,2025-04-14T21:40:00+00:00,2025-04-15,07:40,30,8,38
59,2025-04-14T22:05:00+00:00,2025-04-15,08:05,57,18,75
59,2025-04-14T22:10:00+00:00,2025-04-15,08:10,59,9,68
61,2025-04-14T21:13:00+00:00,2025-04-15,07:13,1,4,5
61,2025-04-14T21:14:00+00:00,2025-04-15,07:14,2,2,4
61,2025-04-14T21:17:00+00:00,2025-04-15,07:17,2,1,3
61,2025-04-14T21:21:00+00:00,2025-04-15,07:21,5,1,6
61,2025-04-14T21:26:00+00:00,2025-04-15,07:26,1,4,5
61,2025-04-14T21:33:00+00:00,2025-04-15,07:33,1,5,6
61,2025-04-14T21:39:00+00:00,2025-04-15,07:39,5,4,9
61,2025-04-14T21:41:00+00:00,2025-04-15,07:41,8,3,11
61,2025-04-14T21:46:00+00:00,2025-04-15,07:46,3,3,6
61,2025-04-14T21:48:00+00:00,2025-04-15,07:48,4,1,5
61,2025-04-14T21:50:00+00:00,2025-04-15,07:50,4,2,6
61,2025-04-14T21:51:00+00:00,2025-04-15,07:51,4,2,6
61,2025-04-14T21:52:00+00:00,2025-04-15,07:52,3,7,10
61,2025-04-14T21:53:00+00:00,2025-04-15,07:53,4,2,6
61,2025-04-14T21:54:00+00:00,2025-04-15,07:54,6,6,12
61,2025-04-14T21:59:00+00:00,2025-04-15,07:59,1,3,4
61,2025-04-14T22:01:00+00:00,2025-04-15,08:01,4,3,7
61,2025-04-14T22:03:00+00:00,2025-04-15,08:03,13,4,17
61,2025-04-14T22:05:00+00:00,2025-04-15,08:05,10,5,15
61,2025-04-14T22:06:00+00:00,2025-04-15,08:06,5,4,9
61,2025-04-14T22:07:00+00:00,2025-04-15,08:07,11,8,19
61,2025-04-14T22:09:00+00:00,2025-04-15,08:09,4,8,12
66,2025-04-14T21:14:00+00:00,2025-04-15,07:14,0,3,3
66,2025-04-14T21:17:00+00:00,2025-04-15,07:17,2,4,6
66,2025-04-14T21:20:00+00:00,2025-04-15,07:20,0,1,1
66,2025-04-14T21:24:00+00:00,2025-04-15,07:24,0,6,6
66,2025-04-14T21:25:00+00:00,2025-04-15,07:25,1,2,3
66,2025-04-14T21:26:00+00:00,2025-04-15,07:26,1,2,3
66,2025-04-14T21:27:00+00:00,2025-04-15,07:27,0,2,2
66,2025-04-14T21:31:00+00:00,2025-04-15,07:31,1,1,2
66,2025-04-14T21:32:00+00:00,2025-04-15,07:32,1,4,5
66,2025-04-14T21:35:00+00:00,2025-04-15,07:35,1,0,1
66,2025-04-14T21:37:00+00:00,2025-04-15,07:37,2,3,5
66,2025-04-14T21:41:00+00:00,2025-04-15,07:41,7,12,19
66,2025-04-14T21:48:00+00:00,2025-04-15,07:48,2,12,14
66,2025-04-14T21:49:00+00:00,2025-04-15,07:49,3,2,5
66,2025-04-14T21:50:00+00:00,2025-04-15,07:50,1,5,6
66,2025-04-14T21:51:00+00:00,2025-04-15,07:51,2,14,16
66,2025-04-14T21:54:00+00:00,2025-04-15,07:54,4,10,14
66,2025-04-14T22:03:00+00:00,2025-04-15,08:03,2,10,12
66,2025-04-14T22:04:00+00:00,2025-04-15,08:04,0,6,6
66,2025-04-14T22:07:00+00:00,2025-04-15,08:07,2,3,5
69,2025-04-14T21:14:00+00:00,2025-04-15,07:14,1,0,1
69,2025-04-14T21:20:00+00:00,2025-04-15,07:20,1,1,2
69,2025-04-14T21:22:00+00:00,2025-04-15,07:22,2,0,2
69,2025-04-14T21:36:00+00:00,2025-04-15,07:36,1,0,1
69,2025-04-14T21:38:00+00:00,2025-04-15,07:38,1,0,1
69,2025-04-14T21:39:00+00:00,2025-04-15,07:39,1,0,1
69,2025-04-14T21:40:00+00:00,2025-04-15,07:40,1,0,1
69,2025-04-14T21:43:00+00:00,2025-04-15,07:43,2,1,3
69,2025-04-14T21:44:00+00:00,2025-04-15,07:44,2,1,3
69,2025-04-14T21:56:00+00:00,2025-04-15,07:56,2,0,2
69,2025-04-14T21:57:00+00:00,2025-04-15,07:57,4,1,5
70,2025-04-14T21:13:00+00:00,2025-04-15,07:13,1,0,1
70,2025-04-14T21:19:00+00:00,2025-04-15,07:19,1,0,1
70,2025-04-14T21:23:00+00:00,2025-04-15,07:23,2,1,3
70,2025-04-14T21:28:00+00:00,2025-04-15,07:28,1,2,3
70,2025-04-14T21:29:00+00:00,2025-04-15,07:29,1,0,1
70,2025-04-14T21:33:00+00:00,2025-04-15,07:33,0,1,1
70,2025-04-14T21:36:00+00:00,2025-04-15,07:36,1,0,1
70,2025-04-14T21:45:00+00:00,2025-04-15,07:45,1,1,2
70,2025-04-14T21:46:00+00:00,2025-04-15,07:46,2,0,2
70,2025-04-14T21:53:00+00:00,2025-04-15,07:53,0,1,1
70,2025-04-14T21:58:00+00:00,2025-04-15,07:58,2,0,2
70,2025-04-14T21:59:00+00:00,2025-04-15,07:59,2,0,2
70,2025-04-14T22:01:00+00:00,2025-04-15,08:01,1,1,2
70,2025-04-14T22:05:00+00:00,2025-04-15,08:05,1,1,2
70,2025-04-14T22:09:00+00:00,2025-04-15,08:09,3,3,6
70,2025-04-14T22:10:00+00:00,2025-04-15,08:10,0,1,1
71,2025-04-14T21:19:00+00:00,2025-04-15,07:19,0,1,1
71,2025-04-14T21:22:00+00:00,2025-04-15,07:22,0,1,1
71,2025-04-14T21:23:00+00:00,2025-04-15,07:23,1,0,1
71,2025-04-14T21:44:00+00:00,2025-04-15,07:44,1,0,1
71,2025-04-14T21:48:00+00:00,2025-04-15,07:48,1,1,2
75,2025-04-14T21:23:00+00:00,2025-04-15,07:23,1,1,2
75,2025-04-14T21:25:00+00:00,2025-04-15,07:25,3,0,3
75,2025-04-14T21:26:00+00:00,2025-04-15,07:26,0,1,1
75,2025-04-14T21:32:00+00:00,2025-04-15,07:32,0,1,1
75,2025-04-14T21:40:00+00:00,2025-04-15,07:40,0,2,2
75,2025-04-14T21:45:00+00:00,2025-04-15,07:45,1,0,1
75,2025-04-14T21:47:00+00:00,2025-04-15,07:47,1,1,2
75,2025-04-14T21:48:00+00:00,2025-04-15,07:48,2,1,3
75,2025-04-14T21:49:00+00:00,2025-04-15,07:49,1,2,3
75,2025-04-14T21:50:00+00:00,2025-04-15,07:50,2,0,2
75,2025-04-14T21:51:00+00:00,2025-04-15,07:51,1,0,1
75,2025-04-14T21:56:00+00:00,2025-04-15,07:56,1,0,1
75,2025-04-14T21:59:00+00:00,2025-04-15,07:59,1,0,1
75,2025-04-14T22:01:00+00:00,2025-04-15,08:01,1,0,1
75,2025-04-14T22:07:00+00:00,2025-04-15,08:07,2,0,2
77,2025-04-14T21:15:00+00:00,2025-04-15,07:15,9,11,20
77,2025-04-14T21:25:00+00:00,2025-04-15,07:25,12,19,31
77,2025-04-14T21:30:00+00:00,2025-04-15,07:30,14,8,22
77,2025-04-14T21:40:00+00:00,2025-04-15,07:40,4,14,18
77,2025-04-14T22:00:00+00:00,2025-04-15,08:00,5,23,28
77,2025-04-14T22:05:00+00:00,2025-04-15,08:05,7,14,21
78,2025-04-14T21:10:00+00:00,2025-04-15,07:10,1,3,4
78,2025-04-14T21:12:00+00:00,2025-04-15,07:12,1,0,1
78,2025-04-14T21:15:00+00:00,2025-04-15,07:15,1,1,2
78,2025-04-14T21:24:00+00:00,2025-04-15,07:24,1,0,1
78,2025-04-14T21:26:00+00:00,2025-04-15,07:26,0,1,1
78,2025-04-14T21:28:00+00:00,2025-04-15,07:28,1,1,2
78,2025-04-14T21:29:00+00:00,2025-04-15,07:29,1,0,1
78,2025-04-14T21:33:00+00:00,2025-04-15,07:33,1,2,3
78,2025-04-14T21:35:00+00:00,2025-04-15,07:35,2,1,3
78,2025-04-14T21:41:00+00:00,2025-04-15,07:41,1,2,3
78,2025-04-14T21:42:00+00:00,2025-04-15,07:42,0,1,1
78,2025-04-14T21:43:00+00:00,2025-04-15,07:43,3,0,3
78,2025-04-14T21:50:00+00:00,2025-04-15,07:50,3,1,4
78,2025-04-14T21:51:00+00:00,2025-04-15,07:51,0,1,1
78,2025-04-14T21:57:00+00:00,2025-04-15,07:57,5,0,5
78,2025-04-14T21:59:00+00:00,2025-04-15,07:59,2,2,4
78,2025-04-14T22:00:00+00:00,2025-04-15,08:00,0,1,1
78,2025-04-14T22:01:00+00:00,2025-04-15,08:01,2,1,3
78,2025-04-14T22:03:00+00:00,2025-04-15,08:03,6,1,7
78,2025-04-14T22:04:00+00:00,2025-04-15,08:04,0,1,1
78,2025-04-14T22:06:00+00:00,2025-04-15,08:06,1,0,1
84,2025-04-14T21:25:00+00:00,2025-04-15,07:25,53,17,70
84,2025-04-14T22:00:00+00:00,2025-04-15,08:00,143,43,186
87,2025-04-14T21:10:00+00:00,2025-04-15,07:10,0,1,1
87,2025-04-14T21:16:00+00:00,2025-04-15,07:16,0,2,2
87,2025-04-14T21:18:00+00:00,2025-04-15,07:18,1,0,1
87,2025-04-14T21:29:00+00:00,2025-04-15,07:29,0,1,1
87,2025-04-14T21:35:00+00:00,2025-04-15,07:35,1,0,1
87,2025-04-14T21:38:00+00:00,2025-04-15,07:38,1,0,1
87,2025-04-14T21:43:00+00:00,2025-04-15,07:43,0,3,3
87,2025-04-14T21:46:00+00:00,2025-04-15,07:46,0,1,1
87,2025-04-14T21:53:00+00:00,2025-04-15,07:53,0,1,1
87,2025-04-14T21:55:00+00:00,2025-04-15,07:55,3,2,5
87,2025-04-14T22:02:00+00:00,2025-04-15,08:02,0,1,1
87,2025-04-14T22:07:00+00:00,2025-04-15,08:07,1,1,2
107,2025-04-14T21:30:00+00:00,2025-04-15,07:30,3,0,3
107,2025-04-14T21:35:00+00:00,2025-04-15,07:35,2,12,14
107,2025-04-14T22:10:00+00:00,2025-04-15,08:10,7,20,27
108,2025-04-14T21:10:00+00:00,2025-04-15,07:10,4,8,12
108,2025-04-14T21:14:00+00:00,2025-04-15,07:14,1,14,15
108,2025-04-14T21:17:00+00:00,2025-04-15,07:17,2,4,6
108,2025-04-14T21:18:00+00:00,2025-04-15,07:18,0,6,6
108,2025-04-14T21:19:00+00:00,2025-04-15,07:19,2,23,25
108,2025-04-14T21:20:00+00:00,2025-04-15,07:20,1,12,13
108,2025-04-14T21:27:00+00:00,2025-04-15,07:27,2,13,15
108,2025-04-14T21:28:00+00:00,2025-04-15,07:28,3,21,24
108,2025-04-14T21:29:00+00:00,2025-04-15,07:29,2,19,21
108,2025-04-14T21:37:00+00:00,2025-04-15,07:37,4,17,21
108,2025-04-14T21:42:00+00:00,2025-04-15,07:42,1,11,12
108,2025-04-14T21:51:00+00:00,2025-04-15,07:51,8,21,29
108,2025-04-14T21:53:00+00:00,2025-04-15,07:53,3,28,31
108,2025-04-14T21:58:00+00:00,2025-04-15,07:58,1,21,22
108,2025-04-14T22:01:00+00:00,2025-04-15,08:01,0,31,31
108,2025-04-14T22:02:00+00:00,2025-04-15,08:02,2,29,31
108,2025-04-14T22:06:00+00:00,2025-04-15,08:06,3,12,15
118,2025-04-14T21:20:00+00:00,2025-04-15,07:20,1,2,3
118,2025-04-14T21:25:00+00:00,2025-04-15,07:25,1,0,1
118,2025-04-14T21:45:00+00:00,2025-04-15,07:45,1,0,1
118,2025-04-14T21:55:00+00:00,2025-04-15,07:55,2,1,3
118,2025-04-14T22:10:00+00:00,2025-04-15,08:10,2,3,5
124,2025-04-14T21:40:00+00:00,2025-04-15,07:40,1,0,1
131,2025-04-14T21:50:00+00:00,2025-04-15,07:50,3,2,5
131,2025-04-14T22:00:00+00:00,2025-04-15,08:00,22,5,27
132,2025-04-14T21:10:00+00:00,2025-04-15,07:10,5,3,8
132,2025-04-14T21:15:00+00:00,2025-04-15,07:15,6,3,9
132,2025-04-14T21:20:00+00:00,2025-04-15,07:20,8,2,10
132,2025-04-14T21:30:00+00:00,2025-04-15,07:30,6,2,8
132,2025-04-14T21:35:00+00:00,2025-04-15,07:35,3,5,8
132,2025-04-14T21:50:00+00:00,2025-04-15,07:50,7,4,11
132,2025-04-14T21:55:00+00:00,2025-04-15,07:55,6,11,17
132,2025-04-14T22:10:00+00:00,2025-04-15,08:10,10,3,13
133,2025-04-14T21:15:00+00:00,2025-04-15,07:15,38,42,80
133,2025-04-14T21:55:00+00:00,2025-04-15,07:55,32,32,64
133,2025-04-14T22:05:00+00:00,2025-04-15,08:05,62,47,109
134,2025-04-14T21:15:00+00:00,2025-04-15,07:15,23,27,50
134,2025-04-14T21:35:00+00:00,2025-04-15,07:35,28,23,51
134,2025-04-14T21:45:00+00:00,2025-04-15,07:45,23,16,39
135,2025-04-14T21:10:00+00:00,2025-04-15,07:10,5,6,11
135,2025-04-14T21:30:00+00:00,2025-04-15,07:30,18,33,51
135,2025-04-14T21:35:00+00:00,2025-04-15,07:35,21,20,41
143,2025-04-14T22:05:00+00:00,2025-04-15,08:05,11,16,27
162,2025-04-14T21:20:00+00:00,2025-04-15,07:20,15,8,23
162,2025-04-14T21:25:00+00:00,2025-04-15,07:25,13,9,22
162,2025-04-14T21:30:00+00:00,2025-04-15,07:30,18,13,31
162,2025-04-14T21:50:00+00:00,2025-04-15,07:50,25,15,40
162,2025-04-14T21:55:00+00:00,2025-04-15,07:55,5,9,14
162,2025-04-14T22:10:00+00:00,2025-04-15,08:10,22,14,36
165,2025-04-14T21:10:00+00:00,2025-04-15,07:10,0,2,2
165,2025-04-14T21:15:00+00:00,2025-04-15,07:15,3,2,5
165,2025-04-14T21:35:00+00:00,2025-04-15,07:35,2,4,6
165,2025-04-14T21:50:00+00:00,2025-04-15,07:50,2,2,4
166,2025-04-14T21:15:00+00:00,2025-04-15,07:15,1,0,1
166,2025-04-14T22:00:00+00:00,2025-04-15,08:00,0,3,3
167,2025-04-14T21:20:00+00:00,2025-04-15,07:20,0,5,5
167,2025-04-14T21:25:00+00:00,2025-04-15,07:25,2,0,2
167,2025-04-14T21:30:00+00:00,2025-04-15,07:30,3,5,8
167,2025-04-14T21:45:00+00:00,2025-04-15,07:45,0,10,10
167,2025-04-14T22:05:00+00:00,2025-04-15,08:05,5,5,10
179,2025-04-14T21:45:00+00:00,2025-04-15,07:45,4,1,5
179,2025-04-14T22:10:00+00:00,2025-04-15,08:10,6,2,8
1,2025-04-14T21:11:00+00:00,2025-04-15,07:11,4,2,6
1,2025-04-14T21:13:00+00:00,2025-04-15,07:13,2,2,4
1,2025-04-14T21:14:00+00:00,2025-04-15,07:14,1,0,1
1,2025-04-14T21:16:00+00:00,2025-04-15,07:16,0,2,2
1,2025-04-14T21:23:00+00:00,2025-04-15,07:23,2,2,4
1,2025-04-14T21:27:00+00:00,2025-04-15,07:27,0,2,2
1,2025-04-14T21:28:00+00:00,2025-04-15,07:28,2,1,3
1,2025-04-14T21:29:00+00:00,2025-04-15,07:29,2,1,3
1,2025-04-14T21:41:00+00:00,2025-04-15,07:41,4,3,7
1,2025-04-14T21:42:00+00:00,2025-04-15,07:42,2,1,3
1,2025-04-14T21:44:00+00:00,2025-04-15,07:44,0,1,1
1,2025-04-14T21:45:00+00:00,2025-04-15,07:45,2,7,9
1,2025-04-14T21:50:00+00:00,2025-04-15,07:50,2,1,3
1,2025-04-14T21:51:00+00:00,2025-04-15,07:51,1,10,11
1,2025-04-14T21:56:00+00:00,2025-04-15,07:56,4,1,5
1,2025-04-14T21:57:00+00:00,2025-04-15,07:57,3,3,6
1,2025-04-14T21:58:00+00:00,2025-04-15,07:58,2,4,6
1,2025-04-14T21:59:00+00:00,2025-04-15,07:59,2,1,3
1,2025-04-14T22:04:00+00:00,2025-04-15,08:04,2,1,3
1,2025-04-14T22:06:00+00:00,2025-04-15,08:06,2,4,6
1,2025-04-14T22:08:00+00:00,2025-04-15,08:08,2,1,3
1,2025-04-14T22:09:00+00:00,2025-04-15,08:09,1,3,4
2,2025-04-14T21:10:00+00:00,2025-04-15,07:10,0,2,2
2,2025-04-14T21:11:00+00:00,2025-04-15,07:11,0,1,1
2,2025-04-14T21:14:00+00:00,2025-04-15,07:14,1,1,2
2,2025-04-14T21:18:00+00:00,2025-04-15,07:18,1,6,7
2,2025-04-14T21:20:00+00:00,2025-04-15,07:20,0,1,1
2,2025-04-14T21:21:00+00:00,2025-04-15,07:21,1,0,1
2,2025-04-14T21:22:00+00:00,2025-04-15,07:22,0,1,1
2,2025-04-14T21:25:00+00:00,2025-04-15,07:25,1,1,2
2,2025-04-14T21:28:00+00:00,2025-04-15,07:28,3,2,5
2,2025-04-14T21:29:00+00:00,2025-04-15,07:29,1,0,1
2,2025-04-14T21:37:00+00:00,2025-04-15,07:37,1,2,3
2,2025-04-14T21:38:00+00:00,2025-04-15,07:38,0,3,3
2,2025-04-14T21:40:00+00:00,2025-04-15,07:40,1,1,2
2,2025-04-14T21:41:00+00:00,2025-04-15,07:41,3,1,4
2,2025-04-14T21:44:00+00:00,2025-04-15,07:44,1,4,5
2,2025-04-14T21:52:00+00:00,2025-04-15,07:52,0,1,1
2,2025-04-14T21:59:00+00:00,2025-04-15,07:59,5,1,6
2,2025-04-14T22:05:00+00:00,2025-04-15,08:05,1,1,2
2,2025-04-14T22:07:00+00:00,2025-04-15,08:07,4,5,9
2,2025-04-14T22:08:00+00:00,2025-04-15,08:08,1,2,3
9,2025-04-14T21:12:00+00:00,2025-04-15,07:12,1,8,9
9,2025-04-14T21:14:00+00:00,2025-04-15,07:14,2,26,28
9,2025-04-14T21:16:00+00:00,2025-04-15,07:16,0,8,8
9,2025-04-14T21:17:00+00:00,2025-04-15,07:17,2,5,7
9,2025-04-14T21:22:00+00:00,2025-04-15,07:22,2,10,12
9,2025-04-14T21:24:00+00:00,2025-04-15,07:24,1,11,12
9,2025-04-14T21:27:00+00:00,2025-04-15,07:27,0,18,18
9,2025-04-14T21:32:00+00:00,2025-04-15,07:32,1,33,34
9,2025-04-14T21:33:00+00:00,2025-04-15,07:33,1,27,28
9,2025-04-14T21:35:00+00:00,2025-04-15,07:35,0,15,15
9,2025-04-14T21:37:00+00:00,2025-04-15,07:37,2,13,15
9,2025-04-14T21:38:00+00:00,2025-04-15,07:38,1,16,17
9,2025-04-14T21:39:00+00:00,2025-04-15,07:39,2,26,28
9,2025-04-14T21:40:00+00:00,2025-04-15,07:40,0,27,27
9,2025-04-14T21:43:00+00:00,2025-04-15,07:43,0,24,24
9,2025-04-14T21:51:00+00:00,2025-04-15,07:51,1,34,35
9,2025-04-14T21:53:00+00:00,2025-04-15,07:53,2,27,29
9,2025-04-14T21:54:00+00:00,2025-04-15,07:54,0,50,50
9,2025-04-14T21:56:00+00:00,2025-04-15,07:56,1,50,51
9,2025-04-14T21:57:00+00:00,2025-04-15,07:57,2,44,46
9,2025-04-14T21:58:00+00:00,2025-04-15,07:58,0,42,42
9,2025-04-14T22:02:00+00:00,2025-04-15,08:02,0,33,33
9,2025-04-14T22:04:00+00:00,2025-04-15,08:04,1,38,39
9,2025-04-14T22:05:00+00:00,2025-04-15,08:05,0,44,44
9,2025-04-14T22:08:00+00:00,2025-04-15,08:08,1,43,44
10,2025-04-14T21:11:00+00:00,2025-04-15,07:11,1,3,4
10,2025-04-14T21:12:00+00:00,2025-04-15,07:12,0,3,3
10,2025-04-14T21:15:00+00:00,2025-04-15,07:15,0,1,1
10,2025-04-14T21:20:00+00:00,2025-04-15,07:20,0,3,3
10,2025-04-14T21:22:00+00:00,2025-04-15,07:22,1,0,1
10,2025-04-14T21:23:00+00:00,2025-04-15,07:23,0,3,3
10,2025-04-14T21:24:00+00:00,2025-04-15,07:24,0,2,2
10,2025-04-14T21:25:00+00:00,2025-04-15,07:25,2,3,5
10,2025-04-14T21:30:00+00:00,2025-04-15,07:30,0,3,3
10,2025-04-14T21:36:00+00:00,2025-04-15,07:36,1,2,3
10,2025-04-14T21:40:00+00:00,2025-04-15,07:40,0,1,1
10,2025-04-14T21:41:00+00:00,2025-04-15,07:41,1,1,2
10,2025-04-14T21:42:00+00:00,2025-04-15,07:42,1,1,2
10,2025-04-14T21:43:00+00:00,2025-04-15,07:43,0,4,4
10,2025-04-14T21:45:00+00:00,2025-04-15,07:45,0,6,6
10,2025-04-14T21:48:00+00:00,2025-04-15,07:48,0,3,3
10,2025-04-14T21:49:00+00:00,2025-04-15,07:49,0,4,4
10,2025-04-14T21:56:00+00:00,2025-04-15,07:56,0,2,2
10,2025-04-14T22:02:00+00:00,2025-04-15,08:02,0,4,4
10,2025-04-14T22:03:00+00:00,2025-04-15,08:03,1,3,4
10,2025-04-14T22:04:00+00:00,2025-04-15,08:04,0,3,3
10,2025-04-14T22:06:00+00:00,2025-04-15,08:06,0,2,2
10,2025-04-14T22:07:00+00:00,2025-04-15,08:07,0,1,1
10,2025-04-14T22:09:00+00:00,2025-04-15,08:09,0,3,3
11,2025-04-14T21:11:00+00:00,2025-04-15,07:11,1,0,1
11,2025-04-14T21:12:00+00:00,2025-04-15,07:12,3,0,3
11,2025-04-14T21:16:00+00:00,2025-04-15,07:16,3,0,3
11,2025-04-14T21:18:00+00:00,2025-04-15,07:18,0,2,2
11,2025-04-14T21:19:00+00:00,2025-04-15,07:19,0,1,1
11,2025-04-14T21:20:00+00:00,2025-04-15,07:20,5,3,8
11,2025-04-14T21:23:00+00:00,2025-04-15,07:23,1,3,4
11,2025-04-14T21:24:00+00:00,2025-04-15,07:24,2,1,3
11,2025-04-14T21:29:00+00:00,2025-04-15,07:29,0,1,1
11,2025-04-14T21:34:00+00:00,2025-04-15,07:34,1,3,4
11,2025-04-14T21:39:00+00:00,2025-04-15,07:39,0,1,1
11,2025-04-14T21:44:00+00:00,2025-04-15,07:44,2,0,2
11,2025-04-14T21:46:00+00:00,2025-04-15,07:46,1,1,2
11,2025-04-14T21:49:00+00:00,2025-04-15,07:49,1,0,1
11,2025-04-14T21:59:00+00:00,2025-04-15,07:59,1,1,2
11,2025-04-14T22:01:00+00:00,2025-04-15,08:01,2,0,2
11,2025-04-14T22:04:00+00:00,2025-04-15,08:04,0,1,1
11,2025-04-14T22:09:00+00:00,2025-04-15,08:09,0,2,2
12,2025-04-14T21:15:00+00:00,2025-04-15,07:15,2,2,4
12,2025-04-14T21:17:00+00:00,2025-04-15,07:17,2,1,3
12,2025-04-14T21:18:00+00:00,2025-04-15,07:18,4,4,8
12,2025-04-14T21:26:00+00:00,2025-04-15,07:26,4,2,6
12,2025-04-14T21:27:00+00:00,2025-04-15,07:27,1,3,4
12,2025-04-14T21:28:00+00:00,2025-04-15,07:28,4,0,4
12,2025-04-14T21:31:00+00:00,2025-04-15,07:31,1,1,2
12,2025-04-14T21:38:00+00:00,2025-04-15,07:38,1,2,3
12,2025-04-14T21:40:00+00:00,2025-04-15,07:40,3,0,3
12,2025-04-14T21:41:00+00:00,2025-04-15,07:41,2,2,4
12,2025-04-14T21:42:00+00:00,2025-04-15,07:42,3,2,5
12,2025-04-14T21:45:00+00:00,2025-04-15,07:45,7,5,12
12,2025-04-14T21:47:00+00:00,2025-04-15,07:47,3,2,5
12,2025-04-14T21:48:00+00:00,2025-04-15,07:48,4,8,12
12,2025-04-14T21:52:00+00:00,2025-04-15,07:52,5,1,6
12,2025-04-14T21:56:00+00:00,2025-04-15,07:56,5,3,8
12,2025-04-14T22:00:00+00:00,2025-04-15,08:00,1,1,2
12,2025-04-14T22:02:00+00:00,2025-04-15,08:02,5,0,5
12,2025-04-14T22:05:00+00:00,2025-04-15,08:05,2,3,5
12,2025-04-14T22:08:00+00:00,2025-04-15,08:08,1,2,3
17,2025-04-14T21:11:00+00:00,2025-04-15,07:11,5,2,7
3,2025-04-14T17:04:00+00:00,2025-04-15,03:04,0,1,1
17,2025-04-14T21:14:00+00:00,2025-04-15,07:14,5,1,6
3,2025-04-14T17:05:00+00:00,2025-04-15,03:05,1,0,1
17,2025-04-14T21:16:00+00:00,2025-04-15,07:16,1,0,1
4,2025-04-14T16:56:00+00:00,2025-04-15,02:56,2,0,2
17,2025-04-14T21:17:00+00:00,2025-04-15,07:17,1,0,1
4,2025-04-14T17:05:00+00:00,2025-04-15,03:05,0,3,3
17,2025-04-14T21:18:00+00:00,2025-04-15,07:18,3,3,6
4,2025-04-14T17:06:00+00:00,2025-04-15,03:06,1,1,2
17,2025-04-14T21:20:00+00:00,2025-04-15,07:20,3,1,4
5,2025-04-14T16:55:00+00:00,2025-04-15,02:55,1,0,1
17,2025-04-14T21:21:00+00:00,2025-04-15,07:21,8,4,12
6,2025-04-14T16:56:00+00:00,2025-04-15,02:56,1,0,1
17,2025-04-14T21:22:00+00:00,2025-04-15,07:22,4,1,5
28,2025-04-14T17:03:00+00:00,2025-04-15,03:03,0,1,1
17,2025-04-14T21:24:00+00:00,2025-04-15,07:24,12,5,17
37,2025-04-14T17:00:00+00:00,2025-04-15,03:00,1,0,1
17,2025-04-14T21:26:00+00:00,2025-04-15,07:26,8,3,11
37,2025-04-14T17:07:00+00:00,2025-04-15,03:07,1,0,1
17,2025-04-14T21:30:00+00:00,2025-04-15,07:30,12,1,13
41,2025-04-14T16:59:00+00:00,2025-04-15,02:59,0,2,2
17,2025-04-14T21:31:00+00:00,2025-04-15,07:31,8,3,11
42,2025-04-14T17:02:00+00:00,2025-04-15,03:02,0,3,3
17,2025-04-14T21:32:00+00:00,2025-04-15,07:32,9,3,12
47,2025-04-14T17:07:00+00:00,2025-04-15,03:07,2,0,2
17,2025-04-14T21:35:00+00:00,2025-04-15,07:35,5,0,5
59,2025-04-14T16:55:00+00:00,2025-04-15,02:55,2,0,2
17,2025-04-14T21:38:00+00:00,2025-04-15,07:38,6,3,9
59,2025-04-14T17:05:00+00:00,2025-04-15,03:05,1,0,1
17,2025-04-14T21:43:00+00:00,2025-04-15,07:43,6,4,10
78,2025-04-14T16:56:00+00:00,2025-04-15,02:56,0,1,1
17,2025-04-14T21:53:00+00:00,2025-04-15,07:53,8,3,11
84,2025-04-14T17:05:00+00:00,2025-04-15,03:05,2,2,4
17,2025-04-14T21:54:00+00:00,2025-04-15,07:54,15,2,17
87,2025-04-14T17:02:00+00:00,2025-04-15,03:02,0,2,2
17,2025-04-14T21:55:00+00:00,2025-04-15,07:55,6,2,8
107,2025-04-14T16:55:00+00:00,2025-04-15,02:55,1,0,1
17,2025-04-14T21:58:00+00:00,2025-04-15,07:58,6,1,7
132,2025-04-14T16:55:00+00:00,2025-04-15,02:55,1,0,1
17,2025-04-14T22:01:00+00:00,2025-04-15,08:01,19,0,19
134,2025-04-14T16:55:00+00:00,2025-04-15,02:55,2,1,3
17,2025-04-14T22:02:00+00:00,2025-04-15,08:02,14,1,15
135,2025-04-14T16:55:00+00:00,2025-04-15,02:55,0,2,2
17,2025-04-14T22:03:00+00:00,2025-04-15,08:03,22,1,23
162,2025-04-14T17:00:00+00:00,2025-04-15,03:00,1,2,3
17,2025-04-14T22:10:00+00:00,2025-04-15,08:10,30,5,35
162,2025-04-14T17:05:00+00:00,2025-04-15,03:05,2,1,3
18,2025-04-14T21:17:00+00:00,2025-04-15,07:17,0,2,2
2,2025-04-14T16:56:00+00:00,2025-04-15,02:56,0,3,3
18,2025-04-14T21:23:00+00:00,2025-04-15,07:23,0,7,7
2,2025-04-14T17:05:00+00:00,2025-04-15,03:05,1,0,1
18,2025-04-14T21:26:00+00:00,2025-04-15,07:26,1,4,5
9,2025-04-14T16:57:00+00:00,2025-04-15,02:57,0,3,3
18,2025-04-14T21:34:00+00:00,2025-04-15,07:34,0,8,8
12,2025-04-14T17:06:00+00:00,2025-04-15,03:06,1,0,1
18,2025-04-14T21:38:00+00:00,2025-04-15,07:38,0,5,5
17,2025-04-14T17:04:00+00:00,2025-04-15,03:04,0,1,1
18,2025-04-14T21:43:00+00:00,2025-04-15,07:43,0,12,12
19,2025-04-14T17:04:00+00:00,2025-04-15,03:04,0,1,1
18,2025-04-14T21:46:00+00:00,2025-04-15,07:46,0,3,3
20,2025-04-14T17:04:00+00:00,2025-04-15,03:04,0,3,3
18,2025-04-14T21:54:00+00:00,2025-04-15,07:54,0,9,9
35,2025-04-14T17:08:00+00:00,2025-04-15,03:08,3,0,3
18,2025-04-14T21:57:00+00:00,2025-04-15,07:57,1,4,5
49,2025-04-14T17:01:00+00:00,2025-04-15,03:01,0,1,1
18,2025-04-14T22:00:00+00:00,2025-04-15,08:00,4,22,26
51,2025-04-14T16:55:00+00:00,2025-04-15,02:55,1,0,1
18,2025-04-14T22:03:00+00:00,2025-04-15,08:03,2,9,11
52,2025-04-14T17:05:00+00:00,2025-04-15,03:05,0,1,1
18,2025-04-14T22:04:00+00:00,2025-04-15,08:04,2,11,13
62,2025-04-14T16:58:00+00:00,2025-04-15,02:58,1,0,1
18,2025-04-14T22:06:00+00:00,2025-04-15,08:06,0,22,22
141,2025-04-14T17:00:00+00:00,2025-04-15,03:00,1,0,1
18,2025-04-14T22:09:00+00:00,2025-04-15,08:09,4,14,18
19,2025-04-14T21:10:00+00:00,2025-04-15,07:10,2,1,3
19,2025-04-14T21:14:00+00:00,2025-04-15,07:14,0,1,1
19,2025-04-14T21:19:00+00:00,2025-04-15,07:19,0,1,1
19,2025-04-14T21:20:00+00:00,2025-04-15,07:20,0,1,1
19,2025-04-14T21:22:00+00:00,2025-04-15,07:22,2,0,2
19,2025-04-14T21:26:00+00:00,2025-04-15,07:26,1,0,1
19,2025-04-14T21:28:00+00:00,2025-04-15,07:28,0,1,1
19,2025-04-14T21:38:00+00:00,2025-04-15,07:38,1,0,1
19,2025-04-14T21:40:00+00:00,2025-04-15,07:40,1,0,1
181,2025-04-14T16:55:00+00:00,2025-04-15,02:55,3,2,5
19,2025-04-14T21:44:00+00:00,2025-04-15,07:44,1,0,1
181,2025-04-14T16:56:00+00:00,2025-04-15,02:56,1,2,3
19,2025-04-14T21:46:00+00:00,2025-04-15,07:46,0,2,2
181,2025-04-14T16:57:00+00:00,2025-04-15,02:57,1,0,1
19,2025-04-14T22:03:00+00:00,2025-04-15,08:03,2,0,2
181,2025-04-14T16:58:00+00:00,2025-04-15,02:58,0,5,5
19,2025-04-14T22:04:00+00:00,2025-04-15,08:04,1,0,1
181,2025-04-14T17:04:00+00:00,2025-04-15,03:04,1,0,1
20,2025-04-14T21:36:00+00:00,2025-04-15,07:36,2,0,2
20,2025-04-14T21:37:00+00:00,2025-04-15,07:37,0,1,1
20,2025-04-14T21:39:00+00:00,2025-04-15,07:39,0,1,1
20,2025-04-14T21:44:00+00:00,2025-04-15,07:44,0,1,1
20,2025-04-14T21:48:00+00:00,2025-04-15,07:48,0,1,1
20,2025-04-14T21:49:00+00:00,2025-04-15,07:49,2,0,2
20,2025-04-14T21:51:00+00:00,2025-04-15,07:51,1,2,3
20,2025-04-14T21:52:00+00:00,2025-04-15,07:52,1,1,2
20,2025-04-14T22:00:00+00:00,2025-04-15,08:00,2,1,3
20,2025-04-14T22:01:00+00:00,2025-04-15,08:01,2,0,2
181,2025-04-14T16:41:00+00:00,2025-04-15,02:41,3,2,5
20,2025-04-14T22:02:00+00:00,2025-04-15,08:02,0,2,2
181,2025-04-14T16:42:00+00:00,2025-04-15,02:42,3,1,4
20,2025-04-14T22:09:00+00:00,2025-04-15,08:09,2,0,2
181,2025-04-14T16:43:00+00:00,2025-04-15,02:43,1,2,3
23,2025-04-14T21:14:00+00:00,2025-04-15,07:14,2,2,4
181,2025-04-14T16:44:00+00:00,2025-04-15,02:44,0,1,1
23,2025-04-14T21:19:00+00:00,2025-04-15,07:19,3,4,7
181,2025-04-14T16:49:00+00:00,2025-04-15,02:49,1,1,2
23,2025-04-14T21:23:00+00:00,2025-04-15,07:23,0,5,5
23,2025-04-14T21:24:00+00:00,2025-04-15,07:24,2,8,10
23,2025-04-14T21:25:00+00:00,2025-04-15,07:25,3,0,3
23,2025-04-14T21:27:00+00:00,2025-04-15,07:27,6,1,7
23,2025-04-14T21:29:00+00:00,2025-04-15,07:29,7,0,7
23,2025-04-14T21:30:00+00:00,2025-04-15,07:30,20,3,23
3,2025-04-14T17:17:00+00:00,2025-04-15,03:17,1,0,1
23,2025-04-14T21:31:00+00:00,2025-04-15,07:31,6,3,9
4,2025-04-14T17:14:00+00:00,2025-04-15,03:14,0,1,1
23,2025-04-14T21:32:00+00:00,2025-04-15,07:32,7,2,9
4,2025-04-14T17:19:00+00:00,2025-04-15,03:19,0,1,1
23,2025-04-14T21:34:00+00:00,2025-04-15,07:34,14,1,15
5,2025-04-14T17:15:00+00:00,2025-04-15,03:15,4,0,4
23,2025-04-14T21:35:00+00:00,2025-04-15,07:35,14,5,19
6,2025-04-14T17:11:00+00:00,2025-04-15,03:11,0,1,1
23,2025-04-14T21:40:00+00:00,2025-04-15,07:40,9,3,12
6,2025-04-14T17:15:00+00:00,2025-04-15,03:15,0,1,1
23,2025-04-14T21:50:00+00:00,2025-04-15,07:50,12,7,19
6,2025-04-14T17:20:00+00:00,2025-04-15,03:20,1,0,1
23,2025-04-14T21:51:00+00:00,2025-04-15,07:51,3,2,5
21,2025-04-14T17:10:00+00:00,2025-04-15,03:10,0,1,1
23,2025-04-14T21:57:00+00:00,2025-04-15,07:57,11,3,14
28,2025-04-14T17:19:00+00:00,2025-04-15,03:19,0,1,1
23,2025-04-14T22:08:00+00:00,2025-04-15,08:08,11,2,13
28,2025-04-14T17:22:00+00:00,2025-04-15,03:22,0,2,2
23,2025-04-14T22:10:00+00:00,2025-04-15,08:10,16,3,19
41,2025-04-14T17:21:00+00:00,2025-04-15,03:21,1,1,2
24,2025-04-14T21:11:00+00:00,2025-04-15,07:11,9,1,10
45,2025-04-14T17:23:00+00:00,2025-04-15,03:23,0,4,4
24,2025-04-14T21:14:00+00:00,2025-04-15,07:14,20,7,27
47,2025-04-14T17:14:00+00:00,2025-04-15,03:14,1,0,1
24,2025-04-14T21:16:00+00:00,2025-04-15,07:16,12,3,15
61,2025-04-14T17:17:00+00:00,2025-04-15,03:17,0,1,1
24,2025-04-14T21:19:00+00:00,2025-04-15,07:19,38,1,39
66,2025-04-14T17:10:00+00:00,2025-04-15,03:10,0,1,1
24,2025-04-14T21:25:00+00:00,2025-04-15,07:25,19,0,19
66,2025-04-14T17:21:00+00:00,2025-04-15,03:21,0,1,1
24,2025-04-14T21:27:00+00:00,2025-04-15,07:27,24,5,29
77,2025-04-14T17:10:00+00:00,2025-04-15,03:10,2,0,2
24,2025-04-14T21:36:00+00:00,2025-04-15,07:36,16,2,18
84,2025-04-14T17:15:00+00:00,2025-04-15,03:15,2,1,3
24,2025-04-14T21:39:00+00:00,2025-04-15,07:39,15,0,15
107,2025-04-14T17:20:00+00:00,2025-04-15,03:20,1,0,1
24,2025-04-14T21:41:00+00:00,2025-04-15,07:41,16,2,18
133,2025-04-14T17:15:00+00:00,2025-04-15,03:15,1,0,1
24,2025-04-14T21:45:00+00:00,2025-04-15,07:45,15,10,25
134,2025-04-14T17:20:00+00:00,2025-04-15,03:20,1,1,2
24,2025-04-14T21:49:00+00:00,2025-04-15,07:49,54,4,58
143,2025-04-14T17:15:00+00:00,2025-04-15,03:15,1,0,1
24,2025-04-14T21:51:00+00:00,2025-04-15,07:51,18,2,20
2,2025-04-14T17:22:00+00:00,2025-04-15,03:22,0,1,1
24,2025-04-14T21:52:00+00:00,2025-04-15,07:52,23,3,26
9,2025-04-14T17:14:00+00:00,2025-04-15,03:14,0,2,2
24,2025-04-14T21:54:00+00:00,2025-04-15,07:54,47,3,50
10,2025-04-14T17:16:00+00:00,2025-04-15,03:16,0,1,1
24,2025-04-14T22:01:00+00:00,2025-04-15,08:01,27,4,31
17,2025-04-14T17:22:00+00:00,2025-04-15,03:22,0,1,1
24,2025-04-14T22:02:00+00:00,2025-04-15,08:02,39,3,42
19,2025-04-14T17:10:00+00:00,2025-04-15,03:10,0,2,2
24,2025-04-14T22:05:00+00:00,2025-04-15,08:05,30,1,31
19,2025-04-14T17:11:00+00:00,2025-04-15,03:11,0,1,1
24,2025-04-14T22:07:00+00:00,2025-04-15,08:07,66,8,74
20,2025-04-14T17:10:00+00:00,2025-04-15,03:10,2,0,2
24,2025-04-14T22:08:00+00:00,2025-04-15,08:08,11,8,19
24,2025-04-14T17:14:00+00:00,2025-04-15,03:14,1,0,1
25,2025-04-14T21:35:00+00:00,2025-04-15,07:35,28,32,60
30,2025-04-14T17:23:00+00:00,2025-04-15,03:23,0,1,1
25,2025-04-14T21:40:00+00:00,2025-04-15,07:40,19,22,41
35,2025-04-14T17:18:00+00:00,2025-04-15,03:18,2,0,2
25,2025-04-14T22:10:00+00:00,2025-04-15,08:10,20,28,48
49,2025-04-14T17:11:00+00:00,2025-04-15,03:11,1,0,1
27,2025-04-14T21:13:00+00:00,2025-04-15,07:13,2,0,2
49,2025-04-14T17:19:00+00:00,2025-04-15,03:19,2,0,2
27,2025-04-14T21:18:00+00:00,2025-04-15,07:18,2,0,2
49,2025-04-14T17:22:00+00:00,2025-04-15,03:22,0,2,2
27,2025-04-14T21:19:00+00:00,2025-04-15,07:19,0,1,1
52,2025-04-14T17:12:00+00:00,2025-04-15,03:12,1,0,1
27,2025-04-14T21:21:00+00:00,2025-04-15,07:21,2,1,3
52,2025-04-14T17:17:00+00:00,2025-04-15,03:17,0,1,1
27,2025-04-14T21:28:00+00:00,2025-04-15,07:28,2,0,2
62,2025-04-14T17:18:00+00:00,2025-04-15,03:18,1,0,1
27,2025-04-14T21:32:00+00:00,2025-04-15,07:32,1,1,2
63,2025-04-14T17:14:00+00:00,2025-04-15,03:14,0,1,1
27,2025-04-14T21:35:00+00:00,2025-04-15,07:35,0,3,3
79,2025-04-14T17:16:00+00:00,2025-04-15,03:16,2,0,2
27,2025-04-14T21:42:00+00:00,2025-04-15,07:42,0,5,5
79,2025-04-14T17:23:00+00:00,2025-04-15,03:23,0,1,1
27,2025-04-14T21:44:00+00:00,2025-04-15,07:44,2,0,2
79,2025-04-14T17:24:00+00:00,2025-04-15,03:24,1,1,2
27,2025-04-14T21:54:00+00:00,2025-04-15,07:54,2,0,2
27,2025-04-14T21:58:00+00:00,2025-04-15,07:58,3,0,3
27,2025-04-14T22:09:00+00:00,2025-04-15,08:09,0,4,4
30,2025-04-14T21:11:00+00:00,2025-04-15,07:11,0,3,3
30,2025-04-14T21:14:00+00:00,2025-04-15,07:14,1,0,1
30,2025-04-14T21:16:00+00:00,2025-04-15,07:16,0,2,2
30,2025-04-14T21:19:00+00:00,2025-04-15,07:19,0,1,1
30,2025-04-14T21:20:00+00:00,2025-04-15,07:20,2,1,3
30,2025-04-14T21:23:00+00:00,2025-04-15,07:23,0,1,1
30,2025-04-14T21:26:00+00:00,2025-04-15,07:26,2,1,3
30,2025-04-14T21:31:00+00:00,2025-04-15,07:31,0,2,2
30,2025-04-14T21:38:00+00:00,2025-04-15,07:38,2,2,4
30,2025-04-14T21:40:00+00:00,2025-04-15,07:40,1,2,3
30,2025-04-14T21:48:00+00:00,2025-04-15,07:48,2,2,4
30,2025-04-14T21:49:00+00:00,2025-04-15,07:49,0,5,5
4,2025-04-14T17:35:00+00:00,2025-04-15,03:35,0,1,1
30,2025-04-14T21:51:00+00:00,2025-04-15,07:51,2,0,2
4,2025-04-14T17:38:00+00:00,2025-04-15,03:38,4,0,4
30,2025-04-14T21:53:00+00:00,2025-04-15,07:53,2,2,4
6,2025-04-14T17:37:00+00:00,2025-04-15,03:37,1,0,1
30,2025-04-14T21:57:00+00:00,2025-04-15,07:57,2,2,4
28,2025-04-14T17:31:00+00:00,2025-04-15,03:31,0,1,1
30,2025-04-14T21:59:00+00:00,2025-04-15,07:59,0,4,4
41,2025-04-14T17:33:00+00:00,2025-04-15,03:33,2,0,2
30,2025-04-14T22:02:00+00:00,2025-04-15,08:02,0,3,3
41,2025-04-14T17:34:00+00:00,2025-04-15,03:34,0,1,1
30,2025-04-14T22:04:00+00:00,2025-04-15,08:04,0,2,2
41,2025-04-14T17:36:00+00:00,2025-04-15,03:36,0,2,2
30,2025-04-14T22:05:00+00:00,2025-04-15,08:05,1,0,1
41,2025-04-14T17:39:00+00:00,2025-04-15,03:39,2,0,2
30,2025-04-14T22:06:00+00:00,2025-04-15,08:06,3,1,4
47,2025-04-14T17:27:00+00:00,2025-04-15,03:27,3,0,3
30,2025-04-14T22:08:00+00:00,2025-04-15,08:08,2,1,3
59,2025-04-14T17:35:00+00:00,2025-04-15,03:35,1,1,2
35,2025-04-14T21:10:00+00:00,2025-04-15,07:10,9,9,18
61,2025-04-14T17:31:00+00:00,2025-04-15,03:31,2,0,2
35,2025-04-14T21:13:00+00:00,2025-04-15,07:13,9,8,17
84,2025-04-14T17:25:00+00:00,2025-04-15,03:25,0,1,1
35,2025-04-14T21:22:00+00:00,2025-04-15,07:22,12,12,24
131,2025-04-14T17:35:00+00:00,2025-04-15,03:35,0,1,1
35,2025-04-14T21:26:00+00:00,2025-04-15,07:26,11,22,33
133,2025-04-14T17:30:00+00:00,2025-04-15,03:30,1,0,1
35,2025-04-14T21:29:00+00:00,2025-04-15,07:29,10,10,20
134,2025-04-14T17:30:00+00:00,2025-04-15,03:30,0,1,1
35,2025-04-14T21:31:00+00:00,2025-04-15,07:31,14,15,29
135,2025-04-14T17:25:00+00:00,2025-04-15,03:25,6,1,7
35,2025-04-14T21:35:00+00:00,2025-04-15,07:35,2,16,18
135,2025-04-14T17:35:00+00:00,2025-04-15,03:35,7,0,7
35,2025-04-14T21:41:00+00:00,2025-04-15,07:41,11,12,23
162,2025-04-14T17:25:00+00:00,2025-04-15,03:25,2,1,3
35,2025-04-14T21:43:00+00:00,2025-04-15,07:43,7,9,16
162,2025-04-14T17:30:00+00:00,2025-04-15,03:30,1,2,3
35,2025-04-14T21:44:00+00:00,2025-04-15,07:44,15,22,37
179,2025-04-14T17:35:00+00:00,2025-04-15,03:35,0,1,1
35,2025-04-14T21:46:00+00:00,2025-04-15,07:46,20,20,40
1,2025-04-14T17:29:00+00:00,2025-04-15,03:29,0,1,1
35,2025-04-14T21:50:00+00:00,2025-04-15,07:50,7,9,16
1,2025-04-14T17:34:00+00:00,2025-04-15,03:34,0,2,2
35,2025-04-14T21:51:00+00:00,2025-04-15,07:51,9,20,29
2,2025-04-14T17:37:00+00:00,2025-04-15,03:37,0,5,5
35,2025-04-14T21:53:00+00:00,2025-04-15,07:53,6,26,32
2,2025-04-14T17:39:00+00:00,2025-04-15,03:39,0,1,1
35,2025-04-14T21:57:00+00:00,2025-04-15,07:57,8,28,36
11,2025-04-14T17:34:00+00:00,2025-04-15,03:34,1,0,1
35,2025-04-14T21:58:00+00:00,2025-04-15,07:58,14,31,45
12,2025-04-14T17:35:00+00:00,2025-04-15,03:35,1,0,1
35,2025-04-14T22:00:00+00:00,2025-04-15,08:00,8,15,23
23,2025-04-14T17:35:00+00:00,2025-04-15,03:35,1,0,1
35,2025-04-14T22:02:00+00:00,2025-04-15,08:02,9,19,28
23,2025-04-14T17:38:00+00:00,2025-04-15,03:38,0,1,1
35,2025-04-14T22:03:00+00:00,2025-04-15,08:03,11,19,30
24,2025-04-14T17:32:00+00:00,2025-04-15,03:32,1,2,3
35,2025-04-14T22:04:00+00:00,2025-04-15,08:04,12,37,49
24,2025-04-14T17:33:00+00:00,2025-04-15,03:33,1,0,1
35,2025-04-14T22:05:00+00:00,2025-04-15,08:05,13,38,51
25,2025-04-14T17:30:00+00:00,2025-04-15,03:30,1,0,1
35,2025-04-14T22:07:00+00:00,2025-04-15,08:07,5,23,28
35,2025-04-14T17:26:00+00:00,2025-04-15,03:26,0,1,1
35,2025-04-14T22:08:00+00:00,2025-04-15,08:08,13,26,39
35,2025-04-14T17:32:00+00:00,2025-04-15,03:32,1,0,1
35,2025-04-14T22:09:00+00:00,2025-04-15,08:09,6,19,25
35,2025-04-14T17:35:00+00:00,2025-04-15,03:35,0,2,2
35,2025-04-14T22:10:00+00:00,2025-04-15,08:10,12,13,25
49,2025-04-14T17:28:00+00:00,2025-04-15,03:28,1,0,1
46,2025-04-14T21:10:00+00:00,2025-04-15,07:10,3,3,6
49,2025-04-14T17:32:00+00:00,2025-04-15,03:32,0,2,2
46,2025-04-14T21:35:00+00:00,2025-04-15,07:35,1,3,4
58,2025-04-14T17:30:00+00:00,2025-04-15,03:30,4,0,4
46,2025-04-14T21:45:00+00:00,2025-04-15,07:45,2,2,4
62,2025-04-14T17:26:00+00:00,2025-04-15,03:26,1,0,1
46,2025-04-14T22:00:00+00:00,2025-04-15,08:00,3,2,5
62,2025-04-14T17:34:00+00:00,2025-04-15,03:34,0,1,1
48,2025-04-14T21:10:00+00:00,2025-04-15,07:10,1,3,4
79,2025-04-14T17:25:00+00:00,2025-04-15,03:25,0,2,2
48,2025-04-14T21:13:00+00:00,2025-04-15,07:13,1,1,2
79,2025-04-14T17:31:00+00:00,2025-04-15,03:31,1,0,1
48,2025-04-14T21:20:00+00:00,2025-04-15,07:20,5,2,7
141,2025-04-14T17:25:00+00:00,2025-04-15,03:25,0,1,1
48,2025-04-14T21:21:00+00:00,2025-04-15,07:21,2,3,5
48,2025-04-14T21:26:00+00:00,2025-04-15,07:26,1,0,1
48,2025-04-14T21:27:00+00:00,2025-04-15,07:27,0,1,1
48,2025-04-14T21:30:00+00:00,2025-04-15,07:30,1,1,2
48,2025-04-14T21:34:00+00:00,2025-04-15,07:34,0,2,2
48,2025-04-14T21:56:00+00:00,2025-04-15,07:56,4,3,7
48,2025-04-14T21:57:00+00:00,2025-04-15,07:57,0,2,2
48,2025-04-14T21:59:00+00:00,2025-04-15,07:59,0,3,3
48,2025-04-14T22:00:00+00:00,2025-04-15,08:00,0,2,2
48,2025-04-14T22:01:00+00:00,2025-04-15,08:01,7,0,7
181,2025-04-14T17:25:00+00:00,2025-04-15,03:25,0,1,1
48,2025-04-14T22:04:00+00:00,2025-04-15,08:04,3,2,5
48,2025-04-14T22:09:00+00:00,2025-04-15,08:09,2,0,2
48,2025-04-14T22:10:00+00:00,2025-04-15,08:10,3,2,5
49,2025-04-14T21:18:00+00:00,2025-04-15,07:18,3,1,4
49,2025-04-14T21:19:00+00:00,2025-04-15,07:19,0,1,1
49,2025-04-14T21:23:00+00:00,2025-04-15,07:23,1,0,1
49,2025-04-14T21:25:00+00:00,2025-04-15,07:25,0,2,2
49,2025-04-14T21:26:00+00:00,2025-04-15,07:26,0,1,1
49,2025-04-14T21:27:00+00:00,2025-04-15,07:27,1,0,1
49,2025-04-14T21:30:00+00:00,2025-04-15,07:30,2,1,3
49,2025-04-14T21:31:00+00:00,2025-04-15,07:31,2,0,2
49,2025-04-14T21:32:00+00:00,2025-04-15,07:32,0,1,1
49,2025-04-14T21:38:00+00:00,2025-04-15,07:38,1,0,1
49,2025-04-14T21:39:00+00:00,2025-04-15,07:39,1,3,4
49,2025-04-14T21:40:00+00:00,2025-04-15,07:40,3,1,4
49,2025-04-14T21:42:00+00:00,2025-04-15,07:42,5,2,7
49,2025-04-14T21:45:00+00:00,2025-04-15,07:45,1,3,4
49,2025-04-14T21:46:00+00:00,2025-04-15,07:46,1,2,3
49,2025-04-14T21:48:00+00:00,2025-04-15,07:48,4,1,5
49,2025-04-14T21:52:00+00:00,2025-04-15,07:52,1,1,2
49,2025-04-14T22:07:00+00:00,2025-04-15,08:07,2,5,7
51,2025-04-14T21:13:00+00:00,2025-04-15,07:13,0,2,2
51,2025-04-14T21:17:00+00:00,2025-04-15,07:17,2,0,2
51,2025-04-14T21:21:00+00:00,2025-04-15,07:21,4,0,4
51,2025-04-14T21:23:00+00:00,2025-04-15,07:23,0,2,2
51,2025-04-14T21:25:00+00:00,2025-04-15,07:25,0,1,1
51,2025-04-14T21:26:00+00:00,2025-04-15,07:26,0,1,1
51,2025-04-14T21:38:00+00:00,2025-04-15,07:38,2,0,2
51,2025-04-14T21:47:00+00:00,2025-04-15,07:47,1,2,3
51,2025-04-14T21:49:00+00:00,2025-04-15,07:49,1,1,2
51,2025-04-14T21:51:00+00:00,2025-04-15,07:51,2,0,2
51,2025-04-14T21:56:00+00:00,2025-04-15,07:56,1,0,1
51,2025-04-14T21:59:00+00:00,2025-04-15,07:59,1,2,3
51,2025-04-14T22:07:00+00:00,2025-04-15,08:07,1,0,1
52,2025-04-14T21:12:00+00:00,2025-04-15,07:12,2,0,2
52,2025-04-14T21:14:00+00:00,2025-04-15,07:14,1,0,1
52,2025-04-14T21:18:00+00:00,2025-04-15,07:18,0,2,2
52,2025-04-14T21:19:00+00:00,2025-04-15,07:19,0,3,3
52,2025-04-14T21:20:00+00:00,2025-04-15,07:20,0,2,2
52,2025-04-14T21:22:00+00:00,2025-04-15,07:22,5,5,10
52,2025-04-14T21:26:00+00:00,2025-04-15,07:26,1,1,2
52,2025-04-14T21:29:00+00:00,2025-04-15,07:29,0,1,1
52,2025-04-14T21:33:00+00:00,2025-04-15,07:33,2,0,2
52,2025-04-14T21:47:00+00:00,2025-04-15,07:47,3,1,4
52,2025-04-14T21:49:00+00:00,2025-04-15,07:49,3,0,3
52,2025-04-14T21:51:00+00:00,2025-04-15,07:51,1,0,1
52,2025-04-14T21:55:00+00:00,2025-04-15,07:55,2,3,5
52,2025-04-14T21:56:00+00:00,2025-04-15,07:56,6,2,8
52,2025-04-14T21:57:00+00:00,2025-04-15,07:57,0,2,2
52,2025-04-14T21:58:00+00:00,2025-04-15,07:58,5,0,5
52,2025-04-14T22:01:00+00:00,2025-04-15,08:01,4,1,5
52,2025-04-14T22:07:00+00:00,2025-04-15,08:07,5,4,9
52,2025-04-14T22:08:00+00:00,2025-04-15,08:08,4,2,6
52,2025-04-14T22:10:00+00:00,2025-04-15,08:10,0,2,2
53,2025-04-14T21:11:00+00:00,2025-04-15,07:11,3,2,5
53,2025-04-14T21:14:00+00:00,2025-04-15,07:14,1,0,1
53,2025-04-14T21:18:00+00:00,2025-04-15,07:18,9,0,9
53,2025-04-14T21:24:00+00:00,2025-04-15,07:24,2,2,4
53,2025-04-14T21:31:00+00:00,2025-04-15,07:31,4,0,4
53,2025-04-14T21:36:00+00:00,2025-04-15,07:36,4,2,6
53,2025-04-14T21:37:00+00:00,2025-04-15,07:37,5,1,6
53,2025-04-14T21:46:00+00:00,2025-04-15,07:46,4,2,6
53,2025-04-14T21:51:00+00:00,2025-04-15,07:51,3,9,12
53,2025-04-14T21:52:00+00:00,2025-04-15,07:52,4,1,5
53,2025-04-14T21:53:00+00:00,2025-04-15,07:53,5,4,9
53,2025-04-14T21:55:00+00:00,2025-04-15,07:55,12,3,15
53,2025-04-14T21:59:00+00:00,2025-04-15,07:59,5,3,8
53,2025-04-14T22:00:00+00:00,2025-04-15,08:00,5,4,9
53,2025-04-14T22:01:00+00:00,2025-04-15,08:01,8,2,10
53,2025-04-14T22:02:00+00:00,2025-04-15,08:02,4,5,9
53,2025-04-14T22:04:00+00:00,2025-04-15,08:04,4,6,10
53,2025-04-14T22:10:00+00:00,2025-04-15,08:10,2,3,5
56,2025-04-14T21:10:00+00:00,2025-04-15,07:10,1,0,1
56,2025-04-14T21:11:00+00:00,2025-04-15,07:11,2,0,2
56,2025-04-14T21:15:00+00:00,2025-04-15,07:15,0,2,2
56,2025-04-14T21:17:00+00:00,2025-04-15,07:17,3,1,4
56,2025-04-14T21:19:00+00:00,2025-04-15,07:19,0,3,3
56,2025-04-14T21:20:00+00:00,2025-04-15,07:20,2,1,3
56,2025-04-14T21:23:00+00:00,2025-04-15,07:23,2,0,2
56,2025-04-14T21:24:00+00:00,2025-04-15,07:24,0,1,1
56,2025-04-14T21:25:00+00:00,2025-04-15,07:25,3,1,4
56,2025-04-14T21:26:00+00:00,2025-04-15,07:26,2,0,2
56,2025-04-14T21:27:00+00:00,2025-04-15,07:27,2,1,3
56,2025-04-14T21:28:00+00:00,2025-04-15,07:28,1,1,2
56,2025-04-14T21:29:00+00:00,2025-04-15,07:29,2,0,2
56,2025-04-14T21:33:00+00:00,2025-04-15,07:33,0,1,1
56,2025-04-14T21:34:00+00:00,2025-04-15,07:34,0,2,2
56,2025-04-14T21:35:00+00:00,2025-04-15,07:35,3,2,5
56,2025-04-14T21:39:00+00:00,2025-04-15,07:39,2,1,3
56,2025-04-14T21:42:00+00:00,2025-04-15,07:42,3,0,3
56,2025-04-14T21:44:00+00:00,2025-04-15,07:44,5,1,6
56,2025-04-14T21:46:00+00:00,2025-04-15,07:46,2,2,4
56,2025-04-14T21:48:00+00:00,2025-04-15,07:48,1,0,1
56,2025-04-14T21:50:00+00:00,2025-04-15,07:50,2,1,3
56,2025-04-14T21:52:00+00:00,2025-04-15,07:52,2,2,4
56,2025-04-14T21:59:00+00:00,2025-04-15,07:59,1,4,5
56,2025-04-14T22:00:00+00:00,2025-04-15,08:00,5,0,5
56,2025-04-14T22:02:00+00:00,2025-04-15,08:02,1,1,2
56,2025-04-14T22:06:00+00:00,2025-04-15,08:06,1,1,2
56,2025-04-14T22:07:00+00:00,2025-04-15,08:07,2,0,2
56,2025-04-14T22:09:00+00:00,2025-04-15,08:09,5,6,11
58,2025-04-14T21:13:00+00:00,2025-04-15,07:13,16,5,21
58,2025-04-14T21:15:00+00:00,2025-04-15,07:15,7,3,10
58,2025-04-14T21:18:00+00:00,2025-04-15,07:18,2,0,2
58,2025-04-14T21:20:00+00:00,2025-04-15,07:20,11,1,12
58,2025-04-14T21:21:00+00:00,2025-04-15,07:21,6,2,8
58,2025-04-14T21:27:00+00:00,2025-04-15,07:27,3,6,9
58,2025-04-14T21:30:00+00:00,2025-04-15,07:30,14,2,16
58,2025-04-14T21:34:00+00:00,2025-04-15,07:34,41,0,41
58,2025-04-14T21:40:00+00:00,2025-04-15,07:40,3,2,5
58,2025-04-14T21:42:00+00:00,2025-04-15,07:42,31,2,33
58,2025-04-14T21:44:00+00:00,2025-04-15,07:44,27,3,30
58,2025-04-14T21:49:00+00:00,2025-04-15,07:49,34,1,35
58,2025-04-14T21:50:00+00:00,2025-04-15,07:50,27,5,32
58,2025-04-14T21:54:00+00:00,2025-04-15,07:54,34,1,35
58,2025-04-14T22:01:00+00:00,2025-04-15,08:01,17,2,19
58,2025-04-14T22:03:00+00:00,2025-04-15,08:03,20,1,21
58,2025-04-14T22:08:00+00:00,2025-04-15,08:08,19,2,21
62,2025-04-14T21:13:00+00:00,2025-04-15,07:13,0,1,1
62,2025-04-14T21:14:00+00:00,2025-04-15,07:14,0,1,1
62,2025-04-14T21:18:00+00:00,2025-04-15,07:18,0,6,6
62,2025-04-14T21:23:00+00:00,2025-04-15,07:23,0,3,3
62,2025-04-14T21:30:00+00:00,2025-04-15,07:30,1,1,2
62,2025-04-14T21:31:00+00:00,2025-04-15,07:31,1,0,1
62,2025-04-14T21:32:00+00:00,2025-04-15,07:32,0,1,1
62,2025-04-14T21:37:00+00:00,2025-04-15,07:37,0,3,3
62,2025-04-14T21:43:00+00:00,2025-04-15,07:43,1,4,5
62,2025-04-14T21:51:00+00:00,2025-04-15,07:51,1,1,2
62,2025-04-14T21:52:00+00:00,2025-04-15,07:52,1,0,1
62,2025-04-14T21:54:00+00:00,2025-04-15,07:54,1,4,5
62,2025-04-14T21:55:00+00:00,2025-04-15,07:55,2,0,2
62,2025-04-14T22:00:00+00:00,2025-04-15,08:00,1,0,1
62,2025-04-14T22:01:00+00:00,2025-04-15,08:01,0,2,2
62,2025-04-14T22:04:00+00:00,2025-04-15,08:04,0,1,1
62,2025-04-14T22:10:00+00:00,2025-04-15,08:10,1,1,2
63,2025-04-14T21:12:00+00:00,2025-04-15,07:12,2,0,2
63,2025-04-14T21:16:00+00:00,2025-04-15,07:16,1,5,6
63,2025-04-14T21:17:00+00:00,2025-04-15,07:17,2,2,4
63,2025-04-14T21:18:00+00:00,2025-04-15,07:18,0,1,1
63,2025-04-14T21:26:00+00:00,2025-04-15,07:26,1,0,1
63,2025-04-14T21:27:00+00:00,2025-04-15,07:27,2,2,4
63,2025-04-14T21:28:00+00:00,2025-04-15,07:28,2,0,2
63,2025-04-14T21:33:00+00:00,2025-04-15,07:33,2,2,4
63,2025-04-14T21:35:00+00:00,2025-04-15,07:35,1,1,2
63,2025-04-14T21:37:00+00:00,2025-04-15,07:37,1,1,2
63,2025-04-14T21:38:00+00:00,2025-04-15,07:38,1,2,3
63,2025-04-14T21:44:00+00:00,2025-04-15,07:44,0,3,3
63,2025-04-14T21:47:00+00:00,2025-04-15,07:47,4,3,7
63,2025-04-14T21:48:00+00:00,2025-04-15,07:48,0,2,2
63,2025-04-14T21:56:00+00:00,2025-04-15,07:56,2,3,5
63,2025-04-14T22:00:00+00:00,2025-04-15,08:00,0,2,2
63,2025-04-14T22:08:00+00:00,2025-04-15,08:08,1,0,1
67,2025-04-14T21:10:00+00:00,2025-04-15,07:10,1,1,2
67,2025-04-14T21:11:00+00:00,2025-04-15,07:11,3,0,3
67,2025-04-14T21:13:00+00:00,2025-04-15,07:13,2,4,6
67,2025-04-14T21:15:00+00:00,2025-04-15,07:15,1,1,2
67,2025-04-14T21:19:00+00:00,2025-04-15,07:19,2,3,5
67,2025-04-14T21:26:00+00:00,2025-04-15,07:26,3,1,4
67,2025-04-14T21:27:00+00:00,2025-04-15,07:27,2,6,8
67,2025-04-14T21:32:00+00:00,2025-04-15,07:32,1,1,2
67,2025-04-14T21:35:00+00:00,2025-04-15,07:35,1,2,3
67,2025-04-14T21:41:00+00:00,2025-04-15,07:41,3,2,5
67,2025-04-14T21:44:00+00:00,2025-04-15,07:44,2,2,4
67,2025-04-14T21:50:00+00:00,2025-04-15,07:50,2,4,6
67,2025-04-14T21:56:00+00:00,2025-04-15,07:56,2,6,8
67,2025-04-14T21:59:00+00:00,2025-04-15,07:59,1,5,6
67,2025-04-14T22:00:00+00:00,2025-04-15,08:00,2,1,3
67,2025-04-14T22:03:00+00:00,2025-04-15,08:03,3,5,8
67,2025-04-14T22:06:00+00:00,2025-04-15,08:06,5,0,5
68,2025-04-14T21:16:00+00:00,2025-04-15,07:16,1,1,2
68,2025-04-14T21:18:00+00:00,2025-04-15,07:18,0,2,2
68,2025-04-14T21:19:00+00:00,2025-04-15,07:19,5,1,6
68,2025-04-14T21:20:00+00:00,2025-04-15,07:20,0,1,1
68,2025-04-14T21:23:00+00:00,2025-04-15,07:23,1,1,2
68,2025-04-14T21:26:00+00:00,2025-04-15,07:26,0,2,2
68,2025-04-14T21:27:00+00:00,2025-04-15,07:27,1,1,2
68,2025-04-14T21:32:00+00:00,2025-04-15,07:32,3,3,6
68,2025-04-14T21:34:00+00:00,2025-04-15,07:34,2,1,3
68,2025-04-14T21:35:00+00:00,2025-04-15,07:35,1,0,1
68,2025-04-14T21:40:00+00:00,2025-04-15,07:40,1,1,2
68,2025-04-14T21:42:00+00:00,2025-04-15,07:42,1,1,2
68,2025-04-14T21:48:00+00:00,2025-04-15,07:48,4,2,6
68,2025-04-14T21:53:00+00:00,2025-04-15,07:53,2,0,2
68,2025-04-14T21:54:00+00:00,2025-04-15,07:54,3,3,6
68,2025-04-14T21:56:00+00:00,2025-04-15,07:56,1,0,1
68,2025-04-14T21:58:00+00:00,2025-04-15,07:58,2,0,2
68,2025-04-14T21:59:00+00:00,2025-04-15,07:59,3,4,7
68,2025-04-14T22:02:00+00:00,2025-04-15,08:02,5,1,6
68,2025-04-14T22:03:00+00:00,2025-04-15,08:03,1,1,2
68,2025-04-14T22:05:00+00:00,2025-04-15,08:05,4,5,9
68,2025-04-14T22:07:00+00:00,2025-04-15,08:07,3,3,6
68,2025-04-14T22:08:00+00:00,2025-04-15,08:08,4,2,6
68,2025-04-14T22:09:00+00:00,2025-04-15,08:09,7,0,7
72,2025-04-14T21:12:00+00:00,2025-04-15,07:12,3,1,4
72,2025-04-14T21:24:00+00:00,2025-04-15,07:24,2,3,5
72,2025-04-14T21:28:00+00:00,2025-04-15,07:28,1,2,3
72,2025-04-14T21:32:00+00:00,2025-04-15,07:32,10,3,13
72,2025-04-14T21:35:00+00:00,2025-04-15,07:35,4,0,4
72,2025-04-14T21:39:00+00:00,2025-04-15,07:39,8,1,9
72,2025-04-14T21:40:00+00:00,2025-04-15,07:40,3,1,4
72,2025-04-14T21:42:00+00:00,2025-04-15,07:42,3,2,5
72,2025-04-14T21:43:00+00:00,2025-04-15,07:43,9,3,12
72,2025-04-14T21:45:00+00:00,2025-04-15,07:45,10,0,10
72,2025-04-14T21:48:00+00:00,2025-04-15,07:48,15,1,16
72,2025-04-14T21:49:00+00:00,2025-04-15,07:49,2,0,2
72,2025-04-14T21:51:00+00:00,2025-04-15,07:51,2,1,3
72,2025-04-14T21:53:00+00:00,2025-04-15,07:53,2,2,4
72,2025-04-14T21:55:00+00:00,2025-04-15,07:55,5,1,6
72,2025-04-14T21:56:00+00:00,2025-04-15,07:56,15,2,17
72,2025-04-14T21:58:00+00:00,2025-04-15,07:58,6,0,6
72,2025-04-14T22:01:00+00:00,2025-04-15,08:01,1,1,2
72,2025-04-14T22:05:00+00:00,2025-04-15,08:05,17,1,18
72,2025-04-14T22:08:00+00:00,2025-04-15,08:08,7,0,7
76,2025-04-14T21:11:00+00:00,2025-04-15,07:11,0,1,1
76,2025-04-14T21:17:00+00:00,2025-04-15,07:17,0,1,1
76,2025-04-14T21:18:00+00:00,2025-04-15,07:18,0,1,1
76,2025-04-14T21:21:00+00:00,2025-04-15,07:21,3,1,4
76,2025-04-14T21:22:00+00:00,2025-04-15,07:22,1,1,2
76,2025-04-14T21:24:00+00:00,2025-04-15,07:24,1,0,1
76,2025-04-14T21:31:00+00:00,2025-04-15,07:31,1,0,1
76,2025-04-14T21:42:00+00:00,2025-04-15,07:42,0,1,1
76,2025-04-14T21:45:00+00:00,2025-04-15,07:45,1,0,1
76,2025-04-14T21:52:00+00:00,2025-04-15,07:52,2,2,4
76,2025-04-14T21:55:00+00:00,2025-04-15,07:55,4,0,4
76,2025-04-14T21:56:00+00:00,2025-04-15,07:56,1,1,2
76,2025-04-14T22:05:00+00:00,2025-04-15,08:05,2,0,2
76,2025-04-14T22:09:00+00:00,2025-04-15,08:09,1,0,1
79,2025-04-14T21:10:00+00:00,2025-04-15,07:10,1,5,6
79,2025-04-14T21:14:00+00:00,2025-04-15,07:14,0,1,1
79,2025-04-14T21:15:00+00:00,2025-04-15,07:15,0,3,3
79,2025-04-14T21:18:00+00:00,2025-04-15,07:18,0,4,4
79,2025-04-14T21:19:00+00:00,2025-04-15,07:19,16,2,18
79,2025-04-14T21:22:00+00:00,2025-04-15,07:22,1,4,5
79,2025-04-14T21:23:00+00:00,2025-04-15,07:23,18,0,18
79,2025-04-14T21:28:00+00:00,2025-04-15,07:28,7,2,9
79,2025-04-14T21:29:00+00:00,2025-04-15,07:29,4,4,8
79,2025-04-14T21:32:00+00:00,2025-04-15,07:32,2,5,7
79,2025-04-14T21:35:00+00:00,2025-04-15,07:35,4,2,6
79,2025-04-14T21:39:00+00:00,2025-04-15,07:39,5,0,5
79,2025-04-14T21:42:00+00:00,2025-04-15,07:42,21,5,26
79,2025-04-14T21:43:00+00:00,2025-04-15,07:43,3,5,8
79,2025-04-14T21:45:00+00:00,2025-04-15,07:45,11,4,15
79,2025-04-14T21:46:00+00:00,2025-04-15,07:46,4,7,11
79,2025-04-14T21:48:00+00:00,2025-04-15,07:48,13,6,19
79,2025-04-14T21:51:00+00:00,2025-04-15,07:51,9,3,12
79,2025-04-14T21:52:00+00:00,2025-04-15,07:52,9,4,13
79,2025-04-14T21:55:00+00:00,2025-04-15,07:55,9,5,14
79,2025-04-14T21:56:00+00:00,2025-04-15,07:56,6,5,11
79,2025-04-14T21:59:00+00:00,2025-04-15,07:59,6,0,6
79,2025-04-14T22:02:00+00:00,2025-04-15,08:02,5,5,10
79,2025-04-14T22:03:00+00:00,2025-04-15,08:03,24,5,29
79,2025-04-14T22:06:00+00:00,2025-04-15,08:06,5,7,12
79,2025-04-14T22:08:00+00:00,2025-04-15,08:08,4,3,7
79,2025-04-14T22:10:00+00:00,2025-04-15,08:10,26,2,28
85,2025-04-14T21:10:00+00:00,2025-04-15,07:10,1,1,2
85,2025-04-14T21:12:00+00:00,2025-04-15,07:12,0,1,1
85,2025-04-14T21:18:00+00:00,2025-04-15,07:18,2,0,2
85,2025-04-14T21:26:00+00:00,2025-04-15,07:26,1,1,2
85,2025-04-14T21:29:00+00:00,2025-04-15,07:29,1,0,1
85,2025-04-14T21:35:00+00:00,2025-04-15,07:35,2,0,2
85,2025-04-14T21:39:00+00:00,2025-04-15,07:39,3,0,3
85,2025-04-14T21:40:00+00:00,2025-04-15,07:40,1,0,1
85,2025-04-14T21:42:00+00:00,2025-04-15,07:42,1,0,1
85,2025-04-14T21:45:00+00:00,2025-04-15,07:45,2,1,3
85,2025-04-14T21:48:00+00:00,2025-04-15,07:48,1,0,1
85,2025-04-14T21:49:00+00:00,2025-04-15,07:49,1,1,2
85,2025-04-14T22:00:00+00:00,2025-04-15,08:00,9,0,9
85,2025-04-14T22:04:00+00:00,2025-04-15,08:04,2,1,3
85,2025-04-14T22:06:00+00:00,2025-04-15,08:06,1,1,2
85,2025-04-14T22:07:00+00:00,2025-04-15,08:07,5,1,6
85,2025-04-14T22:08:00+00:00,2025-04-15,08:08,2,0,2
86,2025-04-14T21:20:00+00:00,2025-04-15,07:20,0,1,1
86,2025-04-14T21:21:00+00:00,2025-04-15,07:21,1,0,1
86,2025-04-14T21:25:00+00:00,2025-04-15,07:25,0,1,1
86,2025-04-14T21:40:00+00:00,2025-04-15,07:40,2,0,2
86,2025-04-14T21:43:00+00:00,2025-04-15,07:43,1,0,1
86,2025-04-14T21:48:00+00:00,2025-04-15,07:48,1,1,2
86,2025-04-14T21:49:00+00:00,2025-04-15,07:49,1,1,2
86,2025-04-14T21:50:00+00:00,2025-04-15,07:50,1,0,1
86,2025-04-14T21:51:00+00:00,2025-04-15,07:51,1,1,2
109,2025-04-14T21:10:00+00:00,2025-04-15,07:10,0,14,14
109,2025-04-14T21:25:00+00:00,2025-04-15,07:25,4,31,35
109,2025-04-14T21:35:00+00:00,2025-04-15,07:35,10,37,47
117,2025-04-14T21:40:00+00:00,2025-04-15,07:40,15,7,22
117,2025-04-14T21:55:00+00:00,2025-04-15,07:55,19,14,33
117,2025-04-14T22:05:00+00:00,2025-04-15,08:05,30,10,40
123,2025-04-14T21:45:00+00:00,2025-04-15,07:45,12,1,13
123,2025-04-14T22:00:00+00:00,2025-04-15,08:00,9,1,10
123,2025-04-14T22:05:00+00:00,2025-04-15,08:05,5,1,6
123,2025-04-14T22:10:00+00:00,2025-04-15,08:10,3,1,4
130,2025-04-14T21:20:00+00:00,2025-04-15,07:20,2,1,3
130,2025-04-14T21:25:00+00:00,2025-04-15,07:25,2,1,3
130,2025-04-14T21:50:00+00:00,2025-04-15,07:50,2,5,7
130,2025-04-14T22:05:00+00:00,2025-04-15,08:05,3,2,5
136,2025-04-14T21:20:00+00:00,2025-04-15,07:20,10,14,24
136,2025-04-14T21:30:00+00:00,2025-04-15,07:30,4,17,21
136,2025-04-14T21:45:00+00:00,2025-04-15,07:45,15,19,34
137,2025-04-14T21:15:00+00:00,2025-04-15,07:15,3,1,4
137,2025-04-14T21:35:00+00:00,2025-04-15,07:35,8,0,8
137,2025-04-14T21:55:00+00:00,2025-04-15,07:55,4,3,7
137,2025-04-14T22:10:00+00:00,2025-04-15,08:10,16,0,16
138,2025-04-14T21:55:00+00:00,2025-04-15,07:55,0,1,1
138,2025-04-14T22:10:00+00:00,2025-04-15,08:10,1,0,1
139,2025-04-14T21:10:00+00:00,2025-04-15,07:10,0,4,4
139,2025-04-14T21:15:00+00:00,2025-04-15,07:15,0,2,2
139,2025-04-14T21:25:00+00:00,2025-04-15,07:25,5,17,22
139,2025-04-14T21:40:00+00:00,2025-04-15,07:40,5,9,14
139,2025-04-14T21:55:00+00:00,2025-04-15,07:55,4,37,41
139,2025-04-14T22:10:00+00:00,2025-04-15,08:10,4,48,52
141,2025-04-14T21:10:00+00:00,2025-04-15,07:10,6,3,9
141,2025-04-14T21:35:00+00:00,2025-04-15,07:35,8,5,13
142,2025-04-14T21:10:00+00:00,2025-04-15,07:10,21,16,37
142,2025-04-14T21:15:00+00:00,2025-04-15,07:15,25,27,52
142,2025-04-14T21:25:00+00:00,2025-04-15,07:25,16,31,47
142,2025-04-14T21:30:00+00:00,2025-04-15,07:30,27,22,49
142,2025-04-14T21:45:00+00:00,2025-04-15,07:45,30,41,71
142,2025-04-14T21:50:00+00:00,2025-04-15,07:50,18,44,62
142,2025-04-14T22:00:00+00:00,2025-04-15,08:00,11,36,47
142,2025-04-14T22:05:00+00:00,2025-04-15,08:05,28,34,62
161,2025-04-14T21:15:00+00:00,2025-04-15,07:15,8,19,27
164,2025-04-14T21:25:00+00:00,2025-04-15,07:25,1,3,4
164,2025-04-14T21:35:00+00:00,2025-04-15,07:35,10,2,12
164,2025-04-14T21:50:00+00:00,2025-04-15,07:50,7,5,12
164,2025-04-14T22:10:00+00:00,2025-04-15,08:10,23,4,27
3,2025-04-14T17:57:00+00:00,2025-04-15,03:57,0,2,2
4,2025-04-14T18:09:00+00:00,2025-04-15,04:09,1,0,1
5,2025-04-14T17:55:00+00:00,2025-04-15,03:55,1,0,1
5,2025-04-14T18:05:00+00:00,2025-04-15,04:05,1,3,4
6,2025-04-14T18:08:00+00:00,2025-04-15,04:08,0,1,1
21,2025-04-14T18:00:00+00:00,2025-04-15,04:00,0,4,4
28,2025-04-14T17:56:00+00:00,2025-04-15,03:56,1,0,1
28,2025-04-14T18:00:00+00:00,2025-04-15,04:00,0,1,1
29,2025-04-14T18:04:00+00:00,2025-04-15,04:04,1,0,1
31,2025-04-14T18:03:00+00:00,2025-04-15,04:03,0,1,1
47,2025-04-14T17:55:00+00:00,2025-04-15,03:55,0,1,1
47,2025-04-14T17:57:00+00:00,2025-04-15,03:57,0,2,2
61,2025-04-14T18:03:00+00:00,2025-04-15,04:03,0,1,1
66,2025-04-14T17:59:00+00:00,2025-04-15,03:59,1,0,1
66,2025-04-14T18:07:00+00:00,2025-04-15,04:07,0,1,1
77,2025-04-14T17:55:00+00:00,2025-04-15,03:55,0,1,1
84,2025-04-14T18:00:00+00:00,2025-04-15,04:00,2,1,3
132,2025-04-14T18:00:00+00:00,2025-04-15,04:00,0,2,2
133,2025-04-14T18:00:00+00:00,2025-04-15,04:00,4,2,6
134,2025-04-14T17:55:00+00:00,2025-04-15,03:55,2,1,3
134,2025-04-14T18:00:00+00:00,2025-04-15,04:00,2,1,3
143,2025-04-14T18:00:00+00:00,2025-04-15,04:00,2,0,2
143,2025-04-14T18:05:00+00:00,2025-04-15,04:05,1,0,1
162,2025-04-14T18:05:00+00:00,2025-04-15,04:05,4,0,4
167,2025-04-14T18:05:00+00:00,2025-04-15,04:05,0,1,1
1,2025-04-14T17:59:00+00:00,2025-04-15,03:59,0,1,1
2,2025-04-14T18:03:00+00:00,2025-04-15,04:03,1,1,2
2,2025-04-14T18:04:00+00:00,2025-04-15,04:04,0,1,1
2,2025-04-14T18:06:00+00:00,2025-04-15,04:06,0,2,2
2,2025-04-14T18:09:00+00:00,2025-04-15,04:09,1,0,1
9,2025-04-14T18:00:00+00:00,2025-04-15,04:00,1,0,1
17,2025-04-14T17:57:00+00:00,2025-04-15,03:57,0,1,1
25,2025-04-14T18:05:00+00:00,2025-04-15,04:05,0,1,1
30,2025-04-14T18:00:00+00:00,2025-04-15,04:00,1,0,1
30,2025-04-14T18:01:00+00:00,2025-04-15,04:01,1,1,2
35,2025-04-14T17:57:00+00:00,2025-04-15,03:57,1,0,1
35,2025-04-14T18:01:00+00:00,2025-04-15,04:01,1,0,1
49,2025-04-14T17:55:00+00:00,2025-04-15,03:55,0,4,4
49,2025-04-14T17:58:00+00:00,2025-04-15,03:58,1,0,1
49,2025-04-14T18:09:00+00:00,2025-04-15,04:09,1,0,1
53,2025-04-14T18:05:00+00:00,2025-04-15,04:05,1,0,1
53,2025-04-14T18:08:00+00:00,2025-04-15,04:08,0,1,1
58,2025-04-14T18:05:00+00:00,2025-04-15,04:05,0,1,1
58,2025-04-14T18:06:00+00:00,2025-04-15,04:06,0,2,2
58,2025-04-14T18:09:00+00:00,2025-04-15,04:09,0,1,1
63,2025-04-14T18:05:00+00:00,2025-04-15,04:05,0,1,1
79,2025-04-14T18:04:00+00:00,2025-04-15,04:04,2,1,3
79,2025-04-14T18:09:00+00:00,2025-04-15,04:09,0,1,1
3,2025-04-14T17:48:00+00:00,2025-04-15,03:48,0,1,1
4,2025-04-14T17:41:00+00:00,2025-04-15,03:41,1,0,1
4,2025-04-14T17:48:00+00:00,2025-04-15,03:48,0,1,1
4,2025-04-14T17:49:00+00:00,2025-04-15,03:49,0,1,1
4,2025-04-14T17:50:00+00:00,2025-04-15,03:50,0,1,1
4,2025-04-14T17:53:00+00:00,2025-04-15,03:53,1,0,1
5,2025-04-14T17:50:00+00:00,2025-04-15,03:50,4,1,5
28,2025-04-14T17:49:00+00:00,2025-04-15,03:49,0,2,2
28,2025-04-14T17:51:00+00:00,2025-04-15,03:51,0,1,1
41,2025-04-14T17:53:00+00:00,2025-04-15,03:53,1,0,1
43,2025-04-14T17:50:00+00:00,2025-04-15,03:50,2,0,2
50,2025-04-14T17:51:00+00:00,2025-04-15,03:51,2,0,2
54,2025-04-14T17:44:00+00:00,2025-04-15,03:44,0,1,1
66,2025-04-14T17:54:00+00:00,2025-04-15,03:54,1,0,1
77,2025-04-14T17:50:00+00:00,2025-04-15,03:50,1,0,1
84,2025-04-14T17:40:00+00:00,2025-04-15,03:40,1,2,3
84,2025-04-14T17:45:00+00:00,2025-04-15,03:45,1,2,3
132,2025-04-14T17:40:00+00:00,2025-04-15,03:40,1,0,1
133,2025-04-14T17:40:00+00:00,2025-04-15,03:40,0,3,3
134,2025-04-14T17:50:00+00:00,2025-04-15,03:50,1,0,1
179,2025-04-14T17:50:00+00:00,2025-04-15,03:50,0,1,1
2,2025-04-14T17:47:00+00:00,2025-04-15,03:47,1,0,1
9,2025-04-14T17:40:00+00:00,2025-04-15,03:40,1,0,1
9,2025-04-14T17:54:00+00:00,2025-04-15,03:54,0,1,1
10,2025-04-14T17:46:00+00:00,2025-04-15,03:46,1,0,1
17,2025-04-14T17:53:00+00:00,2025-04-15,03:53,1,0,1
19,2025-04-14T17:43:00+00:00,2025-04-15,03:43,1,1,2
19,2025-04-14T17:46:00+00:00,2025-04-15,03:46,0,2,2
20,2025-04-14T17:53:00+00:00,2025-04-15,03:53,1,0,1
23,2025-04-14T17:49:00+00:00,2025-04-15,03:49,2,0,2
24,2025-04-14T17:40:00+00:00,2025-04-15,03:40,1,0,1
24,2025-04-14T17:48:00+00:00,2025-04-15,03:48,0,2,2
24,2025-04-14T17:51:00+00:00,2025-04-15,03:51,0,1,1
24,2025-04-14T17:53:00+00:00,2025-04-15,03:53,1,0,1
30,2025-04-14T17:51:00+00:00,2025-04-15,03:51,0,2,2
49,2025-04-14T17:44:00+00:00,2025-04-15,03:44,2,0,2
49,2025-04-14T17:50:00+00:00,2025-04-15,03:50,0,1,1
51,2025-04-14T17:43:00+00:00,2025-04-15,03:43,1,2,3
58,2025-04-14T17:51:00+00:00,2025-04-15,03:51,1,0,1
62,2025-04-14T17:43:00+00:00,2025-04-15,03:43,1,0,1
62,2025-04-14T17:48:00+00:00,2025-04-15,03:48,0,1,1
67,2025-04-14T17:48:00+00:00,2025-04-15,03:48,1,0,1
76,2025-04-14T17:47:00+00:00,2025-04-15,03:47,0,1,1
79,2025-04-14T17:49:00+00:00,2025-04-15,03:49,0,1,1
141,2025-04-14T17:40:00+00:00,2025-04-15,03:40,1,1,2
164,2025-04-14T17:45:00+00:00,2025-04-15,03:45,2,0,2
181,2025-04-14T18:08:00+00:00,2025-04-15,04:08,1,0,1
181,2025-04-14T17:46:00+00:00,2025-04-15,03:46,0,1,1
181,2025-04-14T17:47:00+00:00,2025-04-15,03:47,1,0,1
4,2025-04-14T18:12:00+00:00,2025-04-15,04:12,0,1,1
4,2025-04-14T18:14:00+00:00,2025-04-15,04:14,1,0,1
6,2025-04-14T18:16:00+00:00,2025-04-15,04:16,1,0,1
14,2025-04-14T18:10:00+00:00,2025-04-15,04:10,1,0,1
14,2025-04-14T18:21:00+00:00,2025-04-15,04:21,1,0,1
28,2025-04-14T18:19:00+00:00,2025-04-15,04:19,0,2,2
29,2025-04-14T18:20:00+00:00,2025-04-15,04:20,1,0,1
40,2025-04-14T18:22:00+00:00,2025-04-15,04:22,0,1,1
41,2025-04-14T18:14:00+00:00,2025-04-15,04:14,0,1,1
50,2025-04-14T18:12:00+00:00,2025-04-15,04:12,7,0,7
54,2025-04-14T18:21:00+00:00,2025-04-15,04:21,1,0,1
61,2025-04-14T18:16:00+00:00,2025-04-15,04:16,0,2,2
66,2025-04-14T18:20:00+00:00,2025-04-15,04:20,2,2,4
69,2025-04-14T18:12:00+00:00,2025-04-15,04:12,0,1,1
69,2025-04-14T18:13:00+00:00,2025-04-15,04:13,2,1,3
69,2025-04-14T18:23:00+00:00,2025-04-15,04:23,0,1,1
84,2025-04-14T18:15:00+00:00,2025-04-15,04:15,2,4,6
87,2025-04-14T18:18:00+00:00,2025-04-15,04:18,0,1,1
131,2025-04-14T18:10:00+00:00,2025-04-15,04:10,3,2,5
134,2025-04-14T18:20:00+00:00,2025-04-15,04:20,1,1,2
135,2025-04-14T18:10:00+00:00,2025-04-15,04:10,1,0,1
135,2025-04-14T18:15:00+00:00,2025-04-15,04:15,3,2,5
143,2025-04-14T18:20:00+00:00,2025-04-15,04:20,1,0,1
179,2025-04-14T18:15:00+00:00,2025-04-15,04:15,1,0,1
1,2025-04-14T18:10:00+00:00,2025-04-15,04:10,1,0,1
17,2025-04-14T18:11:00+00:00,2025-04-15,04:11,1,0,1
17,2025-04-14T18:15:00+00:00,2025-04-15,04:15,1,1,2
17,2025-04-14T18:19:00+00:00,2025-04-15,04:19,1,0,1
17,2025-04-14T18:21:00+00:00,2025-04-15,04:21,0,3,3
19,2025-04-14T18:10:00+00:00,2025-04-15,04:10,1,0,1
23,2025-04-14T18:24:00+00:00,2025-04-15,04:24,0,1,1
24,2025-04-14T18:19:00+00:00,2025-04-15,04:19,0,1,1
24,2025-04-14T18:24:00+00:00,2025-04-15,04:24,0,4,4
25,2025-04-14T18:15:00+00:00,2025-04-15,04:15,1,0,1
35,2025-04-14T18:12:00+00:00,2025-04-15,04:12,0,1,1
49,2025-04-14T18:20:00+00:00,2025-04-15,04:20,0,1,1
51,2025-04-14T18:19:00+00:00,2025-04-15,04:19,0,1,1
52,2025-04-14T18:16:00+00:00,2025-04-15,04:16,0,1,1
52,2025-04-14T18:21:00+00:00,2025-04-15,04:21,1,0,1
58,2025-04-14T18:10:00+00:00,2025-04-15,04:10,0,1,1
58,2025-04-14T18:15:00+00:00,2025-04-15,04:15,1,0,1
58,2025-04-14T18:20:00+00:00,2025-04-15,04:20,1,0,1
58,2025-04-14T18:23:00+00:00,2025-04-15,04:23,1,2,3
62,2025-04-14T18:18:00+00:00,2025-04-15,04:18,1,0,1
68,2025-04-14T18:13:00+00:00,2025-04-15,04:13,1,0,1
79,2025-04-14T18:11:00+00:00,2025-04-15,04:11,0,1,1
79,2025-04-14T18:20:00+00:00,2025-04-15,04:20,0,1,1
79,2025-04-14T18:21:00+00:00,2025-04-15,04:21,0,1,1
79,2025-04-14T18:24:00+00:00,2025-04-15,04:24,1,1,2
181,2025-04-14T18:19:00+00:00,2025-04-15,04:19,0,2,2
181,2025-04-14T18:29:00+00:00,2025-04-15,04:29,5,0,5
181,2025-04-14T18:31:00+00:00,2025-04-15,04:31,0,2,2
181,2025-04-14T18:32:00+00:00,2025-04-15,04:32,0,1,1
3,2025-04-14T18:27:00+00:00,2025-04-15,04:27,0,1,1
3,2025-04-14T18:31:00+00:00,2025-04-15,04:31,1,0,1
4,2025-04-14T18:28:00+00:00,2025-04-15,04:28,0,1,1
4,2025-04-14T18:34:00+00:00,2025-04-15,04:34,0,1,1
6,2025-04-14T18:26:00+00:00,2025-04-15,04:26,1,0,1
6,2025-04-14T18:33:00+00:00,2025-04-15,04:33,1,1,2
14,2025-04-14T18:26:00+00:00,2025-04-15,04:26,2,0,2
14,2025-04-14T18:36:00+00:00,2025-04-15,04:36,1,0,1
14,2025-04-14T18:38:00+00:00,2025-04-15,04:38,1,0,1
28,2025-04-14T18:25:00+00:00,2025-04-15,04:25,0,1,1
28,2025-04-14T18:38:00+00:00,2025-04-15,04:38,0,1,1
29,2025-04-14T18:33:00+00:00,2025-04-15,04:33,1,0,1
36,2025-04-14T18:37:00+00:00,2025-04-15,04:37,1,0,1
40,2025-04-14T18:34:00+00:00,2025-04-15,04:34,0,1,1
41,2025-04-14T18:25:00+00:00,2025-04-15,04:25,1,0,1
41,2025-04-14T18:26:00+00:00,2025-04-15,04:26,2,0,2
41,2025-04-14T18:27:00+00:00,2025-04-15,04:27,0,1,1
41,2025-04-14T18:33:00+00:00,2025-04-15,04:33,1,1,2
41,2025-04-14T18:38:00+00:00,2025-04-15,04:38,2,0,2
47,2025-04-14T18:34:00+00:00,2025-04-15,04:34,0,2,2
54,2025-04-14T18:32:00+00:00,2025-04-15,04:32,0,3,3
61,2025-04-14T18:28:00+00:00,2025-04-15,04:28,0,1,1
61,2025-04-14T18:36:00+00:00,2025-04-15,04:36,0,1,1
66,2025-04-14T18:33:00+00:00,2025-04-15,04:33,0,1,1
66,2025-04-14T18:39:00+00:00,2025-04-15,04:39,0,1,1
84,2025-04-14T18:35:00+00:00,2025-04-15,04:35,3,2,5
107,2025-04-14T18:25:00+00:00,2025-04-15,04:25,0,1,1
108,2025-04-14T18:33:00+00:00,2025-04-15,04:33,0,1,1
134,2025-04-14T18:25:00+00:00,2025-04-15,04:25,0,3,3
134,2025-04-14T18:35:00+00:00,2025-04-15,04:35,0,1,1
135,2025-04-14T18:30:00+00:00,2025-04-15,04:30,1,0,1
143,2025-04-14T18:25:00+00:00,2025-04-15,04:25,3,1,4
162,2025-04-14T18:35:00+00:00,2025-04-15,04:35,2,1,3
166,2025-04-14T18:30:00+00:00,2025-04-15,04:30,0,1,1
1,2025-04-14T18:28:00+00:00,2025-04-15,04:28,0,1,1
1,2025-04-14T18:30:00+00:00,2025-04-15,04:30,0,1,1
9,2025-04-14T18:27:00+00:00,2025-04-15,04:27,0,1,1
19,2025-04-14T18:25:00+00:00,2025-04-15,04:25,1,0,1
23,2025-04-14T18:28:00+00:00,2025-04-15,04:28,1,0,1
23,2025-04-14T18:37:00+00:00,2025-04-15,04:37,0,1,1
23,2025-04-14T18:38:00+00:00,2025-04-15,04:38,0,1,1
24,2025-04-14T18:32:00+00:00,2025-04-15,04:32,0,3,3
24,2025-04-14T18:38:00+00:00,2025-04-15,04:38,0,1,1
35,2025-04-14T18:30:00+00:00,2025-04-15,04:30,1,0,1
35,2025-04-14T18:35:00+00:00,2025-04-15,04:35,2,0,2
35,2025-04-14T18:38:00+00:00,2025-04-15,04:38,0,1,1
49,2025-04-14T18:29:00+00:00,2025-04-15,04:29,0,1,1
49,2025-04-14T18:31:00+00:00,2025-04-15,04:31,2,0,2
49,2025-04-14T18:35:00+00:00,2025-04-15,04:35,1,0,1
58,2025-04-14T18:30:00+00:00,2025-04-15,04:30,1,0,1
58,2025-04-14T18:31:00+00:00,2025-04-15,04:31,1,0,1
58,2025-04-14T18:34:00+00:00,2025-04-15,04:34,1,0,1
58,2025-04-14T18:38:00+00:00,2025-04-15,04:38,1,0,1
62,2025-04-14T18:33:00+00:00,2025-04-15,04:33,1,0,1
62,2025-04-14T18:37:00+00:00,2025-04-15,04:37,0,1,1
63,2025-04-14T18:29:00+00:00,2025-04-15,04:29,0,1,1
67,2025-04-14T18:36:00+00:00,2025-04-15,04:36,0,2,2
79,2025-04-14T18:32:00+00:00,2025-04-15,04:32,1,0,1
79,2025-04-14T18:35:00+00:00,2025-04-15,04:35,1,0,1
109,2025-04-14T18:35:00+00:00,2025-04-15,04:35,0,3,3
3,2025-04-14T19:26:00+00:00,2025-04-15,05:26,1,0,1
4,2025-04-14T19:25:00+00:00,2025-04-15,05:25,0,1,1
4,2025-04-14T19:30:00+00:00,2025-04-15,05:30,2,0,2
4,2025-04-14T19:32:00+00:00,2025-04-15,05:32,1,0,1
4,2025-04-14T19:36:00+00:00,2025-04-15,05:36,1,0,1
4,2025-04-14T19:38:00+00:00,2025-04-15,05:38,2,0,2
6,2025-04-14T19:26:00+00:00,2025-04-15,05:26,2,3,5
6,2025-04-14T19:27:00+00:00,2025-04-15,05:27,1,0,1
6,2025-04-14T19:28:00+00:00,2025-04-15,05:28,2,0,2
6,2025-04-14T19:29:00+00:00,2025-04-15,05:29,3,0,3
6,2025-04-14T19:31:00+00:00,2025-04-15,05:31,2,1,3
6,2025-04-14T19:35:00+00:00,2025-04-15,05:35,4,3,7
6,2025-04-14T19:36:00+00:00,2025-04-15,05:36,2,1,3
14,2025-04-14T19:25:00+00:00,2025-04-15,05:25,1,0,1
14,2025-04-14T19:29:00+00:00,2025-04-15,05:29,1,0,1
14,2025-04-14T19:34:00+00:00,2025-04-15,05:34,1,0,1
21,2025-04-14T19:30:00+00:00,2025-04-15,05:30,1,0,1
28,2025-04-14T19:31:00+00:00,2025-04-15,05:31,0,1,1
28,2025-04-14T19:32:00+00:00,2025-04-15,05:32,0,1,1
28,2025-04-14T19:33:00+00:00,2025-04-15,05:33,0,1,1
28,2025-04-14T19:39:00+00:00,2025-04-15,05:39,1,0,1
29,2025-04-14T19:29:00+00:00,2025-04-15,05:29,0,1,1
29,2025-04-14T19:31:00+00:00,2025-04-15,05:31,0,2,2
29,2025-04-14T19:37:00+00:00,2025-04-15,05:37,0,1,1
36,2025-04-14T19:25:00+00:00,2025-04-15,05:25,2,0,2
36,2025-04-14T19:39:00+00:00,2025-04-15,05:39,1,0,1
40,2025-04-14T19:25:00+00:00,2025-04-15,05:25,1,0,1
41,2025-04-14T19:25:00+00:00,2025-04-15,05:25,4,0,4
41,2025-04-14T19:27:00+00:00,2025-04-15,05:27,0,1,1
41,2025-04-14T19:34:00+00:00,2025-04-15,05:34,4,0,4
41,2025-04-14T19:39:00+00:00,2025-04-15,05:39,7,0,7
43,2025-04-14T19:25:00+00:00,2025-04-15,05:25,0,1,1
45,2025-04-14T19:28:00+00:00,2025-04-15,05:28,0,1,1
45,2025-04-14T19:32:00+00:00,2025-04-15,05:32,0,2,2
45,2025-04-14T19:37:00+00:00,2025-04-15,05:37,0,4,4
47,2025-04-14T19:27:00+00:00,2025-04-15,05:27,0,2,2
47,2025-04-14T19:30:00+00:00,2025-04-15,05:30,0,1,1
47,2025-04-14T19:31:00+00:00,2025-04-15,05:31,1,1,2
47,2025-04-14T19:37:00+00:00,2025-04-15,05:37,0,1,1
47,2025-04-14T19:39:00+00:00,2025-04-15,05:39,0,6,6
61,2025-04-14T19:25:00+00:00,2025-04-15,05:25,0,1,1
61,2025-04-14T19:37:00+00:00,2025-04-15,05:37,0,1,1
66,2025-04-14T19:29:00+00:00,2025-04-15,05:29,0,1,1
77,2025-04-14T19:25:00+00:00,2025-04-15,05:25,0,1,1
107,2025-04-14T19:25:00+00:00,2025-04-15,05:25,0,3,3
108,2025-04-14T19:33:00+00:00,2025-04-15,05:33,0,2,2
108,2025-04-14T19:37:00+00:00,2025-04-15,05:37,0,1,1
131,2025-04-14T19:35:00+00:00,2025-04-15,05:35,1,0,1
132,2025-04-14T19:30:00+00:00,2025-04-15,05:30,1,0,1
133,2025-04-14T19:25:00+00:00,2025-04-15,05:25,9,7,16
134,2025-04-14T19:25:00+00:00,2025-04-15,05:25,3,3,6
134,2025-04-14T19:35:00+00:00,2025-04-15,05:35,7,4,11
143,2025-04-14T19:30:00+00:00,2025-04-15,05:30,2,3,5
162,2025-04-14T19:35:00+00:00,2025-04-15,05:35,2,0,2
2,2025-04-14T19:35:00+00:00,2025-04-15,05:35,1,2,3
9,2025-04-14T19:34:00+00:00,2025-04-15,05:34,1,0,1
10,2025-04-14T19:28:00+00:00,2025-04-15,05:28,1,0,1
17,2025-04-14T19:25:00+00:00,2025-04-15,05:25,0,1,1
17,2025-04-14T19:32:00+00:00,2025-04-15,05:32,1,0,1
17,2025-04-14T19:33:00+00:00,2025-04-15,05:33,1,0,1
17,2025-04-14T19:39:00+00:00,2025-04-15,05:39,1,0,1
18,2025-04-14T19:38:00+00:00,2025-04-15,05:38,0,2,2
19,2025-04-14T19:34:00+00:00,2025-04-15,05:34,0,1,1
20,2025-04-14T19:33:00+00:00,2025-04-15,05:33,0,2,2
23,2025-04-14T19:26:00+00:00,2025-04-15,05:26,0,3,3
23,2025-04-14T19:29:00+00:00,2025-04-15,05:29,1,0,1
23,2025-04-14T19:33:00+00:00,2025-04-15,05:33,0,1,1
24,2025-04-14T19:25:00+00:00,2025-04-15,05:25,5,1,6
24,2025-04-14T19:27:00+00:00,2025-04-15,05:27,1,0,1
24,2025-04-14T19:30:00+00:00,2025-04-15,05:30,2,0,2
24,2025-04-14T19:32:00+00:00,2025-04-15,05:32,2,0,2
24,2025-04-14T19:34:00+00:00,2025-04-15,05:34,1,0,1
25,2025-04-14T19:25:00+00:00,2025-04-15,05:25,2,3,5
25,2025-04-14T19:30:00+00:00,2025-04-15,05:30,1,0,1
35,2025-04-14T19:26:00+00:00,2025-04-15,05:26,3,1,4
35,2025-04-14T19:28:00+00:00,2025-04-15,05:28,0,1,1
35,2025-04-14T19:30:00+00:00,2025-04-15,05:30,2,0,2
35,2025-04-14T19:31:00+00:00,2025-04-15,05:31,2,1,3
35,2025-04-14T19:33:00+00:00,2025-04-15,05:33,2,1,3
35,2025-04-14T19:35:00+00:00,2025-04-15,05:35,2,1,3
35,2025-04-14T19:36:00+00:00,2025-04-15,05:36,0,2,2
49,2025-04-14T19:30:00+00:00,2025-04-15,05:30,1,0,1
58,2025-04-14T19:30:00+00:00,2025-04-15,05:30,0,1,1
58,2025-04-14T19:32:00+00:00,2025-04-15,05:32,6,0,6
58,2025-04-14T19:35:00+00:00,2025-04-15,05:35,7,1,8
68,2025-04-14T19:25:00+00:00,2025-04-15,05:25,1,0,1
72,2025-04-14T19:30:00+00:00,2025-04-15,05:30,0,1,1
72,2025-04-14T19:34:00+00:00,2025-04-15,05:34,0,1,1
72,2025-04-14T19:39:00+00:00,2025-04-15,05:39,3,1,4
79,2025-04-14T19:29:00+00:00,2025-04-15,05:29,0,1,1
79,2025-04-14T19:30:00+00:00,2025-04-15,05:30,1,0,1
79,2025-04-14T19:33:00+00:00,2025-04-15,05:33,0,1,1
79,2025-04-14T19:36:00+00:00,2025-04-15,05:36,0,2,2
79,2025-04-14T19:38:00+00:00,2025-04-15,05:38,0,1,1
85,2025-04-14T19:26:00+00:00,2025-04-15,05:26,0,1,1
85,2025-04-14T19:31:00+00:00,2025-04-15,05:31,0,1,1
85,2025-04-14T19:39:00+00:00,2025-04-15,05:39,1,0,1
141,2025-04-14T19:30:00+00:00,2025-04-15,05:30,2,1,3
181,2025-04-14T19:04:00+00:00,2025-04-15,05:04,0,3,3
3,2025-04-14T18:59:00+00:00,2025-04-15,04:59,0,1,1
4,2025-04-14T19:04:00+00:00,2025-04-15,05:04,1,0,1
4,2025-04-14T19:06:00+00:00,2025-04-15,05:06,1,0,1
4,2025-04-14T19:08:00+00:00,2025-04-15,05:08,0,1,1
5,2025-04-14T18:55:00+00:00,2025-04-15,04:55,4,0,4
5,2025-04-14T19:05:00+00:00,2025-04-15,05:05,0,2,2
6,2025-04-14T19:09:00+00:00,2025-04-15,05:09,2,0,2
14,2025-04-14T18:57:00+00:00,2025-04-15,04:57,1,0,1
14,2025-04-14T19:01:00+00:00,2025-04-15,05:01,0,1,1
14,2025-04-14T19:04:00+00:00,2025-04-15,05:04,1,0,1
14,2025-04-14T19:06:00+00:00,2025-04-15,05:06,1,0,1
14,2025-04-14T19:07:00+00:00,2025-04-15,05:07,2,0,2
28,2025-04-14T18:55:00+00:00,2025-04-15,04:55,0,2,2
28,2025-04-14T18:59:00+00:00,2025-04-15,04:59,1,0,1
29,2025-04-14T19:08:00+00:00,2025-04-15,05:08,1,0,1
40,2025-04-14T19:09:00+00:00,2025-04-15,05:09,1,0,1
41,2025-04-14T18:59:00+00:00,2025-04-15,04:59,1,0,1
41,2025-04-14T19:05:00+00:00,2025-04-15,05:05,0,1,1
41,2025-04-14T19:08:00+00:00,2025-04-15,05:08,5,0,5
45,2025-04-14T18:57:00+00:00,2025-04-15,04:57,1,0,1
45,2025-04-14T19:05:00+00:00,2025-04-15,05:05,1,1,2
45,2025-04-14T19:08:00+00:00,2025-04-15,05:08,1,0,1
47,2025-04-14T18:57:00+00:00,2025-04-15,04:57,0,2,2
47,2025-04-14T19:05:00+00:00,2025-04-15,05:05,0,1,1
66,2025-04-14T19:05:00+00:00,2025-04-15,05:05,1,0,1
66,2025-04-14T19:06:00+00:00,2025-04-15,05:06,0,1,1
69,2025-04-14T19:07:00+00:00,2025-04-15,05:07,1,0,1
77,2025-04-14T19:00:00+00:00,2025-04-15,05:00,3,0,3
77,2025-04-14T19:05:00+00:00,2025-04-15,05:05,0,1,1
84,2025-04-14T19:00:00+00:00,2025-04-15,05:00,0,2,2
107,2025-04-14T19:05:00+00:00,2025-04-15,05:05,2,1,3
133,2025-04-14T18:55:00+00:00,2025-04-15,04:55,0,4,4
134,2025-04-14T19:00:00+00:00,2025-04-15,05:00,3,3,6
162,2025-04-14T18:55:00+00:00,2025-04-15,04:55,1,4,5
165,2025-04-14T19:00:00+00:00,2025-04-15,05:00,0,1,1
1,2025-04-14T19:00:00+00:00,2025-04-15,05:00,0,1,1
1,2025-04-14T19:08:00+00:00,2025-04-15,05:08,0,1,1
9,2025-04-14T19:00:00+00:00,2025-04-15,05:00,1,0,1
9,2025-04-14T19:05:00+00:00,2025-04-15,05:05,0,1,1
17,2025-04-14T18:58:00+00:00,2025-04-15,04:58,1,0,1
17,2025-04-14T19:07:00+00:00,2025-04-15,05:07,1,0,1
20,2025-04-14T18:55:00+00:00,2025-04-15,04:55,1,0,1
24,2025-04-14T18:56:00+00:00,2025-04-15,04:56,0,1,1
25,2025-04-14T19:00:00+00:00,2025-04-15,05:00,1,1,2
35,2025-04-14T19:03:00+00:00,2025-04-15,05:03,0,1,1
35,2025-04-14T19:04:00+00:00,2025-04-15,05:04,1,1,2
49,2025-04-14T19:09:00+00:00,2025-04-15,05:09,0,2,2
52,2025-04-14T19:06:00+00:00,2025-04-15,05:06,0,3,3
58,2025-04-14T19:05:00+00:00,2025-04-15,05:05,0,1,1
117,2025-04-14T19:00:00+00:00,2025-04-15,05:00,0,2,2
141,2025-04-14T18:55:00+00:00,2025-04-15,04:55,0,2,2
141,2025-04-14T19:00:00+00:00,2025-04-15,05:00,1,0,1
181,2025-04-14T19:20:00+00:00,2025-04-15,05:20,1,3,4
4,2025-04-14T19:16:00+00:00,2025-04-15,05:16,0,1,1
4,2025-04-14T19:19:00+00:00,2025-04-15,05:19,0,1,1
4,2025-04-14T19:24:00+00:00,2025-04-15,05:24,1,2,3
5,2025-04-14T19:15:00+00:00,2025-04-15,05:15,3,0,3
6,2025-04-14T19:13:00+00:00,2025-04-15,05:13,0,2,2
6,2025-04-14T19:14:00+00:00,2025-04-15,05:14,2,0,2
6,2025-04-14T19:15:00+00:00,2025-04-15,05:15,1,0,1
6,2025-04-14T19:16:00+00:00,2025-04-15,05:16,3,1,4
6,2025-04-14T19:17:00+00:00,2025-04-15,05:17,0,1,1
6,2025-04-14T19:18:00+00:00,2025-04-15,05:18,0,2,2
14,2025-04-14T19:14:00+00:00,2025-04-15,05:14,4,0,4
14,2025-04-14T19:17:00+00:00,2025-04-15,05:17,0,2,2
14,2025-04-14T19:24:00+00:00,2025-04-15,05:24,3,0,3
28,2025-04-14T19:12:00+00:00,2025-04-15,05:12,0,1,1
28,2025-04-14T19:16:00+00:00,2025-04-15,05:16,1,1,2
29,2025-04-14T19:14:00+00:00,2025-04-15,05:14,1,0,1
29,2025-04-14T19:18:00+00:00,2025-04-15,05:18,0,1,1
31,2025-04-14T19:13:00+00:00,2025-04-15,05:13,0,2,2
36,2025-04-14T19:18:00+00:00,2025-04-15,05:18,1,0,1
41,2025-04-14T19:18:00+00:00,2025-04-15,05:18,3,2,5
41,2025-04-14T19:23:00+00:00,2025-04-15,05:23,2,1,3
41,2025-04-14T19:24:00+00:00,2025-04-15,05:24,2,3,5
42,2025-04-14T19:21:00+00:00,2025-04-15,05:21,1,0,1
45,2025-04-14T19:18:00+00:00,2025-04-15,05:18,0,1,1
45,2025-04-14T19:21:00+00:00,2025-04-15,05:21,3,0,3
47,2025-04-14T19:19:00+00:00,2025-04-15,05:19,0,1,1
54,2025-04-14T19:16:00+00:00,2025-04-15,05:16,1,1,2
66,2025-04-14T19:20:00+00:00,2025-04-15,05:20,0,2,2
71,2025-04-14T19:23:00+00:00,2025-04-15,05:23,1,0,1
77,2025-04-14T19:15:00+00:00,2025-04-15,05:15,1,1,2
84,2025-04-14T19:10:00+00:00,2025-04-15,05:10,0,2,2
107,2025-04-14T19:10:00+00:00,2025-04-15,05:10,0,2,2
107,2025-04-14T19:15:00+00:00,2025-04-15,05:15,0,1,1
108,2025-04-14T19:12:00+00:00,2025-04-15,05:12,0,1,1
108,2025-04-14T19:22:00+00:00,2025-04-15,05:22,1,1,2
108,2025-04-14T19:23:00+00:00,2025-04-15,05:23,0,2,2
108,2025-04-14T19:24:00+00:00,2025-04-15,05:24,0,1,1
134,2025-04-14T19:15:00+00:00,2025-04-15,05:15,3,6,9
134,2025-04-14T19:20:00+00:00,2025-04-15,05:20,3,1,4
135,2025-04-14T19:10:00+00:00,2025-04-15,05:10,1,4,5
135,2025-04-14T19:15:00+00:00,2025-04-15,05:15,2,1,3
143,2025-04-14T19:10:00+00:00,2025-04-15,05:10,1,0,1
162,2025-04-14T19:15:00+00:00,2025-04-15,05:15,0,1,1
166,2025-04-14T19:20:00+00:00,2025-04-15,05:20,2,0,2
2,2025-04-14T19:14:00+00:00,2025-04-15,05:14,1,0,1
9,2025-04-14T19:18:00+00:00,2025-04-15,05:18,1,0,1
9,2025-04-14T19:24:00+00:00,2025-04-15,05:24,0,1,1
12,2025-04-14T19:12:00+00:00,2025-04-15,05:12,0,1,1
17,2025-04-14T19:18:00+00:00,2025-04-15,05:18,2,0,2
20,2025-04-14T19:10:00+00:00,2025-04-15,05:10,1,0,1
20,2025-04-14T19:16:00+00:00,2025-04-15,05:16,3,0,3
20,2025-04-14T19:17:00+00:00,2025-04-15,05:17,5,0,5
20,2025-04-14T19:21:00+00:00,2025-04-15,05:21,0,3,3
24,2025-04-14T19:12:00+00:00,2025-04-15,05:12,2,3,5
24,2025-04-14T19:13:00+00:00,2025-04-15,05:13,0,1,1
24,2025-04-14T19:17:00+00:00,2025-04-15,05:17,0,1,1
24,2025-04-14T19:24:00+00:00,2025-04-15,05:24,1,0,1
25,2025-04-14T19:15:00+00:00,2025-04-15,05:15,0,2,2
25,2025-04-14T19:20:00+00:00,2025-04-15,05:20,1,1,2
27,2025-04-14T19:19:00+00:00,2025-04-15,05:19,0,1,1
27,2025-04-14T19:24:00+00:00,2025-04-15,05:24,0,1,1
35,2025-04-14T19:10:00+00:00,2025-04-15,05:10,1,0,1
35,2025-04-14T19:13:00+00:00,2025-04-15,05:13,2,0,2
35,2025-04-14T19:15:00+00:00,2025-04-15,05:15,2,2,4
35,2025-04-14T19:18:00+00:00,2025-04-15,05:18,2,2,4
35,2025-04-14T19:21:00+00:00,2025-04-15,05:21,2,0,2
35,2025-04-14T19:22:00+00:00,2025-04-15,05:22,1,1,2
35,2025-04-14T19:23:00+00:00,2025-04-15,05:23,0,1,1
49,2025-04-14T19:17:00+00:00,2025-04-15,05:17,0,1,1
51,2025-04-14T19:18:00+00:00,2025-04-15,05:18,0,2,2
52,2025-04-14T19:17:00+00:00,2025-04-15,05:17,1,0,1
52,2025-04-14T19:22:00+00:00,2025-04-15,05:22,1,0,1
58,2025-04-14T19:19:00+00:00,2025-04-15,05:19,2,0,2
58,2025-04-14T19:23:00+00:00,2025-04-15,05:23,1,0,1
62,2025-04-14T19:17:00+00:00,2025-04-15,05:17,0,1,1
67,2025-04-14T19:13:00+00:00,2025-04-15,05:13,0,1,1
68,2025-04-14T19:11:00+00:00,2025-04-15,05:11,0,1,1
79,2025-04-14T19:11:00+00:00,2025-04-15,05:11,0,1,1
79,2025-04-14T19:15:00+00:00,2025-04-15,05:15,0,1,1
79,2025-04-14T19:22:00+00:00,2025-04-15,05:22,1,0,1
136,2025-04-14T19:20:00+00:00,2025-04-15,05:20,1,0,1
137,2025-04-14T19:15:00+00:00,2025-04-15,05:15,0,1,1
181,2025-04-14T19:25:00+00:00,2025-04-15,05:25,3,0,3
181,2025-04-14T19:30:00+00:00,2025-04-15,05:30,0,3,3
181,2025-04-14T19:31:00+00:00,2025-04-15,05:31,0,1,1
181,2025-04-14T19:36:00+00:00,2025-04-15,05:36,0,2,2
180,2025-04-14T19:25:00+00:00,2025-04-15,05:25,0,1,1
3,2025-04-14T18:50:00+00:00,2025-04-15,04:50,1,0,1
4,2025-04-14T18:42:00+00:00,2025-04-15,04:42,0,1,1
6,2025-04-14T18:49:00+00:00,2025-04-15,04:49,1,0,1
6,2025-04-14T18:50:00+00:00,2025-04-15,04:50,2,0,2
6,2025-04-14T18:51:00+00:00,2025-04-15,04:51,1,1,2
6,2025-04-14T18:52:00+00:00,2025-04-15,04:52,1,0,1
6,2025-04-14T18:54:00+00:00,2025-04-15,04:54,2,0,2
28,2025-04-14T18:40:00+00:00,2025-04-15,04:40,1,1,2
28,2025-04-14T18:41:00+00:00,2025-04-15,04:41,0,1,1
28,2025-04-14T18:43:00+00:00,2025-04-15,04:43,0,1,1
28,2025-04-14T18:45:00+00:00,2025-04-15,04:45,0,1,1
28,2025-04-14T18:47:00+00:00,2025-04-15,04:47,0,2,2
28,2025-04-14T18:54:00+00:00,2025-04-15,04:54,0,1,1
40,2025-04-14T18:41:00+00:00,2025-04-15,04:41,0,2,2
41,2025-04-14T18:41:00+00:00,2025-04-15,04:41,0,2,2
41,2025-04-14T18:47:00+00:00,2025-04-15,04:47,1,2,3
41,2025-04-14T18:49:00+00:00,2025-04-15,04:49,0,2,2
45,2025-04-14T18:53:00+00:00,2025-04-15,04:53,0,1,1
47,2025-04-14T18:40:00+00:00,2025-04-15,04:40,0,1,1
47,2025-04-14T18:52:00+00:00,2025-04-15,04:52,1,0,1
54,2025-04-14T18:45:00+00:00,2025-04-15,04:45,0,1,1
54,2025-04-14T18:50:00+00:00,2025-04-15,04:50,1,0,1
59,2025-04-14T18:40:00+00:00,2025-04-15,04:40,0,1,1
59,2025-04-14T18:45:00+00:00,2025-04-15,04:45,0,1,1
66,2025-04-14T18:45:00+00:00,2025-04-15,04:45,0,1,1
69,2025-04-14T18:44:00+00:00,2025-04-15,04:44,0,1,1
69,2025-04-14T18:45:00+00:00,2025-04-15,04:45,1,0,1
84,2025-04-14T18:45:00+00:00,2025-04-15,04:45,1,3,4
133,2025-04-14T18:40:00+00:00,2025-04-15,04:40,0,1,1
133,2025-04-14T18:50:00+00:00,2025-04-15,04:50,0,1,1
134,2025-04-14T18:45:00+00:00,2025-04-15,04:45,0,1,1
134,2025-04-14T18:50:00+00:00,2025-04-15,04:50,2,2,4
135,2025-04-14T18:50:00+00:00,2025-04-15,04:50,1,1,2
162,2025-04-14T18:40:00+00:00,2025-04-15,04:40,1,0,1
9,2025-04-14T18:44:00+00:00,2025-04-15,04:44,0,1,1
10,2025-04-14T18:41:00+00:00,2025-04-15,04:41,1,0,1
17,2025-04-14T18:40:00+00:00,2025-04-15,04:40,2,0,2
17,2025-04-14T18:45:00+00:00,2025-04-15,04:45,2,0,2
17,2025-04-14T18:46:00+00:00,2025-04-15,04:46,1,0,1
17,2025-04-14T18:51:00+00:00,2025-04-15,04:51,1,0,1
19,2025-04-14T18:43:00+00:00,2025-04-15,04:43,0,2,2
20,2025-04-14T18:44:00+00:00,2025-04-15,04:44,0,2,2
23,2025-04-14T18:42:00+00:00,2025-04-15,04:42,1,0,1
23,2025-04-14T18:44:00+00:00,2025-04-15,04:44,0,1,1
24,2025-04-14T18:42:00+00:00,2025-04-15,04:42,0,1,1
27,2025-04-14T18:43:00+00:00,2025-04-15,04:43,0,1,1
49,2025-04-14T18:42:00+00:00,2025-04-15,04:42,2,0,2
49,2025-04-14T18:50:00+00:00,2025-04-15,04:50,2,0,2
49,2025-04-14T18:52:00+00:00,2025-04-15,04:52,1,3,4
53,2025-04-14T18:45:00+00:00,2025-04-15,04:45,1,0,1
53,2025-04-14T18:47:00+00:00,2025-04-15,04:47,0,1,1
56,2025-04-14T18:43:00+00:00,2025-04-15,04:43,2,0,2
62,2025-04-14T18:54:00+00:00,2025-04-15,04:54,0,1,1
72,2025-04-14T18:54:00+00:00,2025-04-15,04:54,0,1,1
79,2025-04-14T18:40:00+00:00,2025-04-15,04:40,3,0,3
3,2025-04-14T20:29:00+00:00,2025-04-15,06:29,0,1,1
3,2025-04-14T20:33:00+00:00,2025-04-15,06:33,0,2,2
3,2025-04-14T20:34:00+00:00,2025-04-15,06:34,1,2,3
3,2025-04-14T20:37:00+00:00,2025-04-15,06:37,0,2,2
3,2025-04-14T20:39:00+00:00,2025-04-15,06:39,1,0,1
4,2025-04-14T20:29:00+00:00,2025-04-15,06:29,2,2,4
4,2025-04-14T20:33:00+00:00,2025-04-15,06:33,1,3,4
4,2025-04-14T20:37:00+00:00,2025-04-15,06:37,6,1,7
4,2025-04-14T20:39:00+00:00,2025-04-15,06:39,9,0,9
5,2025-04-14T20:25:00+00:00,2025-04-15,06:25,10,15,25
6,2025-04-14T20:25:00+00:00,2025-04-15,06:25,1,5,6
6,2025-04-14T20:30:00+00:00,2025-04-15,06:30,7,1,8
6,2025-04-14T20:31:00+00:00,2025-04-15,06:31,4,1,5
6,2025-04-14T20:32:00+00:00,2025-04-15,06:32,7,2,9
6,2025-04-14T20:34:00+00:00,2025-04-15,06:34,2,30,32
6,2025-04-14T20:35:00+00:00,2025-04-15,06:35,0,5,5
6,2025-04-14T20:36:00+00:00,2025-04-15,06:36,3,6,9
6,2025-04-14T20:37:00+00:00,2025-04-15,06:37,5,4,9
6,2025-04-14T20:39:00+00:00,2025-04-15,06:39,4,19,23
8,2025-04-14T20:29:00+00:00,2025-04-15,06:29,0,1,1
8,2025-04-14T20:30:00+00:00,2025-04-15,06:30,0,3,3
8,2025-04-14T20:31:00+00:00,2025-04-15,06:31,2,1,3
8,2025-04-14T20:33:00+00:00,2025-04-15,06:33,0,1,1
8,2025-04-14T20:35:00+00:00,2025-04-15,06:35,1,1,2
8,2025-04-14T20:37:00+00:00,2025-04-15,06:37,3,1,4
14,2025-04-14T20:26:00+00:00,2025-04-15,06:26,3,2,5
14,2025-04-14T20:27:00+00:00,2025-04-15,06:27,1,1,2
14,2025-04-14T20:30:00+00:00,2025-04-15,06:30,2,1,3
14,2025-04-14T20:35:00+00:00,2025-04-15,06:35,2,2,4
14,2025-04-14T20:38:00+00:00,2025-04-15,06:38,2,5,7
14,2025-04-14T20:39:00+00:00,2025-04-15,06:39,4,4,8
28,2025-04-14T20:32:00+00:00,2025-04-15,06:32,6,3,9
28,2025-04-14T20:34:00+00:00,2025-04-15,06:34,2,3,5
28,2025-04-14T20:37:00+00:00,2025-04-15,06:37,6,0,6
28,2025-04-14T20:39:00+00:00,2025-04-15,06:39,10,4,14
29,2025-04-14T20:28:00+00:00,2025-04-15,06:28,0,1,1
29,2025-04-14T20:30:00+00:00,2025-04-15,06:30,1,1,2
29,2025-04-14T20:31:00+00:00,2025-04-15,06:31,1,0,1
29,2025-04-14T20:33:00+00:00,2025-04-15,06:33,1,0,1
29,2025-04-14T20:34:00+00:00,2025-04-15,06:34,2,3,5
29,2025-04-14T20:35:00+00:00,2025-04-15,06:35,1,1,2
29,2025-04-14T20:37:00+00:00,2025-04-15,06:37,1,8,9
31,2025-04-14T20:27:00+00:00,2025-04-15,06:27,0,3,3
36,2025-04-14T20:38:00+00:00,2025-04-15,06:38,1,0,1
36,2025-04-14T20:39:00+00:00,2025-04-15,06:39,2,0,2
37,2025-04-14T20:33:00+00:00,2025-04-15,06:33,0,1,1
37,2025-04-14T20:36:00+00:00,2025-04-15,06:36,1,0,1
39,2025-04-14T20:25:00+00:00,2025-04-15,06:25,1,0,1
39,2025-04-14T20:28:00+00:00,2025-04-15,06:28,1,1,2
39,2025-04-14T20:30:00+00:00,2025-04-15,06:30,0,1,1
39,2025-04-14T20:35:00+00:00,2025-04-15,06:35,1,0,1
40,2025-04-14T20:27:00+00:00,2025-04-15,06:27,1,0,1
40,2025-04-14T20:37:00+00:00,2025-04-15,06:37,0,2,2
40,2025-04-14T20:39:00+00:00,2025-04-15,06:39,0,4,4
41,2025-04-14T20:25:00+00:00,2025-04-15,06:25,1,6,7
41,2025-04-14T20:26:00+00:00,2025-04-15,06:26,3,5,8
41,2025-04-14T20:29:00+00:00,2025-04-15,06:29,4,2,6
41,2025-04-14T20:38:00+00:00,2025-04-15,06:38,9,4,13
42,2025-04-14T20:29:00+00:00,2025-04-15,06:29,1,1,2
42,2025-04-14T20:33:00+00:00,2025-04-15,06:33,1,0,1
42,2025-04-14T20:37:00+00:00,2025-04-15,06:37,2,4,6
42,2025-04-14T20:39:00+00:00,2025-04-15,06:39,0,1,1
44,2025-04-14T20:35:00+00:00,2025-04-15,06:35,1,0,1
45,2025-04-14T20:27:00+00:00,2025-04-15,06:27,0,1,1
45,2025-04-14T20:28:00+00:00,2025-04-15,06:28,1,1,2
45,2025-04-14T20:30:00+00:00,2025-04-15,06:30,0,2,2
45,2025-04-14T20:36:00+00:00,2025-04-15,06:36,0,3,3
45,2025-04-14T20:39:00+00:00,2025-04-15,06:39,1,2,3
47,2025-04-14T20:26:00+00:00,2025-04-15,06:26,0,1,1
47,2025-04-14T20:28:00+00:00,2025-04-15,06:28,0,1,1
50,2025-04-14T20:33:00+00:00,2025-04-15,06:33,1,0,1
59,2025-04-14T20:25:00+00:00,2025-04-15,06:25,5,1,6
59,2025-04-14T20:30:00+00:00,2025-04-15,06:30,0,3,3
59,2025-04-14T20:35:00+00:00,2025-04-15,06:35,2,4,6
61,2025-04-14T20:32:00+00:00,2025-04-15,06:32,0,1,1
61,2025-04-14T20:33:00+00:00,2025-04-15,06:33,0,3,3
66,2025-04-14T20:26:00+00:00,2025-04-15,06:26,0,1,1
66,2025-04-14T20:27:00+00:00,2025-04-15,06:27,0,2,2
66,2025-04-14T20:32:00+00:00,2025-04-15,06:32,2,0,2
66,2025-04-14T20:35:00+00:00,2025-04-15,06:35,0,3,3
66,2025-04-14T20:36:00+00:00,2025-04-15,06:36,1,1,2
69,2025-04-14T20:31:00+00:00,2025-04-15,06:31,0,1,1
70,2025-04-14T20:29:00+00:00,2025-04-15,06:29,1,0,1
70,2025-04-14T20:38:00+00:00,2025-04-15,06:38,1,0,1
70,2025-04-14T20:39:00+00:00,2025-04-15,06:39,1,0,1
75,2025-04-14T20:26:00+00:00,2025-04-15,06:26,0,1,1
75,2025-04-14T20:29:00+00:00,2025-04-15,06:29,0,1,1
75,2025-04-14T20:32:00+00:00,2025-04-15,06:32,0,1,1
78,2025-04-14T20:34:00+00:00,2025-04-15,06:34,0,1,1
84,2025-04-14T20:25:00+00:00,2025-04-15,06:25,23,7,30
84,2025-04-14T20:30:00+00:00,2025-04-15,06:30,34,15,49
87,2025-04-14T20:25:00+00:00,2025-04-15,06:25,1,0,1
107,2025-04-14T20:25:00+00:00,2025-04-15,06:25,3,1,4
108,2025-04-14T20:31:00+00:00,2025-04-15,06:31,0,1,1
108,2025-04-14T20:32:00+00:00,2025-04-15,06:32,1,2,3
131,2025-04-14T20:35:00+00:00,2025-04-15,06:35,0,2,2
132,2025-04-14T20:35:00+00:00,2025-04-15,06:35,7,3,10
133,2025-04-14T20:35:00+00:00,2025-04-15,06:35,45,13,58
135,2025-04-14T20:25:00+00:00,2025-04-15,06:25,5,8,13
135,2025-04-14T20:30:00+00:00,2025-04-15,06:30,5,6,11
135,2025-04-14T20:35:00+00:00,2025-04-15,06:35,6,2,8
140,2025-04-14T20:35:00+00:00,2025-04-15,06:35,4,0,4
143,2025-04-14T20:25:00+00:00,2025-04-15,06:25,1,7,8
143,2025-04-14T20:30:00+00:00,2025-04-15,06:30,5,15,20
162,2025-04-14T20:35:00+00:00,2025-04-15,06:35,4,4,8
165,2025-04-14T20:35:00+00:00,2025-04-15,06:35,1,1,2
167,2025-04-14T20:30:00+00:00,2025-04-15,06:30,1,2,3
1,2025-04-14T20:32:00+00:00,2025-04-15,06:32,1,0,1
1,2025-04-14T20:39:00+00:00,2025-04-15,06:39,1,5,6
2,2025-04-14T20:26:00+00:00,2025-04-15,06:26,1,2,3
2,2025-04-14T20:38:00+00:00,2025-04-15,06:38,1,2,3
9,2025-04-14T20:28:00+00:00,2025-04-15,06:28,0,3,3
9,2025-04-14T20:31:00+00:00,2025-04-15,06:31,2,3,5
9,2025-04-14T20:32:00+00:00,2025-04-15,06:32,0,3,3
9,2025-04-14T20:34:00+00:00,2025-04-15,06:34,2,6,8
10,2025-04-14T20:31:00+00:00,2025-04-15,06:31,0,1,1
10,2025-04-14T20:35:00+00:00,2025-04-15,06:35,1,1,2
10,2025-04-14T20:37:00+00:00,2025-04-15,06:37,0,1,1
11,2025-04-14T20:25:00+00:00,2025-04-15,06:25,3,1,4
11,2025-04-14T20:27:00+00:00,2025-04-15,06:27,1,0,1
11,2025-04-14T20:28:00+00:00,2025-04-15,06:28,1,0,1
11,2025-04-14T20:35:00+00:00,2025-04-15,06:35,2,1,3
12,2025-04-14T20:26:00+00:00,2025-04-15,06:26,1,0,1
12,2025-04-14T20:29:00+00:00,2025-04-15,06:29,2,0,2
12,2025-04-14T20:33:00+00:00,2025-04-15,06:33,0,1,1
12,2025-04-14T20:36:00+00:00,2025-04-15,06:36,0,1,1
17,2025-04-14T20:27:00+00:00,2025-04-15,06:27,0,1,1
17,2025-04-14T20:31:00+00:00,2025-04-15,06:31,1,1,2
17,2025-04-14T20:32:00+00:00,2025-04-15,06:32,3,0,3
17,2025-04-14T20:33:00+00:00,2025-04-15,06:33,4,1,5
17,2025-04-14T20:37:00+00:00,2025-04-15,06:37,3,0,3
18,2025-04-14T20:33:00+00:00,2025-04-15,06:33,0,3,3
19,2025-04-14T20:26:00+00:00,2025-04-15,06:26,1,0,1
19,2025-04-14T20:32:00+00:00,2025-04-15,06:32,0,1,1
19,2025-04-14T20:39:00+00:00,2025-04-15,06:39,1,0,1
20,2025-04-14T20:28:00+00:00,2025-04-15,06:28,0,1,1
20,2025-04-14T20:32:00+00:00,2025-04-15,06:32,0,1,1
20,2025-04-14T20:39:00+00:00,2025-04-15,06:39,0,1,1
23,2025-04-14T20:25:00+00:00,2025-04-15,06:25,0,1,1
23,2025-04-14T20:27:00+00:00,2025-04-15,06:27,4,0,4
23,2025-04-14T20:29:00+00:00,2025-04-15,06:29,0,3,3
23,2025-04-14T20:34:00+00:00,2025-04-15,06:34,0,1,1
23,2025-04-14T20:37:00+00:00,2025-04-15,06:37,2,1,3
24,2025-04-14T20:26:00+00:00,2025-04-15,06:26,9,7,16
24,2025-04-14T20:29:00+00:00,2025-04-15,06:29,13,0,13
24,2025-04-14T20:30:00+00:00,2025-04-15,06:30,2,1,3
24,2025-04-14T20:32:00+00:00,2025-04-15,06:32,11,3,14
24,2025-04-14T20:35:00+00:00,2025-04-15,06:35,14,0,14
24,2025-04-14T20:37:00+00:00,2025-04-15,06:37,3,0,3
27,2025-04-14T20:29:00+00:00,2025-04-15,06:29,0,1,1
27,2025-04-14T20:38:00+00:00,2025-04-15,06:38,2,0,2
30,2025-04-14T20:25:00+00:00,2025-04-15,06:25,0,1,1
30,2025-04-14T20:32:00+00:00,2025-04-15,06:32,0,5,5
30,2025-04-14T20:33:00+00:00,2025-04-15,06:33,2,1,3
30,2025-04-14T20:36:00+00:00,2025-04-15,06:36,0,2,2
30,2025-04-14T20:38:00+00:00,2025-04-15,06:38,0,2,2
35,2025-04-14T20:26:00+00:00,2025-04-15,06:26,4,0,4
35,2025-04-14T20:28:00+00:00,2025-04-15,06:28,5,1,6
35,2025-04-14T20:29:00+00:00,2025-04-15,06:29,8,9,17
35,2025-04-14T20:34:00+00:00,2025-04-15,06:34,3,4,7
46,2025-04-14T20:25:00+00:00,2025-04-15,06:25,1,0,1
49,2025-04-14T20:28:00+00:00,2025-04-15,06:28,0,2,2
49,2025-04-14T20:33:00+00:00,2025-04-15,06:33,0,1,1
51,2025-04-14T20:32:00+00:00,2025-04-15,06:32,1,1,2
51,2025-04-14T20:33:00+00:00,2025-04-15,06:33,2,1,3
51,2025-04-14T20:36:00+00:00,2025-04-15,06:36,2,0,2
52,2025-04-14T20:30:00+00:00,2025-04-15,06:30,1,1,2
52,2025-04-14T20:35:00+00:00,2025-04-15,06:35,0,1,1
52,2025-04-14T20:37:00+00:00,2025-04-15,06:37,1,0,1
52,2025-04-14T20:38:00+00:00,2025-04-15,06:38,1,0,1
53,2025-04-14T20:27:00+00:00,2025-04-15,06:27,0,1,1
53,2025-04-14T20:30:00+00:00,2025-04-15,06:30,1,0,1
56,2025-04-14T20:33:00+00:00,2025-04-15,06:33,0,2,2
56,2025-04-14T20:38:00+00:00,2025-04-15,06:38,0,1,1
58,2025-04-14T20:27:00+00:00,2025-04-15,06:27,6,3,9
58,2025-04-14T20:28:00+00:00,2025-04-15,06:28,1,0,1
58,2025-04-14T20:30:00+00:00,2025-04-15,06:30,3,3,6
58,2025-04-14T20:32:00+00:00,2025-04-15,06:32,1,2,3
58,2025-04-14T20:35:00+00:00,2025-04-15,06:35,5,3,8
58,2025-04-14T20:38:00+00:00,2025-04-15,06:38,1,1,2
62,2025-04-14T20:25:00+00:00,2025-04-15,06:25,2,1,3
62,2025-04-14T20:30:00+00:00,2025-04-15,06:30,1,1,2
62,2025-04-14T20:32:00+00:00,2025-04-15,06:32,2,0,2
62,2025-04-14T20:37:00+00:00,2025-04-15,06:37,5,1,6
63,2025-04-14T20:25:00+00:00,2025-04-15,06:25,0,1,1
63,2025-04-14T20:38:00+00:00,2025-04-15,06:38,0,1,1
67,2025-04-14T20:28:00+00:00,2025-04-15,06:28,5,1,6
67,2025-04-14T20:31:00+00:00,2025-04-15,06:31,2,1,3
67,2025-04-14T20:32:00+00:00,2025-04-15,06:32,2,2,4
67,2025-04-14T20:33:00+00:00,2025-04-15,06:33,2,3,5
68,2025-04-14T20:37:00+00:00,2025-04-15,06:37,2,0,2
72,2025-04-14T20:26:00+00:00,2025-04-15,06:26,0,1,1
72,2025-04-14T20:31:00+00:00,2025-04-15,06:31,1,0,1
72,2025-04-14T20:35:00+00:00,2025-04-15,06:35,1,1,2
72,2025-04-14T20:37:00+00:00,2025-04-15,06:37,1,0,1
76,2025-04-14T20:34:00+00:00,2025-04-15,06:34,1,0,1
79,2025-04-14T20:34:00+00:00,2025-04-15,06:34,1,0,1
79,2025-04-14T20:36:00+00:00,2025-04-15,06:36,0,1,1
85,2025-04-14T20:29:00+00:00,2025-04-15,06:29,1,0,1
85,2025-04-14T20:30:00+00:00,2025-04-15,06:30,1,0,1
85,2025-04-14T20:39:00+00:00,2025-04-15,06:39,2,1,3
109,2025-04-14T20:35:00+00:00,2025-04-15,06:35,1,5,6
117,2025-04-14T20:30:00+00:00,2025-04-15,06:30,6,1,7
123,2025-04-14T20:35:00+00:00,2025-04-15,06:35,3,1,4
142,2025-04-14T20:30:00+00:00,2025-04-15,06:30,12,4,16
161,2025-04-14T20:25:00+00:00,2025-04-15,06:25,8,0,8
3,2025-04-14T20:06:00+00:00,2025-04-15,06:06,0,1,1
3,2025-04-14T20:08:00+00:00,2025-04-15,06:08,1,0,1
4,2025-04-14T19:56:00+00:00,2025-04-15,05:56,2,2,4
4,2025-04-14T19:58:00+00:00,2025-04-15,05:58,1,0,1
4,2025-04-14T20:00:00+00:00,2025-04-15,06:00,0,1,1
4,2025-04-14T20:05:00+00:00,2025-04-15,06:05,3,1,4
5,2025-04-14T20:00:00+00:00,2025-04-15,06:00,3,12,15
5,2025-04-14T20:05:00+00:00,2025-04-15,06:05,2,11,13
6,2025-04-14T19:55:00+00:00,2025-04-15,05:55,1,2,3
6,2025-04-14T19:56:00+00:00,2025-04-15,05:56,4,3,7
6,2025-04-14T19:57:00+00:00,2025-04-15,05:57,4,11,15
6,2025-04-14T20:01:00+00:00,2025-04-15,06:01,1,10,11
6,2025-04-14T20:05:00+00:00,2025-04-15,06:05,0,7,7
6,2025-04-14T20:06:00+00:00,2025-04-15,06:06,1,4,5
6,2025-04-14T20:07:00+00:00,2025-04-15,06:07,3,2,5
14,2025-04-14T19:59:00+00:00,2025-04-15,05:59,0,3,3
14,2025-04-14T20:00:00+00:00,2025-04-15,06:00,0,3,3
14,2025-04-14T20:03:00+00:00,2025-04-15,06:03,1,2,3
14,2025-04-14T20:04:00+00:00,2025-04-15,06:04,0,4,4
14,2025-04-14T20:09:00+00:00,2025-04-15,06:09,1,3,4
28,2025-04-14T19:59:00+00:00,2025-04-15,05:59,1,0,1
28,2025-04-14T20:00:00+00:00,2025-04-15,06:00,3,0,3
28,2025-04-14T20:06:00+00:00,2025-04-15,06:06,4,0,4
36,2025-04-14T19:56:00+00:00,2025-04-15,05:56,1,0,1
39,2025-04-14T20:02:00+00:00,2025-04-15,06:02,2,0,2
40,2025-04-14T19:55:00+00:00,2025-04-15,05:55,1,0,1
40,2025-04-14T20:02:00+00:00,2025-04-15,06:02,0,1,1
40,2025-04-14T20:04:00+00:00,2025-04-15,06:04,0,1,1
41,2025-04-14T20:02:00+00:00,2025-04-15,06:02,4,4,8
41,2025-04-14T20:06:00+00:00,2025-04-15,06:06,2,3,5
41,2025-04-14T20:09:00+00:00,2025-04-15,06:09,9,2,11
42,2025-04-14T20:04:00+00:00,2025-04-15,06:04,0,8,8
44,2025-04-14T20:05:00+00:00,2025-04-15,06:05,0,4,4
45,2025-04-14T19:58:00+00:00,2025-04-15,05:58,0,1,1
45,2025-04-14T20:04:00+00:00,2025-04-15,06:04,1,1,2
47,2025-04-14T20:04:00+00:00,2025-04-15,06:04,0,1,1
47,2025-04-14T20:05:00+00:00,2025-04-15,06:05,1,0,1
47,2025-04-14T20:06:00+00:00,2025-04-15,06:06,1,8,9
54,2025-04-14T19:57:00+00:00,2025-04-15,05:57,0,1,1
54,2025-04-14T20:00:00+00:00,2025-04-15,06:00,2,0,2
59,2025-04-14T20:05:00+00:00,2025-04-15,06:05,2,3,5
61,2025-04-14T20:06:00+00:00,2025-04-15,06:06,1,0,1
66,2025-04-14T19:56:00+00:00,2025-04-15,05:56,1,0,1
66,2025-04-14T20:09:00+00:00,2025-04-15,06:09,0,1,1
70,2025-04-14T20:07:00+00:00,2025-04-15,06:07,1,0,1
71,2025-04-14T20:08:00+00:00,2025-04-15,06:08,1,0,1
77,2025-04-14T19:55:00+00:00,2025-04-15,05:55,0,3,3
77,2025-04-14T20:05:00+00:00,2025-04-15,06:05,1,3,4
78,2025-04-14T20:06:00+00:00,2025-04-15,06:06,0,2,2
84,2025-04-14T19:55:00+00:00,2025-04-15,05:55,15,2,17
87,2025-04-14T20:04:00+00:00,2025-04-15,06:04,1,0,1
107,2025-04-14T19:55:00+00:00,2025-04-15,05:55,0,2,2
108,2025-04-14T19:55:00+00:00,2025-04-15,05:55,1,2,3
108,2025-04-14T19:56:00+00:00,2025-04-15,05:56,0,6,6
108,2025-04-14T20:06:00+00:00,2025-04-15,06:06,1,8,9
108,2025-04-14T20:09:00+00:00,2025-04-15,06:09,0,1,1
143,2025-04-14T20:05:00+00:00,2025-04-15,06:05,2,5,7
162,2025-04-14T19:55:00+00:00,2025-04-15,05:55,0,2,2
166,2025-04-14T20:05:00+00:00,2025-04-15,06:05,1,0,1
179,2025-04-14T20:00:00+00:00,2025-04-15,06:00,1,0,1
1,2025-04-14T20:04:00+00:00,2025-04-15,06:04,0,1,1
2,2025-04-14T19:55:00+00:00,2025-04-15,05:55,1,0,1
9,2025-04-14T19:55:00+00:00,2025-04-15,05:55,0,3,3
9,2025-04-14T19:59:00+00:00,2025-04-15,05:59,1,0,1
9,2025-04-14T20:00:00+00:00,2025-04-15,06:00,1,1,2
9,2025-04-14T20:01:00+00:00,2025-04-15,06:01,0,3,3
9,2025-04-14T20:02:00+00:00,2025-04-15,06:02,1,1,2
9,2025-04-14T20:03:00+00:00,2025-04-15,06:03,0,1,1
11,2025-04-14T20:01:00+00:00,2025-04-15,06:01,0,1,1
11,2025-04-14T20:02:00+00:00,2025-04-15,06:02,1,0,1
11,2025-04-14T20:05:00+00:00,2025-04-15,06:05,1,0,1
11,2025-04-14T20:08:00+00:00,2025-04-15,06:08,0,2,2
12,2025-04-14T19:58:00+00:00,2025-04-15,05:58,1,0,1
12,2025-04-14T20:04:00+00:00,2025-04-15,06:04,1,1,2
17,2025-04-14T20:00:00+00:00,2025-04-15,06:00,3,2,5
17,2025-04-14T20:01:00+00:00,2025-04-15,06:01,4,1,5
17,2025-04-14T20:03:00+00:00,2025-04-15,06:03,1,0,1
17,2025-04-14T20:06:00+00:00,2025-04-15,06:06,1,1,2
18,2025-04-14T19:56:00+00:00,2025-04-15,05:56,0,1,1
18,2025-04-14T20:02:00+00:00,2025-04-15,06:02,0,1,1
20,2025-04-14T20:06:00+00:00,2025-04-15,06:06,0,1,1
23,2025-04-14T19:56:00+00:00,2025-04-15,05:56,3,1,4
23,2025-04-14T19:58:00+00:00,2025-04-15,05:58,2,0,2
23,2025-04-14T19:59:00+00:00,2025-04-15,05:59,1,0,1
23,2025-04-14T20:06:00+00:00,2025-04-15,06:06,0,1,1
23,2025-04-14T20:07:00+00:00,2025-04-15,06:07,1,1,2
24,2025-04-14T19:55:00+00:00,2025-04-15,05:55,9,3,12
24,2025-04-14T20:02:00+00:00,2025-04-15,06:02,5,0,5
24,2025-04-14T20:03:00+00:00,2025-04-15,06:03,4,0,4
24,2025-04-14T20:04:00+00:00,2025-04-15,06:04,2,0,2
24,2025-04-14T20:09:00+00:00,2025-04-15,06:09,4,0,4
25,2025-04-14T20:00:00+00:00,2025-04-15,06:00,2,4,6
27,2025-04-14T19:55:00+00:00,2025-04-15,05:55,1,0,1
30,2025-04-14T19:57:00+00:00,2025-04-15,05:57,0,1,1
30,2025-04-14T20:05:00+00:00,2025-04-15,06:05,0,1,1
30,2025-04-14T20:06:00+00:00,2025-04-15,06:06,0,2,2
30,2025-04-14T20:08:00+00:00,2025-04-15,06:08,0,3,3
30,2025-04-14T20:09:00+00:00,2025-04-15,06:09,0,2,2
35,2025-04-14T20:02:00+00:00,2025-04-15,06:02,5,3,8
35,2025-04-14T20:06:00+00:00,2025-04-15,06:06,7,5,12
46,2025-04-14T20:00:00+00:00,2025-04-15,06:00,1,0,1
49,2025-04-14T20:02:00+00:00,2025-04-15,06:02,0,1,1
49,2025-04-14T20:03:00+00:00,2025-04-15,06:03,3,1,4
49,2025-04-14T20:04:00+00:00,2025-04-15,06:04,2,0,2
51,2025-04-14T19:58:00+00:00,2025-04-15,05:58,1,0,1
51,2025-04-14T20:07:00+00:00,2025-04-15,06:07,0,1,1
52,2025-04-14T20:06:00+00:00,2025-04-15,06:06,1,0,1
53,2025-04-14T19:56:00+00:00,2025-04-15,05:56,0,1,1
53,2025-04-14T20:02:00+00:00,2025-04-15,06:02,0,1,1
53,2025-04-14T20:06:00+00:00,2025-04-15,06:06,1,1,2
56,2025-04-14T20:00:00+00:00,2025-04-15,06:00,0,3,3
56,2025-04-14T20:04:00+00:00,2025-04-15,06:04,2,0,2
58,2025-04-14T19:57:00+00:00,2025-04-15,05:57,4,1,5
58,2025-04-14T20:01:00+00:00,2025-04-15,06:01,6,0,6
58,2025-04-14T20:09:00+00:00,2025-04-15,06:09,1,0,1
62,2025-04-14T19:55:00+00:00,2025-04-15,05:55,1,0,1
62,2025-04-14T19:57:00+00:00,2025-04-15,05:57,2,1,3
62,2025-04-14T20:00:00+00:00,2025-04-15,06:00,1,1,2
62,2025-04-14T20:07:00+00:00,2025-04-15,06:07,1,1,2
62,2025-04-14T20:09:00+00:00,2025-04-15,06:09,2,0,2
67,2025-04-14T20:09:00+00:00,2025-04-15,06:09,1,1,2
68,2025-04-14T20:09:00+00:00,2025-04-15,06:09,1,0,1
72,2025-04-14T19:59:00+00:00,2025-04-15,05:59,3,0,3
72,2025-04-14T20:05:00+00:00,2025-04-15,06:05,1,0,1
79,2025-04-14T19:55:00+00:00,2025-04-15,05:55,0,1,1
79,2025-04-14T20:00:00+00:00,2025-04-15,06:00,0,2,2
79,2025-04-14T20:01:00+00:00,2025-04-15,06:01,6,0,6
79,2025-04-14T20:08:00+00:00,2025-04-15,06:08,1,1,2
85,2025-04-14T19:58:00+00:00,2025-04-15,05:58,1,0,1
85,2025-04-14T20:09:00+00:00,2025-04-15,06:09,0,1,1
109,2025-04-14T19:55:00+00:00,2025-04-15,05:55,0,4,4
117,2025-04-14T20:00:00+00:00,2025-04-15,06:00,7,2,9
136,2025-04-14T20:05:00+00:00,2025-04-15,06:05,0,1,1
141,2025-04-14T20:05:00+00:00,2025-04-15,06:05,1,0,1
142,2025-04-14T20:00:00+00:00,2025-04-15,06:00,1,0,1
142,2025-04-14T20:05:00+00:00,2025-04-15,06:05,3,1,4
181,2025-04-14T19:55:00+00:00,2025-04-15,05:55,0,6,6
181,2025-04-14T19:56:00+00:00,2025-04-15,05:56,1,2,3
181,2025-04-14T19:57:00+00:00,2025-04-15,05:57,2,1,3
181,2025-04-14T19:58:00+00:00,2025-04-15,05:58,0,1,1
181,2025-04-14T20:08:00+00:00,2025-04-15,06:08,1,2,3
181,2025-04-14T20:09:00+00:00,2025-04-15,06:09,0,4,4
181,2025-04-14T20:12:00+00:00,2025-04-15,06:12,0,2,2
181,2025-04-14T20:22:00+00:00,2025-04-15,06:22,2,2,4
181,2025-04-14T20:23:00+00:00,2025-04-15,06:23,0,1,1
181,2025-04-14T20:24:00+00:00,2025-04-15,06:24,3,2,5
180,2025-04-14T20:21:00+00:00,2025-04-15,06:21,1,0,1
3,2025-04-14T20:17:00+00:00,2025-04-15,06:17,0,1,1
3,2025-04-14T20:18:00+00:00,2025-04-15,06:18,1,1,2
3,2025-04-14T20:20:00+00:00,2025-04-15,06:20,1,1,2
4,2025-04-14T20:10:00+00:00,2025-04-15,06:10,2,4,6
4,2025-04-14T20:11:00+00:00,2025-04-15,06:11,3,0,3
4,2025-04-14T20:12:00+00:00,2025-04-15,06:12,2,1,3
4,2025-04-14T20:13:00+00:00,2025-04-15,06:13,3,0,3
4,2025-04-14T20:15:00+00:00,2025-04-15,06:15,1,0,1
4,2025-04-14T20:24:00+00:00,2025-04-15,06:24,9,0,9
5,2025-04-14T20:20:00+00:00,2025-04-15,06:20,7,20,27
6,2025-04-14T20:13:00+00:00,2025-04-15,06:13,4,0,4
6,2025-04-14T20:16:00+00:00,2025-04-15,06:16,2,11,13
6,2025-04-14T20:19:00+00:00,2025-04-15,06:19,0,12,12
6,2025-04-14T20:20:00+00:00,2025-04-15,06:20,0,6,6
6,2025-04-14T20:23:00+00:00,2025-04-15,06:23,5,4,9
8,2025-04-14T20:11:00+00:00,2025-04-15,06:11,1,0,1
8,2025-04-14T20:15:00+00:00,2025-04-15,06:15,0,1,1
8,2025-04-14T20:19:00+00:00,2025-04-15,06:19,0,1,1
8,2025-04-14T20:23:00+00:00,2025-04-15,06:23,0,1,1
14,2025-04-14T20:13:00+00:00,2025-04-15,06:13,2,2,4
14,2025-04-14T20:14:00+00:00,2025-04-15,06:14,0,1,1
14,2025-04-14T20:22:00+00:00,2025-04-15,06:22,2,6,8
14,2025-04-14T20:23:00+00:00,2025-04-15,06:23,1,3,4
21,2025-04-14T20:15:00+00:00,2025-04-15,06:15,2,1,3
28,2025-04-14T20:10:00+00:00,2025-04-15,06:10,1,0,1
28,2025-04-14T20:12:00+00:00,2025-04-15,06:12,0,1,1
28,2025-04-14T20:15:00+00:00,2025-04-15,06:15,2,0,2
28,2025-04-14T20:20:00+00:00,2025-04-15,06:20,1,0,1
29,2025-04-14T20:20:00+00:00,2025-04-15,06:20,1,3,4
29,2025-04-14T20:22:00+00:00,2025-04-15,06:22,3,4,7
31,2025-04-14T20:18:00+00:00,2025-04-15,06:18,0,1,1
36,2025-04-14T20:14:00+00:00,2025-04-15,06:14,0,1,1
39,2025-04-14T20:13:00+00:00,2025-04-15,06:13,2,0,2
39,2025-04-14T20:19:00+00:00,2025-04-15,06:19,1,0,1
39,2025-04-14T20:24:00+00:00,2025-04-15,06:24,1,1,2
40,2025-04-14T20:11:00+00:00,2025-04-15,06:11,0,1,1
40,2025-04-14T20:22:00+00:00,2025-04-15,06:22,1,0,1
40,2025-04-14T20:24:00+00:00,2025-04-15,06:24,1,0,1
41,2025-04-14T20:10:00+00:00,2025-04-15,06:10,6,1,7
41,2025-04-14T20:12:00+00:00,2025-04-15,06:12,6,2,8
41,2025-04-14T20:13:00+00:00,2025-04-15,06:13,2,3,5
41,2025-04-14T20:15:00+00:00,2025-04-15,06:15,0,8,8
41,2025-04-14T20:21:00+00:00,2025-04-15,06:21,15,1,16
41,2025-04-14T20:22:00+00:00,2025-04-15,06:22,12,0,12
42,2025-04-14T20:16:00+00:00,2025-04-15,06:16,0,1,1
42,2025-04-14T20:19:00+00:00,2025-04-15,06:19,0,2,2
42,2025-04-14T20:23:00+00:00,2025-04-15,06:23,1,0,1
43,2025-04-14T20:10:00+00:00,2025-04-15,06:10,0,4,4
45,2025-04-14T20:14:00+00:00,2025-04-15,06:14,0,1,1
45,2025-04-14T20:19:00+00:00,2025-04-15,06:19,0,1,1
45,2025-04-14T20:23:00+00:00,2025-04-15,06:23,0,1,1
47,2025-04-14T20:11:00+00:00,2025-04-15,06:11,0,3,3
47,2025-04-14T20:14:00+00:00,2025-04-15,06:14,1,1,2
47,2025-04-14T20:15:00+00:00,2025-04-15,06:15,0,3,3
47,2025-04-14T20:18:00+00:00,2025-04-15,06:18,0,3,3
47,2025-04-14T20:19:00+00:00,2025-04-15,06:19,2,4,6
47,2025-04-14T20:24:00+00:00,2025-04-15,06:24,0,6,6
50,2025-04-14T20:15:00+00:00,2025-04-15,06:15,0,1,1
54,2025-04-14T20:10:00+00:00,2025-04-15,06:10,3,0,3
59,2025-04-14T20:10:00+00:00,2025-04-15,06:10,1,2,3
59,2025-04-14T20:20:00+00:00,2025-04-15,06:20,3,1,4
61,2025-04-14T20:15:00+00:00,2025-04-15,06:15,0,1,1
61,2025-04-14T20:19:00+00:00,2025-04-15,06:19,0,1,1
61,2025-04-14T20:21:00+00:00,2025-04-15,06:21,1,1,2
61,2025-04-14T20:22:00+00:00,2025-04-15,06:22,0,3,3
66,2025-04-14T20:20:00+00:00,2025-04-15,06:20,1,0,1
66,2025-04-14T20:22:00+00:00,2025-04-15,06:22,1,0,1
69,2025-04-14T20:18:00+00:00,2025-04-15,06:18,0,1,1
69,2025-04-14T20:22:00+00:00,2025-04-15,06:22,0,1,1
70,2025-04-14T20:23:00+00:00,2025-04-15,06:23,0,1,1
77,2025-04-14T20:20:00+00:00,2025-04-15,06:20,2,6,8
84,2025-04-14T20:10:00+00:00,2025-04-15,06:10,6,4,10
84,2025-04-14T20:20:00+00:00,2025-04-15,06:20,29,7,36
87,2025-04-14T20:13:00+00:00,2025-04-15,06:13,0,1,1
108,2025-04-14T20:11:00+00:00,2025-04-15,06:11,0,6,6
108,2025-04-14T20:14:00+00:00,2025-04-15,06:14,1,2,3
108,2025-04-14T20:16:00+00:00,2025-04-15,06:16,1,3,4
108,2025-04-14T20:17:00+00:00,2025-04-15,06:17,0,1,1
108,2025-04-14T20:18:00+00:00,2025-04-15,06:18,1,1,2
108,2025-04-14T20:19:00+00:00,2025-04-15,06:19,1,0,1
131,2025-04-14T20:15:00+00:00,2025-04-15,06:15,1,3,4
132,2025-04-14T20:15:00+00:00,2025-04-15,06:15,1,4,5
133,2025-04-14T20:10:00+00:00,2025-04-15,06:10,21,10,31
134,2025-04-14T20:20:00+00:00,2025-04-15,06:20,10,10,20
135,2025-04-14T20:15:00+00:00,2025-04-15,06:15,2,6,8
143,2025-04-14T20:10:00+00:00,2025-04-15,06:10,3,5,8
143,2025-04-14T20:15:00+00:00,2025-04-15,06:15,5,14,19
162,2025-04-14T20:10:00+00:00,2025-04-15,06:10,3,2,5
167,2025-04-14T20:15:00+00:00,2025-04-15,06:15,0,2,2
179,2025-04-14T20:15:00+00:00,2025-04-15,06:15,1,0,1
1,2025-04-14T20:10:00+00:00,2025-04-15,06:10,0,1,1
1,2025-04-14T20:12:00+00:00,2025-04-15,06:12,1,0,1
1,2025-04-14T20:16:00+00:00,2025-04-15,06:16,0,1,1
1,2025-04-14T20:18:00+00:00,2025-04-15,06:18,1,0,1
1,2025-04-14T20:23:00+00:00,2025-04-15,06:23,1,0,1
2,2025-04-14T20:15:00+00:00,2025-04-15,06:15,0,2,2
2,2025-04-14T20:17:00+00:00,2025-04-15,06:17,0,1,1
9,2025-04-14T20:10:00+00:00,2025-04-15,06:10,1,0,1
9,2025-04-14T20:16:00+00:00,2025-04-15,06:16,0,6,6
9,2025-04-14T20:17:00+00:00,2025-04-15,06:17,0,5,5
9,2025-04-14T20:19:00+00:00,2025-04-15,06:19,0,2,2
9,2025-04-14T20:22:00+00:00,2025-04-15,06:22,0,2,2
10,2025-04-14T20:12:00+00:00,2025-04-15,06:12,1,1,2
11,2025-04-14T20:10:00+00:00,2025-04-15,06:10,1,1,2
11,2025-04-14T20:14:00+00:00,2025-04-15,06:14,0,1,1
11,2025-04-14T20:18:00+00:00,2025-04-15,06:18,2,0,2
12,2025-04-14T20:12:00+00:00,2025-04-15,06:12,1,0,1
12,2025-04-14T20:21:00+00:00,2025-04-15,06:21,0,1,1
17,2025-04-14T20:10:00+00:00,2025-04-15,06:10,2,0,2
17,2025-04-14T20:13:00+00:00,2025-04-15,06:13,1,0,1
17,2025-04-14T20:18:00+00:00,2025-04-15,06:18,0,1,1
17,2025-04-14T20:22:00+00:00,2025-04-15,06:22,2,1,3
18,2025-04-14T20:19:00+00:00,2025-04-15,06:19,0,2,2
18,2025-04-14T20:20:00+00:00,2025-04-15,06:20,0,1,1
19,2025-04-14T20:17:00+00:00,2025-04-15,06:17,1,0,1
20,2025-04-14T20:18:00+00:00,2025-04-15,06:18,0,1,1
20,2025-04-14T20:20:00+00:00,2025-04-15,06:20,0,1,1
23,2025-04-14T20:10:00+00:00,2025-04-15,06:10,4,2,6
23,2025-04-14T20:12:00+00:00,2025-04-15,06:12,1,1,2
23,2025-04-14T20:14:00+00:00,2025-04-15,06:14,1,1,2
23,2025-04-14T20:18:00+00:00,2025-04-15,06:18,1,2,3
23,2025-04-14T20:19:00+00:00,2025-04-15,06:19,2,0,2
23,2025-04-14T20:22:00+00:00,2025-04-15,06:22,1,0,1
24,2025-04-14T20:11:00+00:00,2025-04-15,06:11,1,5,6
24,2025-04-14T20:21:00+00:00,2025-04-15,06:21,3,1,4
24,2025-04-14T20:22:00+00:00,2025-04-15,06:22,1,0,1
24,2025-04-14T20:24:00+00:00,2025-04-15,06:24,2,6,8
25,2025-04-14T20:15:00+00:00,2025-04-15,06:15,8,3,11
25,2025-04-14T20:20:00+00:00,2025-04-15,06:20,5,4,9
27,2025-04-14T20:23:00+00:00,2025-04-15,06:23,0,1,1
30,2025-04-14T20:11:00+00:00,2025-04-15,06:11,2,0,2
30,2025-04-14T20:17:00+00:00,2025-04-15,06:17,0,1,1
35,2025-04-14T20:20:00+00:00,2025-04-15,06:20,2,4,6
35,2025-04-14T20:21:00+00:00,2025-04-15,06:21,4,10,14
35,2025-04-14T20:23:00+00:00,2025-04-15,06:23,8,7,15
49,2025-04-14T20:14:00+00:00,2025-04-15,06:14,3,2,5
49,2025-04-14T20:24:00+00:00,2025-04-15,06:24,0,1,1
51,2025-04-14T20:11:00+00:00,2025-04-15,06:11,0,1,1
51,2025-04-14T20:12:00+00:00,2025-04-15,06:12,2,0,2
51,2025-04-14T20:13:00+00:00,2025-04-15,06:13,1,0,1
51,2025-04-14T20:22:00+00:00,2025-04-15,06:22,0,1,1
53,2025-04-14T20:12:00+00:00,2025-04-15,06:12,1,1,2
53,2025-04-14T20:13:00+00:00,2025-04-15,06:13,1,2,3
56,2025-04-14T20:10:00+00:00,2025-04-15,06:10,0,1,1
56,2025-04-14T20:23:00+00:00,2025-04-15,06:23,1,0,1
58,2025-04-14T20:12:00+00:00,2025-04-15,06:12,0,3,3
58,2025-04-14T20:13:00+00:00,2025-04-15,06:13,4,2,6
58,2025-04-14T20:16:00+00:00,2025-04-15,06:16,9,5,14
58,2025-04-14T20:18:00+00:00,2025-04-15,06:18,7,1,8
58,2025-04-14T20:19:00+00:00,2025-04-15,06:19,1,3,4
58,2025-04-14T20:20:00+00:00,2025-04-15,06:20,2,0,2
58,2025-04-14T20:21:00+00:00,2025-04-15,06:21,1,6,7
58,2025-04-14T20:22:00+00:00,2025-04-15,06:22,4,1,5
58,2025-04-14T20:23:00+00:00,2025-04-15,06:23,3,1,4
58,2025-04-14T20:24:00+00:00,2025-04-15,06:24,3,1,4
62,2025-04-14T20:14:00+00:00,2025-04-15,06:14,0,3,3
62,2025-04-14T20:16:00+00:00,2025-04-15,06:16,2,2,4
62,2025-04-14T20:21:00+00:00,2025-04-15,06:21,5,0,5
63,2025-04-14T20:17:00+00:00,2025-04-15,06:17,0,1,1
63,2025-04-14T20:20:00+00:00,2025-04-15,06:20,0,1,1
63,2025-04-14T20:24:00+00:00,2025-04-15,06:24,0,1,1
67,2025-04-14T20:22:00+00:00,2025-04-15,06:22,0,1,1
67,2025-04-14T20:24:00+00:00,2025-04-15,06:24,2,0,2
68,2025-04-14T20:17:00+00:00,2025-04-15,06:17,1,0,1
72,2025-04-14T20:13:00+00:00,2025-04-15,06:13,2,0,2
76,2025-04-14T20:15:00+00:00,2025-04-15,06:15,0,2,2
79,2025-04-14T20:11:00+00:00,2025-04-15,06:11,1,0,1
79,2025-04-14T20:16:00+00:00,2025-04-15,06:16,1,0,1
79,2025-04-14T20:17:00+00:00,2025-04-15,06:17,12,1,13
79,2025-04-14T20:18:00+00:00,2025-04-15,06:18,4,0,4
79,2025-04-14T20:19:00+00:00,2025-04-15,06:19,10,1,11
79,2025-04-14T20:20:00+00:00,2025-04-15,06:20,3,1,4
85,2025-04-14T20:10:00+00:00,2025-04-15,06:10,3,1,4
85,2025-04-14T20:13:00+00:00,2025-04-15,06:13,1,0,1
85,2025-04-14T20:23:00+00:00,2025-04-15,06:23,0,1,1
86,2025-04-14T20:22:00+00:00,2025-04-15,06:22,0,1,1
141,2025-04-14T20:10:00+00:00,2025-04-15,06:10,0,2,2
161,2025-04-14T20:20:00+00:00,2025-04-15,06:20,1,0,1
164,2025-04-14T20:15:00+00:00,2025-04-15,06:15,5,1,6
164,2025-04-14T20:20:00+00:00,2025-04-15,06:20,2,1,3
181,2025-04-14T20:25:00+00:00,2025-04-15,06:25,2,4,6
181,2025-04-14T20:38:00+00:00,2025-04-15,06:38,7,4,11
180,2025-04-14T20:26:00+00:00,2025-04-15,06:26,0,1,1
180,2025-04-14T20:27:00+00:00,2025-04-15,06:27,1,0,1
181,2025-04-14T19:41:00+00:00,2025-04-15,05:41,0,3,3
181,2025-04-14T19:42:00+00:00,2025-04-15,05:42,2,0,2
181,2025-04-14T19:43:00+00:00,2025-04-15,05:43,2,1,3
181,2025-04-14T19:48:00+00:00,2025-04-15,05:48,1,2,3
181,2025-04-14T19:53:00+00:00,2025-04-15,05:53,0,2,2
3,2025-04-14T19:43:00+00:00,2025-04-15,05:43,1,0,1
4,2025-04-14T19:40:00+00:00,2025-04-15,05:40,1,1,2
4,2025-04-14T19:42:00+00:00,2025-04-15,05:42,2,0,2
4,2025-04-14T19:46:00+00:00,2025-04-15,05:46,0,1,1
5,2025-04-14T19:40:00+00:00,2025-04-15,05:40,2,11,13
6,2025-04-14T19:40:00+00:00,2025-04-15,05:40,5,0,5
6,2025-04-14T19:46:00+00:00,2025-04-15,05:46,4,3,7
6,2025-04-14T19:47:00+00:00,2025-04-15,05:47,0,4,4
6,2025-04-14T19:49:00+00:00,2025-04-15,05:49,1,0,1
6,2025-04-14T19:52:00+00:00,2025-04-15,05:52,3,0,3
14,2025-04-14T19:40:00+00:00,2025-04-15,05:40,0,1,1
14,2025-04-14T19:43:00+00:00,2025-04-15,05:43,2,1,3
14,2025-04-14T19:52:00+00:00,2025-04-15,05:52,1,0,1
21,2025-04-14T19:40:00+00:00,2025-04-15,05:40,1,0,1
28,2025-04-14T19:49:00+00:00,2025-04-15,05:49,1,1,2
28,2025-04-14T19:50:00+00:00,2025-04-15,05:50,2,2,4
28,2025-04-14T19:53:00+00:00,2025-04-15,05:53,0,1,1
29,2025-04-14T19:42:00+00:00,2025-04-15,05:42,0,2,2
29,2025-04-14T19:45:00+00:00,2025-04-15,05:45,0,2,2
29,2025-04-14T19:46:00+00:00,2025-04-15,05:46,0,2,2
29,2025-04-14T19:47:00+00:00,2025-04-15,05:47,0,3,3
29,2025-04-14T19:51:00+00:00,2025-04-15,05:51,3,0,3
29,2025-04-14T19:54:00+00:00,2025-04-15,05:54,1,1,2
37,2025-04-14T19:53:00+00:00,2025-04-15,05:53,0,6,6
39,2025-04-14T19:49:00+00:00,2025-04-15,05:49,1,0,1
41,2025-04-14T19:42:00+00:00,2025-04-15,05:42,2,1,3
41,2025-04-14T19:44:00+00:00,2025-04-15,05:44,3,4,7
41,2025-04-14T19:45:00+00:00,2025-04-15,05:45,3,2,5
41,2025-04-14T19:46:00+00:00,2025-04-15,05:46,2,1,3
41,2025-04-14T19:49:00+00:00,2025-04-15,05:49,5,4,9
41,2025-04-14T19:50:00+00:00,2025-04-15,05:50,4,3,7
41,2025-04-14T19:51:00+00:00,2025-04-15,05:51,0,2,2
41,2025-04-14T19:53:00+00:00,2025-04-15,05:53,1,1,2
41,2025-04-14T19:54:00+00:00,2025-04-15,05:54,0,9,9
42,2025-04-14T19:48:00+00:00,2025-04-15,05:48,0,6,6
42,2025-04-14T19:53:00+00:00,2025-04-15,05:53,1,0,1
45,2025-04-14T19:45:00+00:00,2025-04-15,05:45,2,0,2
45,2025-04-14T19:46:00+00:00,2025-04-15,05:46,1,0,1
45,2025-04-14T19:47:00+00:00,2025-04-15,05:47,0,1,1
47,2025-04-14T19:43:00+00:00,2025-04-15,05:43,1,1,2
47,2025-04-14T19:53:00+00:00,2025-04-15,05:53,0,1,1
54,2025-04-14T19:44:00+00:00,2025-04-15,05:44,1,3,4
59,2025-04-14T19:40:00+00:00,2025-04-15,05:40,1,0,1
61,2025-04-14T19:44:00+00:00,2025-04-15,05:44,1,0,1
61,2025-04-14T19:46:00+00:00,2025-04-15,05:46,0,1,1
66,2025-04-14T19:40:00+00:00,2025-04-15,05:40,0,1,1
66,2025-04-14T19:44:00+00:00,2025-04-15,05:44,0,1,1
66,2025-04-14T19:48:00+00:00,2025-04-15,05:48,0,3,3
66,2025-04-14T19:49:00+00:00,2025-04-15,05:49,0,1,1
66,2025-04-14T19:50:00+00:00,2025-04-15,05:50,1,0,1
66,2025-04-14T19:51:00+00:00,2025-04-15,05:51,0,3,3
70,2025-04-14T19:54:00+00:00,2025-04-15,05:54,1,0,1
75,2025-04-14T19:40:00+00:00,2025-04-15,05:40,1,0,1
84,2025-04-14T19:40:00+00:00,2025-04-15,05:40,5,1,6
87,2025-04-14T19:42:00+00:00,2025-04-15,05:42,1,0,1
107,2025-04-14T19:45:00+00:00,2025-04-15,05:45,0,2,2
108,2025-04-14T19:50:00+00:00,2025-04-15,05:50,0,1,1
131,2025-04-14T19:40:00+00:00,2025-04-15,05:40,2,1,3
132,2025-04-14T19:45:00+00:00,2025-04-15,05:45,1,1,2
133,2025-04-14T19:40:00+00:00,2025-04-15,05:40,9,8,17
133,2025-04-14T19:50:00+00:00,2025-04-15,05:50,7,15,22
134,2025-04-14T19:40:00+00:00,2025-04-15,05:40,7,6,13
134,2025-04-14T19:50:00+00:00,2025-04-15,05:50,9,8,17
143,2025-04-14T19:50:00+00:00,2025-04-15,05:50,1,1,2
162,2025-04-14T19:40:00+00:00,2025-04-15,05:40,3,1,4
162,2025-04-14T19:45:00+00:00,2025-04-15,05:45,0,1,1
166,2025-04-14T19:50:00+00:00,2025-04-15,05:50,0,1,1
167,2025-04-14T19:50:00+00:00,2025-04-15,05:50,0,1,1
179,2025-04-14T19:50:00+00:00,2025-04-15,05:50,1,0,1
1,2025-04-14T19:48:00+00:00,2025-04-15,05:48,1,0,1
1,2025-04-14T19:51:00+00:00,2025-04-15,05:51,1,2,3
9,2025-04-14T19:44:00+00:00,2025-04-15,05:44,1,3,4
9,2025-04-14T19:45:00+00:00,2025-04-15,05:45,0,3,3
10,2025-04-14T19:47:00+00:00,2025-04-15,05:47,0,1,1
10,2025-04-14T19:49:00+00:00,2025-04-15,05:49,0,1,1
12,2025-04-14T19:42:00+00:00,2025-04-15,05:42,1,0,1
12,2025-04-14T19:44:00+00:00,2025-04-15,05:44,0,1,1
12,2025-04-14T19:54:00+00:00,2025-04-15,05:54,2,0,2
17,2025-04-14T19:40:00+00:00,2025-04-15,05:40,2,0,2
17,2025-04-14T19:42:00+00:00,2025-04-15,05:42,2,1,3
17,2025-04-14T19:44:00+00:00,2025-04-15,05:44,1,0,1
17,2025-04-14T19:46:00+00:00,2025-04-15,05:46,1,0,1
17,2025-04-14T19:47:00+00:00,2025-04-15,05:47,2,0,2
17,2025-04-14T19:53:00+00:00,2025-04-15,05:53,3,1,4
18,2025-04-14T19:45:00+00:00,2025-04-15,05:45,0,1,1
18,2025-04-14T19:48:00+00:00,2025-04-15,05:48,0,1,1
19,2025-04-14T19:45:00+00:00,2025-04-15,05:45,1,0,1
20,2025-04-14T19:42:00+00:00,2025-04-15,05:42,3,0,3
23,2025-04-14T19:46:00+00:00,2025-04-15,05:46,1,1,2
23,2025-04-14T19:48:00+00:00,2025-04-15,05:48,0,2,2
23,2025-04-14T19:52:00+00:00,2025-04-15,05:52,0,1,1
23,2025-04-14T19:54:00+00:00,2025-04-15,05:54,1,3,4
24,2025-04-14T19:42:00+00:00,2025-04-15,05:42,1,6,7
24,2025-04-14T19:45:00+00:00,2025-04-15,05:45,5,2,7
24,2025-04-14T19:47:00+00:00,2025-04-15,05:47,1,5,6
27,2025-04-14T19:49:00+00:00,2025-04-15,05:49,1,0,1
30,2025-04-14T19:46:00+00:00,2025-04-15,05:46,0,1,1
35,2025-04-14T19:43:00+00:00,2025-04-15,05:43,3,0,3
35,2025-04-14T19:44:00+00:00,2025-04-15,05:44,1,0,1
35,2025-04-14T19:47:00+00:00,2025-04-15,05:47,2,2,4
35,2025-04-14T19:48:00+00:00,2025-04-15,05:48,2,1,3
35,2025-04-14T19:54:00+00:00,2025-04-15,05:54,0,1,1
49,2025-04-14T19:41:00+00:00,2025-04-15,05:41,0,1,1
49,2025-04-14T19:44:00+00:00,2025-04-15,05:44,1,0,1
49,2025-04-14T19:46:00+00:00,2025-04-15,05:46,0,1,1
49,2025-04-14T19:53:00+00:00,2025-04-15,05:53,1,0,1
53,2025-04-14T19:41:00+00:00,2025-04-15,05:41,0,1,1
53,2025-04-14T19:53:00+00:00,2025-04-15,05:53,0,1,1
56,2025-04-14T19:44:00+00:00,2025-04-15,05:44,1,0,1
56,2025-04-14T19:52:00+00:00,2025-04-15,05:52,1,0,1
56,2025-04-14T19:54:00+00:00,2025-04-15,05:54,0,2,2
58,2025-04-14T19:43:00+00:00,2025-04-15,05:43,1,2,3
58,2025-04-14T19:46:00+00:00,2025-04-15,05:46,2,0,2
58,2025-04-14T19:47:00+00:00,2025-04-15,05:47,5,2,7
58,2025-04-14T19:52:00+00:00,2025-04-15,05:52,1,1,2
62,2025-04-14T19:40:00+00:00,2025-04-15,05:40,0,1,1
62,2025-04-14T19:54:00+00:00,2025-04-15,05:54,1,0,1
63,2025-04-14T19:41:00+00:00,2025-04-15,05:41,1,0,1
63,2025-04-14T19:42:00+00:00,2025-04-15,05:42,0,2,2
67,2025-04-14T19:53:00+00:00,2025-04-15,05:53,1,1,2
72,2025-04-14T19:41:00+00:00,2025-04-15,05:41,0,1,1
72,2025-04-14T19:48:00+00:00,2025-04-15,05:48,0,1,1
79,2025-04-14T19:41:00+00:00,2025-04-15,05:41,4,0,4
79,2025-04-14T19:47:00+00:00,2025-04-15,05:47,0,1,1
79,2025-04-14T19:53:00+00:00,2025-04-15,05:53,0,2,2
85,2025-04-14T19:53:00+00:00,2025-04-15,05:53,1,0,1
109,2025-04-14T19:50:00+00:00,2025-04-15,05:50,0,1,1
117,2025-04-14T19:50:00+00:00,2025-04-15,05:50,1,1,2
141,2025-04-14T19:40:00+00:00,2025-04-15,05:40,1,1,2
141,2025-04-14T19:45:00+00:00,2025-04-15,05:45,3,0,3
164,2025-04-14T19:50:00+00:00,2025-04-15,05:50,3,3,6
3,2025-04-14T20:55:00+00:00,2025-04-15,06:55,1,1,2
3,2025-04-14T20:56:00+00:00,2025-04-15,06:56,3,0,3
3,2025-04-14T21:05:00+00:00,2025-04-15,07:05,1,0,1
4,2025-04-14T20:56:00+00:00,2025-04-15,06:56,7,3,10
4,2025-04-14T20:57:00+00:00,2025-04-15,06:57,10,2,12
4,2025-04-14T21:01:00+00:00,2025-04-15,07:01,4,0,4
4,2025-04-14T21:02:00+00:00,2025-04-15,07:02,4,0,4
4,2025-04-14T21:03:00+00:00,2025-04-15,07:03,3,2,5
4,2025-04-14T21:05:00+00:00,2025-04-15,07:05,1,3,4
4,2025-04-14T21:08:00+00:00,2025-04-15,07:08,1,3,4
6,2025-04-14T20:55:00+00:00,2025-04-15,06:55,5,6,11
6,2025-04-14T21:01:00+00:00,2025-04-15,07:01,2,0,2
6,2025-04-14T21:02:00+00:00,2025-04-15,07:02,3,7,10
8,2025-04-14T20:55:00+00:00,2025-04-15,06:55,0,3,3
8,2025-04-14T20:59:00+00:00,2025-04-15,06:59,2,3,5
8,2025-04-14T21:01:00+00:00,2025-04-15,07:01,2,2,4
8,2025-04-14T21:03:00+00:00,2025-04-15,07:03,2,3,5
8,2025-04-14T21:09:00+00:00,2025-04-15,07:09,2,2,4
14,2025-04-14T20:57:00+00:00,2025-04-15,06:57,2,0,2
14,2025-04-14T21:03:00+00:00,2025-04-15,07:03,4,1,5
14,2025-04-14T21:04:00+00:00,2025-04-15,07:04,3,1,4
14,2025-04-14T21:06:00+00:00,2025-04-15,07:06,2,1,3
28,2025-04-14T20:56:00+00:00,2025-04-15,06:56,5,0,5
28,2025-04-14T20:57:00+00:00,2025-04-15,06:57,7,2,9
28,2025-04-14T20:59:00+00:00,2025-04-15,06:59,7,0,7
28,2025-04-14T21:00:00+00:00,2025-04-15,07:00,3,1,4
28,2025-04-14T21:02:00+00:00,2025-04-15,07:02,5,0,5
28,2025-04-14T21:03:00+00:00,2025-04-15,07:03,8,7,15
28,2025-04-14T21:07:00+00:00,2025-04-15,07:07,2,1,3
29,2025-04-14T21:01:00+00:00,2025-04-15,07:01,3,1,4
29,2025-04-14T21:02:00+00:00,2025-04-15,07:02,0,2,2
29,2025-04-14T21:03:00+00:00,2025-04-15,07:03,1,5,6
29,2025-04-14T21:04:00+00:00,2025-04-15,07:04,8,3,11
29,2025-04-14T21:05:00+00:00,2025-04-15,07:05,0,2,2
29,2025-04-14T21:09:00+00:00,2025-04-15,07:09,2,0,2
31,2025-04-14T20:56:00+00:00,2025-04-15,06:56,1,0,1
31,2025-04-14T21:09:00+00:00,2025-04-15,07:09,0,1,1
36,2025-04-14T20:57:00+00:00,2025-04-15,06:57,1,1,2
36,2025-04-14T21:08:00+00:00,2025-04-15,07:08,1,0,1
36,2025-04-14T21:09:00+00:00,2025-04-15,07:09,1,0,1
39,2025-04-14T21:06:00+00:00,2025-04-15,07:06,0,1,1
39,2025-04-14T21:07:00+00:00,2025-04-15,07:07,1,0,1
40,2025-04-14T20:55:00+00:00,2025-04-15,06:55,0,3,3
40,2025-04-14T20:56:00+00:00,2025-04-15,06:56,0,1,1
40,2025-04-14T21:03:00+00:00,2025-04-15,07:03,0,1,1
40,2025-04-14T21:04:00+00:00,2025-04-15,07:04,0,2,2
40,2025-04-14T21:07:00+00:00,2025-04-15,07:07,0,2,2
41,2025-04-14T21:00:00+00:00,2025-04-15,07:00,17,6,23
41,2025-04-14T21:04:00+00:00,2025-04-15,07:04,10,0,10
41,2025-04-14T21:09:00+00:00,2025-04-15,07:09,17,6,23
42,2025-04-14T21:00:00+00:00,2025-04-15,07:00,0,2,2
42,2025-04-14T21:03:00+00:00,2025-04-15,07:03,0,1,1
42,2025-04-14T21:04:00+00:00,2025-04-15,07:04,0,1,1
42,2025-04-14T21:09:00+00:00,2025-04-15,07:09,0,1,1
43,2025-04-14T21:05:00+00:00,2025-04-15,07:05,3,1,4
44,2025-04-14T20:55:00+00:00,2025-04-15,06:55,3,0,3
45,2025-04-14T20:57:00+00:00,2025-04-15,06:57,0,4,4
45,2025-04-14T21:03:00+00:00,2025-04-15,07:03,1,1,2
45,2025-04-14T21:06:00+00:00,2025-04-15,07:06,0,3,3
45,2025-04-14T21:07:00+00:00,2025-04-15,07:07,2,2,4
47,2025-04-14T20:56:00+00:00,2025-04-15,06:56,1,2,3
47,2025-04-14T21:03:00+00:00,2025-04-15,07:03,2,8,10
47,2025-04-14T21:06:00+00:00,2025-04-15,07:06,0,2,2
47,2025-04-14T21:09:00+00:00,2025-04-15,07:09,3,2,5
50,2025-04-14T20:55:00+00:00,2025-04-15,06:55,0,1,1
50,2025-04-14T20:56:00+00:00,2025-04-15,06:56,0,2,2
50,2025-04-14T20:58:00+00:00,2025-04-15,06:58,1,0,1
50,2025-04-14T21:02:00+00:00,2025-04-15,07:02,1,0,1
50,2025-04-14T21:05:00+00:00,2025-04-15,07:05,0,1,1
54,2025-04-14T21:05:00+00:00,2025-04-15,07:05,2,0,2
61,2025-04-14T20:55:00+00:00,2025-04-15,06:55,0,4,4
61,2025-04-14T21:06:00+00:00,2025-04-15,07:06,0,2,2
61,2025-04-14T21:08:00+00:00,2025-04-15,07:08,2,4,6
66,2025-04-14T21:03:00+00:00,2025-04-15,07:03,1,3,4
66,2025-04-14T21:04:00+00:00,2025-04-15,07:04,0,5,5
66,2025-04-14T21:05:00+00:00,2025-04-15,07:05,2,3,5
69,2025-04-14T21:04:00+00:00,2025-04-15,07:04,2,1,3
75,2025-04-14T20:59:00+00:00,2025-04-15,06:59,2,1,3
75,2025-04-14T21:07:00+00:00,2025-04-15,07:07,2,0,2
77,2025-04-14T21:00:00+00:00,2025-04-15,07:00,4,11,15
78,2025-04-14T21:00:00+00:00,2025-04-15,07:00,0,1,1
78,2025-04-14T21:08:00+00:00,2025-04-15,07:08,1,0,1
78,2025-04-14T21:09:00+00:00,2025-04-15,07:09,1,0,1
84,2025-04-14T20:55:00+00:00,2025-04-15,06:55,52,14,66
87,2025-04-14T20:59:00+00:00,2025-04-15,06:59,0,1,1
87,2025-04-14T21:05:00+00:00,2025-04-15,07:05,1,0,1
107,2025-04-14T20:55:00+00:00,2025-04-15,06:55,1,6,7
108,2025-04-14T20:57:00+00:00,2025-04-15,06:57,1,3,4
108,2025-04-14T20:58:00+00:00,2025-04-15,06:58,2,11,13
108,2025-04-14T20:59:00+00:00,2025-04-15,06:59,0,12,12
108,2025-04-14T21:02:00+00:00,2025-04-15,07:02,0,8,8
108,2025-04-14T21:03:00+00:00,2025-04-15,07:03,1,10,11
108,2025-04-14T21:04:00+00:00,2025-04-15,07:04,1,10,11
108,2025-04-14T21:06:00+00:00,2025-04-15,07:06,0,5,5
131,2025-04-14T21:05:00+00:00,2025-04-15,07:05,4,1,5
132,2025-04-14T20:55:00+00:00,2025-04-15,06:55,6,3,9
134,2025-04-14T20:55:00+00:00,2025-04-15,06:55,13,22,35
134,2025-04-14T21:00:00+00:00,2025-04-15,07:00,21,16,37
140,2025-04-14T20:55:00+00:00,2025-04-15,06:55,7,2,9
140,2025-04-14T21:00:00+00:00,2025-04-15,07:00,2,0,2
143,2025-04-14T21:05:00+00:00,2025-04-15,07:05,7,10,17
162,2025-04-14T20:55:00+00:00,2025-04-15,06:55,8,4,12
162,2025-04-14T21:00:00+00:00,2025-04-15,07:00,8,4,12
162,2025-04-14T21:05:00+00:00,2025-04-15,07:05,4,3,7
165,2025-04-14T21:00:00+00:00,2025-04-15,07:00,1,2,3
179,2025-04-14T21:05:00+00:00,2025-04-15,07:05,3,2,5
3,2025-04-14T14:05:00+00:00,2025-04-15,00:05,0,1,1
3,2025-04-14T14:08:00+00:00,2025-04-15,00:08,1,1,2
1,2025-04-14T20:57:00+00:00,2025-04-15,06:57,1,2,3
1,2025-04-14T20:58:00+00:00,2025-04-15,06:58,1,0,1
1,2025-04-14T21:05:00+00:00,2025-04-15,07:05,0,3,3
4,2025-04-14T13:58:00+00:00,2025-04-14,23:58,0,4,4
4,2025-04-14T14:06:00+00:00,2025-04-15,00:06,2,1,3
4,2025-04-14T14:07:00+00:00,2025-04-15,00:07,1,6,7
4,2025-04-14T14:08:00+00:00,2025-04-15,00:08,1,0,1
2,2025-04-14T20:57:00+00:00,2025-04-15,06:57,0,1,1
2,2025-04-14T21:03:00+00:00,2025-04-15,07:03,5,0,5
2,2025-04-14T21:04:00+00:00,2025-04-15,07:04,0,1,1
14,2025-04-14T13:57:00+00:00,2025-04-14,23:57,1,0,1
14,2025-04-14T14:00:00+00:00,2025-04-15,00:00,0,1,1
9,2025-04-14T20:59:00+00:00,2025-04-15,06:59,3,4,7
14,2025-04-14T14:04:00+00:00,2025-04-15,00:04,2,0,2
9,2025-04-14T21:01:00+00:00,2025-04-15,07:01,0,3,3
9,2025-04-14T21:02:00+00:00,2025-04-15,07:02,1,9,10
21,2025-04-14T14:00:00+00:00,2025-04-15,00:00,7,6,13
31,2025-04-14T14:00:00+00:00,2025-04-15,00:00,2,3,5
31,2025-04-14T14:01:00+00:00,2025-04-15,00:01,1,1,2
10,2025-04-14T20:58:00+00:00,2025-04-15,06:58,1,1,2
10,2025-04-14T21:04:00+00:00,2025-04-15,07:04,0,2,2
10,2025-04-14T21:06:00+00:00,2025-04-15,07:06,0,1,1
10,2025-04-14T21:07:00+00:00,2025-04-15,07:07,1,2,3
10,2025-04-14T21:09:00+00:00,2025-04-15,07:09,0,3,3
11,2025-04-14T20:56:00+00:00,2025-04-15,06:56,0,1,1
11,2025-04-14T20:57:00+00:00,2025-04-15,06:57,1,1,2
11,2025-04-14T20:58:00+00:00,2025-04-15,06:58,2,2,4
11,2025-04-14T20:59:00+00:00,2025-04-15,06:59,0,1,1
11,2025-04-14T21:00:00+00:00,2025-04-15,07:00,3,3,6
50,2025-04-14T14:01:00+00:00,2025-04-15,00:01,2,0,2
50,2025-04-14T14:03:00+00:00,2025-04-15,00:03,1,0,1
12,2025-04-14T20:56:00+00:00,2025-04-15,06:56,4,4,8
12,2025-04-14T21:05:00+00:00,2025-04-15,07:05,2,1,3
12,2025-04-14T21:08:00+00:00,2025-04-15,07:08,2,4,6
17,2025-04-14T21:03:00+00:00,2025-04-15,07:03,7,7,14
17,2025-04-14T21:05:00+00:00,2025-04-15,07:05,3,2,5
17,2025-04-14T21:06:00+00:00,2025-04-15,07:06,5,1,6
17,2025-04-14T21:08:00+00:00,2025-04-15,07:08,3,2,5
18,2025-04-14T20:56:00+00:00,2025-04-15,06:56,0,1,1
18,2025-04-14T20:58:00+00:00,2025-04-15,06:58,1,4,5
18,2025-04-14T20:59:00+00:00,2025-04-15,06:59,0,1,1
19,2025-04-14T20:59:00+00:00,2025-04-15,06:59,1,0,1
19,2025-04-14T21:05:00+00:00,2025-04-15,07:05,0,1,1
20,2025-04-14T21:03:00+00:00,2025-04-15,07:03,1,1,2
23,2025-04-14T20:56:00+00:00,2025-04-15,06:56,3,3,6
23,2025-04-14T20:57:00+00:00,2025-04-15,06:57,2,1,3
23,2025-04-14T21:01:00+00:00,2025-04-15,07:01,1,0,1
23,2025-04-14T21:06:00+00:00,2025-04-15,07:06,5,2,7
24,2025-04-14T20:55:00+00:00,2025-04-15,06:55,3,4,7
24,2025-04-14T20:58:00+00:00,2025-04-15,06:58,7,10,17
24,2025-04-14T21:01:00+00:00,2025-04-15,07:01,1,0,1
24,2025-04-14T21:02:00+00:00,2025-04-15,07:02,9,5,14
24,2025-04-14T21:04:00+00:00,2025-04-15,07:04,11,4,15
24,2025-04-14T21:07:00+00:00,2025-04-15,07:07,21,0,21
24,2025-04-14T21:09:00+00:00,2025-04-15,07:09,10,0,10
27,2025-04-14T20:55:00+00:00,2025-04-15,06:55,1,0,1
27,2025-04-14T21:04:00+00:00,2025-04-15,07:04,0,4,4
27,2025-04-14T21:08:00+00:00,2025-04-15,07:08,2,0,2
30,2025-04-14T20:59:00+00:00,2025-04-15,06:59,1,1,2
30,2025-04-14T21:08:00+00:00,2025-04-15,07:08,2,0,2
30,2025-04-14T21:09:00+00:00,2025-04-15,07:09,0,1,1
35,2025-04-14T20:55:00+00:00,2025-04-15,06:55,7,13,20
35,2025-04-14T20:56:00+00:00,2025-04-15,06:56,9,13,22
35,2025-04-14T20:57:00+00:00,2025-04-15,06:57,1,18,19
35,2025-04-14T21:03:00+00:00,2025-04-15,07:03,11,3,14
35,2025-04-14T21:05:00+00:00,2025-04-15,07:05,6,4,10
35,2025-04-14T21:09:00+00:00,2025-04-15,07:09,12,5,17
48,2025-04-14T21:06:00+00:00,2025-04-15,07:06,2,0,2
49,2025-04-14T21:00:00+00:00,2025-04-15,07:00,2,2,4
49,2025-04-14T21:05:00+00:00,2025-04-15,07:05,1,0,1
49,2025-04-14T21:06:00+00:00,2025-04-15,07:06,1,2,3
49,2025-04-14T21:08:00+00:00,2025-04-15,07:08,1,0,1
51,2025-04-14T20:57:00+00:00,2025-04-15,06:57,0,2,2
51,2025-04-14T20:58:00+00:00,2025-04-15,06:58,1,0,1
51,2025-04-14T20:59:00+00:00,2025-04-15,06:59,1,0,1
51,2025-04-14T21:02:00+00:00,2025-04-15,07:02,2,0,2
51,2025-04-14T21:05:00+00:00,2025-04-15,07:05,2,1,3
52,2025-04-14T21:05:00+00:00,2025-04-15,07:05,2,0,2
53,2025-04-14T20:55:00+00:00,2025-04-15,06:55,0,2,2
53,2025-04-14T20:57:00+00:00,2025-04-15,06:57,2,1,3
53,2025-04-14T21:02:00+00:00,2025-04-15,07:02,1,0,1
53,2025-04-14T21:04:00+00:00,2025-04-15,07:04,0,1,1
53,2025-04-14T21:08:00+00:00,2025-04-15,07:08,1,2,3
53,2025-04-14T21:09:00+00:00,2025-04-15,07:09,2,0,2
56,2025-04-14T20:56:00+00:00,2025-04-15,06:56,1,0,1
56,2025-04-14T20:57:00+00:00,2025-04-15,06:57,1,1,2
56,2025-04-14T20:58:00+00:00,2025-04-15,06:58,1,2,3
56,2025-04-14T21:07:00+00:00,2025-04-15,07:07,3,0,3
58,2025-04-14T20:56:00+00:00,2025-04-15,06:56,8,0,8
58,2025-04-14T21:01:00+00:00,2025-04-15,07:01,3,4,7
58,2025-04-14T21:02:00+00:00,2025-04-15,07:02,3,0,3
58,2025-04-14T21:04:00+00:00,2025-04-15,07:04,7,0,7
58,2025-04-14T21:05:00+00:00,2025-04-15,07:05,19,0,19
58,2025-04-14T21:09:00+00:00,2025-04-15,07:09,9,0,9
62,2025-04-14T20:57:00+00:00,2025-04-15,06:57,0,1,1
62,2025-04-14T20:59:00+00:00,2025-04-15,06:59,0,1,1
62,2025-04-14T21:07:00+00:00,2025-04-15,07:07,1,0,1
63,2025-04-14T20:59:00+00:00,2025-04-15,06:59,0,1,1
63,2025-04-14T21:02:00+00:00,2025-04-15,07:02,1,1,2
63,2025-04-14T21:06:00+00:00,2025-04-15,07:06,0,3,3
63,2025-04-14T21:07:00+00:00,2025-04-15,07:07,0,2,2
63,2025-04-14T21:09:00+00:00,2025-04-15,07:09,1,1,2
67,2025-04-14T20:55:00+00:00,2025-04-15,06:55,3,0,3
67,2025-04-14T20:57:00+00:00,2025-04-15,06:57,5,0,5
67,2025-04-14T20:58:00+00:00,2025-04-15,06:58,1,1,2
67,2025-04-14T21:02:00+00:00,2025-04-15,07:02,2,1,3
67,2025-04-14T21:03:00+00:00,2025-04-15,07:03,1,3,4
67,2025-04-14T21:04:00+00:00,2025-04-15,07:04,1,1,2
67,2025-04-14T21:08:00+00:00,2025-04-15,07:08,3,3,6
68,2025-04-14T21:02:00+00:00,2025-04-15,07:02,3,2,5
68,2025-04-14T21:04:00+00:00,2025-04-15,07:04,1,1,2
72,2025-04-14T20:56:00+00:00,2025-04-15,06:56,0,2,2
72,2025-04-14T20:57:00+00:00,2025-04-15,06:57,4,0,4
72,2025-04-14T21:00:00+00:00,2025-04-15,07:00,3,0,3
72,2025-04-14T21:02:00+00:00,2025-04-15,07:02,7,1,8
72,2025-04-14T21:03:00+00:00,2025-04-15,07:03,5,2,7
72,2025-04-14T21:04:00+00:00,2025-04-15,07:04,2,1,3
72,2025-04-14T21:06:00+00:00,2025-04-15,07:06,1,1,2
76,2025-04-14T20:57:00+00:00,2025-04-15,06:57,1,0,1
76,2025-04-14T21:02:00+00:00,2025-04-15,07:02,0,1,1
79,2025-04-14T21:00:00+00:00,2025-04-15,07:00,1,2,3
79,2025-04-14T21:03:00+00:00,2025-04-15,07:03,1,1,2
79,2025-04-14T21:09:00+00:00,2025-04-15,07:09,3,2,5
85,2025-04-14T20:59:00+00:00,2025-04-15,06:59,1,0,1
85,2025-04-14T21:05:00+00:00,2025-04-15,07:05,3,0,3
86,2025-04-14T20:56:00+00:00,2025-04-15,06:56,1,2,3
86,2025-04-14T21:00:00+00:00,2025-04-15,07:00,1,0,1
86,2025-04-14T21:06:00+00:00,2025-04-15,07:06,3,1,4
117,2025-04-14T20:55:00+00:00,2025-04-15,06:55,5,3,8
123,2025-04-14T20:55:00+00:00,2025-04-15,06:55,6,0,6
130,2025-04-14T20:55:00+00:00,2025-04-15,06:55,5,1,6
130,2025-04-14T21:00:00+00:00,2025-04-15,07:00,1,2,3
130,2025-04-14T21:05:00+00:00,2025-04-15,07:05,2,0,2
136,2025-04-14T21:05:00+00:00,2025-04-15,07:05,8,13,21
139,2025-04-14T21:05:00+00:00,2025-04-15,07:05,3,9,12
141,2025-04-14T20:55:00+00:00,2025-04-15,06:55,7,1,8
142,2025-04-14T21:00:00+00:00,2025-04-15,07:00,32,16,48
164,2025-04-14T20:55:00+00:00,2025-04-15,06:55,2,8,10
164,2025-04-14T21:00:00+00:00,2025-04-15,07:00,1,4,5
164,2025-04-14T21:05:00+00:00,2025-04-15,07:05,3,4,7
3,2025-04-14T20:41:00+00:00,2025-04-15,06:41,0,2,2
3,2025-04-14T20:46:00+00:00,2025-04-15,06:46,0,2,2
3,2025-04-14T20:48:00+00:00,2025-04-15,06:48,0,2,2
3,2025-04-14T20:49:00+00:00,2025-04-15,06:49,1,1,2
3,2025-04-14T20:50:00+00:00,2025-04-15,06:50,1,2,3
3,2025-04-14T20:51:00+00:00,2025-04-15,06:51,0,3,3
3,2025-04-14T20:53:00+00:00,2025-04-15,06:53,0,1,1
4,2025-04-14T20:42:00+00:00,2025-04-15,06:42,1,2,3
4,2025-04-14T20:44:00+00:00,2025-04-15,06:44,4,0,4
4,2025-04-14T20:45:00+00:00,2025-04-15,06:45,4,4,8
4,2025-04-14T20:48:00+00:00,2025-04-15,06:48,3,0,3
4,2025-04-14T20:51:00+00:00,2025-04-15,06:51,2,1,3
5,2025-04-14T20:45:00+00:00,2025-04-15,06:45,3,22,25
5,2025-04-14T20:50:00+00:00,2025-04-15,06:50,9,24,33
6,2025-04-14T20:43:00+00:00,2025-04-15,06:43,8,1,9
6,2025-04-14T20:44:00+00:00,2025-04-15,06:44,1,5,6
6,2025-04-14T20:50:00+00:00,2025-04-15,06:50,2,3,5
6,2025-04-14T20:52:00+00:00,2025-04-15,06:52,7,4,11
8,2025-04-14T20:43:00+00:00,2025-04-15,06:43,0,1,1
8,2025-04-14T20:48:00+00:00,2025-04-15,06:48,1,2,3
14,2025-04-14T20:43:00+00:00,2025-04-15,06:43,3,6,9
14,2025-04-14T20:44:00+00:00,2025-04-15,06:44,3,2,5
14,2025-04-14T20:46:00+00:00,2025-04-15,06:46,1,2,3
14,2025-04-14T20:47:00+00:00,2025-04-15,06:47,1,1,2
14,2025-04-14T20:51:00+00:00,2025-04-15,06:51,1,2,3
14,2025-04-14T20:52:00+00:00,2025-04-15,06:52,0,1,1
14,2025-04-14T20:54:00+00:00,2025-04-15,06:54,2,0,2
21,2025-04-14T20:40:00+00:00,2025-04-15,06:40,4,1,5
28,2025-04-14T20:41:00+00:00,2025-04-15,06:41,7,3,10
28,2025-04-14T20:42:00+00:00,2025-04-15,06:42,6,4,10
28,2025-04-14T20:43:00+00:00,2025-04-15,06:43,12,1,13
28,2025-04-14T20:44:00+00:00,2025-04-15,06:44,2,0,2
28,2025-04-14T20:46:00+00:00,2025-04-15,06:46,4,2,6
28,2025-04-14T20:48:00+00:00,2025-04-15,06:48,7,0,7
28,2025-04-14T20:49:00+00:00,2025-04-15,06:49,6,1,7
28,2025-04-14T20:53:00+00:00,2025-04-15,06:53,2,6,8
29,2025-04-14T20:45:00+00:00,2025-04-15,06:45,2,3,5
29,2025-04-14T20:48:00+00:00,2025-04-15,06:48,0,4,4
29,2025-04-14T20:49:00+00:00,2025-04-15,06:49,1,5,6
31,2025-04-14T20:53:00+00:00,2025-04-15,06:53,0,2,2
40,2025-04-14T20:45:00+00:00,2025-04-15,06:45,1,0,1
41,2025-04-14T20:40:00+00:00,2025-04-15,06:40,15,2,17
41,2025-04-14T20:47:00+00:00,2025-04-15,06:47,5,12,17
41,2025-04-14T20:49:00+00:00,2025-04-15,06:49,6,2,8
41,2025-04-14T20:54:00+00:00,2025-04-15,06:54,16,2,18
42,2025-04-14T20:41:00+00:00,2025-04-15,06:41,0,1,1
42,2025-04-14T20:43:00+00:00,2025-04-15,06:43,1,0,1
42,2025-04-14T20:48:00+00:00,2025-04-15,06:48,1,0,1
44,2025-04-14T20:50:00+00:00,2025-04-15,06:50,1,3,4
45,2025-04-14T20:40:00+00:00,2025-04-15,06:40,0,3,3
45,2025-04-14T20:42:00+00:00,2025-04-15,06:42,1,0,1
45,2025-04-14T20:45:00+00:00,2025-04-15,06:45,0,2,2
45,2025-04-14T20:52:00+00:00,2025-04-15,06:52,1,0,1
47,2025-04-14T20:40:00+00:00,2025-04-15,06:40,0,6,6
47,2025-04-14T20:45:00+00:00,2025-04-15,06:45,2,8,10
47,2025-04-14T20:50:00+00:00,2025-04-15,06:50,1,3,4
47,2025-04-14T20:54:00+00:00,2025-04-15,06:54,0,5,5
50,2025-04-14T20:41:00+00:00,2025-04-15,06:41,1,1,2
50,2025-04-14T20:44:00+00:00,2025-04-15,06:44,0,1,1
50,2025-04-14T20:47:00+00:00,2025-04-15,06:47,1,2,3
54,2025-04-14T20:43:00+00:00,2025-04-15,06:43,1,0,1
54,2025-04-14T20:48:00+00:00,2025-04-15,06:48,0,1,1
61,2025-04-14T20:40:00+00:00,2025-04-15,06:40,1,2,3
61,2025-04-14T20:45:00+00:00,2025-04-15,06:45,2,0,2
61,2025-04-14T20:46:00+00:00,2025-04-15,06:46,2,0,2
61,2025-04-14T20:49:00+00:00,2025-04-15,06:49,2,1,3
61,2025-04-14T20:52:00+00:00,2025-04-15,06:52,1,1,2
66,2025-04-14T20:41:00+00:00,2025-04-15,06:41,1,6,7
66,2025-04-14T20:44:00+00:00,2025-04-15,06:44,0,2,2
66,2025-04-14T20:48:00+00:00,2025-04-15,06:48,0,4,4
66,2025-04-14T20:49:00+00:00,2025-04-15,06:49,0,3,3
66,2025-04-14T20:50:00+00:00,2025-04-15,06:50,2,5,7
66,2025-04-14T20:52:00+00:00,2025-04-15,06:52,1,1,2
66,2025-04-14T20:53:00+00:00,2025-04-15,06:53,1,7,8
66,2025-04-14T20:54:00+00:00,2025-04-15,06:54,1,1,2
69,2025-04-14T20:41:00+00:00,2025-04-15,06:41,2,0,2
69,2025-04-14T20:44:00+00:00,2025-04-15,06:44,1,0,1
69,2025-04-14T20:54:00+00:00,2025-04-15,06:54,1,0,1
75,2025-04-14T20:40:00+00:00,2025-04-15,06:40,0,2,2
75,2025-04-14T20:42:00+00:00,2025-04-15,06:42,2,0,2
75,2025-04-14T20:50:00+00:00,2025-04-15,06:50,1,2,3
75,2025-04-14T20:51:00+00:00,2025-04-15,06:51,1,0,1
75,2025-04-14T20:53:00+00:00,2025-04-15,06:53,1,1,2
75,2025-04-14T20:54:00+00:00,2025-04-15,06:54,0,1,1
77,2025-04-14T20:50:00+00:00,2025-04-15,06:50,3,5,8
78,2025-04-14T20:51:00+00:00,2025-04-15,06:51,0,1,1
78,2025-04-14T20:52:00+00:00,2025-04-15,06:52,1,0,1
87,2025-04-14T20:41:00+00:00,2025-04-15,06:41,1,0,1
87,2025-04-14T20:54:00+00:00,2025-04-15,06:54,2,0,2
107,2025-04-14T20:50:00+00:00,2025-04-15,06:50,0,2,2
108,2025-04-14T20:42:00+00:00,2025-04-15,06:42,1,9,10
108,2025-04-14T20:47:00+00:00,2025-04-15,06:47,0,11,11
108,2025-04-14T20:51:00+00:00,2025-04-15,06:51,0,6,6
118,2025-04-14T20:50:00+00:00,2025-04-15,06:50,1,0,1
131,2025-04-14T20:40:00+00:00,2025-04-15,06:40,3,1,4
132,2025-04-14T20:40:00+00:00,2025-04-15,06:40,4,2,6
132,2025-04-14T20:45:00+00:00,2025-04-15,06:45,1,1,2
135,2025-04-14T20:40:00+00:00,2025-04-15,06:40,2,5,7
140,2025-04-14T20:40:00+00:00,2025-04-15,06:40,6,3,9
140,2025-04-14T20:50:00+00:00,2025-04-15,06:50,4,3,7
143,2025-04-14T20:40:00+00:00,2025-04-15,06:40,4,16,20
143,2025-04-14T20:45:00+00:00,2025-04-15,06:45,3,7,10
143,2025-04-14T20:50:00+00:00,2025-04-15,06:50,8,6,14
165,2025-04-14T20:40:00+00:00,2025-04-15,06:40,0,1,1
166,2025-04-14T20:45:00+00:00,2025-04-15,06:45,1,1,2
166,2025-04-14T20:50:00+00:00,2025-04-15,06:50,0,1,1
167,2025-04-14T20:50:00+00:00,2025-04-15,06:50,0,4,4
179,2025-04-14T20:45:00+00:00,2025-04-15,06:45,5,1,6
1,2025-04-14T20:41:00+00:00,2025-04-15,06:41,1,0,1
1,2025-04-14T20:45:00+00:00,2025-04-15,06:45,3,1,4
1,2025-04-14T20:48:00+00:00,2025-04-15,06:48,3,2,5
1,2025-04-14T20:50:00+00:00,2025-04-15,06:50,0,3,3
1,2025-04-14T20:51:00+00:00,2025-04-15,06:51,0,1,1
1,2025-04-14T20:53:00+00:00,2025-04-15,06:53,2,2,4
2,2025-04-14T20:40:00+00:00,2025-04-15,06:40,0,1,1
2,2025-04-14T20:47:00+00:00,2025-04-15,06:47,1,4,5
9,2025-04-14T20:48:00+00:00,2025-04-15,06:48,0,3,3
9,2025-04-14T20:49:00+00:00,2025-04-15,06:49,0,6,6
9,2025-04-14T20:50:00+00:00,2025-04-15,06:50,0,8,8
10,2025-04-14T20:40:00+00:00,2025-04-15,06:40,0,2,2
10,2025-04-14T20:41:00+00:00,2025-04-15,06:41,0,2,2
10,2025-04-14T20:43:00+00:00,2025-04-15,06:43,0,1,1
10,2025-04-14T20:45:00+00:00,2025-04-15,06:45,1,0,1
11,2025-04-14T20:40:00+00:00,2025-04-15,06:40,2,1,3
11,2025-04-14T20:45:00+00:00,2025-04-15,06:45,2,1,3
11,2025-04-14T20:50:00+00:00,2025-04-15,06:50,3,6,9
11,2025-04-14T20:52:00+00:00,2025-04-15,06:52,0,2,2
11,2025-04-14T20:53:00+00:00,2025-04-15,06:53,0,1,1
12,2025-04-14T20:42:00+00:00,2025-04-15,06:42,2,0,2
12,2025-04-14T20:44:00+00:00,2025-04-15,06:44,1,2,3
12,2025-04-14T20:51:00+00:00,2025-04-15,06:51,0,2,2
17,2025-04-14T20:46:00+00:00,2025-04-15,06:46,2,0,2
17,2025-04-14T20:48:00+00:00,2025-04-15,06:48,0,1,1
17,2025-04-14T20:50:00+00:00,2025-04-15,06:50,1,1,2
18,2025-04-14T20:45:00+00:00,2025-04-15,06:45,0,1,1
18,2025-04-14T20:47:00+00:00,2025-04-15,06:47,0,7,7
18,2025-04-14T20:48:00+00:00,2025-04-15,06:48,0,4,4
18,2025-04-14T20:53:00+00:00,2025-04-15,06:53,0,3,3
20,2025-04-14T20:53:00+00:00,2025-04-15,06:53,0,1,1
23,2025-04-14T20:45:00+00:00,2025-04-15,06:45,7,1,8
23,2025-04-14T20:48:00+00:00,2025-04-15,06:48,6,1,7
23,2025-04-14T20:50:00+00:00,2025-04-15,06:50,2,4,6
23,2025-04-14T20:52:00+00:00,2025-04-15,06:52,8,4,12
23,2025-04-14T20:53:00+00:00,2025-04-15,06:53,7,1,8
24,2025-04-14T20:40:00+00:00,2025-04-15,06:40,2,1,3
24,2025-04-14T20:46:00+00:00,2025-04-15,06:46,10,0,10
24,2025-04-14T20:52:00+00:00,2025-04-15,06:52,15,5,20
25,2025-04-14T20:50:00+00:00,2025-04-15,06:50,17,14,31
27,2025-04-14T20:48:00+00:00,2025-04-15,06:48,3,0,3
27,2025-04-14T20:49:00+00:00,2025-04-15,06:49,1,0,1
30,2025-04-14T20:48:00+00:00,2025-04-15,06:48,1,0,1
30,2025-04-14T20:51:00+00:00,2025-04-15,06:51,1,0,1
35,2025-04-14T20:40:00+00:00,2025-04-15,06:40,7,8,15
35,2025-04-14T20:48:00+00:00,2025-04-15,06:48,8,6,14
35,2025-04-14T20:53:00+00:00,2025-04-15,06:53,7,5,12
35,2025-04-14T20:54:00+00:00,2025-04-15,06:54,5,6,11
49,2025-04-14T20:40:00+00:00,2025-04-15,06:40,1,0,1
49,2025-04-14T20:41:00+00:00,2025-04-15,06:41,0,1,1
49,2025-04-14T20:44:00+00:00,2025-04-15,06:44,1,0,1
49,2025-04-14T20:49:00+00:00,2025-04-15,06:49,3,0,3
49,2025-04-14T20:51:00+00:00,2025-04-15,06:51,1,0,1
49,2025-04-14T20:53:00+00:00,2025-04-15,06:53,2,0,2
51,2025-04-14T20:44:00+00:00,2025-04-15,06:44,1,0,1
51,2025-04-14T20:50:00+00:00,2025-04-15,06:50,2,0,2
52,2025-04-14T20:45:00+00:00,2025-04-15,06:45,4,1,5
52,2025-04-14T20:53:00+00:00,2025-04-15,06:53,5,0,5
53,2025-04-14T20:40:00+00:00,2025-04-15,06:40,0,1,1
53,2025-04-14T20:43:00+00:00,2025-04-15,06:43,1,0,1
53,2025-04-14T20:46:00+00:00,2025-04-15,06:46,0,2,2
53,2025-04-14T20:48:00+00:00,2025-04-15,06:48,0,2,2
53,2025-04-14T20:50:00+00:00,2025-04-15,06:50,0,1,1
56,2025-04-14T20:41:00+00:00,2025-04-15,06:41,1,1,2
56,2025-04-14T20:45:00+00:00,2025-04-15,06:45,1,0,1
56,2025-04-14T20:48:00+00:00,2025-04-15,06:48,0,1,1
56,2025-04-14T20:49:00+00:00,2025-04-15,06:49,0,2,2
56,2025-04-14T20:50:00+00:00,2025-04-15,06:50,1,1,2
56,2025-04-14T20:51:00+00:00,2025-04-15,06:51,1,1,2
58,2025-04-14T20:40:00+00:00,2025-04-15,06:40,1,1,2
58,2025-04-14T20:46:00+00:00,2025-04-15,06:46,15,0,15
58,2025-04-14T20:47:00+00:00,2025-04-15,06:47,12,0,12
58,2025-04-14T20:51:00+00:00,2025-04-15,06:51,6,1,7
62,2025-04-14T20:40:00+00:00,2025-04-15,06:40,3,0,3
62,2025-04-14T20:41:00+00:00,2025-04-15,06:41,3,1,4
62,2025-04-14T20:42:00+00:00,2025-04-15,06:42,5,1,6
62,2025-04-14T20:43:00+00:00,2025-04-15,06:43,2,1,3
62,2025-04-14T20:48:00+00:00,2025-04-15,06:48,2,0,2
62,2025-04-14T20:50:00+00:00,2025-04-15,06:50,5,1,6
62,2025-04-14T20:53:00+00:00,2025-04-15,06:53,3,1,4
63,2025-04-14T20:46:00+00:00,2025-04-15,06:46,1,0,1
63,2025-04-14T20:47:00+00:00,2025-04-15,06:47,1,1,2
67,2025-04-14T20:42:00+00:00,2025-04-15,06:42,4,5,9
67,2025-04-14T20:44:00+00:00,2025-04-15,06:44,7,0,7
67,2025-04-14T20:45:00+00:00,2025-04-15,06:45,1,1,2
67,2025-04-14T20:49:00+00:00,2025-04-15,06:49,3,3,6
67,2025-04-14T20:51:00+00:00,2025-04-15,06:51,9,2,11
67,2025-04-14T20:52:00+00:00,2025-04-15,06:52,2,1,3
67,2025-04-14T20:53:00+00:00,2025-04-15,06:53,2,3,5
68,2025-04-14T20:41:00+00:00,2025-04-15,06:41,1,0,1
68,2025-04-14T20:42:00+00:00,2025-04-15,06:42,2,0,2
68,2025-04-14T20:43:00+00:00,2025-04-15,06:43,1,3,4
68,2025-04-14T20:49:00+00:00,2025-04-15,06:49,2,0,2
68,2025-04-14T20:50:00+00:00,2025-04-15,06:50,0,1,1
68,2025-04-14T20:51:00+00:00,2025-04-15,06:51,2,1,3
68,2025-04-14T20:54:00+00:00,2025-04-15,06:54,3,2,5
72,2025-04-14T20:40:00+00:00,2025-04-15,06:40,7,0,7
72,2025-04-14T20:41:00+00:00,2025-04-15,06:41,1,1,2
72,2025-04-14T20:42:00+00:00,2025-04-15,06:42,5,0,5
72,2025-04-14T20:43:00+00:00,2025-04-15,06:43,9,0,9
72,2025-04-14T20:45:00+00:00,2025-04-15,06:45,0,1,1
72,2025-04-14T20:51:00+00:00,2025-04-15,06:51,0,1,1
72,2025-04-14T20:53:00+00:00,2025-04-15,06:53,2,1,3
76,2025-04-14T20:46:00+00:00,2025-04-15,06:46,1,1,2
76,2025-04-14T20:48:00+00:00,2025-04-15,06:48,1,0,1
76,2025-04-14T20:54:00+00:00,2025-04-15,06:54,1,0,1
79,2025-04-14T20:42:00+00:00,2025-04-15,06:42,2,1,3
79,2025-04-14T20:43:00+00:00,2025-04-15,06:43,2,2,4
79,2025-04-14T20:45:00+00:00,2025-04-15,06:45,2,4,6
79,2025-04-14T20:47:00+00:00,2025-04-15,06:47,0,5,5
79,2025-04-14T20:50:00+00:00,2025-04-15,06:50,0,1,1
79,2025-04-14T20:53:00+00:00,2025-04-15,06:53,3,1,4
79,2025-04-14T20:54:00+00:00,2025-04-15,06:54,12,0,12
85,2025-04-14T20:45:00+00:00,2025-04-15,06:45,1,0,1
85,2025-04-14T20:48:00+00:00,2025-04-15,06:48,2,0,2
86,2025-04-14T20:41:00+00:00,2025-04-15,06:41,2,0,2
86,2025-04-14T20:42:00+00:00,2025-04-15,06:42,0,1,1
86,2025-04-14T20:43:00+00:00,2025-04-15,06:43,0,1,1
86,2025-04-14T20:45:00+00:00,2025-04-15,06:45,1,1,2
86,2025-04-14T20:46:00+00:00,2025-04-15,06:46,0,1,1
86,2025-04-14T20:49:00+00:00,2025-04-15,06:49,0,1,1
117,2025-04-14T20:40:00+00:00,2025-04-15,06:40,5,1,6
117,2025-04-14T20:45:00+00:00,2025-04-15,06:45,14,6,20
117,2025-04-14T20:50:00+00:00,2025-04-15,06:50,6,1,7
123,2025-04-14T20:45:00+00:00,2025-04-15,06:45,4,0,4
123,2025-04-14T20:50:00+00:00,2025-04-15,06:50,3,1,4
130,2025-04-14T20:45:00+00:00,2025-04-15,06:45,1,1,2
130,2025-04-14T20:50:00+00:00,2025-04-15,06:50,2,1,3
136,2025-04-14T20:45:00+00:00,2025-04-15,06:45,15,13,28
139,2025-04-14T20:40:00+00:00,2025-04-15,06:40,2,0,2
139,2025-04-14T20:45:00+00:00,2025-04-15,06:45,0,4,4
142,2025-04-14T20:45:00+00:00,2025-04-15,06:45,31,11,42
161,2025-04-14T20:45:00+00:00,2025-04-15,06:45,13,13,26
164,2025-04-14T20:50:00+00:00,2025-04-15,06:50,3,2,5
181,2025-04-14T20:40:00+00:00,2025-04-15,06:40,3,3,6
181,2025-04-14T20:42:00+00:00,2025-04-15,06:42,1,1,2
181,2025-04-14T20:47:00+00:00,2025-04-15,06:47,5,2,7
181,2025-04-14T20:49:00+00:00,2025-04-15,06:49,2,5,7
180,2025-04-14T20:40:00+00:00,2025-04-15,06:40,0,1,1
180,2025-04-14T20:44:00+00:00,2025-04-15,06:44,0,1,1
180,2025-04-14T20:45:00+00:00,2025-04-15,06:45,1,0,1
181,2025-04-14T21:01:00+00:00,2025-04-15,07:01,1,1,2
181,2025-04-14T21:02:00+00:00,2025-04-15,07:02,0,1,1
181,2025-04-14T21:07:00+00:00,2025-04-15,07:07,1,5,6
181,2025-04-14T21:08:00+00:00,2025-04-15,07:08,0,3,3
180,2025-04-14T21:09:00+00:00,2025-04-15,07:09,1,0,1
181,2025-04-14T21:13:00+00:00,2025-04-15,07:13,2,4,6
181,2025-04-14T21:15:00+00:00,2025-04-15,07:15,0,2,2
181,2025-04-14T21:18:00+00:00,2025-04-15,07:18,2,4,6
181,2025-04-14T21:21:00+00:00,2025-04-15,07:21,3,8,11
181,2025-04-14T21:25:00+00:00,2025-04-15,07:25,0,11,11
181,2025-04-14T21:27:00+00:00,2025-04-15,07:27,4,1,5
181,2025-04-14T21:30:00+00:00,2025-04-15,07:30,1,3,4
181,2025-04-14T21:32:00+00:00,2025-04-15,07:32,1,4,5
181,2025-04-14T21:33:00+00:00,2025-04-15,07:33,8,7,15
181,2025-04-14T21:34:00+00:00,2025-04-15,07:34,2,7,9
181,2025-04-14T21:35:00+00:00,2025-04-15,07:35,12,4,16
181,2025-04-14T21:37:00+00:00,2025-04-15,07:37,7,6,13
181,2025-04-14T21:41:00+00:00,2025-04-15,07:41,13,4,17
181,2025-04-14T21:47:00+00:00,2025-04-15,07:47,1,6,7
181,2025-04-14T21:48:00+00:00,2025-04-15,07:48,4,7,11
181,2025-04-14T21:50:00+00:00,2025-04-15,07:50,7,4,11
181,2025-04-14T21:54:00+00:00,2025-04-15,07:54,11,10,21
181,2025-04-14T21:55:00+00:00,2025-04-15,07:55,7,3,10
181,2025-04-14T21:57:00+00:00,2025-04-15,07:57,0,10,10
181,2025-04-14T21:58:00+00:00,2025-04-15,07:58,2,8,10
181,2025-04-14T22:02:00+00:00,2025-04-15,08:02,3,8,11
181,2025-04-14T22:05:00+00:00,2025-04-15,08:05,5,10,15
181,2025-04-14T22:08:00+00:00,2025-04-15,08:08,9,9,18
181,2025-04-14T22:09:00+00:00,2025-04-15,08:09,2,6,8
180,2025-04-14T21:12:00+00:00,2025-04-15,07:12,2,2,4
180,2025-04-14T21:14:00+00:00,2025-04-15,07:14,1,0,1
180,2025-04-14T21:15:00+00:00,2025-04-15,07:15,1,0,1
180,2025-04-14T21:21:00+00:00,2025-04-15,07:21,2,1,3
180,2025-04-14T21:22:00+00:00,2025-04-15,07:22,1,1,2
180,2025-04-14T21:30:00+00:00,2025-04-15,07:30,1,0,1
180,2025-04-14T21:35:00+00:00,2025-04-15,07:35,1,0,1
180,2025-04-14T21:49:00+00:00,2025-04-15,07:49,3,1,4
180,2025-04-14T21:50:00+00:00,2025-04-15,07:50,1,1,2
180,2025-04-14T21:55:00+00:00,2025-04-15,07:55,3,2,5
180,2025-04-14T21:57:00+00:00,2025-04-15,07:57,1,0,1
3,2025-04-14T21:13:00+00:00,2025-04-15,07:13,0,2,2
3,2025-04-14T21:14:00+00:00,2025-04-15,07:14,1,2,3
3,2025-04-14T21:18:00+00:00,2025-04-15,07:18,0,1,1
3,2025-04-14T21:22:00+00:00,2025-04-15,07:22,4,1,5
3,2025-04-14T21:28:00+00:00,2025-04-15,07:28,1,1,2
3,2025-04-14T21:29:00+00:00,2025-04-15,07:29,0,1,1
3,2025-04-14T21:33:00+00:00,2025-04-15,07:33,1,1,2
3,2025-04-14T21:35:00+00:00,2025-04-15,07:35,1,1,2
3,2025-04-14T21:37:00+00:00,2025-04-15,07:37,1,3,4
3,2025-04-14T21:48:00+00:00,2025-04-15,07:48,3,4,7
3,2025-04-14T21:50:00+00:00,2025-04-15,07:50,3,2,5
3,2025-04-14T21:53:00+00:00,2025-04-15,07:53,1,1,2
3,2025-04-14T21:54:00+00:00,2025-04-15,07:54,4,5,9
3,2025-04-14T21:56:00+00:00,2025-04-15,07:56,0,1,1
3,2025-04-14T21:57:00+00:00,2025-04-15,07:57,2,3,5
3,2025-04-14T21:58:00+00:00,2025-04-15,07:58,2,0,2
3,2025-04-14T22:01:00+00:00,2025-04-15,08:01,1,2,3
3,2025-04-14T22:05:00+00:00,2025-04-15,08:05,2,3,5
3,2025-04-14T22:06:00+00:00,2025-04-15,08:06,3,0,3
4,2025-04-14T21:18:00+00:00,2025-04-15,07:18,2,4,6
4,2025-04-14T21:19:00+00:00,2025-04-15,07:19,5,2,7
4,2025-04-14T21:21:00+00:00,2025-04-15,07:21,8,3,11
4,2025-04-14T21:24:00+00:00,2025-04-15,07:24,5,1,6
4,2025-04-14T21:25:00+00:00,2025-04-15,07:25,2,3,5
4,2025-04-14T21:27:00+00:00,2025-04-15,07:27,1,2,3
4,2025-04-14T21:29:00+00:00,2025-04-15,07:29,3,6,9
4,2025-04-14T21:32:00+00:00,2025-04-15,07:32,8,1,9
4,2025-04-14T21:33:00+00:00,2025-04-15,07:33,9,5,14
4,2025-04-14T21:34:00+00:00,2025-04-15,07:34,2,2,4
4,2025-04-14T21:37:00+00:00,2025-04-15,07:37,7,7,14
4,2025-04-14T21:44:00+00:00,2025-04-15,07:44,5,5,10
4,2025-04-14T21:47:00+00:00,2025-04-15,07:47,4,6,10
4,2025-04-14T21:55:00+00:00,2025-04-15,07:55,9,12,21
4,2025-04-14T22:00:00+00:00,2025-04-15,08:00,6,6,12
4,2025-04-14T22:01:00+00:00,2025-04-15,08:01,11,10,21
4,2025-04-14T22:03:00+00:00,2025-04-15,08:03,14,5,19
4,2025-04-14T22:05:00+00:00,2025-04-15,08:05,14,8,22
4,2025-04-14T22:07:00+00:00,2025-04-15,08:07,14,5,19
5,2025-04-14T21:40:00+00:00,2025-04-15,07:40,20,52,72
5,2025-04-14T21:55:00+00:00,2025-04-15,07:55,17,42,59
5,2025-04-14T22:05:00+00:00,2025-04-15,08:05,26,76,102
6,2025-04-14T21:11:00+00:00,2025-04-15,07:11,4,3,7
6,2025-04-14T21:16:00+00:00,2025-04-15,07:16,7,12,19
6,2025-04-14T21:17:00+00:00,2025-04-15,07:17,7,8,15
6,2025-04-14T21:20:00+00:00,2025-04-15,07:20,7,10,17
6,2025-04-14T21:23:00+00:00,2025-04-15,07:23,1,4,5
6,2025-04-14T21:28:00+00:00,2025-04-15,07:28,3,5,8
6,2025-04-14T21:29:00+00:00,2025-04-15,07:29,7,13,20
6,2025-04-14T21:30:00+00:00,2025-04-15,07:30,9,8,17
6,2025-04-14T21:34:00+00:00,2025-04-15,07:34,14,16,30
6,2025-04-14T21:38:00+00:00,2025-04-15,07:38,3,10,13
6,2025-04-14T21:39:00+00:00,2025-04-15,07:39,6,23,29
6,2025-04-14T21:40:00+00:00,2025-04-15,07:40,8,7,15
6,2025-04-14T21:45:00+00:00,2025-04-15,07:45,7,31,38
6,2025-04-14T21:52:00+00:00,2025-04-15,07:52,13,10,23
6,2025-04-14T21:56:00+00:00,2025-04-15,07:56,9,45,54
6,2025-04-14T21:59:00+00:00,2025-04-15,07:59,11,24,35
6,2025-04-14T22:07:00+00:00,2025-04-15,08:07,16,27,43
6,2025-04-14T22:08:00+00:00,2025-04-15,08:08,10,9,19
6,2025-04-14T22:09:00+00:00,2025-04-15,08:09,7,19,26
8,2025-04-14T21:11:00+00:00,2025-04-15,07:11,2,2,4
8,2025-04-14T21:14:00+00:00,2025-04-15,07:14,5,2,7
8,2025-04-14T21:16:00+00:00,2025-04-15,07:16,2,3,5
8,2025-04-14T21:18:00+00:00,2025-04-15,07:18,1,1,2
8,2025-04-14T21:19:00+00:00,2025-04-15,07:19,4,1,5
8,2025-04-14T21:22:00+00:00,2025-04-15,07:22,5,3,8
8,2025-04-14T21:23:00+00:00,2025-04-15,07:23,4,1,5
8,2025-04-14T21:25:00+00:00,2025-04-15,07:25,3,1,4
8,2025-04-14T21:28:00+00:00,2025-04-15,07:28,2,0,2
8,2025-04-14T21:31:00+00:00,2025-04-15,07:31,1,4,5
8,2025-04-14T21:33:00+00:00,2025-04-15,07:33,1,0,1
8,2025-04-14T21:37:00+00:00,2025-04-15,07:37,3,2,5
8,2025-04-14T21:38:00+00:00,2025-04-15,07:38,2,6,8
8,2025-04-14T21:46:00+00:00,2025-04-15,07:46,5,0,5
8,2025-04-14T21:51:00+00:00,2025-04-15,07:51,2,2,4
8,2025-04-14T21:52:00+00:00,2025-04-15,07:52,2,7,9
8,2025-04-14T21:54:00+00:00,2025-04-15,07:54,1,2,3
8,2025-04-14T22:02:00+00:00,2025-04-15,08:02,8,4,12
8,2025-04-14T22:05:00+00:00,2025-04-15,08:05,3,3,6
8,2025-04-14T22:07:00+00:00,2025-04-15,08:07,2,2,4
14,2025-04-14T21:28:00+00:00,2025-04-15,07:28,1,7,8
14,2025-04-14T21:29:00+00:00,2025-04-15,07:29,3,1,4
14,2025-04-14T21:30:00+00:00,2025-04-15,07:30,2,1,3
14,2025-04-14T21:34:00+00:00,2025-04-15,07:34,3,15,18
14,2025-04-14T21:38:00+00:00,2025-04-15,07:38,5,1,6
14,2025-04-14T21:39:00+00:00,2025-04-15,07:39,4,4,8
14,2025-04-14T21:42:00+00:00,2025-04-15,07:42,1,3,4
14,2025-04-14T21:43:00+00:00,2025-04-15,07:43,1,3,4
14,2025-04-14T21:47:00+00:00,2025-04-15,07:47,1,6,7
14,2025-04-14T21:48:00+00:00,2025-04-15,07:48,8,5,13
14,2025-04-14T21:50:00+00:00,2025-04-15,07:50,4,9,13
14,2025-04-14T21:54:00+00:00,2025-04-15,07:54,3,6,9
14,2025-04-14T21:57:00+00:00,2025-04-15,07:57,4,12,16
14,2025-04-14T22:01:00+00:00,2025-04-15,08:01,1,3,4
14,2025-04-14T22:02:00+00:00,2025-04-15,08:02,3,13,16
14,2025-04-14T22:06:00+00:00,2025-04-15,08:06,14,17,31
14,2025-04-14T22:09:00+00:00,2025-04-15,08:09,8,8,16
21,2025-04-14T21:15:00+00:00,2025-04-15,07:15,3,2,5
21,2025-04-14T21:20:00+00:00,2025-04-15,07:20,1,4,5
21,2025-04-14T21:25:00+00:00,2025-04-15,07:25,3,1,4
21,2025-04-14T21:55:00+00:00,2025-04-15,07:55,6,4,10
28,2025-04-14T21:10:00+00:00,2025-04-15,07:10,3,4,7
28,2025-04-14T21:12:00+00:00,2025-04-15,07:12,6,5,11
28,2025-04-14T21:13:00+00:00,2025-04-15,07:13,9,5,14
28,2025-04-14T21:15:00+00:00,2025-04-15,07:15,4,2,6
28,2025-04-14T21:17:00+00:00,2025-04-15,07:17,5,1,6
28,2025-04-14T21:19:00+00:00,2025-04-15,07:19,2,5,7
28,2025-04-14T21:22:00+00:00,2025-04-15,07:22,5,4,9
28,2025-04-14T21:23:00+00:00,2025-04-15,07:23,15,4,19
28,2025-04-14T21:24:00+00:00,2025-04-15,07:24,8,3,11
28,2025-04-14T21:27:00+00:00,2025-04-15,07:27,8,3,11
28,2025-04-14T21:28:00+00:00,2025-04-15,07:28,1,1,2
28,2025-04-14T21:32:00+00:00,2025-04-15,07:32,7,2,9
28,2025-04-14T21:36:00+00:00,2025-04-15,07:36,7,5,12
28,2025-04-14T21:37:00+00:00,2025-04-15,07:37,5,1,6
28,2025-04-14T21:41:00+00:00,2025-04-15,07:41,6,3,9
28,2025-04-14T21:44:00+00:00,2025-04-15,07:44,6,6,12
28,2025-04-14T21:48:00+00:00,2025-04-15,07:48,8,4,12
28,2025-04-14T21:49:00+00:00,2025-04-15,07:49,12,5,17
28,2025-04-14T21:51:00+00:00,2025-04-15,07:51,1,3,4
28,2025-04-14T21:58:00+00:00,2025-04-15,07:58,10,2,12
28,2025-04-14T21:59:00+00:00,2025-04-15,07:59,8,8,16
28,2025-04-14T22:00:00+00:00,2025-04-15,08:00,7,5,12
28,2025-04-14T22:04:00+00:00,2025-04-15,08:04,14,2,16
28,2025-04-14T22:05:00+00:00,2025-04-15,08:05,12,12,24
28,2025-04-14T22:06:00+00:00,2025-04-15,08:06,7,4,11
28,2025-04-14T22:08:00+00:00,2025-04-15,08:08,13,6,19
28,2025-04-14T22:09:00+00:00,2025-04-15,08:09,10,2,12
29,2025-04-14T21:11:00+00:00,2025-04-15,07:11,4,1,5
29,2025-04-14T21:12:00+00:00,2025-04-15,07:12,2,2,4
29,2025-04-14T21:14:00+00:00,2025-04-15,07:14,2,2,4
29,2025-04-14T21:19:00+00:00,2025-04-15,07:19,2,0,2
29,2025-04-14T21:20:00+00:00,2025-04-15,07:20,2,2,4
29,2025-04-14T21:26:00+00:00,2025-04-15,07:26,1,0,1
29,2025-04-14T21:27:00+00:00,2025-04-15,07:27,1,2,3
29,2025-04-14T21:30:00+00:00,2025-04-15,07:30,2,0,2
29,2025-04-14T21:33:00+00:00,2025-04-15,07:33,2,2,4
29,2025-04-14T21:39:00+00:00,2025-04-15,07:39,2,6,8
29,2025-04-14T21:40:00+00:00,2025-04-15,07:40,5,5,10
29,2025-04-14T21:42:00+00:00,2025-04-15,07:42,3,1,4
29,2025-04-14T21:43:00+00:00,2025-04-15,07:43,5,1,6
29,2025-04-14T21:44:00+00:00,2025-04-15,07:44,2,3,5
29,2025-04-14T21:57:00+00:00,2025-04-15,07:57,3,0,3
29,2025-04-14T22:00:00+00:00,2025-04-15,08:00,4,6,10
29,2025-04-14T22:05:00+00:00,2025-04-15,08:05,6,2,8
29,2025-04-14T22:07:00+00:00,2025-04-15,08:07,7,2,9
31,2025-04-14T21:23:00+00:00,2025-04-15,07:23,1,0,1
31,2025-04-14T21:24:00+00:00,2025-04-15,07:24,1,0,1
31,2025-04-14T21:27:00+00:00,2025-04-15,07:27,2,1,3
31,2025-04-14T21:40:00+00:00,2025-04-15,07:40,1,0,1
31,2025-04-14T21:43:00+00:00,2025-04-15,07:43,2,0,2
31,2025-04-14T21:45:00+00:00,2025-04-15,07:45,0,1,1
31,2025-04-14T21:46:00+00:00,2025-04-15,07:46,0,2,2
31,2025-04-14T21:48:00+00:00,2025-04-15,07:48,0,1,1
31,2025-04-14T21:52:00+00:00,2025-04-15,07:52,0,3,3
31,2025-04-14T21:53:00+00:00,2025-04-15,07:53,0,2,2
31,2025-04-14T21:55:00+00:00,2025-04-15,07:55,0,1,1
31,2025-04-14T21:56:00+00:00,2025-04-15,07:56,2,1,3
31,2025-04-14T21:59:00+00:00,2025-04-15,07:59,2,0,2
31,2025-04-14T22:01:00+00:00,2025-04-15,08:01,1,0,1
31,2025-04-14T22:02:00+00:00,2025-04-15,08:02,0,1,1
31,2025-04-14T22:03:00+00:00,2025-04-15,08:03,2,1,3
36,2025-04-14T21:10:00+00:00,2025-04-15,07:10,2,0,2
36,2025-04-14T21:11:00+00:00,2025-04-15,07:11,1,0,1
36,2025-04-14T21:13:00+00:00,2025-04-15,07:13,0,1,1
36,2025-04-14T21:14:00+00:00,2025-04-15,07:14,2,2,4
36,2025-04-14T21:19:00+00:00,2025-04-15,07:19,1,0,1
36,2025-04-14T21:21:00+00:00,2025-04-15,07:21,1,1,2
36,2025-04-14T21:29:00+00:00,2025-04-15,07:29,0,1,1
36,2025-04-14T21:37:00+00:00,2025-04-15,07:37,2,4,6
36,2025-04-14T21:38:00+00:00,2025-04-15,07:38,1,0,1
36,2025-04-14T21:40:00+00:00,2025-04-15,07:40,6,3,9
36,2025-04-14T21:43:00+00:00,2025-04-15,07:43,2,0,2
36,2025-04-14T21:44:00+00:00,2025-04-15,07:44,2,5,7
36,2025-04-14T21:49:00+00:00,2025-04-15,07:49,4,3,7
36,2025-04-14T21:52:00+00:00,2025-04-15,07:52,2,4,6
36,2025-04-14T21:53:00+00:00,2025-04-15,07:53,3,0,3
36,2025-04-14T21:54:00+00:00,2025-04-15,07:54,8,3,11
36,2025-04-14T21:56:00+00:00,2025-04-15,07:56,3,1,4
36,2025-04-14T21:57:00+00:00,2025-04-15,07:57,1,1,2
36,2025-04-14T22:01:00+00:00,2025-04-15,08:01,2,2,4
36,2025-04-14T22:07:00+00:00,2025-04-15,08:07,2,3,5
36,2025-04-14T22:10:00+00:00,2025-04-15,08:10,2,2,4
37,2025-04-14T21:13:00+00:00,2025-04-15,07:13,1,0,1
37,2025-04-14T21:15:00+00:00,2025-04-15,07:15,0,1,1
37,2025-04-14T21:17:00+00:00,2025-04-15,07:17,0,2,2
37,2025-04-14T21:22:00+00:00,2025-04-15,07:22,2,0,2
37,2025-04-14T21:23:00+00:00,2025-04-15,07:23,1,0,1
37,2025-04-14T21:24:00+00:00,2025-04-15,07:24,0,1,1
37,2025-04-14T21:27:00+00:00,2025-04-15,07:27,1,1,2
37,2025-04-14T21:32:00+00:00,2025-04-15,07:32,1,0,1
37,2025-04-14T21:38:00+00:00,2025-04-15,07:38,0,1,1
37,2025-04-14T21:46:00+00:00,2025-04-15,07:46,1,0,1
37,2025-04-14T21:47:00+00:00,2025-04-15,07:47,0,3,3
37,2025-04-14T21:55:00+00:00,2025-04-15,07:55,0,1,1
37,2025-04-14T22:00:00+00:00,2025-04-15,08:00,0,1,1
37,2025-04-14T22:02:00+00:00,2025-04-15,08:02,2,1,3
37,2025-04-14T22:05:00+00:00,2025-04-15,08:05,0,2,2
37,2025-04-14T22:06:00+00:00,2025-04-15,08:06,0,1,1
39,2025-04-14T21:11:00+00:00,2025-04-15,07:11,1,1,2
39,2025-04-14T21:30:00+00:00,2025-04-15,07:30,1,0,1
39,2025-04-14T21:33:00+00:00,2025-04-15,07:33,2,0,2
39,2025-04-14T21:38:00+00:00,2025-04-15,07:38,2,0,2
39,2025-04-14T21:40:00+00:00,2025-04-15,07:40,0,2,2
39,2025-04-14T21:42:00+00:00,2025-04-15,07:42,1,1,2
39,2025-04-14T21:44:00+00:00,2025-04-15,07:44,3,2,5
39,2025-04-14T21:45:00+00:00,2025-04-15,07:45,1,2,3
39,2025-04-14T21:47:00+00:00,2025-04-15,07:47,3,0,3
39,2025-04-14T21:52:00+00:00,2025-04-15,07:52,0,1,1
39,2025-04-14T21:55:00+00:00,2025-04-15,07:55,2,1,3
39,2025-04-14T21:58:00+00:00,2025-04-15,07:58,2,0,2
39,2025-04-14T22:01:00+00:00,2025-04-15,08:01,2,0,2
39,2025-04-14T22:02:00+00:00,2025-04-15,08:02,2,0,2
39,2025-04-14T22:06:00+00:00,2025-04-15,08:06,1,0,1
39,2025-04-14T22:07:00+00:00,2025-04-15,08:07,8,2,10
40,2025-04-14T21:11:00+00:00,2025-04-15,07:11,1,1,2
40,2025-04-14T21:13:00+00:00,2025-04-15,07:13,1,0,1
40,2025-04-14T21:14:00+00:00,2025-04-15,07:14,1,0,1
40,2025-04-14T21:15:00+00:00,2025-04-15,07:15,2,0,2
40,2025-04-14T21:33:00+00:00,2025-04-15,07:33,0,3,3
40,2025-04-14T21:35:00+00:00,2025-04-15,07:35,0,1,1
40,2025-04-14T21:41:00+00:00,2025-04-15,07:41,1,1,2
40,2025-04-14T21:43:00+00:00,2025-04-15,07:43,4,1,5
40,2025-04-14T21:46:00+00:00,2025-04-15,07:46,1,4,5
40,2025-04-14T21:51:00+00:00,2025-04-15,07:51,2,3,5
40,2025-04-14T21:52:00+00:00,2025-04-15,07:52,1,1,2
40,2025-04-14T21:53:00+00:00,2025-04-15,07:53,1,4,5
40,2025-04-14T21:55:00+00:00,2025-04-15,07:55,3,3,6
40,2025-04-14T21:56:00+00:00,2025-04-15,07:56,4,1,5
40,2025-04-14T22:02:00+00:00,2025-04-15,08:02,2,4,6
40,2025-04-14T22:09:00+00:00,2025-04-15,08:09,4,1,5
41,2025-04-14T21:10:00+00:00,2025-04-15,07:10,11,3,14
41,2025-04-14T21:13:00+00:00,2025-04-15,07:13,9,10,19
41,2025-04-14T21:16:00+00:00,2025-04-15,07:16,21,7,28
41,2025-04-14T21:17:00+00:00,2025-04-15,07:17,21,5,26
41,2025-04-14T21:19:00+00:00,2025-04-15,07:19,8,4,12
41,2025-04-14T21:24:00+00:00,2025-04-15,07:24,7,12,19
41,2025-04-14T21:25:00+00:00,2025-04-15,07:25,12,7,19
41,2025-04-14T21:36:00+00:00,2025-04-15,07:36,4,4,8
41,2025-04-14T21:38:00+00:00,2025-04-15,07:38,34,21,55
41,2025-04-14T21:43:00+00:00,2025-04-15,07:43,13,13,26
41,2025-04-14T21:44:00+00:00,2025-04-15,07:44,58,5,63
41,2025-04-14T21:50:00+00:00,2025-04-15,07:50,19,5,24
41,2025-04-14T21:52:00+00:00,2025-04-15,07:52,17,9,26
41,2025-04-14T21:53:00+00:00,2025-04-15,07:53,12,5,17
41,2025-04-14T21:57:00+00:00,2025-04-15,07:57,30,8,38
41,2025-04-14T22:01:00+00:00,2025-04-15,08:01,20,6,26
41,2025-04-14T22:02:00+00:00,2025-04-15,08:02,23,8,31
41,2025-04-14T22:03:00+00:00,2025-04-15,08:03,53,12,65
41,2025-04-14T22:05:00+00:00,2025-04-15,08:05,21,5,26
41,2025-04-14T22:06:00+00:00,2025-04-15,08:06,28,16,44
41,2025-04-14T22:07:00+00:00,2025-04-15,08:07,15,6,21
42,2025-04-14T21:11:00+00:00,2025-04-15,07:11,0,1,1
42,2025-04-14T21:13:00+00:00,2025-04-15,07:13,1,0,1
42,2025-04-14T21:15:00+00:00,2025-04-15,07:15,0,3,3
42,2025-04-14T21:17:00+00:00,2025-04-15,07:17,2,4,6
42,2025-04-14T21:21:00+00:00,2025-04-15,07:21,0,1,1
42,2025-04-14T21:22:00+00:00,2025-04-15,07:22,1,2,3
42,2025-04-14T21:23:00+00:00,2025-04-15,07:23,1,0,1
42,2025-04-14T21:25:00+00:00,2025-04-15,07:25,2,0,2
42,2025-04-14T21:27:00+00:00,2025-04-15,07:27,1,3,4
42,2025-04-14T21:29:00+00:00,2025-04-15,07:29,2,3,5
42,2025-04-14T21:33:00+00:00,2025-04-15,07:33,1,0,1
42,2025-04-14T21:35:00+00:00,2025-04-15,07:35,1,1,2
42,2025-04-14T21:42:00+00:00,2025-04-15,07:42,0,1,1
42,2025-04-14T21:45:00+00:00,2025-04-15,07:45,1,3,4
42,2025-04-14T21:48:00+00:00,2025-04-15,07:48,1,4,5
42,2025-04-14T21:49:00+00:00,2025-04-15,07:49,1,4,5
42,2025-04-14T21:51:00+00:00,2025-04-15,07:51,2,4,6
42,2025-04-14T21:57:00+00:00,2025-04-15,07:57,1,2,3
42,2025-04-14T21:58:00+00:00,2025-04-15,07:58,1,6,7
42,2025-04-14T22:07:00+00:00,2025-04-15,08:07,0,2,2
42,2025-04-14T22:09:00+00:00,2025-04-15,08:09,0,5,5
43,2025-04-14T21:25:00+00:00,2025-04-15,07:25,6,4,10
43,2025-04-14T21:35:00+00:00,2025-04-15,07:35,4,2,6
43,2025-04-14T21:45:00+00:00,2025-04-15,07:45,13,8,21
43,2025-04-14T21:50:00+00:00,2025-04-15,07:50,9,5,14
44,2025-04-14T21:25:00+00:00,2025-04-15,07:25,6,4,10
44,2025-04-14T21:40:00+00:00,2025-04-15,07:40,2,3,5
44,2025-04-14T22:00:00+00:00,2025-04-15,08:00,2,4,6
44,2025-04-14T22:05:00+00:00,2025-04-15,08:05,2,5,7
44,2025-04-14T22:10:00+00:00,2025-04-15,08:10,4,6,10
45,2025-04-14T21:10:00+00:00,2025-04-15,07:10,2,1,3
45,2025-04-14T21:14:00+00:00,2025-04-15,07:14,5,5,10
45,2025-04-14T21:16:00+00:00,2025-04-15,07:16,1,0,1
45,2025-04-14T21:19:00+00:00,2025-04-15,07:19,0,1,1
45,2025-04-14T21:22:00+00:00,2025-04-15,07:22,1,1,2
45,2025-04-14T21:23:00+00:00,2025-04-15,07:23,3,0,3
45,2025-04-14T21:29:00+00:00,2025-04-15,07:29,2,6,8
45,2025-04-14T21:35:00+00:00,2025-04-15,07:35,3,9,12
45,2025-04-14T21:39:00+00:00,2025-04-15,07:39,1,5,6
45,2025-04-14T21:40:00+00:00,2025-04-15,07:40,3,2,5
45,2025-04-14T21:41:00+00:00,2025-04-15,07:41,2,2,4
45,2025-04-14T21:44:00+00:00,2025-04-15,07:44,1,1,2
45,2025-04-14T21:57:00+00:00,2025-04-15,07:57,3,2,5
45,2025-04-14T21:58:00+00:00,2025-04-15,07:58,6,7,13
45,2025-04-14T22:10:00+00:00,2025-04-15,08:10,6,8,14
47,2025-04-14T21:13:00+00:00,2025-04-15,07:13,0,4,4
47,2025-04-14T21:16:00+00:00,2025-04-15,07:16,2,0,2
47,2025-04-14T21:28:00+00:00,2025-04-15,07:28,1,5,6
47,2025-04-14T21:29:00+00:00,2025-04-15,07:29,2,0,2
47,2025-04-14T21:37:00+00:00,2025-04-15,07:37,2,7,9
47,2025-04-14T21:39:00+00:00,2025-04-15,07:39,8,7,15
47,2025-04-14T21:42:00+00:00,2025-04-15,07:42,3,6,9
47,2025-04-14T21:51:00+00:00,2025-04-15,07:51,1,15,16
47,2025-04-14T21:53:00+00:00,2025-04-15,07:53,4,4,8
47,2025-04-14T21:55:00+00:00,2025-04-15,07:55,2,6,8
47,2025-04-14T21:56:00+00:00,2025-04-15,07:56,1,2,3
47,2025-04-14T22:01:00+00:00,2025-04-15,08:01,1,10,11
47,2025-04-14T22:02:00+00:00,2025-04-15,08:02,3,3,6
47,2025-04-14T22:04:00+00:00,2025-04-15,08:04,6,12,18
47,2025-04-14T22:07:00+00:00,2025-04-15,08:07,4,4,8
47,2025-04-14T22:09:00+00:00,2025-04-15,08:09,3,5,8
50,2025-04-14T21:22:00+00:00,2025-04-15,07:22,1,0,1
50,2025-04-14T21:24:00+00:00,2025-04-15,07:24,1,0,1
50,2025-04-14T21:26:00+00:00,2025-04-15,07:26,1,0,1
50,2025-04-14T21:31:00+00:00,2025-04-15,07:31,0,1,1
50,2025-04-14T21:36:00+00:00,2025-04-15,07:36,0,1,1
50,2025-04-14T21:40:00+00:00,2025-04-15,07:40,1,0,1
50,2025-04-14T21:47:00+00:00,2025-04-15,07:47,1,2,3
50,2025-04-14T22:03:00+00:00,2025-04-15,08:03,0,1,1
50,2025-04-14T22:05:00+00:00,2025-04-15,08:05,0,1,1
50,2025-04-14T22:07:00+00:00,2025-04-15,08:07,1,5,6
54,2025-04-14T21:10:00+00:00,2025-04-15,07:10,1,0,1
54,2025-04-14T21:15:00+00:00,2025-04-15,07:15,2,2,4
54,2025-04-14T21:26:00+00:00,2025-04-15,07:26,1,0,1
54,2025-04-14T21:34:00+00:00,2025-04-15,07:34,1,1,2
54,2025-04-14T21:36:00+00:00,2025-04-15,07:36,2,0,2
54,2025-04-14T21:39:00+00:00,2025-04-15,07:39,2,0,2
54,2025-04-14T21:40:00+00:00,2025-04-15,07:40,4,1,5
54,2025-04-14T21:42:00+00:00,2025-04-15,07:42,3,1,4
54,2025-04-14T21:53:00+00:00,2025-04-15,07:53,1,0,1
54,2025-04-14T21:54:00+00:00,2025-04-15,07:54,1,0,1
54,2025-04-14T22:01:00+00:00,2025-04-15,08:01,0,1,1
54,2025-04-14T22:04:00+00:00,2025-04-15,08:04,1,1,2
54,2025-04-14T22:07:00+00:00,2025-04-15,08:07,1,1,2
59,2025-04-14T21:10:00+00:00,2025-04-15,07:10,8,8,16
59,2025-04-14T21:30:00+00:00,2025-04-15,07:30,16,7,23
59,2025-04-14T21:45:00+00:00,2025-04-15,07:45,21,9,30
59,2025-04-14T21:50:00+00:00,2025-04-15,07:50,22,5,27
61,2025-04-14T21:11:00+00:00,2025-04-15,07:11,2,2,4
61,2025-04-14T21:12:00+00:00,2025-04-15,07:12,3,3,6
61,2025-04-14T21:18:00+00:00,2025-04-15,07:18,3,1,4
61,2025-04-14T21:19:00+00:00,2025-04-15,07:19,2,3,5
61,2025-04-14T21:25:00+00:00,2025-04-15,07:25,6,0,6
61,2025-04-14T21:27:00+00:00,2025-04-15,07:27,3,1,4
61,2025-04-14T21:28:00+00:00,2025-04-15,07:28,1,2,3
61,2025-04-14T21:30:00+00:00,2025-04-15,07:30,1,2,3
61,2025-04-14T21:31:00+00:00,2025-04-15,07:31,4,5,9
61,2025-04-14T21:34:00+00:00,2025-04-15,07:34,9,5,14
61,2025-04-14T21:35:00+00:00,2025-04-15,07:35,1,8,9
61,2025-04-14T21:36:00+00:00,2025-04-15,07:36,2,3,5
61,2025-04-14T21:37:00+00:00,2025-04-15,07:37,3,3,6
61,2025-04-14T21:38:00+00:00,2025-04-15,07:38,1,1,2
61,2025-04-14T21:42:00+00:00,2025-04-15,07:42,4,1,5
61,2025-04-14T21:43:00+00:00,2025-04-15,07:43,3,6,9
61,2025-04-14T21:45:00+00:00,2025-04-15,07:45,4,0,4
61,2025-04-14T21:47:00+00:00,2025-04-15,07:47,4,1,5
61,2025-04-14T21:49:00+00:00,2025-04-15,07:49,2,1,3
61,2025-04-14T21:55:00+00:00,2025-04-15,07:55,7,2,9
61,2025-04-14T21:56:00+00:00,2025-04-15,07:56,6,3,9
61,2025-04-14T21:57:00+00:00,2025-04-15,07:57,5,2,7
61,2025-04-14T22:00:00+00:00,2025-04-15,08:00,2,8,10
61,2025-04-14T22:04:00+00:00,2025-04-15,08:04,8,1,9
66,2025-04-14T21:10:00+00:00,2025-04-15,07:10,2,3,5
66,2025-04-14T21:13:00+00:00,2025-04-15,07:13,0,6,6
66,2025-04-14T21:15:00+00:00,2025-04-15,07:15,0,2,2
66,2025-04-14T21:18:00+00:00,2025-04-15,07:18,0,1,1
66,2025-04-14T21:22:00+00:00,2025-04-15,07:22,3,0,3
66,2025-04-14T21:23:00+00:00,2025-04-15,07:23,0,1,1
66,2025-04-14T21:28:00+00:00,2025-04-15,07:28,2,5,7
66,2025-04-14T21:30:00+00:00,2025-04-15,07:30,1,2,3
66,2025-04-14T21:38:00+00:00,2025-04-15,07:38,3,6,9
66,2025-04-14T21:40:00+00:00,2025-04-15,07:40,3,1,4
66,2025-04-14T21:45:00+00:00,2025-04-15,07:45,0,2,2
66,2025-04-14T21:47:00+00:00,2025-04-15,07:47,3,11,14
66,2025-04-14T21:56:00+00:00,2025-04-15,07:56,3,8,11
66,2025-04-14T21:57:00+00:00,2025-04-15,07:57,2,10,12
66,2025-04-14T21:58:00+00:00,2025-04-15,07:58,5,4,9
66,2025-04-14T22:02:00+00:00,2025-04-15,08:02,5,11,16
66,2025-04-14T22:05:00+00:00,2025-04-15,08:05,2,9,11
66,2025-04-14T22:08:00+00:00,2025-04-15,08:08,7,7,14
66,2025-04-14T22:09:00+00:00,2025-04-15,08:09,4,11,15
69,2025-04-14T21:10:00+00:00,2025-04-15,07:10,3,0,3
69,2025-04-14T21:12:00+00:00,2025-04-15,07:12,1,0,1
69,2025-04-14T21:18:00+00:00,2025-04-15,07:18,1,0,1
69,2025-04-14T21:21:00+00:00,2025-04-15,07:21,3,0,3
69,2025-04-14T21:25:00+00:00,2025-04-15,07:25,5,0,5
69,2025-04-14T21:27:00+00:00,2025-04-15,07:27,4,0,4
69,2025-04-14T21:29:00+00:00,2025-04-15,07:29,1,1,2
69,2025-04-14T21:30:00+00:00,2025-04-15,07:30,1,0,1
69,2025-04-14T21:31:00+00:00,2025-04-15,07:31,3,0,3
69,2025-04-14T21:34:00+00:00,2025-04-15,07:34,2,1,3
69,2025-04-14T21:35:00+00:00,2025-04-15,07:35,2,0,2
69,2025-04-14T21:37:00+00:00,2025-04-15,07:37,2,0,2
69,2025-04-14T21:41:00+00:00,2025-04-15,07:41,1,0,1
69,2025-04-14T21:42:00+00:00,2025-04-15,07:42,1,2,3
69,2025-04-14T21:47:00+00:00,2025-04-15,07:47,3,0,3
69,2025-04-14T21:48:00+00:00,2025-04-15,07:48,1,1,2
69,2025-04-14T21:49:00+00:00,2025-04-15,07:49,2,0,2
69,2025-04-14T21:51:00+00:00,2025-04-15,07:51,2,0,2
69,2025-04-14T21:53:00+00:00,2025-04-15,07:53,4,3,7
69,2025-04-14T21:58:00+00:00,2025-04-15,07:58,5,2,7
69,2025-04-14T22:01:00+00:00,2025-04-15,08:01,8,0,8
70,2025-04-14T21:10:00+00:00,2025-04-15,07:10,0,2,2
70,2025-04-14T21:12:00+00:00,2025-04-15,07:12,0,2,2
70,2025-04-14T21:15:00+00:00,2025-04-15,07:15,1,0,1
70,2025-04-14T21:21:00+00:00,2025-04-15,07:21,0,1,1
70,2025-04-14T21:27:00+00:00,2025-04-15,07:27,2,1,3
70,2025-04-14T21:30:00+00:00,2025-04-15,07:30,1,0,1
70,2025-04-14T21:31:00+00:00,2025-04-15,07:31,2,0,2
70,2025-04-14T21:34:00+00:00,2025-04-15,07:34,0,1,1
70,2025-04-14T21:41:00+00:00,2025-04-15,07:41,1,0,1
70,2025-04-14T21:44:00+00:00,2025-04-15,07:44,0,1,1
70,2025-04-14T21:47:00+00:00,2025-04-15,07:47,2,0,2
70,2025-04-14T21:48:00+00:00,2025-04-15,07:48,1,1,2
70,2025-04-14T21:50:00+00:00,2025-04-15,07:50,2,0,2
70,2025-04-14T21:55:00+00:00,2025-04-15,07:55,2,2,4
70,2025-04-14T21:56:00+00:00,2025-04-15,07:56,0,2,2
71,2025-04-14T21:26:00+00:00,2025-04-15,07:26,1,0,1
71,2025-04-14T21:29:00+00:00,2025-04-15,07:29,1,1,2
71,2025-04-14T21:34:00+00:00,2025-04-15,07:34,0,1,1
71,2025-04-14T21:45:00+00:00,2025-04-15,07:45,1,1,2
71,2025-04-14T22:01:00+00:00,2025-04-15,08:01,0,1,1
71,2025-04-14T22:03:00+00:00,2025-04-15,08:03,0,1,1
75,2025-04-14T21:20:00+00:00,2025-04-15,07:20,0,1,1
75,2025-04-14T21:22:00+00:00,2025-04-15,07:22,3,1,4
75,2025-04-14T21:24:00+00:00,2025-04-15,07:24,1,0,1
75,2025-04-14T21:34:00+00:00,2025-04-15,07:34,1,1,2
75,2025-04-14T21:36:00+00:00,2025-04-15,07:36,5,3,8
75,2025-04-14T21:37:00+00:00,2025-04-15,07:37,1,0,1
75,2025-04-14T21:38:00+00:00,2025-04-15,07:38,1,2,3
75,2025-04-14T21:39:00+00:00,2025-04-15,07:39,0,1,1
75,2025-04-14T21:44:00+00:00,2025-04-15,07:44,1,0,1
75,2025-04-14T21:53:00+00:00,2025-04-15,07:53,1,1,2
75,2025-04-14T21:57:00+00:00,2025-04-15,07:57,0,1,1
75,2025-04-14T22:02:00+00:00,2025-04-15,08:02,2,0,2
75,2025-04-14T22:08:00+00:00,2025-04-15,08:08,2,1,3
75,2025-04-14T22:09:00+00:00,2025-04-15,08:09,2,0,2
77,2025-04-14T21:35:00+00:00,2025-04-15,07:35,13,17,30
77,2025-04-14T21:50:00+00:00,2025-04-15,07:50,15,17,32
77,2025-04-14T21:55:00+00:00,2025-04-15,07:55,14,26,40
78,2025-04-14T21:11:00+00:00,2025-04-15,07:11,1,0,1
78,2025-04-14T21:13:00+00:00,2025-04-15,07:13,1,1,2
78,2025-04-14T21:21:00+00:00,2025-04-15,07:21,0,1,1
78,2025-04-14T21:25:00+00:00,2025-04-15,07:25,1,0,1
78,2025-04-14T21:32:00+00:00,2025-04-15,07:32,1,0,1
78,2025-04-14T21:37:00+00:00,2025-04-15,07:37,2,1,3
78,2025-04-14T21:39:00+00:00,2025-04-15,07:39,1,0,1
78,2025-04-14T21:46:00+00:00,2025-04-15,07:46,0,1,1
78,2025-04-14T21:48:00+00:00,2025-04-15,07:48,1,0,1
78,2025-04-14T21:49:00+00:00,2025-04-15,07:49,3,0,3
78,2025-04-14T21:52:00+00:00,2025-04-15,07:52,1,1,2
78,2025-04-14T21:54:00+00:00,2025-04-15,07:54,0,4,4
78,2025-04-14T21:55:00+00:00,2025-04-15,07:55,2,2,4
78,2025-04-14T22:09:00+00:00,2025-04-15,08:09,3,1,4
84,2025-04-14T21:40:00+00:00,2025-04-15,07:40,57,20,77
87,2025-04-14T21:13:00+00:00,2025-04-15,07:13,2,1,3
87,2025-04-14T21:14:00+00:00,2025-04-15,07:14,1,3,4
87,2025-04-14T21:40:00+00:00,2025-04-15,07:40,1,1,2
87,2025-04-14T21:47:00+00:00,2025-04-15,07:47,1,0,1
87,2025-04-14T21:52:00+00:00,2025-04-15,07:52,0,3,3
87,2025-04-14T21:54:00+00:00,2025-04-15,07:54,3,2,5
87,2025-04-14T21:57:00+00:00,2025-04-15,07:57,2,2,4
87,2025-04-14T22:00:00+00:00,2025-04-15,08:00,2,0,2
87,2025-04-14T22:01:00+00:00,2025-04-15,08:01,1,1,2
87,2025-04-14T22:03:00+00:00,2025-04-15,08:03,2,5,7
87,2025-04-14T22:04:00+00:00,2025-04-15,08:04,1,1,2
87,2025-04-14T22:05:00+00:00,2025-04-15,08:05,1,1,2
87,2025-04-14T22:06:00+00:00,2025-04-15,08:06,0,1,1
87,2025-04-14T22:08:00+00:00,2025-04-15,08:08,1,0,1
87,2025-04-14T22:09:00+00:00,2025-04-15,08:09,1,1,2
107,2025-04-14T21:10:00+00:00,2025-04-15,07:10,5,3,8
107,2025-04-14T21:15:00+00:00,2025-04-15,07:15,1,5,6
107,2025-04-14T21:20:00+00:00,2025-04-15,07:20,0,7,7
107,2025-04-14T21:45:00+00:00,2025-04-15,07:45,3,12,15
107,2025-04-14T21:50:00+00:00,2025-04-15,07:50,4,19,23
108,2025-04-14T21:13:00+00:00,2025-04-15,07:13,0,10,10
108,2025-04-14T21:15:00+00:00,2025-04-15,07:15,0,2,2
108,2025-04-14T21:21:00+00:00,2025-04-15,07:21,5,5,10
108,2025-04-14T21:23:00+00:00,2025-04-15,07:23,0,5,5
108,2025-04-14T21:30:00+00:00,2025-04-15,07:30,0,5,5
108,2025-04-14T21:31:00+00:00,2025-04-15,07:31,1,4,5
108,2025-04-14T21:32:00+00:00,2025-04-15,07:32,4,1,5
108,2025-04-14T21:33:00+00:00,2025-04-15,07:33,1,13,14
108,2025-04-14T21:34:00+00:00,2025-04-15,07:34,0,23,23
108,2025-04-14T21:35:00+00:00,2025-04-15,07:35,2,11,13
108,2025-04-14T21:38:00+00:00,2025-04-15,07:38,0,22,22
108,2025-04-14T21:44:00+00:00,2025-04-15,07:44,3,24,27
108,2025-04-14T21:45:00+00:00,2025-04-15,07:45,1,30,31
108,2025-04-14T21:46:00+00:00,2025-04-15,07:46,6,14,20
108,2025-04-14T21:49:00+00:00,2025-04-15,07:49,1,13,14
108,2025-04-14T21:52:00+00:00,2025-04-15,07:52,1,24,25
108,2025-04-14T21:55:00+00:00,2025-04-15,07:55,3,22,25
108,2025-04-14T21:56:00+00:00,2025-04-15,07:56,4,11,15
108,2025-04-14T21:57:00+00:00,2025-04-15,07:57,4,17,21
108,2025-04-14T21:59:00+00:00,2025-04-15,07:59,1,6,7
108,2025-04-14T22:00:00+00:00,2025-04-15,08:00,4,26,30
108,2025-04-14T22:04:00+00:00,2025-04-15,08:04,2,20,22
108,2025-04-14T22:05:00+00:00,2025-04-15,08:05,3,19,22
108,2025-04-14T22:09:00+00:00,2025-04-15,08:09,5,28,33
108,2025-04-14T22:10:00+00:00,2025-04-15,08:10,1,46,47
118,2025-04-14T21:15:00+00:00,2025-04-15,07:15,1,0,1
118,2025-04-14T21:30:00+00:00,2025-04-15,07:30,2,1,3
118,2025-04-14T21:40:00+00:00,2025-04-15,07:40,2,3,5
131,2025-04-14T21:10:00+00:00,2025-04-15,07:10,3,2,5
131,2025-04-14T21:20:00+00:00,2025-04-15,07:20,8,2,10
131,2025-04-14T21:35:00+00:00,2025-04-15,07:35,4,2,6
131,2025-04-14T21:40:00+00:00,2025-04-15,07:40,7,0,7
131,2025-04-14T21:45:00+00:00,2025-04-15,07:45,7,0,7
131,2025-04-14T21:55:00+00:00,2025-04-15,07:55,6,1,7
132,2025-04-14T22:00:00+00:00,2025-04-15,08:00,10,5,15
132,2025-04-14T22:05:00+00:00,2025-04-15,08:05,5,9,14
133,2025-04-14T21:20:00+00:00,2025-04-15,07:20,33,25,58
133,2025-04-14T21:35:00+00:00,2025-04-15,07:35,89,34,123
133,2025-04-14T21:50:00+00:00,2025-04-15,07:50,52,35,87
133,2025-04-14T22:00:00+00:00,2025-04-15,08:00,54,53,107
133,2025-04-14T22:10:00+00:00,2025-04-15,08:10,36,41,77
134,2025-04-14T21:10:00+00:00,2025-04-15,07:10,12,17,29
134,2025-04-14T21:20:00+00:00,2025-04-15,07:20,19,18,37
134,2025-04-14T21:30:00+00:00,2025-04-15,07:30,48,25,73
134,2025-04-14T21:40:00+00:00,2025-04-15,07:40,48,27,75
134,2025-04-14T21:55:00+00:00,2025-04-15,07:55,33,35,68
134,2025-04-14T22:10:00+00:00,2025-04-15,08:10,29,20,49
135,2025-04-14T21:15:00+00:00,2025-04-15,07:15,13,16,29
135,2025-04-14T21:25:00+00:00,2025-04-15,07:25,21,11,32
135,2025-04-14T21:50:00+00:00,2025-04-15,07:50,18,19,37
143,2025-04-14T21:10:00+00:00,2025-04-15,07:10,5,7,12
143,2025-04-14T21:20:00+00:00,2025-04-15,07:20,6,9,15
143,2025-04-14T21:25:00+00:00,2025-04-15,07:25,3,4,7
143,2025-04-14T21:30:00+00:00,2025-04-15,07:30,2,3,5
143,2025-04-14T21:35:00+00:00,2025-04-15,07:35,9,18,27
143,2025-04-14T21:50:00+00:00,2025-04-15,07:50,8,7,15
143,2025-04-14T21:55:00+00:00,2025-04-15,07:55,8,11,19
143,2025-04-14T22:10:00+00:00,2025-04-15,08:10,9,14,23
162,2025-04-14T21:10:00+00:00,2025-04-15,07:10,9,8,17
162,2025-04-14T21:15:00+00:00,2025-04-15,07:15,7,11,18
162,2025-04-14T21:35:00+00:00,2025-04-15,07:35,9,11,20
162,2025-04-14T21:40:00+00:00,2025-04-15,07:40,16,13,29
162,2025-04-14T21:45:00+00:00,2025-04-15,07:45,15,9,24
162,2025-04-14T22:05:00+00:00,2025-04-15,08:05,19,17,36
165,2025-04-14T21:20:00+00:00,2025-04-15,07:20,0,3,3
165,2025-04-14T21:25:00+00:00,2025-04-15,07:25,1,1,2
165,2025-04-14T21:30:00+00:00,2025-04-15,07:30,1,6,7
165,2025-04-14T21:55:00+00:00,2025-04-15,07:55,3,5,8
165,2025-04-14T22:00:00+00:00,2025-04-15,08:00,4,3,7
165,2025-04-14T22:05:00+00:00,2025-04-15,08:05,1,7,8
166,2025-04-14T21:55:00+00:00,2025-04-15,07:55,2,1,3
166,2025-04-14T22:05:00+00:00,2025-04-15,08:05,1,6,7
167,2025-04-14T21:10:00+00:00,2025-04-15,07:10,0,2,2
167,2025-04-14T21:15:00+00:00,2025-04-15,07:15,2,4,6
167,2025-04-14T21:50:00+00:00,2025-04-15,07:50,7,7,14
167,2025-04-14T22:10:00+00:00,2025-04-15,08:10,4,8,12
179,2025-04-14T21:15:00+00:00,2025-04-15,07:15,2,4,6
179,2025-04-14T21:35:00+00:00,2025-04-15,07:35,2,0,2
179,2025-04-14T21:55:00+00:00,2025-04-15,07:55,3,3,6
179,2025-04-14T22:00:00+00:00,2025-04-15,08:00,2,2,4
179,2025-04-14T22:05:00+00:00,2025-04-15,08:05,6,1,7
1,2025-04-14T21:10:00+00:00,2025-04-15,07:10,3,0,3
1,2025-04-14T21:15:00+00:00,2025-04-15,07:15,4,0,4
1,2025-04-14T21:19:00+00:00,2025-04-15,07:19,2,1,3
1,2025-04-14T21:21:00+00:00,2025-04-15,07:21,1,3,4
1,2025-04-14T21:22:00+00:00,2025-04-15,07:22,3,0,3
1,2025-04-14T21:24:00+00:00,2025-04-15,07:24,1,0,1
1,2025-04-14T21:25:00+00:00,2025-04-15,07:25,1,1,2
1,2025-04-14T21:30:00+00:00,2025-04-15,07:30,2,5,7
1,2025-04-14T21:31:00+00:00,2025-04-15,07:31,3,2,5
1,2025-04-14T21:32:00+00:00,2025-04-15,07:32,0,2,2
1,2025-04-14T21:34:00+00:00,2025-04-15,07:34,2,1,3
1,2025-04-14T21:35:00+00:00,2025-04-15,07:35,0,1,1
1,2025-04-14T21:36:00+00:00,2025-04-15,07:36,1,1,2
1,2025-04-14T21:37:00+00:00,2025-04-15,07:37,0,3,3
1,2025-04-14T21:43:00+00:00,2025-04-15,07:43,1,1,2
1,2025-04-14T21:46:00+00:00,2025-04-15,07:46,2,4,6
1,2025-04-14T21:48:00+00:00,2025-04-15,07:48,0,9,9
1,2025-04-14T21:52:00+00:00,2025-04-15,07:52,1,4,5
1,2025-04-14T21:55:00+00:00,2025-04-15,07:55,2,3,5
1,2025-04-14T22:02:00+00:00,2025-04-15,08:02,1,2,3
1,2025-04-14T22:05:00+00:00,2025-04-15,08:05,2,1,3
1,2025-04-14T22:07:00+00:00,2025-04-15,08:07,3,4,7
1,2025-04-14T22:10:00+00:00,2025-04-15,08:10,6,5,11
2,2025-04-14T21:19:00+00:00,2025-04-15,07:19,0,3,3
2,2025-04-14T21:24:00+00:00,2025-04-15,07:24,1,2,3
2,2025-04-14T21:26:00+00:00,2025-04-15,07:26,0,3,3
2,2025-04-14T21:30:00+00:00,2025-04-15,07:30,1,0,1
2,2025-04-14T21:39:00+00:00,2025-04-15,07:39,2,0,2
2,2025-04-14T21:42:00+00:00,2025-04-15,07:42,0,2,2
2,2025-04-14T21:43:00+00:00,2025-04-15,07:43,0,2,2
2,2025-04-14T21:47:00+00:00,2025-04-15,07:47,2,0,2
2,2025-04-14T21:48:00+00:00,2025-04-15,07:48,2,1,3
2,2025-04-14T21:50:00+00:00,2025-04-15,07:50,1,3,4
2,2025-04-14T21:58:00+00:00,2025-04-15,07:58,2,5,7
2,2025-04-14T22:00:00+00:00,2025-04-15,08:00,4,3,7
2,2025-04-14T22:02:00+00:00,2025-04-15,08:02,0,1,1
2,2025-04-14T22:04:00+00:00,2025-04-15,08:04,0,6,6
9,2025-04-14T21:11:00+00:00,2025-04-15,07:11,1,14,15
9,2025-04-14T21:13:00+00:00,2025-04-15,07:13,1,8,9
9,2025-04-14T21:15:00+00:00,2025-04-15,07:15,2,18,20
9,2025-04-14T21:21:00+00:00,2025-04-15,07:21,0,6,6
9,2025-04-14T21:25:00+00:00,2025-04-15,07:25,3,10,13
9,2025-04-14T21:26:00+00:00,2025-04-15,07:26,2,11,13
9,2025-04-14T21:28:00+00:00,2025-04-15,07:28,2,11,13
9,2025-04-14T21:30:00+00:00,2025-04-15,07:30,0,24,24
9,2025-04-14T21:41:00+00:00,2025-04-15,07:41,3,30,33
9,2025-04-14T21:42:00+00:00,2025-04-15,07:42,2,37,39
9,2025-04-14T21:46:00+00:00,2025-04-15,07:46,3,35,38
9,2025-04-14T21:48:00+00:00,2025-04-15,07:48,0,31,31
9,2025-04-14T21:50:00+00:00,2025-04-15,07:50,2,23,25
9,2025-04-14T21:55:00+00:00,2025-04-15,07:55,2,34,36
9,2025-04-14T22:00:00+00:00,2025-04-15,08:00,0,31,31
9,2025-04-14T22:01:00+00:00,2025-04-15,08:01,3,22,25
9,2025-04-14T22:07:00+00:00,2025-04-15,08:07,4,56,60
9,2025-04-14T22:09:00+00:00,2025-04-15,08:09,6,52,58
9,2025-04-14T22:10:00+00:00,2025-04-15,08:10,0,56,56
10,2025-04-14T21:10:00+00:00,2025-04-15,07:10,0,2,2
10,2025-04-14T21:13:00+00:00,2025-04-15,07:13,0,3,3
10,2025-04-14T21:17:00+00:00,2025-04-15,07:17,0,1,1
10,2025-04-14T21:35:00+00:00,2025-04-15,07:35,1,1,2
10,2025-04-14T21:37:00+00:00,2025-04-15,07:37,0,6,6
10,2025-04-14T21:39:00+00:00,2025-04-15,07:39,0,7,7
10,2025-04-14T21:47:00+00:00,2025-04-15,07:47,2,4,6
10,2025-04-14T21:52:00+00:00,2025-04-15,07:52,6,0,6
10,2025-04-14T21:58:00+00:00,2025-04-15,07:58,0,3,3
10,2025-04-14T21:59:00+00:00,2025-04-15,07:59,2,5,7
10,2025-04-14T22:00:00+00:00,2025-04-15,08:00,2,0,2
10,2025-04-14T22:01:00+00:00,2025-04-15,08:01,0,4,4
11,2025-04-14T21:13:00+00:00,2025-04-15,07:13,1,0,1
11,2025-04-14T21:14:00+00:00,2025-04-15,07:14,0,1,1
11,2025-04-14T21:15:00+00:00,2025-04-15,07:15,3,4,7
11,2025-04-14T21:25:00+00:00,2025-04-15,07:25,5,0,5
11,2025-04-14T21:30:00+00:00,2025-04-15,07:30,4,2,6
11,2025-04-14T21:37:00+00:00,2025-04-15,07:37,1,2,3
11,2025-04-14T21:38:00+00:00,2025-04-15,07:38,0,3,3
11,2025-04-14T21:40:00+00:00,2025-04-15,07:40,7,5,12
11,2025-04-14T21:42:00+00:00,2025-04-15,07:42,1,2,3
11,2025-04-14T21:45:00+00:00,2025-04-15,07:45,5,2,7
11,2025-04-14T21:47:00+00:00,2025-04-15,07:47,2,0,2
11,2025-04-14T21:48:00+00:00,2025-04-15,07:48,0,1,1
11,2025-04-14T21:52:00+00:00,2025-04-15,07:52,1,1,2
11,2025-04-14T21:54:00+00:00,2025-04-15,07:54,4,1,5
11,2025-04-14T21:56:00+00:00,2025-04-15,07:56,1,3,4
11,2025-04-14T21:57:00+00:00,2025-04-15,07:57,1,0,1
11,2025-04-14T22:00:00+00:00,2025-04-15,08:00,5,2,7
11,2025-04-14T22:02:00+00:00,2025-04-15,08:02,1,1,2
11,2025-04-14T22:03:00+00:00,2025-04-15,08:03,1,0,1
11,2025-04-14T22:05:00+00:00,2025-04-15,08:05,5,1,6
11,2025-04-14T22:06:00+00:00,2025-04-15,08:06,0,1,1
11,2025-04-14T22:08:00+00:00,2025-04-15,08:08,0,2,2
12,2025-04-14T21:13:00+00:00,2025-04-15,07:13,2,1,3
12,2025-04-14T21:14:00+00:00,2025-04-15,07:14,2,3,5
12,2025-04-14T21:20:00+00:00,2025-04-15,07:20,0,4,4
12,2025-04-14T21:22:00+00:00,2025-04-15,07:22,2,3,5
12,2025-04-14T21:29:00+00:00,2025-04-15,07:29,0,1,1
12,2025-04-14T21:30:00+00:00,2025-04-15,07:30,1,1,2
12,2025-04-14T21:39:00+00:00,2025-04-15,07:39,2,5,7
12,2025-04-14T21:49:00+00:00,2025-04-15,07:49,2,1,3
12,2025-04-14T21:51:00+00:00,2025-04-15,07:51,3,1,4
12,2025-04-14T21:53:00+00:00,2025-04-15,07:53,4,1,5
12,2025-04-14T21:54:00+00:00,2025-04-15,07:54,0,5,5
12,2025-04-14T22:04:00+00:00,2025-04-15,08:04,3,0,3
12,2025-04-14T22:09:00+00:00,2025-04-15,08:09,5,0,5
12,2025-04-14T22:10:00+00:00,2025-04-15,08:10,1,1,2
17,2025-04-14T21:12:00+00:00,2025-04-15,07:12,7,2,9
17,2025-04-14T21:13:00+00:00,2025-04-15,07:13,3,0,3
17,2025-04-14T21:28:00+00:00,2025-04-15,07:28,6,1,7
17,2025-04-14T21:29:00+00:00,2025-04-15,07:29,5,2,7
17,2025-04-14T21:40:00+00:00,2025-04-15,07:40,4,0,4
17,2025-04-14T21:41:00+00:00,2025-04-15,07:41,14,0,14
17,2025-04-14T21:42:00+00:00,2025-04-15,07:42,11,0,11
17,2025-04-14T21:45:00+00:00,2025-04-15,07:45,15,3,18
17,2025-04-14T21:48:00+00:00,2025-04-15,07:48,8,2,10
17,2025-04-14T21:52:00+00:00,2025-04-15,07:52,14,4,18
17,2025-04-14T21:56:00+00:00,2025-04-15,07:56,16,2,18
17,2025-04-14T22:00:00+00:00,2025-04-15,08:00,18,2,20
17,2025-04-14T22:04:00+00:00,2025-04-15,08:04,17,5,22
17,2025-04-14T22:05:00+00:00,2025-04-15,08:05,8,3,11
17,2025-04-14T22:08:00+00:00,2025-04-15,08:08,7,5,12
17,2025-04-14T22:09:00+00:00,2025-04-15,08:09,19,3,22
18,2025-04-14T21:13:00+00:00,2025-04-15,07:13,0,6,6
18,2025-04-14T21:14:00+00:00,2025-04-15,07:14,0,6,6
18,2025-04-14T21:18:00+00:00,2025-04-15,07:18,2,1,3
18,2025-04-14T21:20:00+00:00,2025-04-15,07:20,0,1,1
18,2025-04-14T21:21:00+00:00,2025-04-15,07:21,2,3,5
18,2025-04-14T21:22:00+00:00,2025-04-15,07:22,1,9,10
18,2025-04-14T21:25:00+00:00,2025-04-15,07:25,0,4,4
18,2025-04-14T21:27:00+00:00,2025-04-15,07:27,0,4,4
18,2025-04-14T21:28:00+00:00,2025-04-15,07:28,0,2,2
18,2025-04-14T21:33:00+00:00,2025-04-15,07:33,1,7,8
18,2025-04-14T21:36:00+00:00,2025-04-15,07:36,0,6,6
18,2025-04-14T21:40:00+00:00,2025-04-15,07:40,0,2,2
18,2025-04-14T21:41:00+00:00,2025-04-15,07:41,2,9,11
18,2025-04-14T21:42:00+00:00,2025-04-15,07:42,0,8,8
18,2025-04-14T21:49:00+00:00,2025-04-15,07:49,2,14,16
18,2025-04-14T21:52:00+00:00,2025-04-15,07:52,0,9,9
18,2025-04-14T21:53:00+00:00,2025-04-15,07:53,1,7,8
18,2025-04-14T21:55:00+00:00,2025-04-15,07:55,1,5,6
19,2025-04-14T21:15:00+00:00,2025-04-15,07:15,1,0,1
19,2025-04-14T21:45:00+00:00,2025-04-15,07:45,0,1,1
19,2025-04-14T21:51:00+00:00,2025-04-15,07:51,1,0,1
19,2025-04-14T21:54:00+00:00,2025-04-15,07:54,1,0,1
19,2025-04-14T21:59:00+00:00,2025-04-15,07:59,0,1,1
19,2025-04-14T22:06:00+00:00,2025-04-15,08:06,0,3,3
19,2025-04-14T22:08:00+00:00,2025-04-15,08:08,1,0,1
20,2025-04-14T21:13:00+00:00,2025-04-15,07:13,0,1,1
20,2025-04-14T21:16:00+00:00,2025-04-15,07:16,0,1,1
20,2025-04-14T21:22:00+00:00,2025-04-15,07:22,1,1,2
20,2025-04-14T21:34:00+00:00,2025-04-15,07:34,0,1,1
20,2025-04-14T21:42:00+00:00,2025-04-15,07:42,1,0,1
20,2025-04-14T21:55:00+00:00,2025-04-15,07:55,1,0,1
20,2025-04-14T21:58:00+00:00,2025-04-15,07:58,1,0,1
20,2025-04-14T22:06:00+00:00,2025-04-15,08:06,1,3,4
20,2025-04-14T22:08:00+00:00,2025-04-15,08:08,0,2,2
20,2025-04-14T22:10:00+00:00,2025-04-15,08:10,1,2,3
23,2025-04-14T21:11:00+00:00,2025-04-15,07:11,6,2,8
23,2025-04-14T21:18:00+00:00,2025-04-15,07:18,2,3,5
23,2025-04-14T21:20:00+00:00,2025-04-15,07:20,4,6,10
23,2025-04-14T21:28:00+00:00,2025-04-15,07:28,5,3,8
23,2025-04-14T21:36:00+00:00,2025-04-15,07:36,1,6,7
23,2025-04-14T21:37:00+00:00,2025-04-15,07:37,6,4,10
23,2025-04-14T21:39:00+00:00,2025-04-15,07:39,7,4,11
23,2025-04-14T21:41:00+00:00,2025-04-15,07:41,4,4,8
23,2025-04-14T21:44:00+00:00,2025-04-15,07:44,19,0,19
23,2025-04-14T21:45:00+00:00,2025-04-15,07:45,6,3,9
23,2025-04-14T21:46:00+00:00,2025-04-15,07:46,4,2,6
23,2025-04-14T21:47:00+00:00,2025-04-15,07:47,12,5,17
23,2025-04-14T21:52:00+00:00,2025-04-15,07:52,6,2,8
23,2025-04-14T21:55:00+00:00,2025-04-15,07:55,14,4,18
23,2025-04-14T21:56:00+00:00,2025-04-15,07:56,1,3,4
23,2025-04-14T22:00:00+00:00,2025-04-15,08:00,12,2,14
23,2025-04-14T22:02:00+00:00,2025-04-15,08:02,19,3,22
23,2025-04-14T22:03:00+00:00,2025-04-15,08:03,8,6,14
23,2025-04-14T22:05:00+00:00,2025-04-15,08:05,22,3,25
24,2025-04-14T21:12:00+00:00,2025-04-15,07:12,10,5,15
24,2025-04-14T21:13:00+00:00,2025-04-15,07:13,14,9,23
24,2025-04-14T21:15:00+00:00,2025-04-15,07:15,5,6,11
24,2025-04-14T21:17:00+00:00,2025-04-15,07:17,20,2,22
24,2025-04-14T21:20:00+00:00,2025-04-15,07:20,2,6,8
24,2025-04-14T21:22:00+00:00,2025-04-15,07:22,10,6,16
24,2025-04-14T21:24:00+00:00,2025-04-15,07:24,26,0,26
24,2025-04-14T21:34:00+00:00,2025-04-15,07:34,40,0,40
24,2025-04-14T21:44:00+00:00,2025-04-15,07:44,26,0,26
24,2025-04-14T21:48:00+00:00,2025-04-15,07:48,9,1,10
24,2025-04-14T21:50:00+00:00,2025-04-15,07:50,34,0,34
24,2025-04-14T21:57:00+00:00,2025-04-15,07:57,46,1,47
24,2025-04-14T21:59:00+00:00,2025-04-15,07:59,34,1,35
24,2025-04-14T22:03:00+00:00,2025-04-15,08:03,5,7,12
24,2025-04-14T22:04:00+00:00,2025-04-15,08:04,47,1,48
25,2025-04-14T21:10:00+00:00,2025-04-15,07:10,17,14,31
25,2025-04-14T21:25:00+00:00,2025-04-15,07:25,15,15,30
25,2025-04-14T21:45:00+00:00,2025-04-15,07:45,18,32,50
25,2025-04-14T21:50:00+00:00,2025-04-15,07:50,30,22,52
27,2025-04-14T21:17:00+00:00,2025-04-15,07:17,1,1,2
27,2025-04-14T21:20:00+00:00,2025-04-15,07:20,0,5,5
27,2025-04-14T21:22:00+00:00,2025-04-15,07:22,0,2,2
27,2025-04-14T21:24:00+00:00,2025-04-15,07:24,1,0,1
27,2025-04-14T21:37:00+00:00,2025-04-15,07:37,1,2,3
27,2025-04-14T21:38:00+00:00,2025-04-15,07:38,7,4,11
27,2025-04-14T21:41:00+00:00,2025-04-15,07:41,1,0,1
27,2025-04-14T21:50:00+00:00,2025-04-15,07:50,0,1,1
27,2025-04-14T21:52:00+00:00,2025-04-15,07:52,1,2,3
27,2025-04-14T21:55:00+00:00,2025-04-15,07:55,1,3,4
27,2025-04-14T21:57:00+00:00,2025-04-15,07:57,2,2,4
27,2025-04-14T21:59:00+00:00,2025-04-15,07:59,0,4,4
27,2025-04-14T22:01:00+00:00,2025-04-15,08:01,1,0,1
27,2025-04-14T22:02:00+00:00,2025-04-15,08:02,2,0,2
27,2025-04-14T22:03:00+00:00,2025-04-15,08:03,0,4,4
27,2025-04-14T22:10:00+00:00,2025-04-15,08:10,1,3,4
30,2025-04-14T21:13:00+00:00,2025-04-15,07:13,0,2,2
30,2025-04-14T21:15:00+00:00,2025-04-15,07:15,0,1,1
30,2025-04-14T21:21:00+00:00,2025-04-15,07:21,0,1,1
30,2025-04-14T21:25:00+00:00,2025-04-15,07:25,2,0,2
30,2025-04-14T21:28:00+00:00,2025-04-15,07:28,2,1,3
30,2025-04-14T21:30:00+00:00,2025-04-15,07:30,1,0,1
30,2025-04-14T21:35:00+00:00,2025-04-15,07:35,1,2,3
30,2025-04-14T21:39:00+00:00,2025-04-15,07:39,2,1,3
30,2025-04-14T21:41:00+00:00,2025-04-15,07:41,1,0,1
30,2025-04-14T21:44:00+00:00,2025-04-15,07:44,1,0,1
30,2025-04-14T21:45:00+00:00,2025-04-15,07:45,1,1,2
30,2025-04-14T21:47:00+00:00,2025-04-15,07:47,0,2,2
30,2025-04-14T21:50:00+00:00,2025-04-15,07:50,0,2,2
30,2025-04-14T22:00:00+00:00,2025-04-15,08:00,2,0,2
30,2025-04-14T22:07:00+00:00,2025-04-15,08:07,1,2,3
30,2025-04-14T22:10:00+00:00,2025-04-15,08:10,0,2,2
35,2025-04-14T21:12:00+00:00,2025-04-15,07:12,10,5,15
35,2025-04-14T21:16:00+00:00,2025-04-15,07:16,11,5,16
35,2025-04-14T21:18:00+00:00,2025-04-15,07:18,8,7,15
35,2025-04-14T21:19:00+00:00,2025-04-15,07:19,5,13,18
35,2025-04-14T21:21:00+00:00,2025-04-15,07:21,6,7,13
35,2025-04-14T21:23:00+00:00,2025-04-15,07:23,4,11,15
35,2025-04-14T21:24:00+00:00,2025-04-15,07:24,8,3,11
35,2025-04-14T21:27:00+00:00,2025-04-15,07:27,7,13,20
35,2025-04-14T21:30:00+00:00,2025-04-15,07:30,11,9,20
35,2025-04-14T21:33:00+00:00,2025-04-15,07:33,8,17,25
35,2025-04-14T21:37:00+00:00,2025-04-15,07:37,9,7,16
35,2025-04-14T21:38:00+00:00,2025-04-15,07:38,8,16,24
35,2025-04-14T21:40:00+00:00,2025-04-15,07:40,13,32,45
35,2025-04-14T21:42:00+00:00,2025-04-15,07:42,6,5,11
35,2025-04-14T21:47:00+00:00,2025-04-15,07:47,14,30,44
35,2025-04-14T21:52:00+00:00,2025-04-15,07:52,12,37,49
35,2025-04-14T21:56:00+00:00,2025-04-15,07:56,11,22,33
35,2025-04-14T22:01:00+00:00,2025-04-15,08:01,7,27,34
46,2025-04-14T21:20:00+00:00,2025-04-15,07:20,1,0,1
46,2025-04-14T21:25:00+00:00,2025-04-15,07:25,1,0,1
46,2025-04-14T21:40:00+00:00,2025-04-15,07:40,2,0,2
46,2025-04-14T21:50:00+00:00,2025-04-15,07:50,9,0,9
46,2025-04-14T22:05:00+00:00,2025-04-15,08:05,3,4,7
48,2025-04-14T21:12:00+00:00,2025-04-15,07:12,0,2,2
48,2025-04-14T21:15:00+00:00,2025-04-15,07:15,1,0,1
48,2025-04-14T21:23:00+00:00,2025-04-15,07:23,2,0,2
48,2025-04-14T21:24:00+00:00,2025-04-15,07:24,2,1,3
48,2025-04-14T21:28:00+00:00,2025-04-15,07:28,0,3,3
48,2025-04-14T21:29:00+00:00,2025-04-15,07:29,2,1,3
48,2025-04-14T21:33:00+00:00,2025-04-15,07:33,3,1,4
48,2025-04-14T21:35:00+00:00,2025-04-15,07:35,2,3,5
48,2025-04-14T21:37:00+00:00,2025-04-15,07:37,2,0,2
48,2025-04-14T21:38:00+00:00,2025-04-15,07:38,4,6,10
48,2025-04-14T21:40:00+00:00,2025-04-15,07:40,0,2,2
48,2025-04-14T21:42:00+00:00,2025-04-15,07:42,2,1,3
48,2025-04-14T21:43:00+00:00,2025-04-15,07:43,0,5,5
48,2025-04-14T21:47:00+00:00,2025-04-15,07:47,2,1,3
48,2025-04-14T21:52:00+00:00,2025-04-15,07:52,3,1,4
48,2025-04-14T21:53:00+00:00,2025-04-15,07:53,0,2,2
48,2025-04-14T21:54:00+00:00,2025-04-15,07:54,0,2,2
48,2025-04-14T21:58:00+00:00,2025-04-15,07:58,1,1,2
48,2025-04-14T22:05:00+00:00,2025-04-15,08:05,1,0,1
48,2025-04-14T22:06:00+00:00,2025-04-15,08:06,2,0,2
48,2025-04-14T22:07:00+00:00,2025-04-15,08:07,2,1,3
49,2025-04-14T21:12:00+00:00,2025-04-15,07:12,1,0,1
49,2025-04-14T21:24:00+00:00,2025-04-15,07:24,1,1,2
49,2025-04-14T21:33:00+00:00,2025-04-15,07:33,2,3,5
49,2025-04-14T21:35:00+00:00,2025-04-15,07:35,0,3,3
49,2025-04-14T21:43:00+00:00,2025-04-15,07:43,1,1,2
49,2025-04-14T21:50:00+00:00,2025-04-15,07:50,1,2,3
49,2025-04-14T21:54:00+00:00,2025-04-15,07:54,1,2,3
49,2025-04-14T21:55:00+00:00,2025-04-15,07:55,1,3,4
49,2025-04-14T21:56:00+00:00,2025-04-15,07:56,2,2,4
49,2025-04-14T21:57:00+00:00,2025-04-15,07:57,0,5,5
49,2025-04-14T22:00:00+00:00,2025-04-15,08:00,2,0,2
49,2025-04-14T22:01:00+00:00,2025-04-15,08:01,1,3,4
49,2025-04-14T22:03:00+00:00,2025-04-15,08:03,2,1,3
49,2025-04-14T22:04:00+00:00,2025-04-15,08:04,1,2,3
49,2025-04-14T22:05:00+00:00,2025-04-15,08:05,2,3,5
49,2025-04-14T22:09:00+00:00,2025-04-15,08:09,5,0,5
51,2025-04-14T21:14:00+00:00,2025-04-15,07:14,0,1,1
51,2025-04-14T21:30:00+00:00,2025-04-15,07:30,0,1,1
51,2025-04-14T21:34:00+00:00,2025-04-15,07:34,0,1,1
51,2025-04-14T21:37:00+00:00,2025-04-15,07:37,1,0,1
51,2025-04-14T21:39:00+00:00,2025-04-15,07:39,1,4,5
51,2025-04-14T21:41:00+00:00,2025-04-15,07:41,2,0,2
51,2025-04-14T21:44:00+00:00,2025-04-15,07:44,0,1,1
51,2025-04-14T21:57:00+00:00,2025-04-15,07:57,2,1,3
51,2025-04-14T21:58:00+00:00,2025-04-15,07:58,0,2,2
51,2025-04-14T22:00:00+00:00,2025-04-15,08:00,1,1,2
51,2025-04-14T22:02:00+00:00,2025-04-15,08:02,0,1,1
51,2025-04-14T22:04:00+00:00,2025-04-15,08:04,0,1,1
51,2025-04-14T22:05:00+00:00,2025-04-15,08:05,0,3,3
51,2025-04-14T22:08:00+00:00,2025-04-15,08:08,0,2,2
51,2025-04-14T22:09:00+00:00,2025-04-15,08:09,1,0,1
52,2025-04-14T21:13:00+00:00,2025-04-15,07:13,1,0,1
52,2025-04-14T21:15:00+00:00,2025-04-15,07:15,0,2,2
52,2025-04-14T21:25:00+00:00,2025-04-15,07:25,2,0,2
52,2025-04-14T21:38:00+00:00,2025-04-15,07:38,2,1,3
52,2025-04-14T21:39:00+00:00,2025-04-15,07:39,1,0,1
52,2025-04-14T21:40:00+00:00,2025-04-15,07:40,2,2,4
52,2025-04-14T21:41:00+00:00,2025-04-15,07:41,2,1,3
52,2025-04-14T21:44:00+00:00,2025-04-15,07:44,3,1,4
52,2025-04-14T21:46:00+00:00,2025-04-15,07:46,3,1,4
52,2025-04-14T21:48:00+00:00,2025-04-15,07:48,0,1,1
52,2025-04-14T21:50:00+00:00,2025-04-15,07:50,2,3,5
52,2025-04-14T21:54:00+00:00,2025-04-15,07:54,1,4,5
52,2025-04-14T21:59:00+00:00,2025-04-15,07:59,2,5,7
52,2025-04-14T22:00:00+00:00,2025-04-15,08:00,0,2,2
52,2025-04-14T22:04:00+00:00,2025-04-15,08:04,1,1,2
52,2025-04-14T22:09:00+00:00,2025-04-15,08:09,3,7,10
53,2025-04-14T21:10:00+00:00,2025-04-15,07:10,2,1,3
53,2025-04-14T21:12:00+00:00,2025-04-15,07:12,6,3,9
53,2025-04-14T21:17:00+00:00,2025-04-15,07:17,3,3,6
53,2025-04-14T21:19:00+00:00,2025-04-15,07:19,4,1,5
53,2025-04-14T21:20:00+00:00,2025-04-15,07:20,6,2,8
53,2025-04-14T21:25:00+00:00,2025-04-15,07:25,5,1,6
53,2025-04-14T21:28:00+00:00,2025-04-15,07:28,0,1,1
53,2025-04-14T21:32:00+00:00,2025-04-15,07:32,3,3,6
53,2025-04-14T21:33:00+00:00,2025-04-15,07:33,0,1,1
53,2025-04-14T21:35:00+00:00,2025-04-15,07:35,2,0,2
53,2025-04-14T21:38:00+00:00,2025-04-15,07:38,3,4,7
53,2025-04-14T21:39:00+00:00,2025-04-15,07:39,2,0,2
53,2025-04-14T21:42:00+00:00,2025-04-15,07:42,2,2,4
53,2025-04-14T21:43:00+00:00,2025-04-15,07:43,3,1,4
53,2025-04-14T21:48:00+00:00,2025-04-15,07:48,3,6,9
53,2025-04-14T21:49:00+00:00,2025-04-15,07:49,1,3,4
53,2025-04-14T21:54:00+00:00,2025-04-15,07:54,4,3,7
53,2025-04-14T21:58:00+00:00,2025-04-15,07:58,6,2,8
53,2025-04-14T22:03:00+00:00,2025-04-15,08:03,4,2,6
53,2025-04-14T22:05:00+00:00,2025-04-15,08:05,6,4,10
53,2025-04-14T22:06:00+00:00,2025-04-15,08:06,6,2,8
53,2025-04-14T22:07:00+00:00,2025-04-15,08:07,4,1,5
53,2025-04-14T22:08:00+00:00,2025-04-15,08:08,4,5,9
53,2025-04-14T22:09:00+00:00,2025-04-15,08:09,3,4,7
56,2025-04-14T21:12:00+00:00,2025-04-15,07:12,0,1,1
56,2025-04-14T21:14:00+00:00,2025-04-15,07:14,2,1,3
56,2025-04-14T21:18:00+00:00,2025-04-15,07:18,0,2,2
56,2025-04-14T21:22:00+00:00,2025-04-15,07:22,3,1,4
56,2025-04-14T21:45:00+00:00,2025-04-15,07:45,4,1,5
56,2025-04-14T21:47:00+00:00,2025-04-15,07:47,2,4,6
56,2025-04-14T21:49:00+00:00,2025-04-15,07:49,1,1,2
56,2025-04-14T21:51:00+00:00,2025-04-15,07:51,3,2,5
56,2025-04-14T21:56:00+00:00,2025-04-15,07:56,4,5,9
56,2025-04-14T21:58:00+00:00,2025-04-15,07:58,3,1,4
56,2025-04-14T22:04:00+00:00,2025-04-15,08:04,2,4,6
56,2025-04-14T22:10:00+00:00,2025-04-15,08:10,0,3,3
58,2025-04-14T21:11:00+00:00,2025-04-15,07:11,7,2,9
58,2025-04-14T21:16:00+00:00,2025-04-15,07:16,15,1,16
58,2025-04-14T21:19:00+00:00,2025-04-15,07:19,15,3,18
58,2025-04-14T21:22:00+00:00,2025-04-15,07:22,5,5,10
58,2025-04-14T21:23:00+00:00,2025-04-15,07:23,2,4,6
58,2025-04-14T21:24:00+00:00,2025-04-15,07:24,15,0,15
58,2025-04-14T21:25:00+00:00,2025-04-15,07:25,1,2,3
58,2025-04-14T21:26:00+00:00,2025-04-15,07:26,19,2,21
58,2025-04-14T21:31:00+00:00,2025-04-15,07:31,10,3,13
58,2025-04-14T21:32:00+00:00,2025-04-15,07:32,13,1,14
58,2025-04-14T21:33:00+00:00,2025-04-15,07:33,13,5,18
58,2025-04-14T21:36:00+00:00,2025-04-15,07:36,21,1,22
58,2025-04-14T21:37:00+00:00,2025-04-15,07:37,24,4,28
58,2025-04-14T21:38:00+00:00,2025-04-15,07:38,3,0,3
58,2025-04-14T21:43:00+00:00,2025-04-15,07:43,4,1,5
58,2025-04-14T21:46:00+00:00,2025-04-15,07:46,8,2,10
58,2025-04-14T21:53:00+00:00,2025-04-15,07:53,2,1,3
58,2025-04-14T21:55:00+00:00,2025-04-15,07:55,9,3,12
58,2025-04-14T21:58:00+00:00,2025-04-15,07:58,10,2,12
58,2025-04-14T21:59:00+00:00,2025-04-15,07:59,33,3,36
58,2025-04-14T22:00:00+00:00,2025-04-15,08:00,18,3,21
58,2025-04-14T22:04:00+00:00,2025-04-15,08:04,31,3,34
58,2025-04-14T22:07:00+00:00,2025-04-15,08:07,29,0,29
58,2025-04-14T22:10:00+00:00,2025-04-15,08:10,22,8,30
62,2025-04-14T21:11:00+00:00,2025-04-15,07:11,1,2,3
62,2025-04-14T21:20:00+00:00,2025-04-15,07:20,0,1,1
62,2025-04-14T21:21:00+00:00,2025-04-15,07:21,3,0,3
62,2025-04-14T21:26:00+00:00,2025-04-15,07:26,1,0,1
62,2025-04-14T21:28:00+00:00,2025-04-15,07:28,1,0,1
62,2025-04-14T21:29:00+00:00,2025-04-15,07:29,1,0,1
62,2025-04-14T21:36:00+00:00,2025-04-15,07:36,2,1,3
62,2025-04-14T21:40:00+00:00,2025-04-15,07:40,1,0,1
62,2025-04-14T21:41:00+00:00,2025-04-15,07:41,1,1,2
62,2025-04-14T21:47:00+00:00,2025-04-15,07:47,0,2,2
62,2025-04-14T21:58:00+00:00,2025-04-15,07:58,0,1,1
62,2025-04-14T21:59:00+00:00,2025-04-15,07:59,2,3,5
62,2025-04-14T22:03:00+00:00,2025-04-15,08:03,3,1,4
62,2025-04-14T22:05:00+00:00,2025-04-15,08:05,3,0,3
62,2025-04-14T22:09:00+00:00,2025-04-15,08:09,2,1,3
63,2025-04-14T21:13:00+00:00,2025-04-15,07:13,0,1,1
63,2025-04-14T21:23:00+00:00,2025-04-15,07:23,1,1,2
63,2025-04-14T21:24:00+00:00,2025-04-15,07:24,0,1,1
63,2025-04-14T21:30:00+00:00,2025-04-15,07:30,2,0,2
63,2025-04-14T21:31:00+00:00,2025-04-15,07:31,3,2,5
63,2025-04-14T21:34:00+00:00,2025-04-15,07:34,2,1,3
63,2025-04-14T21:36:00+00:00,2025-04-15,07:36,0,2,2
63,2025-04-14T21:41:00+00:00,2025-04-15,07:41,3,2,5
63,2025-04-14T21:42:00+00:00,2025-04-15,07:42,5,2,7
63,2025-04-14T21:43:00+00:00,2025-04-15,07:43,5,2,7
63,2025-04-14T21:45:00+00:00,2025-04-15,07:45,3,0,3
63,2025-04-14T21:46:00+00:00,2025-04-15,07:46,1,0,1
63,2025-04-14T21:49:00+00:00,2025-04-15,07:49,6,4,10
63,2025-04-14T21:50:00+00:00,2025-04-15,07:50,3,1,4
63,2025-04-14T21:53:00+00:00,2025-04-15,07:53,5,6,11
63,2025-04-14T21:55:00+00:00,2025-04-15,07:55,0,1,1
63,2025-04-14T21:57:00+00:00,2025-04-15,07:57,3,1,4
63,2025-04-14T21:58:00+00:00,2025-04-15,07:58,3,1,4
63,2025-04-14T22:02:00+00:00,2025-04-15,08:02,5,0,5
63,2025-04-14T22:03:00+00:00,2025-04-15,08:03,1,1,2
63,2025-04-14T22:04:00+00:00,2025-04-15,08:04,1,0,1
63,2025-04-14T22:07:00+00:00,2025-04-15,08:07,1,2,3
67,2025-04-14T21:12:00+00:00,2025-04-15,07:12,1,0,1
67,2025-04-14T21:14:00+00:00,2025-04-15,07:14,1,2,3
67,2025-04-14T21:16:00+00:00,2025-04-15,07:16,1,0,1
67,2025-04-14T21:20:00+00:00,2025-04-15,07:20,1,1,2
67,2025-04-14T21:22:00+00:00,2025-04-15,07:22,3,1,4
67,2025-04-14T21:24:00+00:00,2025-04-15,07:24,1,2,3
67,2025-04-14T21:25:00+00:00,2025-04-15,07:25,1,6,7
67,2025-04-14T21:30:00+00:00,2025-04-15,07:30,1,0,1
67,2025-04-14T21:31:00+00:00,2025-04-15,07:31,1,5,6
67,2025-04-14T21:36:00+00:00,2025-04-15,07:36,3,0,3
67,2025-04-14T21:38:00+00:00,2025-04-15,07:38,1,1,2
67,2025-04-14T21:40:00+00:00,2025-04-15,07:40,4,3,7
67,2025-04-14T21:42:00+00:00,2025-04-15,07:42,3,5,8
67,2025-04-14T21:47:00+00:00,2025-04-15,07:47,4,3,7
67,2025-04-14T21:48:00+00:00,2025-04-15,07:48,1,2,3
67,2025-04-14T21:49:00+00:00,2025-04-15,07:49,1,1,2
67,2025-04-14T21:52:00+00:00,2025-04-15,07:52,4,4,8
67,2025-04-14T21:53:00+00:00,2025-04-15,07:53,7,0,7
67,2025-04-14T21:54:00+00:00,2025-04-15,07:54,8,4,12
67,2025-04-14T21:55:00+00:00,2025-04-15,07:55,2,1,3
67,2025-04-14T21:57:00+00:00,2025-04-15,07:57,3,2,5
67,2025-04-14T21:58:00+00:00,2025-04-15,07:58,2,2,4
67,2025-04-14T22:04:00+00:00,2025-04-15,08:04,5,3,8
67,2025-04-14T22:05:00+00:00,2025-04-15,08:05,4,4,8
67,2025-04-14T22:09:00+00:00,2025-04-15,08:09,1,5,6
67,2025-04-14T22:10:00+00:00,2025-04-15,08:10,2,4,6
68,2025-04-14T21:15:00+00:00,2025-04-15,07:15,2,1,3
68,2025-04-14T21:17:00+00:00,2025-04-15,07:17,1,0,1
68,2025-04-14T21:30:00+00:00,2025-04-15,07:30,2,1,3
68,2025-04-14T21:31:00+00:00,2025-04-15,07:31,1,2,3
68,2025-04-14T21:33:00+00:00,2025-04-15,07:33,0,1,1
68,2025-04-14T21:36:00+00:00,2025-04-15,07:36,3,0,3
68,2025-04-14T21:41:00+00:00,2025-04-15,07:41,1,2,3
68,2025-04-14T21:44:00+00:00,2025-04-15,07:44,2,1,3
68,2025-04-14T21:46:00+00:00,2025-04-15,07:46,1,1,2
68,2025-04-14T21:50:00+00:00,2025-04-15,07:50,1,1,2
68,2025-04-14T22:04:00+00:00,2025-04-15,08:04,1,3,4
72,2025-04-14T21:14:00+00:00,2025-04-15,07:14,1,1,2
72,2025-04-14T21:15:00+00:00,2025-04-15,07:15,1,1,2
72,2025-04-14T21:16:00+00:00,2025-04-15,07:16,2,0,2
72,2025-04-14T21:18:00+00:00,2025-04-15,07:18,4,1,5
72,2025-04-14T21:21:00+00:00,2025-04-15,07:21,5,0,5
72,2025-04-14T21:22:00+00:00,2025-04-15,07:22,1,0,1
72,2025-04-14T21:26:00+00:00,2025-04-15,07:26,0,1,1
72,2025-04-14T21:27:00+00:00,2025-04-15,07:27,1,3,4
72,2025-04-14T21:33:00+00:00,2025-04-15,07:33,2,1,3
72,2025-04-14T21:34:00+00:00,2025-04-15,07:34,2,1,3
72,2025-04-14T21:46:00+00:00,2025-04-15,07:46,3,1,4
72,2025-04-14T21:57:00+00:00,2025-04-15,07:57,8,5,13
72,2025-04-14T21:59:00+00:00,2025-04-15,07:59,10,1,11
72,2025-04-14T22:03:00+00:00,2025-04-15,08:03,26,2,28
72,2025-04-14T22:04:00+00:00,2025-04-15,08:04,5,0,5
72,2025-04-14T22:06:00+00:00,2025-04-15,08:06,15,0,15
72,2025-04-14T22:09:00+00:00,2025-04-15,08:09,9,0,9
72,2025-04-14T22:10:00+00:00,2025-04-15,08:10,6,0,6
76,2025-04-14T21:26:00+00:00,2025-04-15,07:26,0,2,2
76,2025-04-14T21:32:00+00:00,2025-04-15,07:32,0,1,1
76,2025-04-14T21:36:00+00:00,2025-04-15,07:36,1,0,1
76,2025-04-14T21:39:00+00:00,2025-04-15,07:39,0,1,1
76,2025-04-14T21:46:00+00:00,2025-04-15,07:46,0,2,2
76,2025-04-14T21:51:00+00:00,2025-04-15,07:51,0,1,1
76,2025-04-14T21:54:00+00:00,2025-04-15,07:54,1,1,2
76,2025-04-14T22:07:00+00:00,2025-04-15,08:07,0,2,2
76,2025-04-14T22:08:00+00:00,2025-04-15,08:08,0,1,1
79,2025-04-14T21:11:00+00:00,2025-04-15,07:11,5,0,5
79,2025-04-14T21:12:00+00:00,2025-04-15,07:12,3,1,4
79,2025-04-14T21:16:00+00:00,2025-04-15,07:16,2,4,6
79,2025-04-14T21:17:00+00:00,2025-04-15,07:17,6,2,8
79,2025-04-14T21:21:00+00:00,2025-04-15,07:21,2,4,6
79,2025-04-14T21:24:00+00:00,2025-04-15,07:24,2,3,5
79,2025-04-14T21:26:00+00:00,2025-04-15,07:26,12,1,13
79,2025-04-14T21:27:00+00:00,2025-04-15,07:27,5,0,5
79,2025-04-14T21:31:00+00:00,2025-04-15,07:31,1,4,5
79,2025-04-14T21:36:00+00:00,2025-04-15,07:36,7,2,9
79,2025-04-14T21:38:00+00:00,2025-04-15,07:38,13,7,20
79,2025-04-14T21:40:00+00:00,2025-04-15,07:40,0,2,2
79,2025-04-14T21:41:00+00:00,2025-04-15,07:41,3,2,5
79,2025-04-14T21:44:00+00:00,2025-04-15,07:44,11,2,13
79,2025-04-14T21:50:00+00:00,2025-04-15,07:50,2,1,3
79,2025-04-14T21:53:00+00:00,2025-04-15,07:53,3,7,10
79,2025-04-14T21:57:00+00:00,2025-04-15,07:57,11,2,13
79,2025-04-14T21:58:00+00:00,2025-04-15,07:58,4,4,8
79,2025-04-14T22:01:00+00:00,2025-04-15,08:01,12,3,15
79,2025-04-14T22:05:00+00:00,2025-04-15,08:05,3,7,10
85,2025-04-14T21:15:00+00:00,2025-04-15,07:15,0,1,1
85,2025-04-14T21:21:00+00:00,2025-04-15,07:21,1,0,1
85,2025-04-14T21:24:00+00:00,2025-04-15,07:24,1,0,1
85,2025-04-14T21:25:00+00:00,2025-04-15,07:25,1,1,2
85,2025-04-14T21:27:00+00:00,2025-04-15,07:27,1,1,2
85,2025-04-14T21:36:00+00:00,2025-04-15,07:36,4,0,4
85,2025-04-14T21:37:00+00:00,2025-04-15,07:37,1,0,1
85,2025-04-14T21:44:00+00:00,2025-04-15,07:44,1,1,2
85,2025-04-14T21:46:00+00:00,2025-04-15,07:46,2,0,2
85,2025-04-14T21:50:00+00:00,2025-04-15,07:50,3,0,3
85,2025-04-14T21:51:00+00:00,2025-04-15,07:51,6,0,6
85,2025-04-14T21:53:00+00:00,2025-04-15,07:53,4,0,4
85,2025-04-14T21:56:00+00:00,2025-04-15,07:56,1,0,1
85,2025-04-14T22:01:00+00:00,2025-04-15,08:01,4,1,5
85,2025-04-14T22:02:00+00:00,2025-04-15,08:02,4,0,4
85,2025-04-14T22:03:00+00:00,2025-04-15,08:03,2,0,2
86,2025-04-14T21:11:00+00:00,2025-04-15,07:11,1,1,2
86,2025-04-14T21:24:00+00:00,2025-04-15,07:24,1,0,1
86,2025-04-14T21:28:00+00:00,2025-04-15,07:28,1,0,1
86,2025-04-14T21:47:00+00:00,2025-04-15,07:47,2,0,2
86,2025-04-14T21:52:00+00:00,2025-04-15,07:52,1,2,3
86,2025-04-14T21:54:00+00:00,2025-04-15,07:54,1,0,1
86,2025-04-14T21:58:00+00:00,2025-04-15,07:58,2,0,2
86,2025-04-14T22:09:00+00:00,2025-04-15,08:09,4,0,4
109,2025-04-14T21:20:00+00:00,2025-04-15,07:20,2,12,14
109,2025-04-14T21:30:00+00:00,2025-04-15,07:30,2,13,15
109,2025-04-14T21:40:00+00:00,2025-04-15,07:40,4,33,37
109,2025-04-14T21:45:00+00:00,2025-04-15,07:45,2,21,23
109,2025-04-14T22:10:00+00:00,2025-04-15,08:10,7,54,61
117,2025-04-14T21:15:00+00:00,2025-04-15,07:15,1,4,5
117,2025-04-14T21:20:00+00:00,2025-04-15,07:20,10,4,14
117,2025-04-14T21:30:00+00:00,2025-04-15,07:30,10,9,19
117,2025-04-14T21:45:00+00:00,2025-04-15,07:45,28,1,29
123,2025-04-14T21:15:00+00:00,2025-04-15,07:15,7,4,11
123,2025-04-14T21:25:00+00:00,2025-04-15,07:25,5,4,9
123,2025-04-14T21:40:00+00:00,2025-04-15,07:40,6,2,8
123,2025-04-14T21:55:00+00:00,2025-04-15,07:55,5,1,6
130,2025-04-14T21:45:00+00:00,2025-04-15,07:45,2,1,3
130,2025-04-14T21:55:00+00:00,2025-04-15,07:55,2,1,3
130,2025-04-14T22:00:00+00:00,2025-04-15,08:00,5,1,6
136,2025-04-14T21:25:00+00:00,2025-04-15,07:25,7,18,25
136,2025-04-14T21:40:00+00:00,2025-04-15,07:40,7,14,21
136,2025-04-14T21:50:00+00:00,2025-04-15,07:50,11,18,29
136,2025-04-14T21:55:00+00:00,2025-04-15,07:55,7,24,31
136,2025-04-14T22:00:00+00:00,2025-04-15,08:00,12,10,22
136,2025-04-14T22:10:00+00:00,2025-04-15,08:10,8,26,34
137,2025-04-14T21:10:00+00:00,2025-04-15,07:10,6,0,6
137,2025-04-14T21:20:00+00:00,2025-04-15,07:20,7,1,8
137,2025-04-14T21:25:00+00:00,2025-04-15,07:25,2,3,5
137,2025-04-14T21:40:00+00:00,2025-04-15,07:40,6,0,6
137,2025-04-14T21:50:00+00:00,2025-04-15,07:50,7,2,9
138,2025-04-14T21:45:00+00:00,2025-04-15,07:45,2,0,2
138,2025-04-14T21:50:00+00:00,2025-04-15,07:50,0,1,1
138,2025-04-14T22:00:00+00:00,2025-04-15,08:00,1,0,1
139,2025-04-14T21:20:00+00:00,2025-04-15,07:20,1,14,15
139,2025-04-14T21:30:00+00:00,2025-04-15,07:30,0,14,14
139,2025-04-14T21:35:00+00:00,2025-04-15,07:35,4,13,17
139,2025-04-14T21:45:00+00:00,2025-04-15,07:45,3,29,32
139,2025-04-14T22:00:00+00:00,2025-04-15,08:00,2,27,29
139,2025-04-14T22:05:00+00:00,2025-04-15,08:05,1,40,41
141,2025-04-14T21:25:00+00:00,2025-04-15,07:25,11,2,13
141,2025-04-14T22:00:00+00:00,2025-04-15,08:00,7,14,21
141,2025-04-14T22:10:00+00:00,2025-04-15,08:10,12,5,17
142,2025-04-14T21:40:00+00:00,2025-04-15,07:40,26,34,60
161,2025-04-14T21:10:00+00:00,2025-04-15,07:10,12,13,25
161,2025-04-14T21:20:00+00:00,2025-04-15,07:20,8,13,21
161,2025-04-14T21:30:00+00:00,2025-04-15,07:30,2,29,31
161,2025-04-14T21:40:00+00:00,2025-04-15,07:40,9,21,30
161,2025-04-14T21:45:00+00:00,2025-04-15,07:45,8,26,34
161,2025-04-14T22:10:00+00:00,2025-04-15,08:10,12,31,43
164,2025-04-14T21:15:00+00:00,2025-04-15,07:15,2,8,10
164,2025-04-14T21:20:00+00:00,2025-04-15,07:20,1,4,5
164,2025-04-14T21:30:00+00:00,2025-04-15,07:30,9,2,11
164,2025-04-14T21:40:00+00:00,2025-04-15,07:40,1,9,10
164,2025-04-14T22:00:00+00:00,2025-04-15,08:00,7,9,16
181,2025-04-14T14:13:00+00:00,2025-04-15,00:13,5,0,5
181,2025-04-14T14:16:00+00:00,2025-04-15,00:16,1,0,1
181,2025-04-14T14:19:00+00:00,2025-04-15,00:19,6,0,6
3,2025-04-14T14:12:00+00:00,2025-04-15,00:12,1,2,3
3,2025-04-14T14:18:00+00:00,2025-04-15,00:18,0,1,1
3,2025-04-14T14:23:00+00:00,2025-04-15,00:23,1,0,1
4,2025-04-14T14:11:00+00:00,2025-04-15,00:11,0,3,3
4,2025-04-14T14:12:00+00:00,2025-04-15,00:12,0,1,1
4,2025-04-14T14:16:00+00:00,2025-04-15,00:16,1,0,1
5,2025-04-14T14:15:00+00:00,2025-04-15,00:15,10,5,15
6,2025-04-14T14:14:00+00:00,2025-04-15,00:14,0,1,1
6,2025-04-14T14:21:00+00:00,2025-04-15,00:21,0,6,6
6,2025-04-14T14:23:00+00:00,2025-04-15,00:23,0,1,1
14,2025-04-14T14:16:00+00:00,2025-04-15,00:16,0,1,1
14,2025-04-14T14:17:00+00:00,2025-04-15,00:17,2,1,3
21,2025-04-14T14:15:00+00:00,2025-04-15,00:15,5,4,9
28,2025-04-14T14:16:00+00:00,2025-04-15,00:16,1,1,2
31,2025-04-14T14:16:00+00:00,2025-04-15,00:16,0,1,1
36,2025-04-14T14:14:00+00:00,2025-04-15,00:14,0,1,1
37,2025-04-14T14:12:00+00:00,2025-04-15,00:12,1,0,1
37,2025-04-14T14:19:00+00:00,2025-04-15,00:19,0,2,2
39,2025-04-14T14:11:00+00:00,2025-04-15,00:11,2,0,2
39,2025-04-14T14:12:00+00:00,2025-04-15,00:12,0,1,1
39,2025-04-14T14:20:00+00:00,2025-04-15,00:20,1,0,1
41,2025-04-14T14:13:00+00:00,2025-04-15,00:13,3,9,12
41,2025-04-14T14:16:00+00:00,2025-04-15,00:16,2,0,2
41,2025-04-14T14:18:00+00:00,2025-04-15,00:18,4,1,5
41,2025-04-14T14:21:00+00:00,2025-04-15,00:21,8,3,11
42,2025-04-14T14:19:00+00:00,2025-04-15,00:19,0,1,1
42,2025-04-14T14:22:00+00:00,2025-04-15,00:22,0,1,1
45,2025-04-14T14:11:00+00:00,2025-04-15,00:11,0,2,2
45,2025-04-14T14:14:00+00:00,2025-04-15,00:14,0,2,2
45,2025-04-14T14:18:00+00:00,2025-04-15,00:18,3,1,4
45,2025-04-14T14:20:00+00:00,2025-04-15,00:20,0,1,1
45,2025-04-14T14:21:00+00:00,2025-04-15,00:21,0,2,2
45,2025-04-14T14:22:00+00:00,2025-04-15,00:22,0,1,1
45,2025-04-14T14:23:00+00:00,2025-04-15,00:23,1,0,1
47,2025-04-14T14:14:00+00:00,2025-04-15,00:14,2,1,3
47,2025-04-14T14:20:00+00:00,2025-04-15,00:20,3,0,3
47,2025-04-14T14:22:00+00:00,2025-04-15,00:22,0,2,2
50,2025-04-14T14:14:00+00:00,2025-04-15,00:14,1,0,1
54,2025-04-14T14:13:00+00:00,2025-04-15,00:13,0,1,1
54,2025-04-14T14:16:00+00:00,2025-04-15,00:16,0,2,2
59,2025-04-14T14:10:00+00:00,2025-04-15,00:10,1,4,5
61,2025-04-14T14:20:00+00:00,2025-04-15,00:20,2,0,2
61,2025-04-14T14:21:00+00:00,2025-04-15,00:21,0,1,1
66,2025-04-14T14:10:00+00:00,2025-04-15,00:10,0,2,2
66,2025-04-14T14:11:00+00:00,2025-04-15,00:11,0,2,2
66,2025-04-14T14:12:00+00:00,2025-04-15,00:12,1,0,1
66,2025-04-14T14:14:00+00:00,2025-04-15,00:14,1,1,2
66,2025-04-14T14:15:00+00:00,2025-04-15,00:15,1,0,1
66,2025-04-14T14:16:00+00:00,2025-04-15,00:16,1,3,4
66,2025-04-14T14:21:00+00:00,2025-04-15,00:21,0,1,1
71,2025-04-14T14:24:00+00:00,2025-04-15,00:24,1,0,1
77,2025-04-14T14:15:00+00:00,2025-04-15,00:15,2,1,3
84,2025-04-14T14:10:00+00:00,2025-04-15,00:10,10,4,14
107,2025-04-14T14:10:00+00:00,2025-04-15,00:10,1,3,4
107,2025-04-14T14:20:00+00:00,2025-04-15,00:20,2,1,3
108,2025-04-14T14:14:00+00:00,2025-04-15,00:14,0,2,2
108,2025-04-14T14:19:00+00:00,2025-04-15,00:19,5,1,6
108,2025-04-14T14:24:00+00:00,2025-04-15,00:24,4,0,4
131,2025-04-14T14:10:00+00:00,2025-04-15,00:10,3,2,5
132,2025-04-14T14:10:00+00:00,2025-04-15,00:10,0,1,1
133,2025-04-14T14:10:00+00:00,2025-04-15,00:10,4,9,13
135,2025-04-14T14:10:00+00:00,2025-04-15,00:10,1,5,6
143,2025-04-14T14:20:00+00:00,2025-04-15,00:20,2,2,4
162,2025-04-14T14:10:00+00:00,2025-04-15,00:10,2,6,8
162,2025-04-14T14:15:00+00:00,2025-04-15,00:15,2,6,8
165,2025-04-14T14:10:00+00:00,2025-04-15,00:10,1,0,1
1,2025-04-14T14:12:00+00:00,2025-04-15,00:12,0,1,1
1,2025-04-14T14:16:00+00:00,2025-04-15,00:16,0,2,2
1,2025-04-14T14:19:00+00:00,2025-04-15,00:19,1,1,2
1,2025-04-14T14:20:00+00:00,2025-04-15,00:20,1,0,1
2,2025-04-14T14:10:00+00:00,2025-04-15,00:10,1,0,1
2,2025-04-14T14:15:00+00:00,2025-04-15,00:15,1,0,1
9,2025-04-14T14:11:00+00:00,2025-04-15,00:11,1,1,2
9,2025-04-14T14:20:00+00:00,2025-04-15,00:20,0,2,2
18,2025-04-14T14:21:00+00:00,2025-04-15,00:21,1,0,1
19,2025-04-14T14:12:00+00:00,2025-04-15,00:12,0,2,2
19,2025-04-14T14:23:00+00:00,2025-04-15,00:23,0,2,2
24,2025-04-14T14:11:00+00:00,2025-04-15,00:11,0,1,1
24,2025-04-14T14:16:00+00:00,2025-04-15,00:16,2,0,2
24,2025-04-14T14:17:00+00:00,2025-04-15,00:17,1,5,6
24,2025-04-14T14:18:00+00:00,2025-04-15,00:18,3,0,3
24,2025-04-14T14:20:00+00:00,2025-04-15,00:20,5,0,5
30,2025-04-14T14:10:00+00:00,2025-04-15,00:10,0,1,1
30,2025-04-14T14:12:00+00:00,2025-04-15,00:12,1,0,1
35,2025-04-14T14:10:00+00:00,2025-04-15,00:10,0,2,2
35,2025-04-14T14:13:00+00:00,2025-04-15,00:13,2,2,4
35,2025-04-14T14:16:00+00:00,2025-04-15,00:16,2,0,2
35,2025-04-14T14:18:00+00:00,2025-04-15,00:18,1,2,3
35,2025-04-14T14:20:00+00:00,2025-04-15,00:20,2,3,5
35,2025-04-14T14:22:00+00:00,2025-04-15,00:22,4,1,5
35,2025-04-14T14:23:00+00:00,2025-04-15,00:23,1,0,1
49,2025-04-14T14:15:00+00:00,2025-04-15,00:15,2,2,4
49,2025-04-14T14:23:00+00:00,2025-04-15,00:23,1,1,2
51,2025-04-14T14:14:00+00:00,2025-04-15,00:14,0,1,1
51,2025-04-14T14:19:00+00:00,2025-04-15,00:19,1,0,1
56,2025-04-14T14:10:00+00:00,2025-04-15,00:10,2,0,2
56,2025-04-14T14:22:00+00:00,2025-04-15,00:22,3,0,3
58,2025-04-14T14:13:00+00:00,2025-04-15,00:13,0,3,3
58,2025-04-14T14:17:00+00:00,2025-04-15,00:17,3,2,5
58,2025-04-14T14:18:00+00:00,2025-04-15,00:18,1,1,2
58,2025-04-14T14:20:00+00:00,2025-04-15,00:20,0,1,1
58,2025-04-14T14:24:00+00:00,2025-04-15,00:24,1,1,2
62,2025-04-14T14:17:00+00:00,2025-04-15,00:17,1,0,1
62,2025-04-14T14:20:00+00:00,2025-04-15,00:20,3,3,6
62,2025-04-14T14:21:00+00:00,2025-04-15,00:21,2,1,3
67,2025-04-14T14:12:00+00:00,2025-04-15,00:12,1,0,1
67,2025-04-14T14:16:00+00:00,2025-04-15,00:16,0,3,3
67,2025-04-14T14:21:00+00:00,2025-04-15,00:21,1,0,1
67,2025-04-14T14:23:00+00:00,2025-04-15,00:23,0,2,2
68,2025-04-14T14:22:00+00:00,2025-04-15,00:22,1,0,1
79,2025-04-14T14:22:00+00:00,2025-04-15,00:22,4,3,7
86,2025-04-14T14:20:00+00:00,2025-04-15,00:20,1,0,1
109,2025-04-14T14:10:00+00:00,2025-04-15,00:10,0,2,2
109,2025-04-14T14:20:00+00:00,2025-04-15,00:20,5,5,10
141,2025-04-14T14:15:00+00:00,2025-04-15,00:15,0,2,2
3,2025-04-14T19:32:00+00:00,2025-04-15,05:32,0,1,1
3,2025-04-14T19:36:00+00:00,2025-04-15,05:36,1,0,1
3,2025-04-14T19:38:00+00:00,2025-04-15,05:38,0,1,1
4,2025-04-14T19:29:00+00:00,2025-04-15,05:29,0,2,2
4,2025-04-14T19:34:00+00:00,2025-04-15,05:34,1,0,1
5,2025-04-14T19:25:00+00:00,2025-04-15,05:25,2,1,3
5,2025-04-14T19:30:00+00:00,2025-04-15,05:30,5,3,8
6,2025-04-14T19:30:00+00:00,2025-04-15,05:30,1,1,2
6,2025-04-14T19:34:00+00:00,2025-04-15,05:34,0,4,4
6,2025-04-14T19:37:00+00:00,2025-04-15,05:37,1,2,3
6,2025-04-14T19:38:00+00:00,2025-04-15,05:38,1,2,3
14,2025-04-14T19:39:00+00:00,2025-04-15,05:39,1,1,2
21,2025-04-14T19:35:00+00:00,2025-04-15,05:35,1,0,1
28,2025-04-14T19:27:00+00:00,2025-04-15,05:27,0,2,2
28,2025-04-14T19:30:00+00:00,2025-04-15,05:30,2,0,2
36,2025-04-14T19:30:00+00:00,2025-04-15,05:30,1,0,1
36,2025-04-14T19:35:00+00:00,2025-04-15,05:35,0,1,1
36,2025-04-14T19:36:00+00:00,2025-04-15,05:36,2,0,2
40,2025-04-14T19:27:00+00:00,2025-04-15,05:27,1,1,2
41,2025-04-14T19:30:00+00:00,2025-04-15,05:30,1,0,1
41,2025-04-14T19:36:00+00:00,2025-04-15,05:36,5,1,6
41,2025-04-14T19:37:00+00:00,2025-04-15,05:37,4,1,5
43,2025-04-14T19:35:00+00:00,2025-04-15,05:35,0,18,18
44,2025-04-14T19:35:00+00:00,2025-04-15,05:35,0,1,1
47,2025-04-14T19:33:00+00:00,2025-04-15,05:33,0,1,1
47,2025-04-14T19:36:00+00:00,2025-04-15,05:36,0,1,1
47,2025-04-14T19:38:00+00:00,2025-04-15,05:38,0,2,2
50,2025-04-14T19:36:00+00:00,2025-04-15,05:36,2,0,2
54,2025-04-14T19:33:00+00:00,2025-04-15,05:33,0,1,1
61,2025-04-14T19:26:00+00:00,2025-04-15,05:26,0,1,1
61,2025-04-14T19:36:00+00:00,2025-04-15,05:36,0,1,1
66,2025-04-14T19:37:00+00:00,2025-04-15,05:37,0,1,1
77,2025-04-14T19:30:00+00:00,2025-04-15,05:30,2,1,3
84,2025-04-14T19:30:00+00:00,2025-04-15,05:30,7,0,7
84,2025-04-14T19:35:00+00:00,2025-04-15,05:35,12,4,16
108,2025-04-14T19:32:00+00:00,2025-04-15,05:32,0,1,1
108,2025-04-14T19:35:00+00:00,2025-04-15,05:35,0,2,2
132,2025-04-14T19:25:00+00:00,2025-04-15,05:25,0,1,1
132,2025-04-14T19:35:00+00:00,2025-04-15,05:35,5,0,5
133,2025-04-14T19:35:00+00:00,2025-04-15,05:35,1,11,12
135,2025-04-14T19:25:00+00:00,2025-04-15,05:25,4,1,5
135,2025-04-14T19:30:00+00:00,2025-04-15,05:30,4,4,8
135,2025-04-14T19:35:00+00:00,2025-04-15,05:35,0,7,7
162,2025-04-14T19:25:00+00:00,2025-04-15,05:25,2,0,2
162,2025-04-14T19:30:00+00:00,2025-04-15,05:30,1,0,1
165,2025-04-14T19:35:00+00:00,2025-04-15,05:35,1,0,1
179,2025-04-14T19:35:00+00:00,2025-04-15,05:35,1,0,1
1,2025-04-14T19:38:00+00:00,2025-04-15,05:38,1,0,1
2,2025-04-14T19:28:00+00:00,2025-04-15,05:28,1,0,1
9,2025-04-14T19:35:00+00:00,2025-04-15,05:35,0,1,1
10,2025-04-14T19:25:00+00:00,2025-04-15,05:25,1,0,1
11,2025-04-14T19:30:00+00:00,2025-04-15,05:30,0,2,2
12,2025-04-14T19:31:00+00:00,2025-04-15,05:31,1,0,1
12,2025-04-14T19:32:00+00:00,2025-04-15,05:32,0,2,2
12,2025-04-14T19:39:00+00:00,2025-04-15,05:39,1,0,1
17,2025-04-14T19:26:00+00:00,2025-04-15,05:26,0,1,1
17,2025-04-14T19:38:00+00:00,2025-04-15,05:38,5,0,5
23,2025-04-14T19:35:00+00:00,2025-04-15,05:35,1,0,1
23,2025-04-14T19:37:00+00:00,2025-04-15,05:37,1,0,1
23,2025-04-14T19:39:00+00:00,2025-04-15,05:39,1,0,1
24,2025-04-14T19:26:00+00:00,2025-04-15,05:26,2,0,2
24,2025-04-14T19:28:00+00:00,2025-04-15,05:28,0,5,5
24,2025-04-14T19:29:00+00:00,2025-04-15,05:29,0,2,2
27,2025-04-14T19:29:00+00:00,2025-04-15,05:29,1,0,1
27,2025-04-14T19:37:00+00:00,2025-04-15,05:37,0,2,2
35,2025-04-14T19:25:00+00:00,2025-04-15,05:25,0,2,2
35,2025-04-14T19:29:00+00:00,2025-04-15,05:29,1,0,1
35,2025-04-14T19:32:00+00:00,2025-04-15,05:32,2,0,2
35,2025-04-14T19:34:00+00:00,2025-04-15,05:34,0,1,1
35,2025-04-14T19:37:00+00:00,2025-04-15,05:37,1,3,4
35,2025-04-14T19:38:00+00:00,2025-04-15,05:38,4,2,6
49,2025-04-14T19:32:00+00:00,2025-04-15,05:32,1,0,1
49,2025-04-14T19:38:00+00:00,2025-04-15,05:38,1,0,1
51,2025-04-14T19:31:00+00:00,2025-04-15,05:31,1,0,1
52,2025-04-14T19:28:00+00:00,2025-04-15,05:28,0,1,1
53,2025-04-14T19:39:00+00:00,2025-04-15,05:39,1,0,1
56,2025-04-14T19:29:00+00:00,2025-04-15,05:29,1,0,1
56,2025-04-14T19:39:00+00:00,2025-04-15,05:39,0,2,2
58,2025-04-14T19:27:00+00:00,2025-04-15,05:27,1,0,1
58,2025-04-14T19:28:00+00:00,2025-04-15,05:28,0,3,3
58,2025-04-14T19:36:00+00:00,2025-04-15,05:36,1,0,1
62,2025-04-14T19:26:00+00:00,2025-04-15,05:26,1,0,1
62,2025-04-14T19:31:00+00:00,2025-04-15,05:31,0,1,1
62,2025-04-14T19:36:00+00:00,2025-04-15,05:36,0,1,1
63,2025-04-14T19:28:00+00:00,2025-04-15,05:28,0,1,1
63,2025-04-14T19:32:00+00:00,2025-04-15,05:32,0,1,1
63,2025-04-14T19:34:00+00:00,2025-04-15,05:34,0,1,1
67,2025-04-14T19:27:00+00:00,2025-04-15,05:27,1,0,1
76,2025-04-14T19:29:00+00:00,2025-04-15,05:29,1,0,1
79,2025-04-14T19:34:00+00:00,2025-04-15,05:34,1,1,2
79,2025-04-14T19:39:00+00:00,2025-04-15,05:39,1,0,1
109,2025-04-14T19:30:00+00:00,2025-04-15,05:30,1,5,6
117,2025-04-14T19:25:00+00:00,2025-04-15,05:25,1,1,2
141,2025-04-14T19:25:00+00:00,2025-04-15,05:25,2,0,2
142,2025-04-14T19:25:00+00:00,2025-04-15,05:25,1,0,1
181,2025-04-14T19:26:00+00:00,2025-04-15,05:26,0,1,1
181,2025-04-14T19:27:00+00:00,2025-04-15,05:27,0,1,1
181,2025-04-14T19:33:00+00:00,2025-04-15,05:33,2,2,4
181,2025-04-14T19:37:00+00:00,2025-04-15,05:37,3,1,4
181,2025-04-14T19:38:00+00:00,2025-04-15,05:38,2,0,2
181,2025-04-14T19:39:00+00:00,2025-04-15,05:39,1,1,2
3,2025-04-14T19:14:00+00:00,2025-04-15,05:14,0,1,1
4,2025-04-14T19:21:00+00:00,2025-04-15,05:21,1,0,1
4,2025-04-14T19:23:00+00:00,2025-04-15,05:23,1,0,1
5,2025-04-14T19:10:00+00:00,2025-04-15,05:10,1,1,2
6,2025-04-14T19:12:00+00:00,2025-04-15,05:12,1,0,1
6,2025-04-14T19:24:00+00:00,2025-04-15,05:24,0,1,1
14,2025-04-14T19:16:00+00:00,2025-04-15,05:16,1,0,1
14,2025-04-14T19:20:00+00:00,2025-04-15,05:20,1,0,1
14,2025-04-14T19:22:00+00:00,2025-04-15,05:22,1,1,2
21,2025-04-14T19:20:00+00:00,2025-04-15,05:20,1,1,2
28,2025-04-14T19:21:00+00:00,2025-04-15,05:21,1,0,1
36,2025-04-14T19:14:00+00:00,2025-04-15,05:14,0,1,1
37,2025-04-14T19:16:00+00:00,2025-04-15,05:16,0,2,2
37,2025-04-14T19:18:00+00:00,2025-04-15,05:18,1,0,1
40,2025-04-14T19:13:00+00:00,2025-04-15,05:13,0,1,1
40,2025-04-14T19:17:00+00:00,2025-04-15,05:17,1,0,1
41,2025-04-14T19:13:00+00:00,2025-04-15,05:13,0,1,1
41,2025-04-14T19:15:00+00:00,2025-04-15,05:15,0,2,2
41,2025-04-14T19:17:00+00:00,2025-04-15,05:17,3,1,4
41,2025-04-14T19:21:00+00:00,2025-04-15,05:21,2,0,2
41,2025-04-14T19:22:00+00:00,2025-04-15,05:22,1,1,2
42,2025-04-14T19:18:00+00:00,2025-04-15,05:18,0,1,1
45,2025-04-14T19:16:00+00:00,2025-04-15,05:16,0,1,1
47,2025-04-14T19:12:00+00:00,2025-04-15,05:12,2,2,4
47,2025-04-14T19:14:00+00:00,2025-04-15,05:14,0,1,1
47,2025-04-14T19:24:00+00:00,2025-04-15,05:24,0,2,2
59,2025-04-14T19:10:00+00:00,2025-04-15,05:10,1,0,1
61,2025-04-14T19:18:00+00:00,2025-04-15,05:18,0,1,1
61,2025-04-14T19:20:00+00:00,2025-04-15,05:20,1,0,1
61,2025-04-14T19:21:00+00:00,2025-04-15,05:21,1,0,1
70,2025-04-14T19:17:00+00:00,2025-04-15,05:17,1,0,1
71,2025-04-14T19:14:00+00:00,2025-04-15,05:14,1,0,1
77,2025-04-14T19:10:00+00:00,2025-04-15,05:10,0,5,5
108,2025-04-14T19:14:00+00:00,2025-04-15,05:14,0,3,3
108,2025-04-14T19:18:00+00:00,2025-04-15,05:18,0,1,1
108,2025-04-14T19:19:00+00:00,2025-04-15,05:19,1,0,1
131,2025-04-14T19:20:00+00:00,2025-04-15,05:20,1,2,3
133,2025-04-14T19:15:00+00:00,2025-04-15,05:15,2,4,6
134,2025-04-14T19:10:00+00:00,2025-04-15,05:10,3,0,3
143,2025-04-14T19:15:00+00:00,2025-04-15,05:15,2,0,2
143,2025-04-14T19:20:00+00:00,2025-04-15,05:20,1,1,2
165,2025-04-14T19:20:00+00:00,2025-04-15,05:20,1,0,1
179,2025-04-14T19:10:00+00:00,2025-04-15,05:10,1,0,1
17,2025-04-14T19:20:00+00:00,2025-04-15,05:20,1,0,1
17,2025-04-14T19:21:00+00:00,2025-04-15,05:21,0,1,1
19,2025-04-14T19:18:00+00:00,2025-04-15,05:18,1,0,1
19,2025-04-14T19:21:00+00:00,2025-04-15,05:21,2,0,2
20,2025-04-14T19:13:00+00:00,2025-04-15,05:13,6,1,7
20,2025-04-14T19:15:00+00:00,2025-04-15,05:15,1,0,1
20,2025-04-14T19:20:00+00:00,2025-04-15,05:20,3,1,4
23,2025-04-14T19:15:00+00:00,2025-04-15,05:15,0,1,1
23,2025-04-14T19:20:00+00:00,2025-04-15,05:20,0,2,2
23,2025-04-14T19:24:00+00:00,2025-04-15,05:24,1,0,1
24,2025-04-14T19:14:00+00:00,2025-04-15,05:14,0,1,1
24,2025-04-14T19:22:00+00:00,2025-04-15,05:22,0,1,1
24,2025-04-14T19:23:00+00:00,2025-04-15,05:23,2,0,2
35,2025-04-14T19:17:00+00:00,2025-04-15,05:17,1,0,1
35,2025-04-14T19:24:00+00:00,2025-04-15,05:24,2,0,2
49,2025-04-14T19:11:00+00:00,2025-04-15,05:11,0,1,1
51,2025-04-14T19:17:00+00:00,2025-04-15,05:17,1,1,2
51,2025-04-14T19:19:00+00:00,2025-04-15,05:19,0,1,1
53,2025-04-14T19:18:00+00:00,2025-04-15,05:18,2,0,2
56,2025-04-14T19:10:00+00:00,2025-04-15,05:10,1,0,1
58,2025-04-14T19:18:00+00:00,2025-04-15,05:18,2,1,3
58,2025-04-14T19:21:00+00:00,2025-04-15,05:21,1,0,1
58,2025-04-14T19:22:00+00:00,2025-04-15,05:22,1,0,1
62,2025-04-14T19:18:00+00:00,2025-04-15,05:18,2,0,2
67,2025-04-14T19:10:00+00:00,2025-04-15,05:10,0,1,1
67,2025-04-14T19:14:00+00:00,2025-04-15,05:14,0,1,1
72,2025-04-14T19:16:00+00:00,2025-04-15,05:16,1,0,1
85,2025-04-14T19:24:00+00:00,2025-04-15,05:24,1,0,1
109,2025-04-14T19:10:00+00:00,2025-04-15,05:10,0,2,2
109,2025-04-14T19:15:00+00:00,2025-04-15,05:15,0,2,2
109,2025-04-14T19:20:00+00:00,2025-04-15,05:20,1,0,1
117,2025-04-14T19:20:00+00:00,2025-04-15,05:20,0,1,1
164,2025-04-14T19:10:00+00:00,2025-04-15,05:10,1,0,1
164,2025-04-14T19:15:00+00:00,2025-04-15,05:15,0,1,1
3,2025-04-14T19:50:00+00:00,2025-04-15,05:50,1,1,2
4,2025-04-14T19:41:00+00:00,2025-04-15,05:41,2,0,2
4,2025-04-14T19:49:00+00:00,2025-04-15,05:49,2,0,2
4,2025-04-14T19:50:00+00:00,2025-04-15,05:50,0,2,2
4,2025-04-14T19:51:00+00:00,2025-04-15,05:51,2,2,4
4,2025-04-14T19:54:00+00:00,2025-04-15,05:54,1,0,1
6,2025-04-14T19:48:00+00:00,2025-04-15,05:48,2,0,2
6,2025-04-14T19:51:00+00:00,2025-04-15,05:51,1,3,4
14,2025-04-14T19:42:00+00:00,2025-04-15,05:42,1,1,2
14,2025-04-14T19:44:00+00:00,2025-04-15,05:44,1,0,1
14,2025-04-14T19:45:00+00:00,2025-04-15,05:45,2,0,2
14,2025-04-14T19:47:00+00:00,2025-04-15,05:47,1,2,3
28,2025-04-14T19:41:00+00:00,2025-04-15,05:41,1,0,1
28,2025-04-14T19:43:00+00:00,2025-04-15,05:43,7,0,7
28,2025-04-14T19:44:00+00:00,2025-04-15,05:44,0,1,1
28,2025-04-14T19:47:00+00:00,2025-04-15,05:47,0,2,2
28,2025-04-14T19:54:00+00:00,2025-04-15,05:54,2,0,2
29,2025-04-14T19:40:00+00:00,2025-04-15,05:40,0,1,1
29,2025-04-14T19:44:00+00:00,2025-04-15,05:44,1,1,2
29,2025-04-14T19:49:00+00:00,2025-04-15,05:49,0,1,1
31,2025-04-14T19:44:00+00:00,2025-04-15,05:44,5,0,5
36,2025-04-14T19:48:00+00:00,2025-04-15,05:48,0,1,1
37,2025-04-14T19:49:00+00:00,2025-04-15,05:49,1,0,1
39,2025-04-14T19:41:00+00:00,2025-04-15,05:41,1,0,1
40,2025-04-14T19:49:00+00:00,2025-04-15,05:49,0,1,1
41,2025-04-14T19:40:00+00:00,2025-04-15,05:40,6,1,7
41,2025-04-14T19:41:00+00:00,2025-04-15,05:41,6,1,7
41,2025-04-14T19:43:00+00:00,2025-04-15,05:43,2,1,3
41,2025-04-14T19:52:00+00:00,2025-04-15,05:52,2,2,4
42,2025-04-14T19:43:00+00:00,2025-04-15,05:43,1,0,1
43,2025-04-14T19:45:00+00:00,2025-04-15,05:45,0,2,2
43,2025-04-14T19:50:00+00:00,2025-04-15,05:50,1,1,2
45,2025-04-14T19:44:00+00:00,2025-04-15,05:44,1,1,2
47,2025-04-14T19:40:00+00:00,2025-04-15,05:40,1,0,1
47,2025-04-14T19:41:00+00:00,2025-04-15,05:41,2,0,2
47,2025-04-14T19:42:00+00:00,2025-04-15,05:42,2,0,2
47,2025-04-14T19:45:00+00:00,2025-04-15,05:45,0,2,2
47,2025-04-14T19:50:00+00:00,2025-04-15,05:50,0,1,1
50,2025-04-14T19:54:00+00:00,2025-04-15,05:54,0,1,1
59,2025-04-14T19:45:00+00:00,2025-04-15,05:45,4,0,4
66,2025-04-14T19:54:00+00:00,2025-04-15,05:54,2,4,6
77,2025-04-14T19:40:00+00:00,2025-04-15,05:40,2,0,2
77,2025-04-14T19:50:00+00:00,2025-04-15,05:50,1,1,2
78,2025-04-14T19:48:00+00:00,2025-04-15,05:48,0,1,1
78,2025-04-14T19:51:00+00:00,2025-04-15,05:51,1,0,1
84,2025-04-14T19:45:00+00:00,2025-04-15,05:45,3,3,6
87,2025-04-14T19:50:00+00:00,2025-04-15,05:50,0,1,1
107,2025-04-14T19:50:00+00:00,2025-04-15,05:50,0,1,1
108,2025-04-14T19:41:00+00:00,2025-04-15,05:41,0,2,2
108,2025-04-14T19:43:00+00:00,2025-04-15,05:43,0,1,1
108,2025-04-14T19:47:00+00:00,2025-04-15,05:47,1,3,4
108,2025-04-14T19:52:00+00:00,2025-04-15,05:52,0,2,2
131,2025-04-14T19:45:00+00:00,2025-04-15,05:45,2,1,3
132,2025-04-14T19:50:00+00:00,2025-04-15,05:50,0,1,1
133,2025-04-14T19:45:00+00:00,2025-04-15,05:45,20,7,27
135,2025-04-14T19:40:00+00:00,2025-04-15,05:40,7,1,8
143,2025-04-14T19:40:00+00:00,2025-04-15,05:40,1,0,1
162,2025-04-14T19:50:00+00:00,2025-04-15,05:50,3,2,5
166,2025-04-14T19:40:00+00:00,2025-04-15,05:40,0,2,2
1,2025-04-14T19:42:00+00:00,2025-04-15,05:42,1,1,2
1,2025-04-14T19:47:00+00:00,2025-04-15,05:47,0,2,2
2,2025-04-14T19:40:00+00:00,2025-04-15,05:40,1,0,1
9,2025-04-14T19:48:00+00:00,2025-04-15,05:48,1,1,2
9,2025-04-14T19:49:00+00:00,2025-04-15,05:49,0,2,2
10,2025-04-14T19:52:00+00:00,2025-04-15,05:52,0,1,1
10,2025-04-14T19:54:00+00:00,2025-04-15,05:54,0,1,1
11,2025-04-14T19:52:00+00:00,2025-04-15,05:52,1,0,1
11,2025-04-14T19:53:00+00:00,2025-04-15,05:53,0,1,1
12,2025-04-14T19:45:00+00:00,2025-04-15,05:45,3,0,3
12,2025-04-14T19:49:00+00:00,2025-04-15,05:49,1,1,2
12,2025-04-14T19:52:00+00:00,2025-04-15,05:52,0,1,1
17,2025-04-14T19:51:00+00:00,2025-04-15,05:51,2,0,2
18,2025-04-14T19:52:00+00:00,2025-04-15,05:52,0,1,1
20,2025-04-14T19:46:00+00:00,2025-04-15,05:46,2,0,2
20,2025-04-14T19:53:00+00:00,2025-04-15,05:53,0,1,1
23,2025-04-14T19:43:00+00:00,2025-04-15,05:43,1,1,2
23,2025-04-14T19:47:00+00:00,2025-04-15,05:47,1,1,2
23,2025-04-14T19:51:00+00:00,2025-04-15,05:51,0,1,1
23,2025-04-14T19:53:00+00:00,2025-04-15,05:53,2,0,2
24,2025-04-14T19:43:00+00:00,2025-04-15,05:43,3,0,3
24,2025-04-14T19:48:00+00:00,2025-04-15,05:48,4,0,4
24,2025-04-14T19:52:00+00:00,2025-04-15,05:52,3,0,3
24,2025-04-14T19:53:00+00:00,2025-04-15,05:53,1,1,2
24,2025-04-14T19:54:00+00:00,2025-04-15,05:54,0,1,1
25,2025-04-14T19:40:00+00:00,2025-04-15,05:40,4,3,7
27,2025-04-14T19:53:00+00:00,2025-04-15,05:53,0,1,1
30,2025-04-14T19:40:00+00:00,2025-04-15,05:40,1,0,1
35,2025-04-14T19:40:00+00:00,2025-04-15,05:40,4,2,6
35,2025-04-14T19:42:00+00:00,2025-04-15,05:42,3,4,7
35,2025-04-14T19:46:00+00:00,2025-04-15,05:46,3,1,4
35,2025-04-14T19:49:00+00:00,2025-04-15,05:49,1,3,4
35,2025-04-14T19:50:00+00:00,2025-04-15,05:50,4,0,4
49,2025-04-14T19:40:00+00:00,2025-04-15,05:40,1,1,2
49,2025-04-14T19:48:00+00:00,2025-04-15,05:48,0,1,1
49,2025-04-14T19:51:00+00:00,2025-04-15,05:51,1,1,2
49,2025-04-14T19:52:00+00:00,2025-04-15,05:52,1,1,2
51,2025-04-14T19:50:00+00:00,2025-04-15,05:50,0,1,1
51,2025-04-14T19:53:00+00:00,2025-04-15,05:53,0,1,1
52,2025-04-14T19:49:00+00:00,2025-04-15,05:49,1,0,1
53,2025-04-14T19:46:00+00:00,2025-04-15,05:46,0,1,1
56,2025-04-14T19:40:00+00:00,2025-04-15,05:40,1,0,1
56,2025-04-14T19:47:00+00:00,2025-04-15,05:47,0,1,1
56,2025-04-14T19:48:00+00:00,2025-04-15,05:48,1,0,1
56,2025-04-14T19:53:00+00:00,2025-04-15,05:53,1,1,2
58,2025-04-14T19:42:00+00:00,2025-04-15,05:42,2,1,3
58,2025-04-14T19:50:00+00:00,2025-04-15,05:50,4,2,6
62,2025-04-14T19:44:00+00:00,2025-04-15,05:44,2,0,2
62,2025-04-14T19:45:00+00:00,2025-04-15,05:45,1,0,1
62,2025-04-14T19:46:00+00:00,2025-04-15,05:46,0,1,1
62,2025-04-14T19:47:00+00:00,2025-04-15,05:47,0,2,2
62,2025-04-14T19:51:00+00:00,2025-04-15,05:51,0,1,1
62,2025-04-14T19:52:00+00:00,2025-04-15,05:52,1,0,1
62,2025-04-14T19:53:00+00:00,2025-04-15,05:53,1,1,2
63,2025-04-14T19:50:00+00:00,2025-04-15,05:50,1,0,1
67,2025-04-14T19:51:00+00:00,2025-04-15,05:51,0,1,1
72,2025-04-14T19:42:00+00:00,2025-04-15,05:42,0,1,1
72,2025-04-14T19:44:00+00:00,2025-04-15,05:44,2,0,2
72,2025-04-14T19:45:00+00:00,2025-04-15,05:45,1,0,1
72,2025-04-14T19:53:00+00:00,2025-04-15,05:53,1,1,2
76,2025-04-14T19:42:00+00:00,2025-04-15,05:42,1,0,1
76,2025-04-14T19:50:00+00:00,2025-04-15,05:50,0,1,1
79,2025-04-14T19:43:00+00:00,2025-04-15,05:43,0,1,1
79,2025-04-14T19:49:00+00:00,2025-04-15,05:49,1,1,2
85,2025-04-14T19:54:00+00:00,2025-04-15,05:54,1,0,1
86,2025-04-14T19:46:00+00:00,2025-04-15,05:46,1,0,1
117,2025-04-14T19:40:00+00:00,2025-04-15,05:40,3,0,3
139,2025-04-14T19:45:00+00:00,2025-04-15,05:45,1,1,2
142,2025-04-14T19:40:00+00:00,2025-04-15,05:40,1,0,1
164,2025-04-14T19:40:00+00:00,2025-04-15,05:40,3,3,6
164,2025-04-14T19:45:00+00:00,2025-04-15,05:45,3,2,5
181,2025-04-14T19:44:00+00:00,2025-04-15,05:44,0,1,1
181,2025-04-14T19:45:00+00:00,2025-04-15,05:45,1,0,1
181,2025-04-14T19:50:00+00:00,2025-04-15,05:50,0,2,2
181,2025-04-14T19:52:00+00:00,2025-04-15,05:52,1,0,1
180,2025-04-14T19:51:00+00:00,2025-04-15,05:51,1,0,1
181,2025-04-14T19:59:00+00:00,2025-04-15,05:59,1,2,3
181,2025-04-14T20:05:00+00:00,2025-04-15,06:05,2,1,3
181,2025-04-14T20:06:00+00:00,2025-04-15,06:06,2,4,6
181,2025-04-14T20:07:00+00:00,2025-04-15,06:07,4,2,6
180,2025-04-14T20:05:00+00:00,2025-04-15,06:05,0,1,1
3,2025-04-14T19:57:00+00:00,2025-04-15,05:57,0,2,2
4,2025-04-14T19:55:00+00:00,2025-04-15,05:55,1,0,1
4,2025-04-14T20:02:00+00:00,2025-04-15,06:02,3,2,5
4,2025-04-14T20:06:00+00:00,2025-04-15,06:06,1,0,1
4,2025-04-14T20:07:00+00:00,2025-04-15,06:07,1,2,3
6,2025-04-14T19:58:00+00:00,2025-04-15,05:58,3,10,13
6,2025-04-14T19:59:00+00:00,2025-04-15,05:59,2,6,8
6,2025-04-14T20:00:00+00:00,2025-04-15,06:00,0,9,9
6,2025-04-14T20:03:00+00:00,2025-04-15,06:03,3,0,3
6,2025-04-14T20:09:00+00:00,2025-04-15,06:09,1,0,1
8,2025-04-14T19:58:00+00:00,2025-04-15,05:58,1,1,2
8,2025-04-14T20:03:00+00:00,2025-04-15,06:03,0,1,1
8,2025-04-14T20:09:00+00:00,2025-04-15,06:09,0,1,1
14,2025-04-14T19:55:00+00:00,2025-04-15,05:55,1,0,1
14,2025-04-14T19:56:00+00:00,2025-04-15,05:56,3,0,3
14,2025-04-14T19:58:00+00:00,2025-04-15,05:58,0,2,2
14,2025-04-14T20:06:00+00:00,2025-04-15,06:06,1,2,3
21,2025-04-14T19:55:00+00:00,2025-04-15,05:55,0,1,1
28,2025-04-14T19:55:00+00:00,2025-04-15,05:55,0,1,1
28,2025-04-14T19:56:00+00:00,2025-04-15,05:56,1,0,1
28,2025-04-14T19:57:00+00:00,2025-04-15,05:57,1,1,2
28,2025-04-14T20:01:00+00:00,2025-04-15,06:01,5,1,6
28,2025-04-14T20:04:00+00:00,2025-04-15,06:04,3,0,3
28,2025-04-14T20:05:00+00:00,2025-04-15,06:05,1,0,1
28,2025-04-14T20:09:00+00:00,2025-04-15,06:09,0,2,2
29,2025-04-14T19:57:00+00:00,2025-04-15,05:57,2,17,19
29,2025-04-14T20:00:00+00:00,2025-04-15,06:00,1,1,2
29,2025-04-14T20:02:00+00:00,2025-04-15,06:02,0,2,2
29,2025-04-14T20:07:00+00:00,2025-04-15,06:07,1,2,3
29,2025-04-14T20:08:00+00:00,2025-04-15,06:08,0,1,1
36,2025-04-14T19:58:00+00:00,2025-04-15,05:58,1,0,1
36,2025-04-14T20:03:00+00:00,2025-04-15,06:03,2,1,3
36,2025-04-14T20:04:00+00:00,2025-04-15,06:04,1,0,1
36,2025-04-14T20:08:00+00:00,2025-04-15,06:08,1,0,1
39,2025-04-14T19:55:00+00:00,2025-04-15,05:55,1,0,1
39,2025-04-14T19:56:00+00:00,2025-04-15,05:56,1,0,1
39,2025-04-14T20:03:00+00:00,2025-04-15,06:03,1,0,1
39,2025-04-14T20:09:00+00:00,2025-04-15,06:09,1,0,1
40,2025-04-14T19:57:00+00:00,2025-04-15,05:57,0,1,1
40,2025-04-14T20:00:00+00:00,2025-04-15,06:00,1,1,2
41,2025-04-14T19:57:00+00:00,2025-04-15,05:57,1,2,3
41,2025-04-14T20:03:00+00:00,2025-04-15,06:03,6,2,8
41,2025-04-14T20:04:00+00:00,2025-04-15,06:04,3,4,7
41,2025-04-14T20:05:00+00:00,2025-04-15,06:05,2,6,8
41,2025-04-14T20:08:00+00:00,2025-04-15,06:08,3,1,4
42,2025-04-14T20:00:00+00:00,2025-04-15,06:00,0,1,1
43,2025-04-14T20:00:00+00:00,2025-04-15,06:00,1,6,7
44,2025-04-14T20:00:00+00:00,2025-04-15,06:00,0,7,7
45,2025-04-14T19:55:00+00:00,2025-04-15,05:55,0,5,5
45,2025-04-14T19:59:00+00:00,2025-04-15,05:59,0,1,1
45,2025-04-14T20:08:00+00:00,2025-04-15,06:08,1,1,2
45,2025-04-14T20:09:00+00:00,2025-04-15,06:09,0,3,3
47,2025-04-14T19:55:00+00:00,2025-04-15,05:55,1,2,3
47,2025-04-14T19:56:00+00:00,2025-04-15,05:56,0,1,1
47,2025-04-14T20:00:00+00:00,2025-04-15,06:00,1,2,3
47,2025-04-14T20:02:00+00:00,2025-04-15,06:02,0,1,1
47,2025-04-14T20:07:00+00:00,2025-04-15,06:07,0,2,2
54,2025-04-14T20:05:00+00:00,2025-04-15,06:05,1,0,1
54,2025-04-14T20:06:00+00:00,2025-04-15,06:06,0,8,8
59,2025-04-14T20:00:00+00:00,2025-04-15,06:00,4,1,5
61,2025-04-14T20:02:00+00:00,2025-04-15,06:02,0,1,1
61,2025-04-14T20:07:00+00:00,2025-04-15,06:07,0,1,1
66,2025-04-14T19:59:00+00:00,2025-04-15,05:59,0,1,1
66,2025-04-14T20:00:00+00:00,2025-04-15,06:00,0,1,1
66,2025-04-14T20:06:00+00:00,2025-04-15,06:06,1,0,1
69,2025-04-14T20:06:00+00:00,2025-04-15,06:06,0,1,1
70,2025-04-14T20:02:00+00:00,2025-04-15,06:02,0,1,1
71,2025-04-14T19:57:00+00:00,2025-04-15,05:57,1,0,1
75,2025-04-14T20:04:00+00:00,2025-04-15,06:04,1,0,1
77,2025-04-14T20:00:00+00:00,2025-04-15,06:00,1,0,1
78,2025-04-14T20:01:00+00:00,2025-04-15,06:01,0,1,1
78,2025-04-14T20:04:00+00:00,2025-04-15,06:04,0,1,1
84,2025-04-14T20:00:00+00:00,2025-04-15,06:00,14,5,19
87,2025-04-14T19:55:00+00:00,2025-04-15,05:55,1,0,1
108,2025-04-14T19:57:00+00:00,2025-04-15,05:57,0,1,1
108,2025-04-14T19:58:00+00:00,2025-04-15,05:58,0,1,1
108,2025-04-14T20:05:00+00:00,2025-04-15,06:05,0,5,5
132,2025-04-14T19:55:00+00:00,2025-04-15,05:55,7,1,8
133,2025-04-14T20:00:00+00:00,2025-04-15,06:00,15,7,22
134,2025-04-14T19:55:00+00:00,2025-04-15,05:55,9,8,17
135,2025-04-14T20:05:00+00:00,2025-04-15,06:05,7,3,10
143,2025-04-14T19:55:00+00:00,2025-04-15,05:55,2,4,6
143,2025-04-14T20:00:00+00:00,2025-04-15,06:00,0,12,12
162,2025-04-14T20:00:00+00:00,2025-04-15,06:00,8,2,10
162,2025-04-14T20:05:00+00:00,2025-04-15,06:05,4,3,7
179,2025-04-14T20:05:00+00:00,2025-04-15,06:05,0,1,1
1,2025-04-14T20:05:00+00:00,2025-04-15,06:05,2,0,2
2,2025-04-14T19:58:00+00:00,2025-04-15,05:58,0,1,1
9,2025-04-14T20:08:00+00:00,2025-04-15,06:08,1,6,7
9,2025-04-14T20:09:00+00:00,2025-04-15,06:09,4,2,6
10,2025-04-14T20:01:00+00:00,2025-04-15,06:01,0,1,1
10,2025-04-14T20:03:00+00:00,2025-04-15,06:03,0,1,1
11,2025-04-14T20:00:00+00:00,2025-04-15,06:00,0,1,1
12,2025-04-14T20:00:00+00:00,2025-04-15,06:00,0,1,1
12,2025-04-14T20:03:00+00:00,2025-04-15,06:03,0,1,1
17,2025-04-14T19:59:00+00:00,2025-04-15,05:59,1,1,2
17,2025-04-14T20:02:00+00:00,2025-04-15,06:02,1,1,2
17,2025-04-14T20:09:00+00:00,2025-04-15,06:09,0,1,1
18,2025-04-14T19:55:00+00:00,2025-04-15,05:55,1,0,1
18,2025-04-14T19:58:00+00:00,2025-04-15,05:58,0,1,1
18,2025-04-14T20:00:00+00:00,2025-04-15,06:00,0,1,1
18,2025-04-14T20:06:00+00:00,2025-04-15,06:06,0,1,1
19,2025-04-14T19:55:00+00:00,2025-04-15,05:55,2,0,2
20,2025-04-14T19:55:00+00:00,2025-04-15,05:55,0,2,2
20,2025-04-14T20:04:00+00:00,2025-04-15,06:04,0,1,1
23,2025-04-14T20:00:00+00:00,2025-04-15,06:00,5,0,5
23,2025-04-14T20:02:00+00:00,2025-04-15,06:02,1,1,2
23,2025-04-14T20:04:00+00:00,2025-04-15,06:04,3,1,4
23,2025-04-14T20:05:00+00:00,2025-04-15,06:05,2,1,3
23,2025-04-14T20:08:00+00:00,2025-04-15,06:08,0,1,1
24,2025-04-14T20:05:00+00:00,2025-04-15,06:05,9,6,15
25,2025-04-14T19:55:00+00:00,2025-04-15,05:55,2,4,6
27,2025-04-14T20:03:00+00:00,2025-04-15,06:03,0,1,1
35,2025-04-14T19:57:00+00:00,2025-04-15,05:57,4,4,8
35,2025-04-14T19:58:00+00:00,2025-04-15,05:58,0,6,6
35,2025-04-14T20:01:00+00:00,2025-04-15,06:01,3,7,10
35,2025-04-14T20:08:00+00:00,2025-04-15,06:08,6,1,7
49,2025-04-14T19:55:00+00:00,2025-04-15,05:55,0,1,1
49,2025-04-14T19:56:00+00:00,2025-04-15,05:56,1,0,1
49,2025-04-14T19:59:00+00:00,2025-04-15,05:59,2,6,8
49,2025-04-14T20:00:00+00:00,2025-04-15,06:00,1,0,1
49,2025-04-14T20:06:00+00:00,2025-04-15,06:06,1,0,1
51,2025-04-14T20:01:00+00:00,2025-04-15,06:01,0,1,1
51,2025-04-14T20:03:00+00:00,2025-04-15,06:03,1,1,2
52,2025-04-14T19:58:00+00:00,2025-04-15,05:58,1,1,2
52,2025-04-14T20:02:00+00:00,2025-04-15,06:02,1,0,1
52,2025-04-14T20:05:00+00:00,2025-04-15,06:05,2,2,4
53,2025-04-14T20:05:00+00:00,2025-04-15,06:05,1,0,1
56,2025-04-14T20:09:00+00:00,2025-04-15,06:09,1,1,2
58,2025-04-14T19:55:00+00:00,2025-04-15,05:55,4,0,4
62,2025-04-14T19:56:00+00:00,2025-04-15,05:56,1,0,1
62,2025-04-14T20:01:00+00:00,2025-04-15,06:01,1,0,1
62,2025-04-14T20:03:00+00:00,2025-04-15,06:03,2,1,3
62,2025-04-14T20:05:00+00:00,2025-04-15,06:05,1,1,2
63,2025-04-14T19:55:00+00:00,2025-04-15,05:55,0,1,1
67,2025-04-14T20:01:00+00:00,2025-04-15,06:01,2,0,2
67,2025-04-14T20:02:00+00:00,2025-04-15,06:02,2,0,2
67,2025-04-14T20:03:00+00:00,2025-04-15,06:03,2,0,2
67,2025-04-14T20:07:00+00:00,2025-04-15,06:07,0,1,1
72,2025-04-14T19:55:00+00:00,2025-04-15,05:55,2,1,3
72,2025-04-14T19:56:00+00:00,2025-04-15,05:56,1,2,3
72,2025-04-14T20:02:00+00:00,2025-04-15,06:02,4,0,4
76,2025-04-14T19:59:00+00:00,2025-04-15,05:59,2,0,2
79,2025-04-14T19:56:00+00:00,2025-04-15,05:56,4,5,9
79,2025-04-14T19:57:00+00:00,2025-04-15,05:57,1,1,2
79,2025-04-14T20:07:00+00:00,2025-04-15,06:07,1,6,7
79,2025-04-14T20:09:00+00:00,2025-04-15,06:09,1,2,3
85,2025-04-14T19:55:00+00:00,2025-04-15,05:55,1,0,1
85,2025-04-14T20:08:00+00:00,2025-04-15,06:08,0,1,1
86,2025-04-14T20:09:00+00:00,2025-04-15,06:09,1,0,1
109,2025-04-14T20:00:00+00:00,2025-04-15,06:00,4,0,4
117,2025-04-14T20:05:00+00:00,2025-04-15,06:05,2,1,3
130,2025-04-14T20:05:00+00:00,2025-04-15,06:05,0,1,1
137,2025-04-14T19:55:00+00:00,2025-04-15,05:55,0,1,1
139,2025-04-14T20:05:00+00:00,2025-04-15,06:05,1,0,1
141,2025-04-14T20:00:00+00:00,2025-04-15,06:00,4,0,4
164,2025-04-14T19:55:00+00:00,2025-04-15,05:55,1,0,1
3,2025-04-14T20:24:00+00:00,2025-04-15,06:24,0,2,2
4,2025-04-14T20:14:00+00:00,2025-04-15,06:14,1,0,1
4,2025-04-14T20:16:00+00:00,2025-04-15,06:16,3,0,3
4,2025-04-14T20:18:00+00:00,2025-04-15,06:18,2,2,4
4,2025-04-14T20:20:00+00:00,2025-04-15,06:20,2,1,3
4,2025-04-14T20:21:00+00:00,2025-04-15,06:21,2,1,3
5,2025-04-14T20:10:00+00:00,2025-04-15,06:10,0,4,4
6,2025-04-14T20:18:00+00:00,2025-04-15,06:18,2,17,19
6,2025-04-14T20:21:00+00:00,2025-04-15,06:21,0,3,3
14,2025-04-14T20:10:00+00:00,2025-04-15,06:10,7,1,8
14,2025-04-14T20:11:00+00:00,2025-04-15,06:11,2,0,2
14,2025-04-14T20:12:00+00:00,2025-04-15,06:12,1,0,1
14,2025-04-14T20:15:00+00:00,2025-04-15,06:15,1,0,1
14,2025-04-14T20:18:00+00:00,2025-04-15,06:18,0,1,1
14,2025-04-14T20:19:00+00:00,2025-04-15,06:19,1,8,9
14,2025-04-14T20:20:00+00:00,2025-04-15,06:20,3,8,11
14,2025-04-14T20:21:00+00:00,2025-04-15,06:21,0,10,10
14,2025-04-14T20:24:00+00:00,2025-04-15,06:24,4,1,5
21,2025-04-14T20:20:00+00:00,2025-04-15,06:20,2,2,4
28,2025-04-14T20:11:00+00:00,2025-04-15,06:11,3,1,4
28,2025-04-14T20:17:00+00:00,2025-04-15,06:17,0,2,2
28,2025-04-14T20:18:00+00:00,2025-04-15,06:18,3,0,3
28,2025-04-14T20:21:00+00:00,2025-04-15,06:21,3,4,7
28,2025-04-14T20:23:00+00:00,2025-04-15,06:23,3,2,5
28,2025-04-14T20:24:00+00:00,2025-04-15,06:24,6,2,8
29,2025-04-14T20:10:00+00:00,2025-04-15,06:10,0,1,1
29,2025-04-14T20:11:00+00:00,2025-04-15,06:11,0,2,2
29,2025-04-14T20:15:00+00:00,2025-04-15,06:15,1,0,1
29,2025-04-14T20:16:00+00:00,2025-04-15,06:16,0,2,2
29,2025-04-14T20:17:00+00:00,2025-04-15,06:17,0,2,2
29,2025-04-14T20:18:00+00:00,2025-04-15,06:18,1,0,1
29,2025-04-14T20:21:00+00:00,2025-04-15,06:21,0,1,1
29,2025-04-14T20:24:00+00:00,2025-04-15,06:24,2,6,8
31,2025-04-14T20:16:00+00:00,2025-04-15,06:16,1,1,2
31,2025-04-14T20:23:00+00:00,2025-04-15,06:23,0,1,1
36,2025-04-14T20:17:00+00:00,2025-04-15,06:17,1,0,1
36,2025-04-14T20:20:00+00:00,2025-04-15,06:20,0,1,1
37,2025-04-14T20:10:00+00:00,2025-04-15,06:10,1,3,4
37,2025-04-14T20:22:00+00:00,2025-04-15,06:22,2,1,3
39,2025-04-14T20:10:00+00:00,2025-04-15,06:10,1,0,1
39,2025-04-14T20:14:00+00:00,2025-04-15,06:14,0,1,1
40,2025-04-14T20:21:00+00:00,2025-04-15,06:21,1,1,2
41,2025-04-14T20:11:00+00:00,2025-04-15,06:11,0,1,1
41,2025-04-14T20:16:00+00:00,2025-04-15,06:16,0,2,2
41,2025-04-14T20:18:00+00:00,2025-04-15,06:18,2,2,4
41,2025-04-14T20:23:00+00:00,2025-04-15,06:23,4,1,5
41,2025-04-14T20:24:00+00:00,2025-04-15,06:24,5,4,9
42,2025-04-14T20:10:00+00:00,2025-04-15,06:10,1,0,1
43,2025-04-14T20:15:00+00:00,2025-04-15,06:15,0,1,1
43,2025-04-14T20:20:00+00:00,2025-04-15,06:20,4,0,4
44,2025-04-14T20:20:00+00:00,2025-04-15,06:20,1,0,1
45,2025-04-14T20:13:00+00:00,2025-04-15,06:13,0,12,12
45,2025-04-14T20:18:00+00:00,2025-04-15,06:18,0,1,1
45,2025-04-14T20:24:00+00:00,2025-04-15,06:24,1,0,1
47,2025-04-14T20:10:00+00:00,2025-04-15,06:10,1,3,4
47,2025-04-14T20:12:00+00:00,2025-04-15,06:12,0,1,1
47,2025-04-14T20:13:00+00:00,2025-04-15,06:13,2,3,5
47,2025-04-14T20:20:00+00:00,2025-04-15,06:20,0,2,2
47,2025-04-14T20:22:00+00:00,2025-04-15,06:22,2,2,4
50,2025-04-14T20:22:00+00:00,2025-04-15,06:22,0,2,2
54,2025-04-14T20:17:00+00:00,2025-04-15,06:17,1,0,1
59,2025-04-14T20:15:00+00:00,2025-04-15,06:15,0,1,1
61,2025-04-14T20:11:00+00:00,2025-04-15,06:11,1,0,1
66,2025-04-14T20:11:00+00:00,2025-04-15,06:11,0,8,8
66,2025-04-14T20:13:00+00:00,2025-04-15,06:13,0,1,1
66,2025-04-14T20:14:00+00:00,2025-04-15,06:14,0,1,1
66,2025-04-14T20:18:00+00:00,2025-04-15,06:18,0,2,2
66,2025-04-14T20:24:00+00:00,2025-04-15,06:24,0,2,2
69,2025-04-14T20:17:00+00:00,2025-04-15,06:17,2,0,2
75,2025-04-14T20:20:00+00:00,2025-04-15,06:20,1,0,1
77,2025-04-14T20:10:00+00:00,2025-04-15,06:10,3,5,8
77,2025-04-14T20:15:00+00:00,2025-04-15,06:15,1,3,4
78,2025-04-14T20:13:00+00:00,2025-04-15,06:13,0,1,1
107,2025-04-14T20:15:00+00:00,2025-04-15,06:15,0,2,2
108,2025-04-14T20:12:00+00:00,2025-04-15,06:12,0,2,2
108,2025-04-14T20:15:00+00:00,2025-04-15,06:15,1,2,3
108,2025-04-14T20:22:00+00:00,2025-04-15,06:22,1,4,5
108,2025-04-14T20:23:00+00:00,2025-04-15,06:23,1,8,9
131,2025-04-14T20:10:00+00:00,2025-04-15,06:10,1,0,1
132,2025-04-14T20:10:00+00:00,2025-04-15,06:10,1,0,1
134,2025-04-14T20:10:00+00:00,2025-04-15,06:10,14,6,20
135,2025-04-14T20:20:00+00:00,2025-04-15,06:20,4,6,10
162,2025-04-14T20:20:00+00:00,2025-04-15,06:20,6,1,7
167,2025-04-14T20:20:00+00:00,2025-04-15,06:20,0,1,1
1,2025-04-14T20:21:00+00:00,2025-04-15,06:21,0,1,1
1,2025-04-14T20:22:00+00:00,2025-04-15,06:22,1,0,1
2,2025-04-14T20:22:00+00:00,2025-04-15,06:22,0,2,2
2,2025-04-14T20:24:00+00:00,2025-04-15,06:24,1,0,1
9,2025-04-14T20:12:00+00:00,2025-04-15,06:12,1,2,3
9,2025-04-14T20:14:00+00:00,2025-04-15,06:14,0,1,1
9,2025-04-14T20:18:00+00:00,2025-04-15,06:18,0,3,3
9,2025-04-14T20:20:00+00:00,2025-04-15,06:20,1,0,1
9,2025-04-14T20:24:00+00:00,2025-04-15,06:24,5,3,8
11,2025-04-14T20:17:00+00:00,2025-04-15,06:17,1,2,3
11,2025-04-14T20:21:00+00:00,2025-04-15,06:21,0,1,1
11,2025-04-14T20:24:00+00:00,2025-04-15,06:24,1,0,1
12,2025-04-14T20:11:00+00:00,2025-04-15,06:11,1,1,2
12,2025-04-14T20:14:00+00:00,2025-04-15,06:14,1,1,2
12,2025-04-14T20:15:00+00:00,2025-04-15,06:15,2,2,4
12,2025-04-14T20:20:00+00:00,2025-04-15,06:20,1,1,2
17,2025-04-14T20:11:00+00:00,2025-04-15,06:11,4,0,4
17,2025-04-14T20:15:00+00:00,2025-04-15,06:15,1,0,1
17,2025-04-14T20:19:00+00:00,2025-04-15,06:19,4,0,4
17,2025-04-14T20:20:00+00:00,2025-04-15,06:20,5,0,5
17,2025-04-14T20:21:00+00:00,2025-04-15,06:21,4,0,4
18,2025-04-14T20:13:00+00:00,2025-04-15,06:13,0,2,2
18,2025-04-14T20:21:00+00:00,2025-04-15,06:21,0,1,1
19,2025-04-14T20:19:00+00:00,2025-04-15,06:19,1,0,1
20,2025-04-14T20:10:00+00:00,2025-04-15,06:10,0,1,1
23,2025-04-14T20:11:00+00:00,2025-04-15,06:11,1,0,1
23,2025-04-14T20:15:00+00:00,2025-04-15,06:15,2,0,2
23,2025-04-14T20:16:00+00:00,2025-04-15,06:16,2,2,4
23,2025-04-14T20:24:00+00:00,2025-04-15,06:24,0,2,2
24,2025-04-14T20:10:00+00:00,2025-04-15,06:10,3,1,4
24,2025-04-14T20:16:00+00:00,2025-04-15,06:16,18,1,19
24,2025-04-14T20:18:00+00:00,2025-04-15,06:18,6,0,6
24,2025-04-14T20:20:00+00:00,2025-04-15,06:20,3,0,3
24,2025-04-14T20:23:00+00:00,2025-04-15,06:23,9,0,9
30,2025-04-14T20:20:00+00:00,2025-04-15,06:20,1,0,1
30,2025-04-14T20:24:00+00:00,2025-04-15,06:24,0,1,1
35,2025-04-14T20:10:00+00:00,2025-04-15,06:10,9,4,13
35,2025-04-14T20:14:00+00:00,2025-04-15,06:14,5,3,8
35,2025-04-14T20:16:00+00:00,2025-04-15,06:16,4,3,7
35,2025-04-14T20:24:00+00:00,2025-04-15,06:24,4,3,7
49,2025-04-14T20:12:00+00:00,2025-04-15,06:12,1,0,1
49,2025-04-14T20:18:00+00:00,2025-04-15,06:18,2,0,2
49,2025-04-14T20:19:00+00:00,2025-04-15,06:19,1,0,1
49,2025-04-14T20:20:00+00:00,2025-04-15,06:20,3,0,3
51,2025-04-14T20:15:00+00:00,2025-04-15,06:15,2,0,2
51,2025-04-14T20:16:00+00:00,2025-04-15,06:16,2,0,2
51,2025-04-14T20:20:00+00:00,2025-04-15,06:20,1,0,1
52,2025-04-14T20:10:00+00:00,2025-04-15,06:10,0,2,2
52,2025-04-14T20:13:00+00:00,2025-04-15,06:13,3,1,4
52,2025-04-14T20:20:00+00:00,2025-04-15,06:20,4,0,4
52,2025-04-14T20:21:00+00:00,2025-04-15,06:21,0,1,1
52,2025-04-14T20:24:00+00:00,2025-04-15,06:24,1,1,2
53,2025-04-14T20:16:00+00:00,2025-04-15,06:16,1,0,1
53,2025-04-14T20:18:00+00:00,2025-04-15,06:18,2,1,3
53,2025-04-14T20:19:00+00:00,2025-04-15,06:19,2,1,3
53,2025-04-14T20:21:00+00:00,2025-04-15,06:21,2,0,2
56,2025-04-14T20:14:00+00:00,2025-04-15,06:14,1,0,1
56,2025-04-14T20:17:00+00:00,2025-04-15,06:17,0,1,1
58,2025-04-14T20:14:00+00:00,2025-04-15,06:14,2,1,3
62,2025-04-14T20:10:00+00:00,2025-04-15,06:10,2,1,3
62,2025-04-14T20:12:00+00:00,2025-04-15,06:12,1,0,1
62,2025-04-14T20:13:00+00:00,2025-04-15,06:13,3,0,3
67,2025-04-14T20:11:00+00:00,2025-04-15,06:11,0,2,2
67,2025-04-14T20:12:00+00:00,2025-04-15,06:12,1,1,2
67,2025-04-14T20:18:00+00:00,2025-04-15,06:18,1,3,4
67,2025-04-14T20:21:00+00:00,2025-04-15,06:21,2,0,2
72,2025-04-14T20:14:00+00:00,2025-04-15,06:14,1,2,3
72,2025-04-14T20:20:00+00:00,2025-04-15,06:20,2,1,3
72,2025-04-14T20:21:00+00:00,2025-04-15,06:21,1,1,2
76,2025-04-14T20:21:00+00:00,2025-04-15,06:21,0,1,1
79,2025-04-14T20:21:00+00:00,2025-04-15,06:21,1,1,2
79,2025-04-14T20:22:00+00:00,2025-04-15,06:22,11,1,12
79,2025-04-14T20:23:00+00:00,2025-04-15,06:23,1,1,2
85,2025-04-14T20:11:00+00:00,2025-04-15,06:11,1,0,1
85,2025-04-14T20:14:00+00:00,2025-04-15,06:14,1,0,1
85,2025-04-14T20:21:00+00:00,2025-04-15,06:21,1,1,2
86,2025-04-14T20:11:00+00:00,2025-04-15,06:11,1,0,1
86,2025-04-14T20:19:00+00:00,2025-04-15,06:19,1,0,1
117,2025-04-14T20:10:00+00:00,2025-04-15,06:10,2,2,4
136,2025-04-14T20:20:00+00:00,2025-04-15,06:20,0,1,1
139,2025-04-14T20:15:00+00:00,2025-04-15,06:15,0,4,4
139,2025-04-14T20:20:00+00:00,2025-04-15,06:20,1,2,3
141,2025-04-14T20:15:00+00:00,2025-04-15,06:15,2,0,2
142,2025-04-14T20:15:00+00:00,2025-04-15,06:15,2,0,2
181,2025-04-14T20:10:00+00:00,2025-04-15,06:10,2,1,3
181,2025-04-14T20:13:00+00:00,2025-04-15,06:13,1,4,5
181,2025-04-14T20:14:00+00:00,2025-04-15,06:14,0,1,1
181,2025-04-14T20:15:00+00:00,2025-04-15,06:15,1,4,5
181,2025-04-14T20:16:00+00:00,2025-04-15,06:16,1,1,2
181,2025-04-14T20:19:00+00:00,2025-04-15,06:19,0,2,2
180,2025-04-14T20:18:00+00:00,2025-04-15,06:18,0,2,2
180,2025-04-14T20:22:00+00:00,2025-04-15,06:22,1,3,4
3,2025-04-14T20:26:00+00:00,2025-04-15,06:26,1,0,1
3,2025-04-14T20:38:00+00:00,2025-04-15,06:38,1,1,2
4,2025-04-14T20:25:00+00:00,2025-04-15,06:25,1,1,2
4,2025-04-14T20:27:00+00:00,2025-04-15,06:27,3,1,4
4,2025-04-14T20:34:00+00:00,2025-04-15,06:34,2,2,4
4,2025-04-14T20:35:00+00:00,2025-04-15,06:35,3,3,6
6,2025-04-14T20:29:00+00:00,2025-04-15,06:29,3,4,7
6,2025-04-14T20:38:00+00:00,2025-04-15,06:38,9,9,18
8,2025-04-14T20:27:00+00:00,2025-04-15,06:27,0,1,1
8,2025-04-14T20:28:00+00:00,2025-04-15,06:28,1,1,2
8,2025-04-14T20:32:00+00:00,2025-04-15,06:32,0,1,1
8,2025-04-14T20:36:00+00:00,2025-04-15,06:36,1,0,1
14,2025-04-14T20:25:00+00:00,2025-04-15,06:25,2,0,2
14,2025-04-14T20:29:00+00:00,2025-04-15,06:29,1,0,1
14,2025-04-14T20:31:00+00:00,2025-04-15,06:31,0,3,3
14,2025-04-14T20:32:00+00:00,2025-04-15,06:32,0,4,4
14,2025-04-14T20:36:00+00:00,2025-04-15,06:36,2,0,2
21,2025-04-14T20:25:00+00:00,2025-04-15,06:25,1,5,6
28,2025-04-14T20:25:00+00:00,2025-04-15,06:25,0,1,1
28,2025-04-14T20:26:00+00:00,2025-04-15,06:26,4,1,5
28,2025-04-14T20:28:00+00:00,2025-04-15,06:28,1,5,6
28,2025-04-14T20:29:00+00:00,2025-04-15,06:29,2,0,2
28,2025-04-14T20:30:00+00:00,2025-04-15,06:30,1,3,4
28,2025-04-14T20:33:00+00:00,2025-04-15,06:33,3,1,4
28,2025-04-14T20:35:00+00:00,2025-04-15,06:35,4,0,4
29,2025-04-14T20:26:00+00:00,2025-04-15,06:26,2,1,3
29,2025-04-14T20:36:00+00:00,2025-04-15,06:36,2,2,4
29,2025-04-14T20:38:00+00:00,2025-04-15,06:38,1,4,5
29,2025-04-14T20:39:00+00:00,2025-04-15,06:39,2,2,4
31,2025-04-14T20:25:00+00:00,2025-04-15,06:25,1,0,1
31,2025-04-14T20:26:00+00:00,2025-04-15,06:26,0,1,1
31,2025-04-14T20:28:00+00:00,2025-04-15,06:28,0,1,1
31,2025-04-14T20:32:00+00:00,2025-04-15,06:32,1,1,2
36,2025-04-14T20:29:00+00:00,2025-04-15,06:29,0,1,1
36,2025-04-14T20:32:00+00:00,2025-04-15,06:32,1,0,1
36,2025-04-14T20:34:00+00:00,2025-04-15,06:34,1,0,1
36,2025-04-14T20:35:00+00:00,2025-04-15,06:35,0,1,1
36,2025-04-14T20:37:00+00:00,2025-04-15,06:37,1,0,1
37,2025-04-14T20:29:00+00:00,2025-04-15,06:29,1,0,1
37,2025-04-14T20:31:00+00:00,2025-04-15,06:31,0,1,1
37,2025-04-14T20:38:00+00:00,2025-04-15,06:38,1,0,1
39,2025-04-14T20:26:00+00:00,2025-04-15,06:26,1,0,1
39,2025-04-14T20:27:00+00:00,2025-04-15,06:27,1,0,1
39,2025-04-14T20:31:00+00:00,2025-04-15,06:31,1,0,1
40,2025-04-14T20:26:00+00:00,2025-04-15,06:26,2,0,2
40,2025-04-14T20:28:00+00:00,2025-04-15,06:28,1,2,3
40,2025-04-14T20:29:00+00:00,2025-04-15,06:29,2,1,3
40,2025-04-14T20:31:00+00:00,2025-04-15,06:31,2,1,3
40,2025-04-14T20:33:00+00:00,2025-04-15,06:33,2,2,4
40,2025-04-14T20:34:00+00:00,2025-04-15,06:34,1,0,1
40,2025-04-14T20:35:00+00:00,2025-04-15,06:35,1,0,1
40,2025-04-14T20:36:00+00:00,2025-04-15,06:36,0,1,1
40,2025-04-14T20:38:00+00:00,2025-04-15,06:38,1,0,1
41,2025-04-14T20:27:00+00:00,2025-04-15,06:27,3,1,4
41,2025-04-14T20:31:00+00:00,2025-04-15,06:31,4,1,5
41,2025-04-14T20:35:00+00:00,2025-04-15,06:35,18,1,19
41,2025-04-14T20:37:00+00:00,2025-04-15,06:37,6,5,11
42,2025-04-14T20:31:00+00:00,2025-04-15,06:31,1,0,1
42,2025-04-14T20:34:00+00:00,2025-04-15,06:34,1,0,1
45,2025-04-14T20:25:00+00:00,2025-04-15,06:25,1,1,2
45,2025-04-14T20:29:00+00:00,2025-04-15,06:29,0,2,2
45,2025-04-14T20:33:00+00:00,2025-04-15,06:33,0,1,1
47,2025-04-14T20:27:00+00:00,2025-04-15,06:27,0,4,4
47,2025-04-14T20:31:00+00:00,2025-04-15,06:31,1,2,3
47,2025-04-14T20:32:00+00:00,2025-04-15,06:32,1,2,3
47,2025-04-14T20:34:00+00:00,2025-04-15,06:34,0,2,2
47,2025-04-14T20:35:00+00:00,2025-04-15,06:35,1,2,3
47,2025-04-14T20:36:00+00:00,2025-04-15,06:36,0,11,11
47,2025-04-14T20:38:00+00:00,2025-04-15,06:38,0,4,4
47,2025-04-14T20:39:00+00:00,2025-04-15,06:39,3,2,5
50,2025-04-14T20:36:00+00:00,2025-04-15,06:36,0,2,2
50,2025-04-14T20:37:00+00:00,2025-04-15,06:37,5,0,5
54,2025-04-14T20:27:00+00:00,2025-04-15,06:27,0,1,1
61,2025-04-14T20:28:00+00:00,2025-04-15,06:28,1,0,1
61,2025-04-14T20:29:00+00:00,2025-04-15,06:29,1,0,1
61,2025-04-14T20:37:00+00:00,2025-04-15,06:37,2,2,4
66,2025-04-14T20:25:00+00:00,2025-04-15,06:25,0,5,5
66,2025-04-14T20:29:00+00:00,2025-04-15,06:29,2,2,4
66,2025-04-14T20:30:00+00:00,2025-04-15,06:30,0,1,1
66,2025-04-14T20:38:00+00:00,2025-04-15,06:38,2,2,4
69,2025-04-14T20:32:00+00:00,2025-04-15,06:32,1,0,1
70,2025-04-14T20:33:00+00:00,2025-04-15,06:33,1,0,1
71,2025-04-14T20:27:00+00:00,2025-04-15,06:27,1,0,1
71,2025-04-14T20:29:00+00:00,2025-04-15,06:29,1,0,1
75,2025-04-14T20:31:00+00:00,2025-04-15,06:31,1,0,1
77,2025-04-14T20:35:00+00:00,2025-04-15,06:35,1,3,4
78,2025-04-14T20:27:00+00:00,2025-04-15,06:27,1,0,1
84,2025-04-14T20:35:00+00:00,2025-04-15,06:35,56,17,73
87,2025-04-14T20:26:00+00:00,2025-04-15,06:26,2,0,2
108,2025-04-14T20:27:00+00:00,2025-04-15,06:27,1,3,4
108,2025-04-14T20:29:00+00:00,2025-04-15,06:29,0,1,1
108,2025-04-14T20:30:00+00:00,2025-04-15,06:30,0,5,5
108,2025-04-14T20:34:00+00:00,2025-04-15,06:34,1,6,7
108,2025-04-14T20:37:00+00:00,2025-04-15,06:37,2,2,4
118,2025-04-14T20:25:00+00:00,2025-04-15,06:25,0,1,1
132,2025-04-14T20:25:00+00:00,2025-04-15,06:25,3,0,3
132,2025-04-14T20:30:00+00:00,2025-04-15,06:30,4,4,8
133,2025-04-14T20:25:00+00:00,2025-04-15,06:25,35,7,42
166,2025-04-14T20:25:00+00:00,2025-04-15,06:25,0,1,1
166,2025-04-14T20:30:00+00:00,2025-04-15,06:30,2,1,3
179,2025-04-14T20:35:00+00:00,2025-04-15,06:35,2,1,3
1,2025-04-14T20:25:00+00:00,2025-04-15,06:25,0,1,1
1,2025-04-14T20:27:00+00:00,2025-04-15,06:27,0,3,3
1,2025-04-14T20:33:00+00:00,2025-04-15,06:33,0,1,1
1,2025-04-14T20:37:00+00:00,2025-04-15,06:37,2,1,3
2,2025-04-14T20:28:00+00:00,2025-04-15,06:28,0,3,3
9,2025-04-14T20:33:00+00:00,2025-04-15,06:33,2,1,3
9,2025-04-14T20:35:00+00:00,2025-04-15,06:35,2,5,7
9,2025-04-14T20:37:00+00:00,2025-04-15,06:37,0,8,8
12,2025-04-14T20:27:00+00:00,2025-04-15,06:27,1,0,1
12,2025-04-14T20:30:00+00:00,2025-04-15,06:30,4,0,4
12,2025-04-14T20:38:00+00:00,2025-04-15,06:38,2,0,2
17,2025-04-14T20:25:00+00:00,2025-04-15,06:25,2,0,2
17,2025-04-14T20:28:00+00:00,2025-04-15,06:28,0,4,4
18,2025-04-14T20:27:00+00:00,2025-04-15,06:27,0,1,1
18,2025-04-14T20:32:00+00:00,2025-04-15,06:32,0,5,5
18,2025-04-14T20:37:00+00:00,2025-04-15,06:37,0,2,2
18,2025-04-14T20:39:00+00:00,2025-04-15,06:39,0,1,1
19,2025-04-14T20:34:00+00:00,2025-04-15,06:34,2,0,2
20,2025-04-14T20:37:00+00:00,2025-04-15,06:37,1,0,1
23,2025-04-14T20:26:00+00:00,2025-04-15,06:26,2,2,4
23,2025-04-14T20:30:00+00:00,2025-04-15,06:30,3,1,4
23,2025-04-14T20:32:00+00:00,2025-04-15,06:32,0,1,1
23,2025-04-14T20:35:00+00:00,2025-04-15,06:35,1,2,3
23,2025-04-14T20:36:00+00:00,2025-04-15,06:36,3,0,3
23,2025-04-14T20:39:00+00:00,2025-04-15,06:39,3,2,5
24,2025-04-14T20:25:00+00:00,2025-04-15,06:25,2,6,8
24,2025-04-14T20:28:00+00:00,2025-04-15,06:28,4,3,7
24,2025-04-14T20:31:00+00:00,2025-04-15,06:31,5,2,7
24,2025-04-14T20:34:00+00:00,2025-04-15,06:34,12,0,12
24,2025-04-14T20:36:00+00:00,2025-04-15,06:36,9,3,12
24,2025-04-14T20:39:00+00:00,2025-04-15,06:39,4,4,8
25,2025-04-14T20:25:00+00:00,2025-04-15,06:25,1,6,7
25,2025-04-14T20:30:00+00:00,2025-04-15,06:30,10,11,21
27,2025-04-14T20:30:00+00:00,2025-04-15,06:30,1,0,1
35,2025-04-14T20:25:00+00:00,2025-04-15,06:25,4,3,7
35,2025-04-14T20:31:00+00:00,2025-04-15,06:31,7,6,13
35,2025-04-14T20:33:00+00:00,2025-04-15,06:33,4,2,6
35,2025-04-14T20:35:00+00:00,2025-04-15,06:35,5,14,19
35,2025-04-14T20:38:00+00:00,2025-04-15,06:38,3,12,15
35,2025-04-14T20:39:00+00:00,2025-04-15,06:39,14,9,23
46,2025-04-14T20:30:00+00:00,2025-04-15,06:30,0,2,2
49,2025-04-14T20:26:00+00:00,2025-04-15,06:26,1,0,1
49,2025-04-14T20:27:00+00:00,2025-04-15,06:27,1,2,3
49,2025-04-14T20:35:00+00:00,2025-04-15,06:35,1,0,1
49,2025-04-14T20:36:00+00:00,2025-04-15,06:36,0,1,1
51,2025-04-14T20:26:00+00:00,2025-04-15,06:26,0,1,1
51,2025-04-14T20:29:00+00:00,2025-04-15,06:29,0,1,1
51,2025-04-14T20:37:00+00:00,2025-04-15,06:37,1,0,1
52,2025-04-14T20:25:00+00:00,2025-04-15,06:25,1,0,1
52,2025-04-14T20:29:00+00:00,2025-04-15,06:29,0,1,1
53,2025-04-14T20:26:00+00:00,2025-04-15,06:26,1,0,1
53,2025-04-14T20:33:00+00:00,2025-04-15,06:33,0,1,1
53,2025-04-14T20:34:00+00:00,2025-04-15,06:34,0,2,2
56,2025-04-14T20:32:00+00:00,2025-04-15,06:32,0,3,3
56,2025-04-14T20:36:00+00:00,2025-04-15,06:36,0,1,1
58,2025-04-14T20:25:00+00:00,2025-04-15,06:25,2,1,3
58,2025-04-14T20:31:00+00:00,2025-04-15,06:31,5,2,7
58,2025-04-14T20:34:00+00:00,2025-04-15,06:34,6,2,8
58,2025-04-14T20:36:00+00:00,2025-04-15,06:36,3,0,3
58,2025-04-14T20:37:00+00:00,2025-04-15,06:37,2,0,2
62,2025-04-14T20:26:00+00:00,2025-04-15,06:26,1,0,1
62,2025-04-14T20:29:00+00:00,2025-04-15,06:29,1,0,1
62,2025-04-14T20:33:00+00:00,2025-04-15,06:33,2,0,2
67,2025-04-14T20:26:00+00:00,2025-04-15,06:26,1,0,1
67,2025-04-14T20:27:00+00:00,2025-04-15,06:27,2,0,2
67,2025-04-14T20:30:00+00:00,2025-04-15,06:30,2,2,4
67,2025-04-14T20:35:00+00:00,2025-04-15,06:35,2,2,4
68,2025-04-14T20:38:00+00:00,2025-04-15,06:38,1,0,1
72,2025-04-14T20:32:00+00:00,2025-04-15,06:32,1,2,3
72,2025-04-14T20:33:00+00:00,2025-04-15,06:33,2,1,3
72,2025-04-14T20:38:00+00:00,2025-04-15,06:38,0,1,1
79,2025-04-14T20:26:00+00:00,2025-04-15,06:26,2,2,4
79,2025-04-14T20:29:00+00:00,2025-04-15,06:29,2,2,4
79,2025-04-14T20:30:00+00:00,2025-04-15,06:30,4,1,5
79,2025-04-14T20:33:00+00:00,2025-04-15,06:33,9,0,9
109,2025-04-14T20:25:00+00:00,2025-04-15,06:25,4,4,8
109,2025-04-14T20:30:00+00:00,2025-04-15,06:30,3,11,14
117,2025-04-14T20:25:00+00:00,2025-04-15,06:25,6,2,8
117,2025-04-14T20:35:00+00:00,2025-04-15,06:35,4,3,7
123,2025-04-14T20:30:00+00:00,2025-04-15,06:30,2,0,2
137,2025-04-14T20:30:00+00:00,2025-04-15,06:30,1,0,1
139,2025-04-14T20:35:00+00:00,2025-04-15,06:35,0,5,5
142,2025-04-14T20:35:00+00:00,2025-04-15,06:35,3,15,18
161,2025-04-14T20:30:00+00:00,2025-04-15,06:30,5,3,8
164,2025-04-14T20:35:00+00:00,2025-04-15,06:35,7,2,9
181,2025-04-14T20:26:00+00:00,2025-04-15,06:26,4,4,8
181,2025-04-14T20:28:00+00:00,2025-04-15,06:28,0,4,4
181,2025-04-14T20:29:00+00:00,2025-04-15,06:29,2,0,2
181,2025-04-14T20:30:00+00:00,2025-04-15,06:30,0,2,2
181,2025-04-14T20:32:00+00:00,2025-04-15,06:32,0,7,7
181,2025-04-14T20:34:00+00:00,2025-04-15,06:34,3,1,4
181,2025-04-14T20:37:00+00:00,2025-04-15,06:37,0,2,2
181,2025-04-14T20:39:00+00:00,2025-04-15,06:39,3,7,10
180,2025-04-14T20:37:00+00:00,2025-04-15,06:37,0,1,1
3,2025-04-14T20:43:00+00:00,2025-04-15,06:43,1,3,4
3,2025-04-14T20:44:00+00:00,2025-04-15,06:44,0,2,2
3,2025-04-14T20:45:00+00:00,2025-04-15,06:45,2,1,3
4,2025-04-14T20:40:00+00:00,2025-04-15,06:40,4,4,8
4,2025-04-14T20:41:00+00:00,2025-04-15,06:41,2,0,2
4,2025-04-14T20:52:00+00:00,2025-04-15,06:52,4,2,6
6,2025-04-14T20:40:00+00:00,2025-04-15,06:40,4,11,15
6,2025-04-14T20:42:00+00:00,2025-04-15,06:42,6,0,6
6,2025-04-14T20:45:00+00:00,2025-04-15,06:45,10,5,15
6,2025-04-14T20:46:00+00:00,2025-04-15,06:46,3,9,12
6,2025-04-14T20:47:00+00:00,2025-04-15,06:47,5,8,13
6,2025-04-14T20:48:00+00:00,2025-04-15,06:48,8,4,12
6,2025-04-14T20:51:00+00:00,2025-04-15,06:51,3,1,4
8,2025-04-14T20:41:00+00:00,2025-04-15,06:41,1,0,1
8,2025-04-14T20:42:00+00:00,2025-04-15,06:42,3,1,4
8,2025-04-14T20:44:00+00:00,2025-04-15,06:44,2,1,3
8,2025-04-14T20:45:00+00:00,2025-04-15,06:45,0,1,1
8,2025-04-14T20:47:00+00:00,2025-04-15,06:47,2,2,4
8,2025-04-14T20:51:00+00:00,2025-04-15,06:51,1,0,1
8,2025-04-14T20:52:00+00:00,2025-04-15,06:52,3,2,5
14,2025-04-14T20:45:00+00:00,2025-04-15,06:45,2,0,2
14,2025-04-14T20:48:00+00:00,2025-04-15,06:48,1,2,3
14,2025-04-14T20:49:00+00:00,2025-04-15,06:49,1,5,6
14,2025-04-14T20:53:00+00:00,2025-04-15,06:53,1,0,1
21,2025-04-14T20:50:00+00:00,2025-04-15,06:50,0,3,3
28,2025-04-14T20:40:00+00:00,2025-04-15,06:40,3,3,6
28,2025-04-14T20:45:00+00:00,2025-04-15,06:45,4,2,6
28,2025-04-14T20:52:00+00:00,2025-04-15,06:52,3,1,4
29,2025-04-14T20:42:00+00:00,2025-04-15,06:42,1,4,5
29,2025-04-14T20:43:00+00:00,2025-04-15,06:43,3,4,7
29,2025-04-14T20:50:00+00:00,2025-04-15,06:50,1,1,2
29,2025-04-14T20:52:00+00:00,2025-04-15,06:52,2,5,7
29,2025-04-14T20:53:00+00:00,2025-04-15,06:53,1,1,2
31,2025-04-14T20:40:00+00:00,2025-04-15,06:40,1,0,1
31,2025-04-14T20:44:00+00:00,2025-04-15,06:44,0,2,2
36,2025-04-14T20:43:00+00:00,2025-04-15,06:43,3,0,3
36,2025-04-14T20:51:00+00:00,2025-04-15,06:51,1,3,4
36,2025-04-14T20:52:00+00:00,2025-04-15,06:52,1,0,1
39,2025-04-14T20:43:00+00:00,2025-04-15,06:43,1,0,1
39,2025-04-14T20:44:00+00:00,2025-04-15,06:44,3,0,3
39,2025-04-14T20:46:00+00:00,2025-04-15,06:46,0,1,1
39,2025-04-14T20:54:00+00:00,2025-04-15,06:54,0,2,2
40,2025-04-14T20:40:00+00:00,2025-04-15,06:40,1,1,2
40,2025-04-14T20:47:00+00:00,2025-04-15,06:47,1,0,1
40,2025-04-14T20:48:00+00:00,2025-04-15,06:48,1,0,1
41,2025-04-14T20:50:00+00:00,2025-04-15,06:50,2,2,4
41,2025-04-14T20:52:00+00:00,2025-04-15,06:52,2,0,2
42,2025-04-14T20:52:00+00:00,2025-04-15,06:52,0,1,1
42,2025-04-14T20:54:00+00:00,2025-04-15,06:54,0,1,1
43,2025-04-14T20:40:00+00:00,2025-04-15,06:40,1,1,2
43,2025-04-14T20:45:00+00:00,2025-04-15,06:45,5,0,5
43,2025-04-14T20:50:00+00:00,2025-04-15,06:50,3,1,4
45,2025-04-14T20:43:00+00:00,2025-04-15,06:43,0,5,5
45,2025-04-14T20:44:00+00:00,2025-04-15,06:44,0,1,1
45,2025-04-14T20:50:00+00:00,2025-04-15,06:50,1,0,1
45,2025-04-14T20:53:00+00:00,2025-04-15,06:53,2,1,3
47,2025-04-14T20:41:00+00:00,2025-04-15,06:41,1,4,5
47,2025-04-14T20:43:00+00:00,2025-04-15,06:43,1,2,3
47,2025-04-14T20:46:00+00:00,2025-04-15,06:46,4,3,7
47,2025-04-14T20:49:00+00:00,2025-04-15,06:49,0,9,9
50,2025-04-14T20:40:00+00:00,2025-04-15,06:40,2,0,2
50,2025-04-14T20:42:00+00:00,2025-04-15,06:42,1,1,2
50,2025-04-14T20:43:00+00:00,2025-04-15,06:43,1,1,2
50,2025-04-14T20:49:00+00:00,2025-04-15,06:49,0,1,1
50,2025-04-14T20:54:00+00:00,2025-04-15,06:54,0,1,1
54,2025-04-14T20:41:00+00:00,2025-04-15,06:41,1,0,1
59,2025-04-14T20:45:00+00:00,2025-04-15,06:45,5,11,16
61,2025-04-14T20:41:00+00:00,2025-04-15,06:41,1,1,2
61,2025-04-14T20:42:00+00:00,2025-04-15,06:42,3,3,6
61,2025-04-14T20:53:00+00:00,2025-04-15,06:53,0,2,2
61,2025-04-14T20:54:00+00:00,2025-04-15,06:54,2,0,2
66,2025-04-14T20:43:00+00:00,2025-04-15,06:43,1,1,2
66,2025-04-14T20:47:00+00:00,2025-04-15,06:47,0,1,1
66,2025-04-14T20:51:00+00:00,2025-04-15,06:51,1,9,10
69,2025-04-14T20:51:00+00:00,2025-04-15,06:51,1,0,1
70,2025-04-14T20:40:00+00:00,2025-04-15,06:40,1,0,1
70,2025-04-14T20:47:00+00:00,2025-04-15,06:47,1,0,1
70,2025-04-14T20:49:00+00:00,2025-04-15,06:49,2,0,2
75,2025-04-14T20:41:00+00:00,2025-04-15,06:41,1,2,3
75,2025-04-14T20:44:00+00:00,2025-04-15,06:44,0,1,1
75,2025-04-14T20:46:00+00:00,2025-04-15,06:46,1,1,2
75,2025-04-14T20:47:00+00:00,2025-04-15,06:47,0,1,1
75,2025-04-14T20:49:00+00:00,2025-04-15,06:49,1,0,1
75,2025-04-14T20:52:00+00:00,2025-04-15,06:52,0,1,1
78,2025-04-14T20:42:00+00:00,2025-04-15,06:42,2,0,2
84,2025-04-14T20:40:00+00:00,2025-04-15,06:40,29,13,42
84,2025-04-14T20:50:00+00:00,2025-04-15,06:50,27,22,49
107,2025-04-14T20:45:00+00:00,2025-04-15,06:45,3,3,6
108,2025-04-14T20:40:00+00:00,2025-04-15,06:40,1,6,7
108,2025-04-14T20:43:00+00:00,2025-04-15,06:43,2,8,10
108,2025-04-14T20:44:00+00:00,2025-04-15,06:44,0,5,5
108,2025-04-14T20:46:00+00:00,2025-04-15,06:46,1,2,3
108,2025-04-14T20:48:00+00:00,2025-04-15,06:48,0,6,6
108,2025-04-14T20:49:00+00:00,2025-04-15,06:49,0,5,5
108,2025-04-14T20:50:00+00:00,2025-04-15,06:50,0,13,13
108,2025-04-14T20:53:00+00:00,2025-04-15,06:53,0,4,4
124,2025-04-14T20:40:00+00:00,2025-04-15,06:40,1,0,1
133,2025-04-14T20:45:00+00:00,2025-04-15,06:45,56,13,69
134,2025-04-14T20:40:00+00:00,2025-04-15,06:40,6,13,19
134,2025-04-14T20:45:00+00:00,2025-04-15,06:45,20,14,34
135,2025-04-14T20:50:00+00:00,2025-04-15,06:50,8,9,17
179,2025-04-14T20:50:00+00:00,2025-04-15,06:50,1,0,1
1,2025-04-14T20:40:00+00:00,2025-04-15,06:40,2,1,3
1,2025-04-14T20:46:00+00:00,2025-04-15,06:46,0,3,3
1,2025-04-14T20:47:00+00:00,2025-04-15,06:47,0,3,3
1,2025-04-14T20:49:00+00:00,2025-04-15,06:49,1,3,4
1,2025-04-14T20:52:00+00:00,2025-04-15,06:52,0,1,1
1,2025-04-14T20:54:00+00:00,2025-04-15,06:54,0,2,2
2,2025-04-14T20:50:00+00:00,2025-04-15,06:50,0,1,1
2,2025-04-14T20:52:00+00:00,2025-04-15,06:52,4,4,8
2,2025-04-14T20:54:00+00:00,2025-04-15,06:54,1,1,2
9,2025-04-14T20:40:00+00:00,2025-04-15,06:40,1,4,5
9,2025-04-14T20:51:00+00:00,2025-04-15,06:51,5,18,23
9,2025-04-14T20:53:00+00:00,2025-04-15,06:53,0,10,10
10,2025-04-14T20:51:00+00:00,2025-04-15,06:51,0,1,1
10,2025-04-14T20:52:00+00:00,2025-04-15,06:52,0,2,2
10,2025-04-14T20:53:00+00:00,2025-04-15,06:53,0,1,1
11,2025-04-14T20:47:00+00:00,2025-04-15,06:47,2,0,2
12,2025-04-14T20:41:00+00:00,2025-04-15,06:41,1,0,1
12,2025-04-14T20:43:00+00:00,2025-04-15,06:43,3,1,4
12,2025-04-14T20:46:00+00:00,2025-04-15,06:46,0,3,3
12,2025-04-14T20:47:00+00:00,2025-04-15,06:47,4,1,5
12,2025-04-14T20:48:00+00:00,2025-04-15,06:48,1,2,3
12,2025-04-14T20:50:00+00:00,2025-04-15,06:50,1,4,5
12,2025-04-14T20:52:00+00:00,2025-04-15,06:52,0,1,1
12,2025-04-14T20:53:00+00:00,2025-04-15,06:53,1,1,2
17,2025-04-14T20:42:00+00:00,2025-04-15,06:42,4,1,5
17,2025-04-14T20:45:00+00:00,2025-04-15,06:45,1,3,4
17,2025-04-14T20:47:00+00:00,2025-04-15,06:47,7,2,9
17,2025-04-14T20:49:00+00:00,2025-04-15,06:49,9,0,9
17,2025-04-14T20:51:00+00:00,2025-04-15,06:51,4,0,4
18,2025-04-14T20:40:00+00:00,2025-04-15,06:40,0,6,6
18,2025-04-14T20:46:00+00:00,2025-04-15,06:46,0,4,4
18,2025-04-14T20:51:00+00:00,2025-04-15,06:51,1,0,1
18,2025-04-14T20:52:00+00:00,2025-04-15,06:52,1,1,2
19,2025-04-14T20:48:00+00:00,2025-04-15,06:48,0,1,1
19,2025-04-14T20:49:00+00:00,2025-04-15,06:49,1,0,1
19,2025-04-14T20:52:00+00:00,2025-04-15,06:52,1,0,1
20,2025-04-14T20:42:00+00:00,2025-04-15,06:42,0,2,2
20,2025-04-14T20:50:00+00:00,2025-04-15,06:50,2,0,2
23,2025-04-14T20:43:00+00:00,2025-04-15,06:43,0,1,1
23,2025-04-14T20:44:00+00:00,2025-04-15,06:44,1,3,4
23,2025-04-14T20:49:00+00:00,2025-04-15,06:49,1,2,3
23,2025-04-14T20:51:00+00:00,2025-04-15,06:51,0,2,2
24,2025-04-14T20:42:00+00:00,2025-04-15,06:42,4,2,6
24,2025-04-14T20:43:00+00:00,2025-04-15,06:43,7,2,9
24,2025-04-14T20:44:00+00:00,2025-04-15,06:44,9,3,12
24,2025-04-14T20:47:00+00:00,2025-04-15,06:47,17,3,20
24,2025-04-14T20:48:00+00:00,2025-04-15,06:48,3,12,15
24,2025-04-14T20:50:00+00:00,2025-04-15,06:50,4,3,7
24,2025-04-14T20:51:00+00:00,2025-04-15,06:51,8,2,10
24,2025-04-14T20:54:00+00:00,2025-04-15,06:54,5,2,7
25,2025-04-14T20:40:00+00:00,2025-04-15,06:40,9,7,16
27,2025-04-14T20:40:00+00:00,2025-04-15,06:40,1,0,1
27,2025-04-14T20:44:00+00:00,2025-04-15,06:44,1,0,1
27,2025-04-14T20:47:00+00:00,2025-04-15,06:47,1,0,1
30,2025-04-14T20:44:00+00:00,2025-04-15,06:44,0,2,2
30,2025-04-14T20:49:00+00:00,2025-04-15,06:49,0,2,2
30,2025-04-14T20:50:00+00:00,2025-04-15,06:50,0,1,1
30,2025-04-14T20:54:00+00:00,2025-04-15,06:54,0,1,1
35,2025-04-14T20:41:00+00:00,2025-04-15,06:41,9,13,22
35,2025-04-14T20:42:00+00:00,2025-04-15,06:42,6,10,16
35,2025-04-14T20:43:00+00:00,2025-04-15,06:43,9,0,9
35,2025-04-14T20:46:00+00:00,2025-04-15,06:46,8,8,16
35,2025-04-14T20:47:00+00:00,2025-04-15,06:47,5,5,10
35,2025-04-14T20:49:00+00:00,2025-04-15,06:49,9,9,18
35,2025-04-14T20:52:00+00:00,2025-04-15,06:52,3,5,8
49,2025-04-14T20:46:00+00:00,2025-04-15,06:46,0,2,2
49,2025-04-14T20:47:00+00:00,2025-04-15,06:47,0,3,3
49,2025-04-14T20:52:00+00:00,2025-04-15,06:52,1,1,2
49,2025-04-14T20:54:00+00:00,2025-04-15,06:54,0,1,1
51,2025-04-14T20:46:00+00:00,2025-04-15,06:46,0,1,1
51,2025-04-14T20:47:00+00:00,2025-04-15,06:47,0,1,1
52,2025-04-14T20:43:00+00:00,2025-04-15,06:43,0,1,1
52,2025-04-14T20:44:00+00:00,2025-04-15,06:44,2,0,2
52,2025-04-14T20:50:00+00:00,2025-04-15,06:50,1,0,1
52,2025-04-14T20:52:00+00:00,2025-04-15,06:52,4,0,4
52,2025-04-14T20:54:00+00:00,2025-04-15,06:54,3,0,3
53,2025-04-14T20:41:00+00:00,2025-04-15,06:41,3,1,4
53,2025-04-14T20:42:00+00:00,2025-04-15,06:42,3,2,5
53,2025-04-14T20:44:00+00:00,2025-04-15,06:44,1,1,2
53,2025-04-14T20:47:00+00:00,2025-04-15,06:47,3,2,5
53,2025-04-14T20:51:00+00:00,2025-04-15,06:51,0,2,2
56,2025-04-14T20:53:00+00:00,2025-04-15,06:53,2,1,3
58,2025-04-14T20:52:00+00:00,2025-04-15,06:52,8,1,9
58,2025-04-14T20:54:00+00:00,2025-04-15,06:54,6,2,8
62,2025-04-14T20:47:00+00:00,2025-04-15,06:47,5,1,6
62,2025-04-14T20:52:00+00:00,2025-04-15,06:52,6,3,9
63,2025-04-14T20:41:00+00:00,2025-04-15,06:41,0,4,4
63,2025-04-14T20:42:00+00:00,2025-04-15,06:42,0,2,2
63,2025-04-14T20:45:00+00:00,2025-04-15,06:45,2,5,7
63,2025-04-14T20:48:00+00:00,2025-04-15,06:48,3,0,3
63,2025-04-14T20:49:00+00:00,2025-04-15,06:49,3,1,4
63,2025-04-14T20:50:00+00:00,2025-04-15,06:50,2,1,3
63,2025-04-14T20:53:00+00:00,2025-04-15,06:53,0,3,3
67,2025-04-14T20:40:00+00:00,2025-04-15,06:40,4,0,4
67,2025-04-14T20:43:00+00:00,2025-04-15,06:43,1,2,3
67,2025-04-14T20:46:00+00:00,2025-04-15,06:46,0,1,1
67,2025-04-14T20:50:00+00:00,2025-04-15,06:50,1,1,2
68,2025-04-14T20:44:00+00:00,2025-04-15,06:44,2,0,2
76,2025-04-14T20:40:00+00:00,2025-04-15,06:40,0,2,2
76,2025-04-14T20:42:00+00:00,2025-04-15,06:42,0,1,1
76,2025-04-14T20:45:00+00:00,2025-04-15,06:45,2,0,2
76,2025-04-14T20:51:00+00:00,2025-04-15,06:51,1,0,1
79,2025-04-14T20:49:00+00:00,2025-04-15,06:49,2,2,4
79,2025-04-14T20:51:00+00:00,2025-04-15,06:51,5,0,5
79,2025-04-14T20:52:00+00:00,2025-04-15,06:52,9,0,9
85,2025-04-14T20:40:00+00:00,2025-04-15,06:40,0,1,1
85,2025-04-14T20:41:00+00:00,2025-04-15,06:41,1,0,1
85,2025-04-14T20:42:00+00:00,2025-04-15,06:42,0,1,1
85,2025-04-14T20:52:00+00:00,2025-04-15,06:52,1,0,1
86,2025-04-14T20:44:00+00:00,2025-04-15,06:44,1,2,3
86,2025-04-14T20:50:00+00:00,2025-04-15,06:50,0,1,1
109,2025-04-14T20:45:00+00:00,2025-04-15,06:45,0,15,15
136,2025-04-14T20:40:00+00:00,2025-04-15,06:40,8,2,10
136,2025-04-14T20:50:00+00:00,2025-04-15,06:50,3,19,22
137,2025-04-14T20:45:00+00:00,2025-04-15,06:45,0,1,1
137,2025-04-14T20:50:00+00:00,2025-04-15,06:50,5,0,5
138,2025-04-14T20:40:00+00:00,2025-04-15,06:40,1,0,1
139,2025-04-14T20:50:00+00:00,2025-04-15,06:50,2,1,3
141,2025-04-14T20:45:00+00:00,2025-04-15,06:45,3,3,6
161,2025-04-14T20:40:00+00:00,2025-04-15,06:40,15,5,20
181,2025-04-14T20:43:00+00:00,2025-04-15,06:43,1,5,6
181,2025-04-14T20:50:00+00:00,2025-04-15,06:50,1,5,6
181,2025-04-14T20:51:00+00:00,2025-04-15,06:51,4,4,8
180,2025-04-14T20:41:00+00:00,2025-04-15,06:41,0,1,1
180,2025-04-14T20:47:00+00:00,2025-04-15,06:47,0,1,1
180,2025-04-14T20:52:00+00:00,2025-04-15,06:52,0,1,1
3,2025-04-14T17:12:00+00:00,2025-04-15,03:12,2,0,2
4,2025-04-14T17:15:00+00:00,2025-04-15,03:15,1,1,2
6,2025-04-14T17:13:00+00:00,2025-04-15,03:13,1,1,2
6,2025-04-14T17:17:00+00:00,2025-04-15,03:17,2,0,2
14,2025-04-14T17:11:00+00:00,2025-04-15,03:11,1,0,1
14,2025-04-14T17:14:00+00:00,2025-04-15,03:14,1,0,1
14,2025-04-14T17:15:00+00:00,2025-04-15,03:15,0,2,2
28,2025-04-14T17:13:00+00:00,2025-04-15,03:13,1,2,3
28,2025-04-14T17:16:00+00:00,2025-04-15,03:16,0,1,1
29,2025-04-14T17:24:00+00:00,2025-04-15,03:24,1,0,1
31,2025-04-14T17:24:00+00:00,2025-04-15,03:24,1,0,1
40,2025-04-14T17:16:00+00:00,2025-04-15,03:16,0,1,1
41,2025-04-14T17:13:00+00:00,2025-04-15,03:13,1,0,1
41,2025-04-14T17:20:00+00:00,2025-04-15,03:20,0,2,2
41,2025-04-14T17:23:00+00:00,2025-04-15,03:23,0,3,3
45,2025-04-14T17:12:00+00:00,2025-04-15,03:12,0,2,2
45,2025-04-14T17:24:00+00:00,2025-04-15,03:24,0,4,4
47,2025-04-14T17:22:00+00:00,2025-04-15,03:22,0,2,2
66,2025-04-14T17:18:00+00:00,2025-04-15,03:18,0,1,1
84,2025-04-14T17:10:00+00:00,2025-04-15,03:10,1,1,2
84,2025-04-14T17:20:00+00:00,2025-04-15,03:20,2,3,5
107,2025-04-14T17:10:00+00:00,2025-04-15,03:10,0,1,1
108,2025-04-14T17:15:00+00:00,2025-04-15,03:15,0,1,1
131,2025-04-14T17:10:00+00:00,2025-04-15,03:10,2,0,2
131,2025-04-14T17:15:00+00:00,2025-04-15,03:15,1,3,4
133,2025-04-14T17:10:00+00:00,2025-04-15,03:10,0,1,1
134,2025-04-14T17:10:00+00:00,2025-04-15,03:10,3,0,3
134,2025-04-14T17:15:00+00:00,2025-04-15,03:15,1,3,4
135,2025-04-14T17:10:00+00:00,2025-04-15,03:10,1,0,1
135,2025-04-14T17:15:00+00:00,2025-04-15,03:15,1,3,4
135,2025-04-14T17:20:00+00:00,2025-04-15,03:20,2,2,4
143,2025-04-14T17:10:00+00:00,2025-04-15,03:10,0,1,1
162,2025-04-14T17:20:00+00:00,2025-04-15,03:20,3,0,3
167,2025-04-14T17:10:00+00:00,2025-04-15,03:10,0,1,1
1,2025-04-14T17:22:00+00:00,2025-04-15,03:22,0,2,2
9,2025-04-14T17:20:00+00:00,2025-04-15,03:20,2,0,2
17,2025-04-14T17:20:00+00:00,2025-04-15,03:20,1,0,1
24,2025-04-14T17:19:00+00:00,2025-04-15,03:19,2,0,2
24,2025-04-14T17:21:00+00:00,2025-04-15,03:21,3,0,3
24,2025-04-14T17:24:00+00:00,2025-04-15,03:24,0,2,2
25,2025-04-14T17:15:00+00:00,2025-04-15,03:15,0,2,2
27,2025-04-14T17:15:00+00:00,2025-04-15,03:15,1,0,1
27,2025-04-14T17:24:00+00:00,2025-04-15,03:24,0,1,1
35,2025-04-14T17:14:00+00:00,2025-04-15,03:14,1,0,1
49,2025-04-14T17:13:00+00:00,2025-04-15,03:13,0,1,1
49,2025-04-14T17:17:00+00:00,2025-04-15,03:17,2,0,2
49,2025-04-14T17:18:00+00:00,2025-04-15,03:18,5,2,7
49,2025-04-14T17:20:00+00:00,2025-04-15,03:20,1,0,1
51,2025-04-14T17:18:00+00:00,2025-04-15,03:18,1,0,1
51,2025-04-14T17:23:00+00:00,2025-04-15,03:23,2,1,3
53,2025-04-14T17:12:00+00:00,2025-04-15,03:12,1,0,1
56,2025-04-14T17:16:00+00:00,2025-04-15,03:16,1,0,1
58,2025-04-14T17:21:00+00:00,2025-04-15,03:21,1,0,1
62,2025-04-14T17:17:00+00:00,2025-04-15,03:17,2,0,2
62,2025-04-14T17:21:00+00:00,2025-04-15,03:21,0,1,1
79,2025-04-14T17:10:00+00:00,2025-04-15,03:10,1,0,1
117,2025-04-14T17:20:00+00:00,2025-04-15,03:20,1,0,1
141,2025-04-14T17:15:00+00:00,2025-04-15,03:15,2,1,3
141,2025-04-14T17:20:00+00:00,2025-04-15,03:20,3,1,4
181,2025-04-14T17:10:00+00:00,2025-04-15,03:10,1,2,3
181,2025-04-14T17:11:00+00:00,2025-04-15,03:11,1,1,2
181,2025-04-14T17:13:00+00:00,2025-04-15,03:13,1,0,1
181,2025-04-14T17:16:00+00:00,2025-04-15,03:16,0,1,1
3,2025-04-14T16:55:00+00:00,2025-04-15,02:55,1,0,1
4,2025-04-14T16:57:00+00:00,2025-04-15,02:57,2,0,2
4,2025-04-14T17:08:00+00:00,2025-04-15,03:08,0,1,1
6,2025-04-14T17:00:00+00:00,2025-04-15,03:00,1,0,1
14,2025-04-14T17:08:00+00:00,2025-04-15,03:08,1,4,5
21,2025-04-14T17:05:00+00:00,2025-04-15,03:05,1,0,1
28,2025-04-14T17:08:00+00:00,2025-04-15,03:08,0,1,1
28,2025-04-14T17:09:00+00:00,2025-04-15,03:09,0,1,1
29,2025-04-14T17:08:00+00:00,2025-04-15,03:08,1,0,1
31,2025-04-14T16:57:00+00:00,2025-04-15,02:57,2,1,3
45,2025-04-14T17:05:00+00:00,2025-04-15,03:05,0,1,1
47,2025-04-14T17:09:00+00:00,2025-04-15,03:09,1,0,1
54,2025-04-14T17:00:00+00:00,2025-04-15,03:00,0,3,3
54,2025-04-14T17:03:00+00:00,2025-04-15,03:03,3,0,3
59,2025-04-14T17:00:00+00:00,2025-04-15,03:00,0,1,1
66,2025-04-14T16:58:00+00:00,2025-04-15,02:58,0,2,2
77,2025-04-14T16:55:00+00:00,2025-04-15,02:55,0,1,1
77,2025-04-14T17:05:00+00:00,2025-04-15,03:05,0,1,1
87,2025-04-14T16:57:00+00:00,2025-04-15,02:57,1,0,1
108,2025-04-14T17:02:00+00:00,2025-04-15,03:02,0,1,1
108,2025-04-14T17:03:00+00:00,2025-04-15,03:03,0,1,1
132,2025-04-14T17:05:00+00:00,2025-04-15,03:05,0,2,2
134,2025-04-14T17:05:00+00:00,2025-04-15,03:05,0,1,1
135,2025-04-14T17:00:00+00:00,2025-04-15,03:00,0,2,2
143,2025-04-14T16:55:00+00:00,2025-04-15,02:55,0,1,1
162,2025-04-14T16:55:00+00:00,2025-04-15,02:55,1,0,1
179,2025-04-14T17:00:00+00:00,2025-04-15,03:00,0,2,2
1,2025-04-14T17:02:00+00:00,2025-04-15,03:02,0,1,1
11,2025-04-14T16:55:00+00:00,2025-04-15,02:55,0,1,1
19,2025-04-14T16:57:00+00:00,2025-04-15,02:57,3,0,3
19,2025-04-14T16:59:00+00:00,2025-04-15,02:59,1,1,2
20,2025-04-14T17:01:00+00:00,2025-04-15,03:01,1,4,5
24,2025-04-14T16:58:00+00:00,2025-04-15,02:58,0,1,1
24,2025-04-14T16:59:00+00:00,2025-04-15,02:59,1,0,1
24,2025-04-14T17:08:00+00:00,2025-04-15,03:08,2,0,2
25,2025-04-14T17:00:00+00:00,2025-04-15,03:00,0,1,1
30,2025-04-14T17:03:00+00:00,2025-04-15,03:03,2,0,2
35,2025-04-14T17:02:00+00:00,2025-04-15,03:02,1,0,1
49,2025-04-14T17:05:00+00:00,2025-04-15,03:05,1,2,3
56,2025-04-14T17:05:00+00:00,2025-04-15,03:05,1,0,1
62,2025-04-14T16:59:00+00:00,2025-04-15,02:59,1,0,1
62,2025-04-14T17:06:00+00:00,2025-04-15,03:06,0,1,1
79,2025-04-14T16:55:00+00:00,2025-04-15,02:55,0,1,1
79,2025-04-14T17:04:00+00:00,2025-04-15,03:04,0,2,2
79,2025-04-14T17:05:00+00:00,2025-04-15,03:05,2,0,2
109,2025-04-14T17:00:00+00:00,2025-04-15,03:00,2,0,2
123,2025-04-14T17:00:00+00:00,2025-04-15,03:00,1,0,1
141,2025-04-14T17:05:00+00:00,2025-04-15,03:05,1,0,1
3,2025-04-14T17:26:00+00:00,2025-04-15,03:26,0,1,1
4,2025-04-14T17:34:00+00:00,2025-04-15,03:34,1,0,1
5,2025-04-14T17:35:00+00:00,2025-04-15,03:35,1,1,2
6,2025-04-14T17:35:00+00:00,2025-04-15,03:35,1,0,1
6,2025-04-14T17:36:00+00:00,2025-04-15,03:36,1,0,1
41,2025-04-14T17:27:00+00:00,2025-04-15,03:27,0,1,1
41,2025-04-14T17:28:00+00:00,2025-04-15,03:28,2,0,2
41,2025-04-14T17:37:00+00:00,2025-04-15,03:37,3,0,3
45,2025-04-14T17:39:00+00:00,2025-04-15,03:39,0,2,2
47,2025-04-14T17:36:00+00:00,2025-04-15,03:36,1,0,1
50,2025-04-14T17:30:00+00:00,2025-04-15,03:30,1,0,1
54,2025-04-14T17:37:00+00:00,2025-04-15,03:37,4,0,4
54,2025-04-14T17:39:00+00:00,2025-04-15,03:39,4,0,4
61,2025-04-14T17:30:00+00:00,2025-04-15,03:30,3,0,3
61,2025-04-14T17:34:00+00:00,2025-04-15,03:34,0,1,1
77,2025-04-14T17:25:00+00:00,2025-04-15,03:25,1,0,1
84,2025-04-14T17:30:00+00:00,2025-04-15,03:30,4,4,8
107,2025-04-14T17:35:00+00:00,2025-04-15,03:35,0,1,1
131,2025-04-14T17:30:00+00:00,2025-04-15,03:30,0,1,1
132,2025-04-14T17:35:00+00:00,2025-04-15,03:35,3,0,3
134,2025-04-14T17:25:00+00:00,2025-04-15,03:25,1,1,2
135,2025-04-14T17:30:00+00:00,2025-04-15,03:30,0,1,1
143,2025-04-14T17:30:00+00:00,2025-04-15,03:30,4,0,4
143,2025-04-14T17:35:00+00:00,2025-04-15,03:35,1,0,1
162,2025-04-14T17:35:00+00:00,2025-04-15,03:35,0,1,1
1,2025-04-14T17:31:00+00:00,2025-04-15,03:31,1,0,1
1,2025-04-14T17:32:00+00:00,2025-04-15,03:32,0,1,1
2,2025-04-14T17:27:00+00:00,2025-04-15,03:27,1,0,1
11,2025-04-14T17:29:00+00:00,2025-04-15,03:29,0,1,1
12,2025-04-14T17:27:00+00:00,2025-04-15,03:27,0,1,1
12,2025-04-14T17:32:00+00:00,2025-04-15,03:32,0,1,1
24,2025-04-14T17:25:00+00:00,2025-04-15,03:25,0,1,1
24,2025-04-14T17:29:00+00:00,2025-04-15,03:29,1,0,1
24,2025-04-14T17:30:00+00:00,2025-04-15,03:30,0,2,2
30,2025-04-14T17:37:00+00:00,2025-04-15,03:37,0,3,3
35,2025-04-14T17:36:00+00:00,2025-04-15,03:36,0,2,2
49,2025-04-14T17:27:00+00:00,2025-04-15,03:27,1,1,2
49,2025-04-14T17:38:00+00:00,2025-04-15,03:38,0,3,3
58,2025-04-14T17:36:00+00:00,2025-04-15,03:36,0,1,1
58,2025-04-14T17:38:00+00:00,2025-04-15,03:38,0,5,5
62,2025-04-14T17:28:00+00:00,2025-04-15,03:28,0,1,1
62,2025-04-14T17:37:00+00:00,2025-04-15,03:37,4,0,4
62,2025-04-14T17:39:00+00:00,2025-04-15,03:39,1,1,2
67,2025-04-14T17:29:00+00:00,2025-04-15,03:29,0,3,3
79,2025-04-14T17:26:00+00:00,2025-04-15,03:26,1,0,1
79,2025-04-14T17:32:00+00:00,2025-04-15,03:32,0,1,1
79,2025-04-14T17:34:00+00:00,2025-04-15,03:34,2,0,2
109,2025-04-14T17:30:00+00:00,2025-04-15,03:30,0,1,1
117,2025-04-14T17:25:00+00:00,2025-04-15,03:25,1,0,1
117,2025-04-14T17:30:00+00:00,2025-04-15,03:30,2,1,3
141,2025-04-14T17:35:00+00:00,2025-04-15,03:35,2,0,2
181,2025-04-14T17:34:00+00:00,2025-04-15,03:34,0,1,1
181,2025-04-14T17:35:00+00:00,2025-04-15,03:35,0,1,1
181,2025-04-14T17:44:00+00:00,2025-04-15,03:44,2,0,2
181,2025-04-14T17:48:00+00:00,2025-04-15,03:48,0,1,1
181,2025-04-14T17:51:00+00:00,2025-04-15,03:51,1,0,1
181,2025-04-14T17:53:00+00:00,2025-04-15,03:53,0,1,1
181,2025-04-14T17:54:00+00:00,2025-04-15,03:54,0,2,2
3,2025-04-14T17:42:00+00:00,2025-04-15,03:42,1,0,1
3,2025-04-14T17:51:00+00:00,2025-04-15,03:51,0,1,1
3,2025-04-14T17:52:00+00:00,2025-04-15,03:52,0,1,1
4,2025-04-14T17:47:00+00:00,2025-04-15,03:47,2,0,2
4,2025-04-14T17:51:00+00:00,2025-04-15,03:51,1,0,1
5,2025-04-14T17:40:00+00:00,2025-04-15,03:40,1,0,1
5,2025-04-14T17:45:00+00:00,2025-04-15,03:45,1,0,1
6,2025-04-14T17:42:00+00:00,2025-04-15,03:42,1,0,1
6,2025-04-14T17:50:00+00:00,2025-04-15,03:50,0,2,2
21,2025-04-14T17:40:00+00:00,2025-04-15,03:40,2,1,3
28,2025-04-14T17:42:00+00:00,2025-04-15,03:42,0,1,1
41,2025-04-14T17:41:00+00:00,2025-04-15,03:41,0,7,7
41,2025-04-14T17:43:00+00:00,2025-04-15,03:43,0,2,2
42,2025-04-14T17:48:00+00:00,2025-04-15,03:48,3,0,3
45,2025-04-14T17:46:00+00:00,2025-04-15,03:46,0,1,1
47,2025-04-14T17:43:00+00:00,2025-04-15,03:43,1,0,1
59,2025-04-14T17:50:00+00:00,2025-04-15,03:50,1,1,2
61,2025-04-14T17:52:00+00:00,2025-04-15,03:52,1,0,1
84,2025-04-14T17:50:00+00:00,2025-04-15,03:50,1,0,1
87,2025-04-14T17:42:00+00:00,2025-04-15,03:42,0,1,1
107,2025-04-14T17:45:00+00:00,2025-04-15,03:45,1,0,1
133,2025-04-14T17:45:00+00:00,2025-04-15,03:45,0,3,3
134,2025-04-14T17:45:00+00:00,2025-04-15,03:45,1,0,1
135,2025-04-14T17:45:00+00:00,2025-04-15,03:45,1,2,3
162,2025-04-14T17:40:00+00:00,2025-04-15,03:40,2,1,3
162,2025-04-14T17:45:00+00:00,2025-04-15,03:45,2,1,3
162,2025-04-14T17:50:00+00:00,2025-04-15,03:50,2,0,2
167,2025-04-14T17:45:00+00:00,2025-04-15,03:45,0,1,1
2,2025-04-14T17:48:00+00:00,2025-04-15,03:48,0,3,3
9,2025-04-14T17:43:00+00:00,2025-04-15,03:43,0,1,1
11,2025-04-14T17:53:00+00:00,2025-04-15,03:53,1,0,1
24,2025-04-14T17:52:00+00:00,2025-04-15,03:52,0,2,2
30,2025-04-14T17:44:00+00:00,2025-04-15,03:44,0,1,1
35,2025-04-14T17:40:00+00:00,2025-04-15,03:40,2,2,4
49,2025-04-14T17:40:00+00:00,2025-04-15,03:40,2,0,2
49,2025-04-14T17:48:00+00:00,2025-04-15,03:48,1,0,1
49,2025-04-14T17:51:00+00:00,2025-04-15,03:51,0,1,1
51,2025-04-14T17:47:00+00:00,2025-04-15,03:47,0,1,1
53,2025-04-14T17:50:00+00:00,2025-04-15,03:50,1,0,1
56,2025-04-14T17:47:00+00:00,2025-04-15,03:47,1,0,1
58,2025-04-14T17:41:00+00:00,2025-04-15,03:41,1,0,1
58,2025-04-14T17:46:00+00:00,2025-04-15,03:46,0,3,3
62,2025-04-14T17:42:00+00:00,2025-04-15,03:42,1,0,1
117,2025-04-14T17:50:00+00:00,2025-04-15,03:50,1,0,1
164,2025-04-14T17:50:00+00:00,2025-04-15,03:50,0,1,1
3,2025-04-14T18:05:00+00:00,2025-04-15,04:05,2,0,2
4,2025-04-14T18:07:00+00:00,2025-04-15,04:07,0,1,1
5,2025-04-14T18:00:00+00:00,2025-04-15,04:00,1,0,1
6,2025-04-14T18:05:00+00:00,2025-04-15,04:05,0,1,1
6,2025-04-14T18:07:00+00:00,2025-04-15,04:07,2,3,5
14,2025-04-14T18:03:00+00:00,2025-04-15,04:03,1,0,1
28,2025-04-14T17:57:00+00:00,2025-04-15,03:57,0,2,2
28,2025-04-14T17:58:00+00:00,2025-04-15,03:58,0,1,1
28,2025-04-14T18:02:00+00:00,2025-04-15,04:02,0,1,1
31,2025-04-14T18:04:00+00:00,2025-04-15,04:04,8,0,8
31,2025-04-14T18:08:00+00:00,2025-04-15,04:08,3,0,3
41,2025-04-14T17:58:00+00:00,2025-04-15,03:58,0,1,1
41,2025-04-14T17:59:00+00:00,2025-04-15,03:59,3,0,3
41,2025-04-14T18:03:00+00:00,2025-04-15,04:03,0,4,4
41,2025-04-14T18:09:00+00:00,2025-04-15,04:09,0,2,2
45,2025-04-14T17:57:00+00:00,2025-04-15,03:57,1,0,1
45,2025-04-14T18:05:00+00:00,2025-04-15,04:05,0,2,2
45,2025-04-14T18:07:00+00:00,2025-04-15,04:07,0,3,3
45,2025-04-14T18:09:00+00:00,2025-04-15,04:09,0,1,1
47,2025-04-14T18:06:00+00:00,2025-04-15,04:06,1,1,2
59,2025-04-14T17:55:00+00:00,2025-04-15,03:55,1,2,3
61,2025-04-14T18:04:00+00:00,2025-04-15,04:04,1,0,1
77,2025-04-14T18:00:00+00:00,2025-04-15,04:00,0,1,1
84,2025-04-14T18:05:00+00:00,2025-04-15,04:05,1,4,5
87,2025-04-14T18:08:00+00:00,2025-04-15,04:08,1,1,2
108,2025-04-14T18:02:00+00:00,2025-04-15,04:02,2,0,2
131,2025-04-14T17:55:00+00:00,2025-04-15,03:55,1,0,1
133,2025-04-14T17:55:00+00:00,2025-04-15,03:55,0,3,3
134,2025-04-14T18:05:00+00:00,2025-04-15,04:05,2,0,2
135,2025-04-14T18:00:00+00:00,2025-04-15,04:00,2,0,2
135,2025-04-14T18:05:00+00:00,2025-04-15,04:05,5,0,5
162,2025-04-14T17:55:00+00:00,2025-04-15,03:55,0,1,1
166,2025-04-14T17:55:00+00:00,2025-04-15,03:55,1,0,1
1,2025-04-14T17:57:00+00:00,2025-04-15,03:57,2,0,2
2,2025-04-14T18:07:00+00:00,2025-04-15,04:07,0,1,1
9,2025-04-14T18:01:00+00:00,2025-04-15,04:01,0,2,2
12,2025-04-14T17:56:00+00:00,2025-04-15,03:56,0,1,1
17,2025-04-14T18:09:00+00:00,2025-04-15,04:09,0,1,1
19,2025-04-14T17:55:00+00:00,2025-04-15,03:55,2,0,2
20,2025-04-14T17:55:00+00:00,2025-04-15,03:55,1,0,1
20,2025-04-14T18:07:00+00:00,2025-04-15,04:07,2,0,2
24,2025-04-14T17:59:00+00:00,2025-04-15,03:59,0,1,1
30,2025-04-14T17:58:00+00:00,2025-04-15,03:58,0,2,2
49,2025-04-14T17:57:00+00:00,2025-04-15,03:57,1,0,1
49,2025-04-14T18:02:00+00:00,2025-04-15,04:02,1,0,1
52,2025-04-14T18:06:00+00:00,2025-04-15,04:06,0,1,1
58,2025-04-14T17:55:00+00:00,2025-04-15,03:55,0,1,1
62,2025-04-14T17:56:00+00:00,2025-04-15,03:56,1,0,1
62,2025-04-14T18:03:00+00:00,2025-04-15,04:03,0,1,1
67,2025-04-14T18:06:00+00:00,2025-04-15,04:06,1,0,1
79,2025-04-14T17:56:00+00:00,2025-04-15,03:56,0,1,1
181,2025-04-14T18:03:00+00:00,2025-04-15,04:03,1,1,2
181,2025-04-14T18:16:00+00:00,2025-04-15,04:16,0,1,1
181,2025-04-14T18:21:00+00:00,2025-04-15,04:21,0,1,1
181,2025-04-14T18:22:00+00:00,2025-04-15,04:22,2,0,2
3,2025-04-14T18:16:00+00:00,2025-04-15,04:16,0,1,1
4,2025-04-14T18:22:00+00:00,2025-04-15,04:22,0,1,1
5,2025-04-14T18:20:00+00:00,2025-04-15,04:20,2,2,4
28,2025-04-14T18:17:00+00:00,2025-04-15,04:17,1,0,1
28,2025-04-14T18:24:00+00:00,2025-04-15,04:24,0,1,1
37,2025-04-14T18:10:00+00:00,2025-04-15,04:10,1,0,1
37,2025-04-14T18:18:00+00:00,2025-04-15,04:18,0,6,6
41,2025-04-14T18:11:00+00:00,2025-04-15,04:11,0,1,1
41,2025-04-14T18:24:00+00:00,2025-04-15,04:24,0,1,1
45,2025-04-14T18:13:00+00:00,2025-04-15,04:13,0,1,1
45,2025-04-14T18:16:00+00:00,2025-04-15,04:16,1,0,1
47,2025-04-14T18:22:00+00:00,2025-04-15,04:22,0,2,2
50,2025-04-14T18:18:00+00:00,2025-04-15,04:18,1,0,1
66,2025-04-14T18:12:00+00:00,2025-04-15,04:12,1,0,1
66,2025-04-14T18:17:00+00:00,2025-04-15,04:17,0,1,1
69,2025-04-14T18:14:00+00:00,2025-04-15,04:14,1,0,1
77,2025-04-14T18:15:00+00:00,2025-04-15,04:15,1,1,2
84,2025-04-14T18:20:00+00:00,2025-04-15,04:20,0,2,2
87,2025-04-14T18:13:00+00:00,2025-04-15,04:13,1,1,2
87,2025-04-14T18:15:00+00:00,2025-04-15,04:15,0,1,1
108,2025-04-14T18:22:00+00:00,2025-04-15,04:22,0,2,2
132,2025-04-14T18:10:00+00:00,2025-04-15,04:10,0,1,1
133,2025-04-14T18:15:00+00:00,2025-04-15,04:15,1,0,1
133,2025-04-14T18:20:00+00:00,2025-04-15,04:20,1,1,2
134,2025-04-14T18:15:00+00:00,2025-04-15,04:15,3,1,4
135,2025-04-14T18:20:00+00:00,2025-04-15,04:20,1,0,1
1,2025-04-14T18:24:00+00:00,2025-04-15,04:24,0,1,1
17,2025-04-14T18:10:00+00:00,2025-04-15,04:10,0,1,1
17,2025-04-14T18:16:00+00:00,2025-04-15,04:16,1,0,1
19,2025-04-14T18:15:00+00:00,2025-04-15,04:15,0,1,1
19,2025-04-14T18:24:00+00:00,2025-04-15,04:24,1,0,1
24,2025-04-14T18:16:00+00:00,2025-04-15,04:16,0,5,5
35,2025-04-14T18:18:00+00:00,2025-04-15,04:18,3,0,3
51,2025-04-14T18:24:00+00:00,2025-04-15,04:24,0,1,1
53,2025-04-14T18:11:00+00:00,2025-04-15,04:11,1,1,2
56,2025-04-14T18:18:00+00:00,2025-04-15,04:18,3,1,4
58,2025-04-14T18:12:00+00:00,2025-04-15,04:12,0,1,1
58,2025-04-14T18:16:00+00:00,2025-04-15,04:16,0,1,1
62,2025-04-14T18:17:00+00:00,2025-04-15,04:17,1,0,1
79,2025-04-14T18:15:00+00:00,2025-04-15,04:15,0,3,3
79,2025-04-14T18:18:00+00:00,2025-04-15,04:18,1,0,1
164,2025-04-14T18:15:00+00:00,2025-04-15,04:15,4,0,4
4,2025-04-14T18:32:00+00:00,2025-04-15,04:32,1,1,2
4,2025-04-14T18:39:00+00:00,2025-04-15,04:39,0,1,1
5,2025-04-14T18:35:00+00:00,2025-04-15,04:35,5,1,6
6,2025-04-14T18:34:00+00:00,2025-04-15,04:34,1,0,1
6,2025-04-14T18:36:00+00:00,2025-04-15,04:36,1,0,1
6,2025-04-14T18:38:00+00:00,2025-04-15,04:38,0,1,1
6,2025-04-14T18:39:00+00:00,2025-04-15,04:39,2,0,2
21,2025-04-14T18:35:00+00:00,2025-04-15,04:35,2,1,3
28,2025-04-14T18:28:00+00:00,2025-04-15,04:28,0,1,1
28,2025-04-14T18:32:00+00:00,2025-04-15,04:32,0,1,1
28,2025-04-14T18:35:00+00:00,2025-04-15,04:35,0,1,1
31,2025-04-14T18:35:00+00:00,2025-04-15,04:35,0,1,1
31,2025-04-14T18:36:00+00:00,2025-04-15,04:36,0,2,2
41,2025-04-14T18:29:00+00:00,2025-04-15,04:29,0,3,3
41,2025-04-14T18:35:00+00:00,2025-04-15,04:35,0,1,1
42,2025-04-14T18:27:00+00:00,2025-04-15,04:27,1,0,1
45,2025-04-14T18:31:00+00:00,2025-04-15,04:31,2,2,4
45,2025-04-14T18:38:00+00:00,2025-04-15,04:38,0,1,1
47,2025-04-14T18:28:00+00:00,2025-04-15,04:28,1,0,1
78,2025-04-14T18:30:00+00:00,2025-04-15,04:30,0,1,1
108,2025-04-14T18:25:00+00:00,2025-04-15,04:25,0,1,1
108,2025-04-14T18:34:00+00:00,2025-04-15,04:34,1,0,1
108,2025-04-14T18:38:00+00:00,2025-04-15,04:38,0,2,2
131,2025-04-14T18:30:00+00:00,2025-04-15,04:30,0,1,1
132,2025-04-14T18:25:00+00:00,2025-04-15,04:25,0,2,2
133,2025-04-14T18:30:00+00:00,2025-04-15,04:30,0,1,1
133,2025-04-14T18:35:00+00:00,2025-04-15,04:35,0,1,1
134,2025-04-14T18:30:00+00:00,2025-04-15,04:30,0,1,1
135,2025-04-14T18:25:00+00:00,2025-04-15,04:25,2,1,3
143,2025-04-14T18:35:00+00:00,2025-04-15,04:35,0,3,3
162,2025-04-14T18:30:00+00:00,2025-04-15,04:30,0,1,1
167,2025-04-14T18:30:00+00:00,2025-04-15,04:30,0,1,1
9,2025-04-14T18:29:00+00:00,2025-04-15,04:29,1,0,1
17,2025-04-14T18:39:00+00:00,2025-04-15,04:39,0,1,1
20,2025-04-14T18:27:00+00:00,2025-04-15,04:27,1,0,1
24,2025-04-14T18:29:00+00:00,2025-04-15,04:29,0,1,1
25,2025-04-14T18:25:00+00:00,2025-04-15,04:25,2,0,2
25,2025-04-14T18:35:00+00:00,2025-04-15,04:35,0,1,1
30,2025-04-14T18:38:00+00:00,2025-04-15,04:38,1,0,1
35,2025-04-14T18:33:00+00:00,2025-04-15,04:33,2,0,2
49,2025-04-14T18:25:00+00:00,2025-04-15,04:25,1,0,1
49,2025-04-14T18:39:00+00:00,2025-04-15,04:39,1,0,1
52,2025-04-14T18:26:00+00:00,2025-04-15,04:26,1,0,1
53,2025-04-14T18:30:00+00:00,2025-04-15,04:30,1,0,1
56,2025-04-14T18:25:00+00:00,2025-04-15,04:25,1,0,1
62,2025-04-14T18:25:00+00:00,2025-04-15,04:25,1,0,1
62,2025-04-14T18:27:00+00:00,2025-04-15,04:27,1,0,1
79,2025-04-14T18:31:00+00:00,2025-04-15,04:31,0,2,2
141,2025-04-14T18:25:00+00:00,2025-04-15,04:25,1,3,4
181,2025-04-14T18:28:00+00:00,2025-04-15,04:28,1,0,1
181,2025-04-14T18:39:00+00:00,2025-04-15,04:39,0,1,1
181,2025-04-14T18:40:00+00:00,2025-04-15,04:40,0,1,1
181,2025-04-14T18:43:00+00:00,2025-04-15,04:43,2,1,3
181,2025-04-14T18:46:00+00:00,2025-04-15,04:46,0,1,1
181,2025-04-14T18:53:00+00:00,2025-04-15,04:53,2,1,3
4,2025-04-14T18:41:00+00:00,2025-04-15,04:41,0,1,1
4,2025-04-14T18:43:00+00:00,2025-04-15,04:43,0,1,1
4,2025-04-14T18:49:00+00:00,2025-04-15,04:49,2,0,2
5,2025-04-14T18:40:00+00:00,2025-04-15,04:40,3,1,4
5,2025-04-14T18:45:00+00:00,2025-04-15,04:45,1,1,2
6,2025-04-14T18:42:00+00:00,2025-04-15,04:42,1,0,1
6,2025-04-14T18:46:00+00:00,2025-04-15,04:46,1,0,1
14,2025-04-14T18:40:00+00:00,2025-04-15,04:40,2,0,2
14,2025-04-14T18:41:00+00:00,2025-04-15,04:41,1,0,1
28,2025-04-14T18:48:00+00:00,2025-04-15,04:48,0,1,1
28,2025-04-14T18:52:00+00:00,2025-04-15,04:52,0,2,2
29,2025-04-14T18:40:00+00:00,2025-04-15,04:40,1,0,1
29,2025-04-14T18:45:00+00:00,2025-04-15,04:45,1,0,1
31,2025-04-14T18:54:00+00:00,2025-04-15,04:54,0,1,1
39,2025-04-14T18:44:00+00:00,2025-04-15,04:44,1,1,2
41,2025-04-14T18:42:00+00:00,2025-04-15,04:42,1,1,2
41,2025-04-14T18:43:00+00:00,2025-04-15,04:43,0,2,2
41,2025-04-14T18:46:00+00:00,2025-04-15,04:46,0,1,1
41,2025-04-14T18:54:00+00:00,2025-04-15,04:54,1,0,1
45,2025-04-14T18:40:00+00:00,2025-04-15,04:40,0,1,1
45,2025-04-14T18:44:00+00:00,2025-04-15,04:44,0,1,1
47,2025-04-14T18:42:00+00:00,2025-04-15,04:42,0,1,1
47,2025-04-14T18:46:00+00:00,2025-04-15,04:46,3,0,3
47,2025-04-14T18:51:00+00:00,2025-04-15,04:51,0,1,1
47,2025-04-14T18:53:00+00:00,2025-04-15,04:53,1,0,1
50,2025-04-14T18:41:00+00:00,2025-04-15,04:41,0,1,1
54,2025-04-14T18:54:00+00:00,2025-04-15,04:54,1,0,1
61,2025-04-14T18:40:00+00:00,2025-04-15,04:40,0,1,1
66,2025-04-14T18:42:00+00:00,2025-04-15,04:42,1,0,1
66,2025-04-14T18:50:00+00:00,2025-04-15,04:50,1,1,2
77,2025-04-14T18:45:00+00:00,2025-04-15,04:45,0,1,1
132,2025-04-14T18:50:00+00:00,2025-04-15,04:50,1,1,2
133,2025-04-14T18:45:00+00:00,2025-04-15,04:45,1,1,2
143,2025-04-14T18:45:00+00:00,2025-04-15,04:45,0,1,1
162,2025-04-14T18:50:00+00:00,2025-04-15,04:50,1,0,1
1,2025-04-14T18:53:00+00:00,2025-04-15,04:53,0,3,3
11,2025-04-14T18:42:00+00:00,2025-04-15,04:42,1,0,1
12,2025-04-14T18:49:00+00:00,2025-04-15,04:49,1,0,1
12,2025-04-14T18:52:00+00:00,2025-04-15,04:52,1,0,1
17,2025-04-14T18:43:00+00:00,2025-04-15,04:43,2,0,2
17,2025-04-14T18:48:00+00:00,2025-04-15,04:48,2,1,3
17,2025-04-14T18:50:00+00:00,2025-04-15,04:50,1,0,1
17,2025-04-14T18:53:00+00:00,2025-04-15,04:53,1,0,1
24,2025-04-14T18:48:00+00:00,2025-04-15,04:48,1,0,1
25,2025-04-14T18:40:00+00:00,2025-04-15,04:40,0,4,4
25,2025-04-14T18:45:00+00:00,2025-04-15,04:45,1,0,1
35,2025-04-14T18:48:00+00:00,2025-04-15,04:48,2,0,2
35,2025-04-14T18:50:00+00:00,2025-04-15,04:50,1,0,1
35,2025-04-14T18:53:00+00:00,2025-04-15,04:53,1,0,1
53,2025-04-14T18:41:00+00:00,2025-04-15,04:41,1,0,1
53,2025-04-14T18:49:00+00:00,2025-04-15,04:49,0,1,1
58,2025-04-14T18:43:00+00:00,2025-04-15,04:43,0,2,2
62,2025-04-14T18:45:00+00:00,2025-04-15,04:45,1,0,1
67,2025-04-14T18:46:00+00:00,2025-04-15,04:46,0,1,1
72,2025-04-14T18:41:00+00:00,2025-04-15,04:41,0,1,1
72,2025-04-14T18:47:00+00:00,2025-04-15,04:47,0,1,1
79,2025-04-14T18:41:00+00:00,2025-04-15,04:41,0,5,5
79,2025-04-14T18:48:00+00:00,2025-04-15,04:48,0,1,1
79,2025-04-14T18:50:00+00:00,2025-04-15,04:50,2,0,2
109,2025-04-14T18:45:00+00:00,2025-04-15,04:45,0,1,1
141,2025-04-14T18:50:00+00:00,2025-04-15,04:50,1,0,1
3,2025-04-14T19:09:00+00:00,2025-04-15,05:09,1,0,1
4,2025-04-14T19:05:00+00:00,2025-04-15,05:05,0,1,1
5,2025-04-14T19:00:00+00:00,2025-04-15,05:00,2,1,3
6,2025-04-14T18:57:00+00:00,2025-04-15,04:57,0,3,3
6,2025-04-14T18:59:00+00:00,2025-04-15,04:59,5,0,5
8,2025-04-14T18:59:00+00:00,2025-04-15,04:59,1,0,1
14,2025-04-14T18:55:00+00:00,2025-04-15,04:55,2,1,3
14,2025-04-14T18:58:00+00:00,2025-04-15,04:58,1,0,1
14,2025-04-14T18:59:00+00:00,2025-04-15,04:59,1,1,2
14,2025-04-14T19:08:00+00:00,2025-04-15,05:08,1,0,1
28,2025-04-14T18:58:00+00:00,2025-04-15,04:58,0,1,1
28,2025-04-14T19:03:00+00:00,2025-04-15,05:03,0,1,1
31,2025-04-14T18:55:00+00:00,2025-04-15,04:55,1,0,1
41,2025-04-14T19:01:00+00:00,2025-04-15,05:01,1,1,2
41,2025-04-14T19:02:00+00:00,2025-04-15,05:02,0,2,2
41,2025-04-14T19:06:00+00:00,2025-04-15,05:06,0,3,3
41,2025-04-14T19:07:00+00:00,2025-04-15,05:07,0,2,2
50,2025-04-14T19:03:00+00:00,2025-04-15,05:03,0,2,2
61,2025-04-14T18:55:00+00:00,2025-04-15,04:55,0,1,1
61,2025-04-14T18:57:00+00:00,2025-04-15,04:57,0,1,1
61,2025-04-14T19:09:00+00:00,2025-04-15,05:09,0,1,1
108,2025-04-14T19:04:00+00:00,2025-04-15,05:04,0,1,1
132,2025-04-14T19:00:00+00:00,2025-04-15,05:00,1,0,1
133,2025-04-14T19:05:00+00:00,2025-04-15,05:05,5,7,12
134,2025-04-14T18:55:00+00:00,2025-04-15,04:55,1,2,3
134,2025-04-14T19:05:00+00:00,2025-04-15,05:05,2,1,3
135,2025-04-14T19:00:00+00:00,2025-04-15,05:00,1,1,2
162,2025-04-14T19:05:00+00:00,2025-04-15,05:05,2,0,2
1,2025-04-14T18:59:00+00:00,2025-04-15,04:59,1,0,1
1,2025-04-14T19:07:00+00:00,2025-04-15,05:07,2,0,2
9,2025-04-14T18:57:00+00:00,2025-04-15,04:57,2,0,2
17,2025-04-14T18:59:00+00:00,2025-04-15,04:59,1,0,1
17,2025-04-14T19:05:00+00:00,2025-04-15,05:05,0,1,1
17,2025-04-14T19:09:00+00:00,2025-04-15,05:09,1,0,1
23,2025-04-14T19:05:00+00:00,2025-04-15,05:05,0,1,1
24,2025-04-14T18:59:00+00:00,2025-04-15,04:59,0,1,1
24,2025-04-14T19:03:00+00:00,2025-04-15,05:03,0,1,1
24,2025-04-14T19:06:00+00:00,2025-04-15,05:06,3,0,3
24,2025-04-14T19:08:00+00:00,2025-04-15,05:08,1,0,1
24,2025-04-14T19:09:00+00:00,2025-04-15,05:09,2,0,2
30,2025-04-14T19:08:00+00:00,2025-04-15,05:08,0,2,2
35,2025-04-14T19:05:00+00:00,2025-04-15,05:05,1,0,1
35,2025-04-14T19:06:00+00:00,2025-04-15,05:06,0,1,1
49,2025-04-14T18:59:00+00:00,2025-04-15,04:59,0,2,2
49,2025-04-14T19:04:00+00:00,2025-04-15,05:04,3,0,3
53,2025-04-14T19:02:00+00:00,2025-04-15,05:02,1,0,1
58,2025-04-14T18:58:00+00:00,2025-04-15,04:58,0,2,2
67,2025-04-14T19:05:00+00:00,2025-04-15,05:05,3,0,3
79,2025-04-14T18:55:00+00:00,2025-04-15,04:55,1,2,3
79,2025-04-14T18:56:00+00:00,2025-04-15,04:56,1,1,2
79,2025-04-14T18:57:00+00:00,2025-04-15,04:57,1,0,1
164,2025-04-14T19:05:00+00:00,2025-04-15,05:05,0,1,1
181,2025-04-14T18:55:00+00:00,2025-04-15,04:55,0,2,2
181,2025-04-14T18:57:00+00:00,2025-04-15,04:57,0,1,1
181,2025-04-14T18:58:00+00:00,2025-04-15,04:58,0,1,1
181,2025-04-14T18:59:00+00:00,2025-04-15,04:59,1,1,2
181,2025-04-14T19:12:00+00:00,2025-04-15,05:12,2,1,3
181,2025-04-14T19:13:00+00:00,2025-04-15,05:13,1,3,4
181,2025-04-14T19:15:00+00:00,2025-04-15,05:15,2,1,3
181,2025-04-14T19:17:00+00:00,2025-04-15,05:17,3,1,4
181,2025-04-14T19:18:00+00:00,2025-04-15,05:18,1,0,1
181,2025-04-14T19:21:00+00:00,2025-04-15,05:21,0,1,1
3,2025-04-14T14:32:00+00:00,2025-04-15,00:32,0,3,3
3,2025-04-14T14:36:00+00:00,2025-04-15,00:36,2,0,2
3,2025-04-14T14:38:00+00:00,2025-04-15,00:38,0,2,2
3,2025-04-14T14:39:00+00:00,2025-04-15,00:39,0,3,3
4,2025-04-14T14:30:00+00:00,2025-04-15,00:30,1,0,1
4,2025-04-14T14:32:00+00:00,2025-04-15,00:32,1,0,1
4,2025-04-14T14:33:00+00:00,2025-04-15,00:33,1,1,2
4,2025-04-14T14:35:00+00:00,2025-04-15,00:35,0,2,2
4,2025-04-14T14:36:00+00:00,2025-04-15,00:36,2,2,4
5,2025-04-14T14:30:00+00:00,2025-04-15,00:30,0,4,4
6,2025-04-14T14:28:00+00:00,2025-04-15,00:28,1,0,1
6,2025-04-14T14:30:00+00:00,2025-04-15,00:30,2,2,4
14,2025-04-14T14:33:00+00:00,2025-04-15,00:33,4,0,4
31,2025-04-14T14:32:00+00:00,2025-04-15,00:32,0,2,2
36,2025-04-14T14:34:00+00:00,2025-04-15,00:34,1,0,1
39,2025-04-14T14:28:00+00:00,2025-04-15,00:28,0,1,1
41,2025-04-14T14:29:00+00:00,2025-04-15,00:29,4,2,6
41,2025-04-14T14:31:00+00:00,2025-04-15,00:31,1,3,4
41,2025-04-14T14:32:00+00:00,2025-04-15,00:32,3,2,5
41,2025-04-14T14:33:00+00:00,2025-04-15,00:33,0,4,4
41,2025-04-14T14:34:00+00:00,2025-04-15,00:34,0,4,4
41,2025-04-14T14:35:00+00:00,2025-04-15,00:35,1,0,1
42,2025-04-14T14:25:00+00:00,2025-04-15,00:25,0,1,1
42,2025-04-14T14:26:00+00:00,2025-04-15,00:26,0,2,2
42,2025-04-14T14:32:00+00:00,2025-04-15,00:32,0,1,1
45,2025-04-14T14:30:00+00:00,2025-04-15,00:30,3,0,3
45,2025-04-14T14:38:00+00:00,2025-04-15,00:38,0,1,1
45,2025-04-14T14:39:00+00:00,2025-04-15,00:39,0,1,1
47,2025-04-14T14:25:00+00:00,2025-04-15,00:25,1,3,4
47,2025-04-14T14:26:00+00:00,2025-04-15,00:26,1,0,1
47,2025-04-14T14:38:00+00:00,2025-04-15,00:38,4,0,4
54,2025-04-14T14:31:00+00:00,2025-04-15,00:31,0,1,1
59,2025-04-14T14:30:00+00:00,2025-04-15,00:30,3,3,6
59,2025-04-14T14:35:00+00:00,2025-04-15,00:35,1,1,2
61,2025-04-14T14:34:00+00:00,2025-04-15,00:34,1,1,2
61,2025-04-14T14:37:00+00:00,2025-04-15,00:37,3,0,3
66,2025-04-14T14:25:00+00:00,2025-04-15,00:25,3,1,4
71,2025-04-14T14:26:00+00:00,2025-04-15,00:26,1,0,1
71,2025-04-14T14:38:00+00:00,2025-04-15,00:38,1,0,1
77,2025-04-14T14:35:00+00:00,2025-04-15,00:35,0,1,1
87,2025-04-14T14:39:00+00:00,2025-04-15,00:39,0,1,1
108,2025-04-14T14:26:00+00:00,2025-04-15,00:26,1,0,1
108,2025-04-14T14:36:00+00:00,2025-04-15,00:36,1,0,1
131,2025-04-14T14:30:00+00:00,2025-04-15,00:30,2,1,3
133,2025-04-14T14:35:00+00:00,2025-04-15,00:35,3,4,7
134,2025-04-14T14:25:00+00:00,2025-04-15,00:25,2,0,2
134,2025-04-14T14:30:00+00:00,2025-04-15,00:30,7,16,23
135,2025-04-14T14:25:00+00:00,2025-04-15,00:25,1,3,4
162,2025-04-14T14:30:00+00:00,2025-04-15,00:30,2,4,6
1,2025-04-14T14:33:00+00:00,2025-04-15,00:33,0,1,1
2,2025-04-14T14:29:00+00:00,2025-04-15,00:29,0,2,2
9,2025-04-14T14:28:00+00:00,2025-04-15,00:28,0,1,1
11,2025-04-14T14:30:00+00:00,2025-04-15,00:30,1,0,1
17,2025-04-14T14:28:00+00:00,2025-04-15,00:28,1,0,1
19,2025-04-14T14:25:00+00:00,2025-04-15,00:25,0,1,1
19,2025-04-14T14:31:00+00:00,2025-04-15,00:31,0,1,1
19,2025-04-14T14:34:00+00:00,2025-04-15,00:34,0,3,3
20,2025-04-14T14:29:00+00:00,2025-04-15,00:29,0,1,1
23,2025-04-14T14:36:00+00:00,2025-04-15,00:36,2,0,2
24,2025-04-14T14:25:00+00:00,2025-04-15,00:25,1,0,1
24,2025-04-14T14:30:00+00:00,2025-04-15,00:30,2,0,2
24,2025-04-14T14:35:00+00:00,2025-04-15,00:35,2,0,2
24,2025-04-14T14:38:00+00:00,2025-04-15,00:38,0,1,1
25,2025-04-14T14:25:00+00:00,2025-04-15,00:25,0,2,2
30,2025-04-14T14:31:00+00:00,2025-04-15,00:31,0,7,7
30,2025-04-14T14:35:00+00:00,2025-04-15,00:35,8,3,11
30,2025-04-14T14:38:00+00:00,2025-04-15,00:38,1,3,4
35,2025-04-14T14:32:00+00:00,2025-04-15,00:32,0,3,3
35,2025-04-14T14:37:00+00:00,2025-04-15,00:37,0,2,2
49,2025-04-14T14:25:00+00:00,2025-04-15,00:25,1,2,3
49,2025-04-14T14:27:00+00:00,2025-04-15,00:27,1,0,1
49,2025-04-14T14:38:00+00:00,2025-04-15,00:38,1,2,3
49,2025-04-14T14:39:00+00:00,2025-04-15,00:39,2,4,6
51,2025-04-14T14:38:00+00:00,2025-04-15,00:38,5,0,5
52,2025-04-14T14:25:00+00:00,2025-04-15,00:25,0,3,3
52,2025-04-14T14:26:00+00:00,2025-04-15,00:26,0,1,1
53,2025-04-14T14:27:00+00:00,2025-04-15,00:27,1,0,1
56,2025-04-14T14:27:00+00:00,2025-04-15,00:27,0,4,4
56,2025-04-14T14:32:00+00:00,2025-04-15,00:32,1,0,1
58,2025-04-14T14:27:00+00:00,2025-04-15,00:27,2,0,2
58,2025-04-14T14:34:00+00:00,2025-04-15,00:34,11,0,11
58,2025-04-14T14:35:00+00:00,2025-04-15,00:35,2,1,3
58,2025-04-14T14:36:00+00:00,2025-04-15,00:36,1,0,1
58,2025-04-14T14:37:00+00:00,2025-04-15,00:37,1,1,2
58,2025-04-14T14:39:00+00:00,2025-04-15,00:39,1,0,1
62,2025-04-14T14:28:00+00:00,2025-04-15,00:28,0,1,1
62,2025-04-14T14:29:00+00:00,2025-04-15,00:29,4,1,5
62,2025-04-14T14:30:00+00:00,2025-04-15,00:30,2,2,4
62,2025-04-14T14:39:00+00:00,2025-04-15,00:39,1,0,1
67,2025-04-14T14:31:00+00:00,2025-04-15,00:31,3,0,3
68,2025-04-14T14:34:00+00:00,2025-04-15,00:34,1,0,1
79,2025-04-14T14:25:00+00:00,2025-04-15,00:25,0,1,1
79,2025-04-14T14:35:00+00:00,2025-04-15,00:35,0,3,3
109,2025-04-14T14:25:00+00:00,2025-04-15,00:25,1,4,5
141,2025-04-14T14:25:00+00:00,2025-04-15,00:25,0,6,6
181,2025-04-14T14:26:00+00:00,2025-04-15,00:26,6,1,7
181,2025-04-14T14:28:00+00:00,2025-04-15,00:28,0,2,2
181,2025-04-14T14:31:00+00:00,2025-04-15,00:31,4,3,7
181,2025-04-14T14:33:00+00:00,2025-04-15,00:33,2,2,4
181,2025-04-14T14:35:00+00:00,2025-04-15,00:35,7,0,7
181,2025-04-14T14:36:00+00:00,2025-04-15,00:36,1,0,1
3,2025-04-14T14:44:00+00:00,2025-04-15,00:44,3,0,3
3,2025-04-14T14:46:00+00:00,2025-04-15,00:46,6,0,6
3,2025-04-14T14:50:00+00:00,2025-04-15,00:50,1,0,1
4,2025-04-14T14:40:00+00:00,2025-04-15,00:40,1,0,1
4,2025-04-14T14:46:00+00:00,2025-04-15,00:46,1,0,1
4,2025-04-14T14:47:00+00:00,2025-04-15,00:47,0,2,2
4,2025-04-14T14:54:00+00:00,2025-04-15,00:54,2,0,2
6,2025-04-14T14:41:00+00:00,2025-04-15,00:41,0,1,1
6,2025-04-14T14:53:00+00:00,2025-04-15,00:53,3,2,5
14,2025-04-14T14:43:00+00:00,2025-04-15,00:43,1,0,1
14,2025-04-14T14:54:00+00:00,2025-04-15,00:54,1,0,1
21,2025-04-14T14:45:00+00:00,2025-04-15,00:45,2,0,2
28,2025-04-14T14:40:00+00:00,2025-04-15,00:40,2,0,2
28,2025-04-14T14:48:00+00:00,2025-04-15,00:48,1,0,1
31,2025-04-14T14:40:00+00:00,2025-04-15,00:40,1,2,3
31,2025-04-14T14:53:00+00:00,2025-04-15,00:53,0,1,1
37,2025-04-14T14:44:00+00:00,2025-04-15,00:44,3,0,3
37,2025-04-14T14:48:00+00:00,2025-04-15,00:48,1,0,1
41,2025-04-14T14:40:00+00:00,2025-04-15,00:40,2,7,9
41,2025-04-14T14:42:00+00:00,2025-04-15,00:42,1,0,1
41,2025-04-14T14:43:00+00:00,2025-04-15,00:43,5,0,5
41,2025-04-14T14:45:00+00:00,2025-04-15,00:45,2,1,3
41,2025-04-14T14:54:00+00:00,2025-04-15,00:54,1,2,3
42,2025-04-14T14:40:00+00:00,2025-04-15,00:40,0,1,1
42,2025-04-14T14:48:00+00:00,2025-04-15,00:48,0,1,1
45,2025-04-14T14:46:00+00:00,2025-04-15,00:46,0,4,4
45,2025-04-14T14:51:00+00:00,2025-04-15,00:51,0,1,1
47,2025-04-14T14:51:00+00:00,2025-04-15,00:51,5,2,7
47,2025-04-14T14:54:00+00:00,2025-04-15,00:54,1,0,1
50,2025-04-14T14:47:00+00:00,2025-04-15,00:47,1,0,1
54,2025-04-14T14:50:00+00:00,2025-04-15,00:50,2,0,2
54,2025-04-14T14:51:00+00:00,2025-04-15,00:51,0,3,3
54,2025-04-14T14:54:00+00:00,2025-04-15,00:54,0,1,1
59,2025-04-14T14:50:00+00:00,2025-04-15,00:50,7,0,7
61,2025-04-14T14:48:00+00:00,2025-04-15,00:48,1,0,1
66,2025-04-14T14:45:00+00:00,2025-04-15,00:45,1,2,3
66,2025-04-14T14:49:00+00:00,2025-04-15,00:49,2,3,5
66,2025-04-14T14:51:00+00:00,2025-04-15,00:51,0,2,2
66,2025-04-14T14:52:00+00:00,2025-04-15,00:52,1,0,1
77,2025-04-14T14:40:00+00:00,2025-04-15,00:40,0,1,1
77,2025-04-14T14:45:00+00:00,2025-04-15,00:45,1,0,1
77,2025-04-14T14:50:00+00:00,2025-04-15,00:50,1,1,2
78,2025-04-14T14:51:00+00:00,2025-04-15,00:51,1,0,1
78,2025-04-14T14:53:00+00:00,2025-04-15,00:53,0,1,1
84,2025-04-14T14:50:00+00:00,2025-04-15,00:50,0,4,4
108,2025-04-14T14:50:00+00:00,2025-04-15,00:50,3,1,4
108,2025-04-14T14:51:00+00:00,2025-04-15,00:51,1,0,1
132,2025-04-14T14:45:00+00:00,2025-04-15,00:45,1,0,1
133,2025-04-14T14:40:00+00:00,2025-04-15,00:40,0,2,2
133,2025-04-14T14:50:00+00:00,2025-04-15,00:50,1,2,3
135,2025-04-14T14:45:00+00:00,2025-04-15,00:45,1,2,3
143,2025-04-14T14:50:00+00:00,2025-04-15,00:50,1,1,2
166,2025-04-14T14:40:00+00:00,2025-04-15,00:40,0,1,1
167,2025-04-14T14:45:00+00:00,2025-04-15,00:45,0,1,1
167,2025-04-14T14:50:00+00:00,2025-04-15,00:50,0,1,1
1,2025-04-14T14:45:00+00:00,2025-04-15,00:45,3,0,3
1,2025-04-14T14:54:00+00:00,2025-04-15,00:54,1,0,1
2,2025-04-14T14:49:00+00:00,2025-04-15,00:49,0,1,1
9,2025-04-14T14:47:00+00:00,2025-04-15,00:47,0,2,2
11,2025-04-14T14:50:00+00:00,2025-04-15,00:50,1,0,1
12,2025-04-14T14:44:00+00:00,2025-04-15,00:44,0,1,1
12,2025-04-14T14:46:00+00:00,2025-04-15,00:46,0,1,1
12,2025-04-14T14:47:00+00:00,2025-04-15,00:47,1,0,1
17,2025-04-14T14:52:00+00:00,2025-04-15,00:52,2,0,2
19,2025-04-14T14:41:00+00:00,2025-04-15,00:41,0,2,2
19,2025-04-14T14:42:00+00:00,2025-04-15,00:42,1,0,1
19,2025-04-14T14:53:00+00:00,2025-04-15,00:53,0,3,3
23,2025-04-14T14:42:00+00:00,2025-04-15,00:42,4,0,4
23,2025-04-14T14:51:00+00:00,2025-04-15,00:51,2,0,2
24,2025-04-14T14:48:00+00:00,2025-04-15,00:48,3,1,4
24,2025-04-14T14:50:00+00:00,2025-04-15,00:50,1,0,1
24,2025-04-14T14:53:00+00:00,2025-04-15,00:53,1,2,3
27,2025-04-14T14:50:00+00:00,2025-04-15,00:50,1,0,1
30,2025-04-14T14:47:00+00:00,2025-04-15,00:47,2,1,3
35,2025-04-14T14:40:00+00:00,2025-04-15,00:40,0,5,5
35,2025-04-14T14:49:00+00:00,2025-04-15,00:49,0,3,3
49,2025-04-14T14:40:00+00:00,2025-04-15,00:40,2,4,6
49,2025-04-14T14:42:00+00:00,2025-04-15,00:42,0,1,1
49,2025-04-14T14:43:00+00:00,2025-04-15,00:43,0,2,2
49,2025-04-14T14:44:00+00:00,2025-04-15,00:44,3,0,3
49,2025-04-14T14:46:00+00:00,2025-04-15,00:46,2,0,2
49,2025-04-14T14:50:00+00:00,2025-04-15,00:50,0,3,3
52,2025-04-14T14:43:00+00:00,2025-04-15,00:43,0,1,1
52,2025-04-14T14:44:00+00:00,2025-04-15,00:44,1,3,4
52,2025-04-14T14:46:00+00:00,2025-04-15,00:46,1,0,1
52,2025-04-14T14:47:00+00:00,2025-04-15,00:47,0,2,2
52,2025-04-14T14:54:00+00:00,2025-04-15,00:54,1,0,1
56,2025-04-14T14:46:00+00:00,2025-04-15,00:46,2,0,2
56,2025-04-14T14:49:00+00:00,2025-04-15,00:49,1,0,1
56,2025-04-14T14:52:00+00:00,2025-04-15,00:52,3,0,3
58,2025-04-14T14:44:00+00:00,2025-04-15,00:44,3,2,5
58,2025-04-14T14:48:00+00:00,2025-04-15,00:48,0,5,5
62,2025-04-14T14:42:00+00:00,2025-04-15,00:42,2,1,3
62,2025-04-14T14:43:00+00:00,2025-04-15,00:43,1,3,4
62,2025-04-14T14:45:00+00:00,2025-04-15,00:45,1,0,1
62,2025-04-14T14:47:00+00:00,2025-04-15,00:47,0,1,1
62,2025-04-14T14:49:00+00:00,2025-04-15,00:49,0,2,2
62,2025-04-14T14:50:00+00:00,2025-04-15,00:50,0,1,1
62,2025-04-14T14:54:00+00:00,2025-04-15,00:54,7,0,7
67,2025-04-14T14:47:00+00:00,2025-04-15,00:47,1,2,3
79,2025-04-14T14:40:00+00:00,2025-04-15,00:40,1,0,1
79,2025-04-14T14:48:00+00:00,2025-04-15,00:48,1,0,1
109,2025-04-14T14:50:00+00:00,2025-04-15,00:50,1,0,1
141,2025-04-14T14:45:00+00:00,2025-04-15,00:45,0,1,1
141,2025-04-14T14:50:00+00:00,2025-04-15,00:50,0,4,4
164,2025-04-14T14:50:00+00:00,2025-04-15,00:50,1,1,2
181,2025-04-14T14:40:00+00:00,2025-04-15,00:40,2,1,3
181,2025-04-14T14:45:00+00:00,2025-04-15,00:45,3,2,5
181,2025-04-14T14:48:00+00:00,2025-04-15,00:48,2,0,2
181,2025-04-14T14:50:00+00:00,2025-04-15,00:50,6,1,7
181,2025-04-14T14:52:00+00:00,2025-04-15,00:52,1,3,4
181,2025-04-14T14:53:00+00:00,2025-04-15,00:53,0,4,4
3,2025-04-14T14:55:00+00:00,2025-04-15,00:55,1,0,1
3,2025-04-14T15:05:00+00:00,2025-04-15,01:05,2,4,6
3,2025-04-14T15:07:00+00:00,2025-04-15,01:07,0,3,3
3,2025-04-14T15:08:00+00:00,2025-04-15,01:08,3,1,4
4,2025-04-14T14:58:00+00:00,2025-04-15,00:58,3,0,3
4,2025-04-14T14:59:00+00:00,2025-04-15,00:59,1,1,2
4,2025-04-14T15:02:00+00:00,2025-04-15,01:02,0,1,1
5,2025-04-14T14:55:00+00:00,2025-04-15,00:55,0,5,5
5,2025-04-14T15:00:00+00:00,2025-04-15,01:00,0,2,2
5,2025-04-14T15:05:00+00:00,2025-04-15,01:05,1,1,2
6,2025-04-14T15:07:00+00:00,2025-04-15,01:07,1,1,2
6,2025-04-14T15:08:00+00:00,2025-04-15,01:08,2,0,2
6,2025-04-14T15:09:00+00:00,2025-04-15,01:09,1,0,1
14,2025-04-14T15:07:00+00:00,2025-04-15,01:07,1,0,1
21,2025-04-14T15:00:00+00:00,2025-04-15,01:00,1,0,1
28,2025-04-14T14:56:00+00:00,2025-04-15,00:56,1,0,1
28,2025-04-14T14:58:00+00:00,2025-04-15,00:58,3,0,3
28,2025-04-14T15:01:00+00:00,2025-04-15,01:01,1,0,1
28,2025-04-14T15:02:00+00:00,2025-04-15,01:02,1,0,1
29,2025-04-14T14:56:00+00:00,2025-04-15,00:56,0,3,3
29,2025-04-14T15:03:00+00:00,2025-04-15,01:03,2,0,2
37,2025-04-14T15:04:00+00:00,2025-04-15,01:04,0,1,1
37,2025-04-14T15:08:00+00:00,2025-04-15,01:08,4,0,4
39,2025-04-14T14:57:00+00:00,2025-04-15,00:57,0,1,1
41,2025-04-14T14:58:00+00:00,2025-04-15,00:58,1,0,1
41,2025-04-14T15:01:00+00:00,2025-04-15,01:01,1,2,3
41,2025-04-14T15:09:00+00:00,2025-04-15,01:09,2,1,3
42,2025-04-14T15:05:00+00:00,2025-04-15,01:05,0,1,1
45,2025-04-14T15:06:00+00:00,2025-04-15,01:06,0,1,1
45,2025-04-14T15:09:00+00:00,2025-04-15,01:09,1,0,1
47,2025-04-14T14:57:00+00:00,2025-04-15,00:57,0,1,1
47,2025-04-14T15:00:00+00:00,2025-04-15,01:00,4,2,6
47,2025-04-14T15:02:00+00:00,2025-04-15,01:02,0,1,1
47,2025-04-14T15:03:00+00:00,2025-04-15,01:03,2,1,3
47,2025-04-14T15:06:00+00:00,2025-04-15,01:06,1,0,1
47,2025-04-14T15:09:00+00:00,2025-04-15,01:09,2,0,2
54,2025-04-14T15:03:00+00:00,2025-04-15,01:03,2,2,4
59,2025-04-14T14:55:00+00:00,2025-04-15,00:55,0,2,2
61,2025-04-14T15:01:00+00:00,2025-04-15,01:01,0,2,2
61,2025-04-14T15:02:00+00:00,2025-04-15,01:02,3,0,3
66,2025-04-14T14:57:00+00:00,2025-04-15,00:57,1,1,2
66,2025-04-14T15:03:00+00:00,2025-04-15,01:03,3,1,4
66,2025-04-14T15:06:00+00:00,2025-04-15,01:06,1,0,1
78,2025-04-14T14:57:00+00:00,2025-04-15,00:57,1,0,1
84,2025-04-14T15:05:00+00:00,2025-04-15,01:05,3,1,4
108,2025-04-14T14:55:00+00:00,2025-04-15,00:55,2,0,2
108,2025-04-14T14:58:00+00:00,2025-04-15,00:58,2,4,6
108,2025-04-14T15:03:00+00:00,2025-04-15,01:03,0,1,1
131,2025-04-14T14:55:00+00:00,2025-04-15,00:55,2,0,2
134,2025-04-14T14:55:00+00:00,2025-04-15,00:55,3,8,11
134,2025-04-14T15:00:00+00:00,2025-04-15,01:00,2,0,2
162,2025-04-14T14:55:00+00:00,2025-04-15,00:55,2,2,4
167,2025-04-14T14:55:00+00:00,2025-04-15,00:55,1,0,1
1,2025-04-14T14:59:00+00:00,2025-04-15,00:59,0,2,2
1,2025-04-14T15:02:00+00:00,2025-04-15,01:02,0,1,1
1,2025-04-14T15:07:00+00:00,2025-04-15,01:07,1,0,1
2,2025-04-14T14:58:00+00:00,2025-04-15,00:58,0,3,3
2,2025-04-14T15:08:00+00:00,2025-04-15,01:08,0,1,1
11,2025-04-14T15:05:00+00:00,2025-04-15,01:05,0,1,1
12,2025-04-14T14:59:00+00:00,2025-04-15,00:59,0,1,1
17,2025-04-14T14:56:00+00:00,2025-04-15,00:56,0,2,2
17,2025-04-14T14:59:00+00:00,2025-04-15,00:59,1,0,1
19,2025-04-14T14:56:00+00:00,2025-04-15,00:56,0,2,2
19,2025-04-14T15:01:00+00:00,2025-04-15,01:01,0,4,4
19,2025-04-14T15:03:00+00:00,2025-04-15,01:03,0,4,4
20,2025-04-14T15:01:00+00:00,2025-04-15,01:01,2,1,3
20,2025-04-14T15:08:00+00:00,2025-04-15,01:08,1,0,1
23,2025-04-14T14:58:00+00:00,2025-04-15,00:58,1,2,3
23,2025-04-14T15:08:00+00:00,2025-04-15,01:08,0,1,1
24,2025-04-14T14:57:00+00:00,2025-04-15,00:57,1,2,3
24,2025-04-14T15:03:00+00:00,2025-04-15,01:03,1,3,4
30,2025-04-14T14:56:00+00:00,2025-04-15,00:56,2,0,2
30,2025-04-14T14:57:00+00:00,2025-04-15,00:57,2,0,2
35,2025-04-14T14:55:00+00:00,2025-04-15,00:55,0,2,2
35,2025-04-14T14:58:00+00:00,2025-04-15,00:58,2,0,2
35,2025-04-14T15:01:00+00:00,2025-04-15,01:01,0,1,1
35,2025-04-14T15:07:00+00:00,2025-04-15,01:07,1,0,1
49,2025-04-14T14:57:00+00:00,2025-04-15,00:57,2,3,5
49,2025-04-14T15:01:00+00:00,2025-04-15,01:01,3,3,6
49,2025-04-14T15:02:00+00:00,2025-04-15,01:02,0,1,1
51,2025-04-14T14:59:00+00:00,2025-04-15,00:59,0,1,1
52,2025-04-14T14:56:00+00:00,2025-04-15,00:56,0,1,1
52,2025-04-14T15:01:00+00:00,2025-04-15,01:01,0,2,2
52,2025-04-14T15:03:00+00:00,2025-04-15,01:03,3,0,3
52,2025-04-14T15:08:00+00:00,2025-04-15,01:08,0,1,1
56,2025-04-14T14:56:00+00:00,2025-04-15,00:56,1,0,1
56,2025-04-14T14:57:00+00:00,2025-04-15,00:57,1,0,1
56,2025-04-14T15:01:00+00:00,2025-04-15,01:01,1,0,1
56,2025-04-14T15:04:00+00:00,2025-04-15,01:04,2,0,2
58,2025-04-14T14:58:00+00:00,2025-04-15,00:58,0,1,1
62,2025-04-14T14:57:00+00:00,2025-04-15,00:57,0,1,1
62,2025-04-14T14:58:00+00:00,2025-04-15,00:58,1,4,5
62,2025-04-14T14:59:00+00:00,2025-04-15,00:59,1,0,1
62,2025-04-14T15:02:00+00:00,2025-04-15,01:02,0,1,1
62,2025-04-14T15:05:00+00:00,2025-04-15,01:05,2,0,2
63,2025-04-14T15:04:00+00:00,2025-04-15,01:04,0,1,1
67,2025-04-14T14:57:00+00:00,2025-04-15,00:57,1,0,1
79,2025-04-14T14:56:00+00:00,2025-04-15,00:56,4,2,6
79,2025-04-14T14:58:00+00:00,2025-04-15,00:58,1,0,1
79,2025-04-14T14:59:00+00:00,2025-04-15,00:59,0,1,1
86,2025-04-14T14:57:00+00:00,2025-04-15,00:57,0,1,1
109,2025-04-14T15:05:00+00:00,2025-04-15,01:05,2,6,8
117,2025-04-14T15:00:00+00:00,2025-04-15,01:00,1,0,1
141,2025-04-14T14:55:00+00:00,2025-04-15,00:55,2,3,5
141,2025-04-14T15:05:00+00:00,2025-04-15,01:05,1,3,4
181,2025-04-14T14:58:00+00:00,2025-04-15,00:58,1,1,2
181,2025-04-14T15:02:00+00:00,2025-04-15,01:02,5,0,5
181,2025-04-14T15:03:00+00:00,2025-04-15,01:03,5,4,9
181,2025-04-14T15:08:00+00:00,2025-04-15,01:08,1,0,1
3,2025-04-14T15:13:00+00:00,2025-04-15,01:13,0,7,7
3,2025-04-14T15:18:00+00:00,2025-04-15,01:18,1,0,1
3,2025-04-14T15:19:00+00:00,2025-04-15,01:19,1,0,1
3,2025-04-14T15:23:00+00:00,2025-04-15,01:23,1,1,2
4,2025-04-14T15:10:00+00:00,2025-04-15,01:10,1,0,1
4,2025-04-14T15:12:00+00:00,2025-04-15,01:12,2,0,2
4,2025-04-14T15:20:00+00:00,2025-04-15,01:20,1,0,1
5,2025-04-14T15:10:00+00:00,2025-04-15,01:10,1,3,4
5,2025-04-14T15:20:00+00:00,2025-04-15,01:20,0,2,2
6,2025-04-14T15:11:00+00:00,2025-04-15,01:11,1,0,1
14,2025-04-14T15:23:00+00:00,2025-04-15,01:23,1,0,1
28,2025-04-14T15:22:00+00:00,2025-04-15,01:22,2,0,2
31,2025-04-14T15:17:00+00:00,2025-04-15,01:17,2,0,2
40,2025-04-14T15:19:00+00:00,2025-04-15,01:19,0,1,1
41,2025-04-14T15:11:00+00:00,2025-04-15,01:11,1,2,3
41,2025-04-14T15:15:00+00:00,2025-04-15,01:15,0,2,2
45,2025-04-14T15:10:00+00:00,2025-04-15,01:10,0,1,1
45,2025-04-14T15:16:00+00:00,2025-04-15,01:16,0,1,1
45,2025-04-14T15:20:00+00:00,2025-04-15,01:20,0,3,3
45,2025-04-14T15:24:00+00:00,2025-04-15,01:24,0,2,2
47,2025-04-14T15:20:00+00:00,2025-04-15,01:20,2,1,3
47,2025-04-14T15:24:00+00:00,2025-04-15,01:24,0,1,1
50,2025-04-14T15:11:00+00:00,2025-04-15,01:11,0,1,1
59,2025-04-14T15:10:00+00:00,2025-04-15,01:10,1,1,2
59,2025-04-14T15:15:00+00:00,2025-04-15,01:15,1,1,2
61,2025-04-14T15:10:00+00:00,2025-04-15,01:10,1,0,1
61,2025-04-14T15:14:00+00:00,2025-04-15,01:14,1,0,1
66,2025-04-14T15:18:00+00:00,2025-04-15,01:18,0,5,5
78,2025-04-14T15:19:00+00:00,2025-04-15,01:19,1,1,2
78,2025-04-14T15:22:00+00:00,2025-04-15,01:22,2,0,2
84,2025-04-14T15:15:00+00:00,2025-04-15,01:15,1,0,1
107,2025-04-14T15:15:00+00:00,2025-04-15,01:15,0,2,2
131,2025-04-14T15:10:00+00:00,2025-04-15,01:10,1,0,1
132,2025-04-14T15:20:00+00:00,2025-04-15,01:20,5,0,5
133,2025-04-14T15:20:00+00:00,2025-04-15,01:20,1,0,1
134,2025-04-14T15:15:00+00:00,2025-04-15,01:15,0,2,2
135,2025-04-14T15:20:00+00:00,2025-04-15,01:20,4,1,5
143,2025-04-14T15:10:00+00:00,2025-04-15,01:10,0,1,1
143,2025-04-14T15:20:00+00:00,2025-04-15,01:20,3,0,3
162,2025-04-14T15:15:00+00:00,2025-04-15,01:15,2,0,2
1,2025-04-14T15:14:00+00:00,2025-04-15,01:14,0,1,1
1,2025-04-14T15:20:00+00:00,2025-04-15,01:20,1,1,2
2,2025-04-14T15:11:00+00:00,2025-04-15,01:11,0,3,3
12,2025-04-14T15:22:00+00:00,2025-04-15,01:22,1,0,1
19,2025-04-14T15:10:00+00:00,2025-04-15,01:10,3,0,3
19,2025-04-14T15:13:00+00:00,2025-04-15,01:13,0,4,4
20,2025-04-14T15:11:00+00:00,2025-04-15,01:11,1,0,1
20,2025-04-14T15:14:00+00:00,2025-04-15,01:14,0,1,1
20,2025-04-14T15:15:00+00:00,2025-04-15,01:15,1,0,1
20,2025-04-14T15:17:00+00:00,2025-04-15,01:17,2,0,2
23,2025-04-14T15:11:00+00:00,2025-04-15,01:11,0,1,1
24,2025-04-14T15:14:00+00:00,2025-04-15,01:14,2,0,2
24,2025-04-14T15:19:00+00:00,2025-04-15,01:19,0,1,1
25,2025-04-14T15:15:00+00:00,2025-04-15,01:15,2,1,3
30,2025-04-14T15:15:00+00:00,2025-04-15,01:15,0,2,2
30,2025-04-14T15:20:00+00:00,2025-04-15,01:20,2,2,4
30,2025-04-14T15:21:00+00:00,2025-04-15,01:21,0,1,1
30,2025-04-14T15:22:00+00:00,2025-04-15,01:22,0,2,2
35,2025-04-14T15:17:00+00:00,2025-04-15,01:17,3,17,20
35,2025-04-14T15:23:00+00:00,2025-04-15,01:23,1,0,1
49,2025-04-14T15:15:00+00:00,2025-04-15,01:15,0,3,3
49,2025-04-14T15:23:00+00:00,2025-04-15,01:23,0,1,1
52,2025-04-14T15:10:00+00:00,2025-04-15,01:10,0,4,4
52,2025-04-14T15:12:00+00:00,2025-04-15,01:12,1,0,1
52,2025-04-14T15:13:00+00:00,2025-04-15,01:13,0,3,3
52,2025-04-14T15:14:00+00:00,2025-04-15,01:14,0,1,1
56,2025-04-14T15:15:00+00:00,2025-04-15,01:15,1,0,1
58,2025-04-14T15:13:00+00:00,2025-04-15,01:13,1,1,2
58,2025-04-14T15:16:00+00:00,2025-04-15,01:16,1,1,2
62,2025-04-14T15:13:00+00:00,2025-04-15,01:13,2,0,2
67,2025-04-14T15:23:00+00:00,2025-04-15,01:23,1,0,1
79,2025-04-14T15:20:00+00:00,2025-04-15,01:20,0,1,1
79,2025-04-14T15:22:00+00:00,2025-04-15,01:22,0,1,1
79,2025-04-14T15:24:00+00:00,2025-04-15,01:24,0,1,1
141,2025-04-14T15:20:00+00:00,2025-04-15,01:20,0,4,4
164,2025-04-14T15:20:00+00:00,2025-04-15,01:20,1,0,1
181,2025-04-14T15:10:00+00:00,2025-04-15,01:10,4,0,4
181,2025-04-14T15:11:00+00:00,2025-04-15,01:11,0,1,1
181,2025-04-14T15:13:00+00:00,2025-04-15,01:13,5,2,7
181,2025-04-14T15:21:00+00:00,2025-04-15,01:21,3,0,3
3,2025-04-14T15:33:00+00:00,2025-04-15,01:33,1,0,1
3,2025-04-14T15:35:00+00:00,2025-04-15,01:35,1,0,1
3,2025-04-14T15:36:00+00:00,2025-04-15,01:36,2,2,4
4,2025-04-14T15:26:00+00:00,2025-04-15,01:26,1,0,1
4,2025-04-14T15:29:00+00:00,2025-04-15,01:29,0,5,5
4,2025-04-14T15:32:00+00:00,2025-04-15,01:32,1,0,1
4,2025-04-14T15:38:00+00:00,2025-04-15,01:38,5,0,5
6,2025-04-14T15:26:00+00:00,2025-04-15,01:26,1,0,1
6,2025-04-14T15:37:00+00:00,2025-04-15,01:37,2,0,2
21,2025-04-14T15:35:00+00:00,2025-04-15,01:35,2,0,2
28,2025-04-14T15:35:00+00:00,2025-04-15,01:35,1,0,1
29,2025-04-14T15:30:00+00:00,2025-04-15,01:30,0,1,1
29,2025-04-14T15:34:00+00:00,2025-04-15,01:34,0,1,1
29,2025-04-14T15:39:00+00:00,2025-04-15,01:39,1,3,4
31,2025-04-14T15:25:00+00:00,2025-04-15,01:25,0,1,1
41,2025-04-14T15:26:00+00:00,2025-04-15,01:26,0,4,4
41,2025-04-14T15:28:00+00:00,2025-04-15,01:28,0,2,2
41,2025-04-14T15:31:00+00:00,2025-04-15,01:31,0,2,2
41,2025-04-14T15:33:00+00:00,2025-04-15,01:33,1,7,8
41,2025-04-14T15:39:00+00:00,2025-04-15,01:39,1,1,2
42,2025-04-14T15:38:00+00:00,2025-04-15,01:38,2,0,2
45,2025-04-14T15:31:00+00:00,2025-04-15,01:31,0,1,1
45,2025-04-14T15:39:00+00:00,2025-04-15,01:39,0,1,1
47,2025-04-14T15:32:00+00:00,2025-04-15,01:32,1,0,1
47,2025-04-14T15:38:00+00:00,2025-04-15,01:38,1,0,1
54,2025-04-14T15:38:00+00:00,2025-04-15,01:38,0,2,2
59,2025-04-14T15:30:00+00:00,2025-04-15,01:30,1,1,2
59,2025-04-14T15:35:00+00:00,2025-04-15,01:35,3,4,7
61,2025-04-14T15:29:00+00:00,2025-04-15,01:29,1,0,1
61,2025-04-14T15:30:00+00:00,2025-04-15,01:30,3,0,3
61,2025-04-14T15:37:00+00:00,2025-04-15,01:37,0,1,1
61,2025-04-14T15:38:00+00:00,2025-04-15,01:38,1,0,1
61,2025-04-14T15:39:00+00:00,2025-04-15,01:39,1,0,1
66,2025-04-14T15:30:00+00:00,2025-04-15,01:30,4,0,4
107,2025-04-14T15:30:00+00:00,2025-04-15,01:30,2,1,3
107,2025-04-14T15:35:00+00:00,2025-04-15,01:35,1,1,2
132,2025-04-14T15:30:00+00:00,2025-04-15,01:30,2,0,2
132,2025-04-14T15:35:00+00:00,2025-04-15,01:35,4,0,4
133,2025-04-14T15:25:00+00:00,2025-04-15,01:25,2,0,2
135,2025-04-14T15:30:00+00:00,2025-04-15,01:30,1,0,1
143,2025-04-14T15:30:00+00:00,2025-04-15,01:30,6,0,6
143,2025-04-14T15:35:00+00:00,2025-04-15,01:35,7,3,10
162,2025-04-14T15:25:00+00:00,2025-04-15,01:25,1,2,3
162,2025-04-14T15:30:00+00:00,2025-04-15,01:30,5,2,7
167,2025-04-14T15:25:00+00:00,2025-04-15,01:25,1,0,1
179,2025-04-14T15:35:00+00:00,2025-04-15,01:35,1,1,2
1,2025-04-14T15:33:00+00:00,2025-04-15,01:33,2,0,2
11,2025-04-14T15:33:00+00:00,2025-04-15,01:33,4,0,4
12,2025-04-14T15:35:00+00:00,2025-04-15,01:35,4,0,4
12,2025-04-14T15:39:00+00:00,2025-04-15,01:39,0,1,1
19,2025-04-14T15:31:00+00:00,2025-04-15,01:31,1,0,1
19,2025-04-14T15:35:00+00:00,2025-04-15,01:35,0,1,1
20,2025-04-14T15:37:00+00:00,2025-04-15,01:37,2,0,2
23,2025-04-14T15:39:00+00:00,2025-04-15,01:39,2,0,2
24,2025-04-14T15:29:00+00:00,2025-04-15,01:29,1,0,1
24,2025-04-14T15:30:00+00:00,2025-04-15,01:30,2,2,4
24,2025-04-14T15:37:00+00:00,2025-04-15,01:37,2,0,2
27,2025-04-14T15:36:00+00:00,2025-04-15,01:36,0,8,8
30,2025-04-14T15:25:00+00:00,2025-04-15,01:25,0,1,1
30,2025-04-14T15:28:00+00:00,2025-04-15,01:28,0,2,2
30,2025-04-14T15:31:00+00:00,2025-04-15,01:31,0,1,1
30,2025-04-14T15:33:00+00:00,2025-04-15,01:33,1,0,1
35,2025-04-14T15:30:00+00:00,2025-04-15,01:30,1,0,1
49,2025-04-14T15:36:00+00:00,2025-04-15,01:36,1,2,3
51,2025-04-14T15:37:00+00:00,2025-04-15,01:37,1,0,1
51,2025-04-14T15:39:00+00:00,2025-04-15,01:39,3,0,3
56,2025-04-14T15:26:00+00:00,2025-04-15,01:26,0,1,1
56,2025-04-14T15:29:00+00:00,2025-04-15,01:29,0,2,2
56,2025-04-14T15:34:00+00:00,2025-04-15,01:34,0,5,5
58,2025-04-14T15:28:00+00:00,2025-04-15,01:28,0,2,2
58,2025-04-14T15:30:00+00:00,2025-04-15,01:30,2,0,2
62,2025-04-14T15:26:00+00:00,2025-04-15,01:26,2,2,4
62,2025-04-14T15:29:00+00:00,2025-04-15,01:29,4,0,4
62,2025-04-14T15:30:00+00:00,2025-04-15,01:30,0,1,1
62,2025-04-14T15:36:00+00:00,2025-04-15,01:36,1,0,1
67,2025-04-14T15:25:00+00:00,2025-04-15,01:25,2,2,4
76,2025-04-14T15:32:00+00:00,2025-04-15,01:32,1,0,1
109,2025-04-14T15:35:00+00:00,2025-04-15,01:35,0,1,1
139,2025-04-14T15:30:00+00:00,2025-04-15,01:30,1,0,1
141,2025-04-14T15:30:00+00:00,2025-04-15,01:30,2,0,2
141,2025-04-14T15:35:00+00:00,2025-04-15,01:35,2,3,5
181,2025-04-14T15:25:00+00:00,2025-04-15,01:25,4,3,7
181,2025-04-14T15:27:00+00:00,2025-04-15,01:27,2,0,2
181,2025-04-14T15:31:00+00:00,2025-04-15,01:31,1,2,3
181,2025-04-14T15:34:00+00:00,2025-04-15,01:34,3,3,6
181,2025-04-14T15:39:00+00:00,2025-04-15,01:39,3,0,3
181,2025-04-14T15:40:00+00:00,2025-04-15,01:40,1,0,1
181,2025-04-14T15:41:00+00:00,2025-04-15,01:41,0,1,1
181,2025-04-14T15:42:00+00:00,2025-04-15,01:42,0,3,3
181,2025-04-14T15:43:00+00:00,2025-04-15,01:43,0,1,1
181,2025-04-14T15:45:00+00:00,2025-04-15,01:45,2,3,5
181,2025-04-14T15:48:00+00:00,2025-04-15,01:48,3,3,6
181,2025-04-14T15:54:00+00:00,2025-04-15,01:54,1,0,1
3,2025-04-14T15:42:00+00:00,2025-04-15,01:42,2,1,3
3,2025-04-14T15:47:00+00:00,2025-04-15,01:47,0,2,2
3,2025-04-14T15:50:00+00:00,2025-04-15,01:50,3,0,3
3,2025-04-14T15:53:00+00:00,2025-04-15,01:53,7,0,7
3,2025-04-14T15:54:00+00:00,2025-04-15,01:54,1,0,1
4,2025-04-14T15:54:00+00:00,2025-04-15,01:54,2,0,2
6,2025-04-14T15:44:00+00:00,2025-04-15,01:44,0,1,1
6,2025-04-14T15:48:00+00:00,2025-04-15,01:48,1,0,1
29,2025-04-14T15:48:00+00:00,2025-04-15,01:48,0,1,1
36,2025-04-14T15:48:00+00:00,2025-04-15,01:48,0,1,1
41,2025-04-14T15:41:00+00:00,2025-04-15,01:41,0,1,1
41,2025-04-14T15:42:00+00:00,2025-04-15,01:42,0,3,3
41,2025-04-14T15:43:00+00:00,2025-04-15,01:43,2,0,2
41,2025-04-14T15:50:00+00:00,2025-04-15,01:50,4,1,5
41,2025-04-14T15:51:00+00:00,2025-04-15,01:51,2,1,3
41,2025-04-14T15:53:00+00:00,2025-04-15,01:53,0,1,1
43,2025-04-14T15:40:00+00:00,2025-04-15,01:40,0,1,1
47,2025-04-14T15:52:00+00:00,2025-04-15,01:52,1,0,1
54,2025-04-14T15:40:00+00:00,2025-04-15,01:40,0,4,4
59,2025-04-14T15:40:00+00:00,2025-04-15,01:40,4,3,7
59,2025-04-14T15:50:00+00:00,2025-04-15,01:50,2,3,5
66,2025-04-14T15:53:00+00:00,2025-04-15,01:53,2,1,3
66,2025-04-14T15:54:00+00:00,2025-04-15,01:54,1,0,1
77,2025-04-14T15:45:00+00:00,2025-04-15,01:45,2,2,4
77,2025-04-14T15:50:00+00:00,2025-04-15,01:50,0,1,1
78,2025-04-14T15:43:00+00:00,2025-04-15,01:43,0,1,1
87,2025-04-14T15:43:00+00:00,2025-04-15,01:43,0,2,2
108,2025-04-14T15:49:00+00:00,2025-04-15,01:49,1,0,1
132,2025-04-14T15:40:00+00:00,2025-04-15,01:40,0,3,3
133,2025-04-14T15:50:00+00:00,2025-04-15,01:50,2,1,3
134,2025-04-14T15:40:00+00:00,2025-04-15,01:40,3,2,5
134,2025-04-14T15:50:00+00:00,2025-04-15,01:50,4,0,4
135,2025-04-14T15:40:00+00:00,2025-04-15,01:40,2,4,6
143,2025-04-14T15:45:00+00:00,2025-04-15,01:45,0,1,1
162,2025-04-14T15:40:00+00:00,2025-04-15,01:40,0,3,3
179,2025-04-14T15:45:00+00:00,2025-04-15,01:45,0,2,2
1,2025-04-14T15:50:00+00:00,2025-04-15,01:50,0,2,2
1,2025-04-14T15:52:00+00:00,2025-04-15,01:52,2,1,3
1,2025-04-14T15:53:00+00:00,2025-04-15,01:53,2,0,2
11,2025-04-14T15:51:00+00:00,2025-04-15,01:51,1,0,1
17,2025-04-14T15:46:00+00:00,2025-04-15,01:46,1,0,1
19,2025-04-14T15:40:00+00:00,2025-04-15,01:40,0,2,2
19,2025-04-14T15:41:00+00:00,2025-04-15,01:41,2,0,2
19,2025-04-14T15:42:00+00:00,2025-04-15,01:42,1,0,1
19,2025-04-14T15:45:00+00:00,2025-04-15,01:45,2,1,3
19,2025-04-14T15:51:00+00:00,2025-04-15,01:51,0,3,3
20,2025-04-14T15:44:00+00:00,2025-04-15,01:44,1,0,1
23,2025-04-14T15:43:00+00:00,2025-04-15,01:43,0,1,1
24,2025-04-14T15:47:00+00:00,2025-04-15,01:47,1,0,1
30,2025-04-14T15:49:00+00:00,2025-04-15,01:49,0,1,1
30,2025-04-14T15:50:00+00:00,2025-04-15,01:50,0,1,1
35,2025-04-14T15:46:00+00:00,2025-04-15,01:46,1,0,1
35,2025-04-14T15:47:00+00:00,2025-04-15,01:47,0,2,2
35,2025-04-14T15:50:00+00:00,2025-04-15,01:50,0,1,1
49,2025-04-14T15:45:00+00:00,2025-04-15,01:45,0,1,1
49,2025-04-14T15:47:00+00:00,2025-04-15,01:47,3,1,4
49,2025-04-14T15:48:00+00:00,2025-04-15,01:48,2,0,2
53,2025-04-14T15:52:00+00:00,2025-04-15,01:52,1,0,1
53,2025-04-14T15:54:00+00:00,2025-04-15,01:54,0,1,1
56,2025-04-14T15:43:00+00:00,2025-04-15,01:43,0,2,2
56,2025-04-14T15:48:00+00:00,2025-04-15,01:48,0,1,1
58,2025-04-14T15:50:00+00:00,2025-04-15,01:50,1,0,1
62,2025-04-14T15:41:00+00:00,2025-04-15,01:41,1,0,1
62,2025-04-14T15:48:00+00:00,2025-04-15,01:48,1,0,1
62,2025-04-14T15:50:00+00:00,2025-04-15,01:50,1,0,1
62,2025-04-14T15:51:00+00:00,2025-04-15,01:51,0,1,1
63,2025-04-14T15:53:00+00:00,2025-04-15,01:53,0,1,1
72,2025-04-14T15:51:00+00:00,2025-04-15,01:51,0,1,1
141,2025-04-14T15:45:00+00:00,2025-04-15,01:45,1,1,2
164,2025-04-14T15:45:00+00:00,2025-04-15,01:45,0,2,2
3,2025-04-14T15:56:00+00:00,2025-04-15,01:56,0,1,1
3,2025-04-14T16:02:00+00:00,2025-04-15,02:02,2,0,2
3,2025-04-14T16:06:00+00:00,2025-04-15,02:06,1,0,1
4,2025-04-14T15:59:00+00:00,2025-04-15,01:59,3,1,4
4,2025-04-14T16:02:00+00:00,2025-04-15,02:02,0,1,1
4,2025-04-14T16:03:00+00:00,2025-04-15,02:03,3,0,3
4,2025-04-14T16:05:00+00:00,2025-04-15,02:05,1,0,1
4,2025-04-14T16:06:00+00:00,2025-04-15,02:06,0,1,1
5,2025-04-14T15:55:00+00:00,2025-04-15,01:55,0,2,2
14,2025-04-14T16:08:00+00:00,2025-04-15,02:08,0,1,1
21,2025-04-14T16:00:00+00:00,2025-04-15,02:00,8,3,11
28,2025-04-14T15:58:00+00:00,2025-04-15,01:58,2,0,2
28,2025-04-14T15:59:00+00:00,2025-04-15,01:59,1,0,1
28,2025-04-14T16:09:00+00:00,2025-04-15,02:09,1,0,1
31,2025-04-14T15:55:00+00:00,2025-04-15,01:55,0,3,3
31,2025-04-14T16:03:00+00:00,2025-04-15,02:03,1,0,1
37,2025-04-14T16:06:00+00:00,2025-04-15,02:06,2,0,2
40,2025-04-14T15:58:00+00:00,2025-04-15,01:58,1,0,1
40,2025-04-14T16:03:00+00:00,2025-04-15,02:03,3,0,3
41,2025-04-14T15:56:00+00:00,2025-04-15,01:56,3,0,3
41,2025-04-14T15:57:00+00:00,2025-04-15,01:57,0,3,3
41,2025-04-14T15:58:00+00:00,2025-04-15,01:58,2,0,2
41,2025-04-14T16:09:00+00:00,2025-04-15,02:09,0,4,4
50,2025-04-14T16:02:00+00:00,2025-04-15,02:02,0,1,1
54,2025-04-14T15:58:00+00:00,2025-04-15,01:58,1,0,1
61,2025-04-14T16:00:00+00:00,2025-04-15,02:00,2,0,2
61,2025-04-14T16:05:00+00:00,2025-04-15,02:05,3,0,3
61,2025-04-14T16:08:00+00:00,2025-04-15,02:08,3,0,3
70,2025-04-14T16:03:00+00:00,2025-04-15,02:03,1,0,1
77,2025-04-14T16:00:00+00:00,2025-04-15,02:00,0,1,1
108,2025-04-14T15:57:00+00:00,2025-04-15,01:57,0,1,1
134,2025-04-14T15:55:00+00:00,2025-04-15,01:55,0,4,4
134,2025-04-14T16:00:00+00:00,2025-04-15,02:00,0,1,1
135,2025-04-14T16:00:00+00:00,2025-04-15,02:00,0,1,1
135,2025-04-14T16:05:00+00:00,2025-04-15,02:05,2,2,4
143,2025-04-14T16:05:00+00:00,2025-04-15,02:05,1,1,2
165,2025-04-14T16:05:00+00:00,2025-04-15,02:05,2,0,2
1,2025-04-14T15:55:00+00:00,2025-04-15,01:55,0,1,1
2,2025-04-14T15:57:00+00:00,2025-04-15,01:57,0,7,7
2,2025-04-14T16:01:00+00:00,2025-04-15,02:01,1,3,4
2,2025-04-14T16:07:00+00:00,2025-04-15,02:07,0,3,3
9,2025-04-14T16:03:00+00:00,2025-04-15,02:03,4,0,4
17,2025-04-14T15:58:00+00:00,2025-04-15,01:58,0,2,2
17,2025-04-14T16:00:00+00:00,2025-04-15,02:00,1,0,1
19,2025-04-14T15:56:00+00:00,2025-04-15,01:56,0,1,1
19,2025-04-14T15:58:00+00:00,2025-04-15,01:58,1,0,1
20,2025-04-14T15:56:00+00:00,2025-04-15,01:56,0,1,1
20,2025-04-14T15:57:00+00:00,2025-04-15,01:57,1,2,3
20,2025-04-14T16:01:00+00:00,2025-04-15,02:01,1,1,2
23,2025-04-14T16:04:00+00:00,2025-04-15,02:04,0,3,3
23,2025-04-14T16:09:00+00:00,2025-04-15,02:09,0,1,1
24,2025-04-14T15:55:00+00:00,2025-04-15,01:55,0,1,1
24,2025-04-14T16:01:00+00:00,2025-04-15,02:01,0,1,1
30,2025-04-14T16:02:00+00:00,2025-04-15,02:02,0,1,1
35,2025-04-14T15:55:00+00:00,2025-04-15,01:55,0,1,1
35,2025-04-14T16:03:00+00:00,2025-04-15,02:03,0,1,1
35,2025-04-14T16:04:00+00:00,2025-04-15,02:04,2,0,2
35,2025-04-14T16:05:00+00:00,2025-04-15,02:05,0,1,1
49,2025-04-14T15:56:00+00:00,2025-04-15,01:56,1,0,1
49,2025-04-14T16:08:00+00:00,2025-04-15,02:08,0,1,1
51,2025-04-14T15:58:00+00:00,2025-04-15,01:58,0,1,1
52,2025-04-14T15:58:00+00:00,2025-04-15,01:58,0,3,3
56,2025-04-14T15:57:00+00:00,2025-04-15,01:57,0,2,2
56,2025-04-14T16:06:00+00:00,2025-04-15,02:06,1,0,1
62,2025-04-14T16:00:00+00:00,2025-04-15,02:00,0,1,1
62,2025-04-14T16:03:00+00:00,2025-04-15,02:03,3,3,6
62,2025-04-14T16:07:00+00:00,2025-04-15,02:07,2,0,2
62,2025-04-14T16:08:00+00:00,2025-04-15,02:08,1,2,3
76,2025-04-14T16:03:00+00:00,2025-04-15,02:03,0,1,1
79,2025-04-14T15:57:00+00:00,2025-04-15,01:57,0,1,1
164,2025-04-14T16:05:00+00:00,2025-04-15,02:05,1,0,1
181,2025-04-14T15:55:00+00:00,2025-04-15,01:55,1,1,2
181,2025-04-14T15:57:00+00:00,2025-04-15,01:57,0,1,1
181,2025-04-14T16:01:00+00:00,2025-04-15,02:01,3,2,5
181,2025-04-14T16:04:00+00:00,2025-04-15,02:04,2,2,4
181,2025-04-14T16:08:00+00:00,2025-04-15,02:08,1,3,4
3,2025-04-14T16:16:00+00:00,2025-04-15,02:16,2,1,3
3,2025-04-14T16:24:00+00:00,2025-04-15,02:24,2,1,3
4,2025-04-14T16:14:00+00:00,2025-04-15,02:14,1,0,1
5,2025-04-14T16:20:00+00:00,2025-04-15,02:20,0,2,2
6,2025-04-14T16:13:00+00:00,2025-04-15,02:13,2,0,2
6,2025-04-14T16:18:00+00:00,2025-04-15,02:18,1,0,1
14,2025-04-14T16:18:00+00:00,2025-04-15,02:18,1,0,1
21,2025-04-14T16:15:00+00:00,2025-04-15,02:15,0,1,1
28,2025-04-14T16:19:00+00:00,2025-04-15,02:19,1,0,1
29,2025-04-14T16:24:00+00:00,2025-04-15,02:24,0,1,1
31,2025-04-14T16:11:00+00:00,2025-04-15,02:11,3,0,3
36,2025-04-14T16:18:00+00:00,2025-04-15,02:18,0,1,1
41,2025-04-14T16:11:00+00:00,2025-04-15,02:11,2,0,2
41,2025-04-14T16:16:00+00:00,2025-04-15,02:16,2,0,2
41,2025-04-14T16:18:00+00:00,2025-04-15,02:18,0,1,1
41,2025-04-14T16:24:00+00:00,2025-04-15,02:24,0,2,2
45,2025-04-14T16:13:00+00:00,2025-04-15,02:13,0,1,1
47,2025-04-14T16:12:00+00:00,2025-04-15,02:12,1,0,1
47,2025-04-14T16:15:00+00:00,2025-04-15,02:15,2,0,2
54,2025-04-14T16:18:00+00:00,2025-04-15,02:18,0,2,2
59,2025-04-14T16:10:00+00:00,2025-04-15,02:10,1,0,1
61,2025-04-14T16:16:00+00:00,2025-04-15,02:16,5,0,5
61,2025-04-14T16:22:00+00:00,2025-04-15,02:22,2,0,2
66,2025-04-14T16:19:00+00:00,2025-04-15,02:19,0,1,1
66,2025-04-14T16:20:00+00:00,2025-04-15,02:20,0,1,1
77,2025-04-14T16:20:00+00:00,2025-04-15,02:20,6,0,6
107,2025-04-14T16:10:00+00:00,2025-04-15,02:10,1,0,1
108,2025-04-14T16:12:00+00:00,2025-04-15,02:12,1,0,1
108,2025-04-14T16:17:00+00:00,2025-04-15,02:17,0,10,10
131,2025-04-14T16:20:00+00:00,2025-04-15,02:20,0,3,3
132,2025-04-14T16:10:00+00:00,2025-04-15,02:10,1,1,2
133,2025-04-14T16:10:00+00:00,2025-04-15,02:10,4,2,6
134,2025-04-14T16:20:00+00:00,2025-04-15,02:20,1,1,2
143,2025-04-14T16:10:00+00:00,2025-04-15,02:10,2,0,2
162,2025-04-14T16:20:00+00:00,2025-04-15,02:20,3,1,4
179,2025-04-14T16:20:00+00:00,2025-04-15,02:20,0,1,1
1,2025-04-14T16:17:00+00:00,2025-04-15,02:17,0,1,1
1,2025-04-14T16:23:00+00:00,2025-04-15,02:23,0,1,1
1,2025-04-14T16:24:00+00:00,2025-04-15,02:24,0,1,1
19,2025-04-14T16:21:00+00:00,2025-04-15,02:21,0,1,1
20,2025-04-14T16:10:00+00:00,2025-04-15,02:10,1,0,1
20,2025-04-14T16:21:00+00:00,2025-04-15,02:21,1,0,1
23,2025-04-14T16:14:00+00:00,2025-04-15,02:14,0,1,1
23,2025-04-14T16:22:00+00:00,2025-04-15,02:22,1,0,1
24,2025-04-14T16:16:00+00:00,2025-04-15,02:16,0,1,1
24,2025-04-14T16:18:00+00:00,2025-04-15,02:18,0,1,1
25,2025-04-14T16:15:00+00:00,2025-04-15,02:15,0,6,6
35,2025-04-14T16:18:00+00:00,2025-04-15,02:18,0,1,1
35,2025-04-14T16:19:00+00:00,2025-04-15,02:19,0,1,1
49,2025-04-14T16:11:00+00:00,2025-04-15,02:11,0,1,1
49,2025-04-14T16:14:00+00:00,2025-04-15,02:14,1,0,1
49,2025-04-14T16:16:00+00:00,2025-04-15,02:16,1,0,1
49,2025-04-14T16:17:00+00:00,2025-04-15,02:17,2,3,5
51,2025-04-14T16:19:00+00:00,2025-04-15,02:19,0,2,2
52,2025-04-14T16:21:00+00:00,2025-04-15,02:21,1,0,1
56,2025-04-14T16:24:00+00:00,2025-04-15,02:24,0,2,2
58,2025-04-14T16:18:00+00:00,2025-04-15,02:18,1,1,2
62,2025-04-14T16:10:00+00:00,2025-04-15,02:10,1,0,1
62,2025-04-14T16:16:00+00:00,2025-04-15,02:16,5,5,10
62,2025-04-14T16:19:00+00:00,2025-04-15,02:19,0,1,1
63,2025-04-14T16:10:00+00:00,2025-04-15,02:10,0,1,1
67,2025-04-14T16:10:00+00:00,2025-04-15,02:10,0,1,1
79,2025-04-14T16:13:00+00:00,2025-04-15,02:13,1,0,1
109,2025-04-14T16:10:00+00:00,2025-04-15,02:10,2,3,5
141,2025-04-14T16:15:00+00:00,2025-04-15,02:15,0,1,1
181,2025-04-14T16:17:00+00:00,2025-04-15,02:17,0,2,2
181,2025-04-14T16:18:00+00:00,2025-04-15,02:18,5,1,6
181,2025-04-14T16:19:00+00:00,2025-04-15,02:19,0,3,3
181,2025-04-14T16:21:00+00:00,2025-04-15,02:21,1,0,1
181,2025-04-14T16:23:00+00:00,2025-04-15,02:23,2,1,3
3,2025-04-14T16:25:00+00:00,2025-04-15,02:25,0,2,2
3,2025-04-14T16:32:00+00:00,2025-04-15,02:32,0,2,2
3,2025-04-14T16:35:00+00:00,2025-04-15,02:35,0,1,1
3,2025-04-14T16:39:00+00:00,2025-04-15,02:39,4,0,4
4,2025-04-14T16:27:00+00:00,2025-04-15,02:27,0,3,3
4,2025-04-14T16:31:00+00:00,2025-04-15,02:31,1,0,1
6,2025-04-14T16:38:00+00:00,2025-04-15,02:38,1,0,1
14,2025-04-14T16:30:00+00:00,2025-04-15,02:30,1,0,1
29,2025-04-14T16:39:00+00:00,2025-04-15,02:39,0,1,1
37,2025-04-14T16:31:00+00:00,2025-04-15,02:31,0,1,1
39,2025-04-14T16:26:00+00:00,2025-04-15,02:26,2,0,2
41,2025-04-14T16:36:00+00:00,2025-04-15,02:36,0,1,1
41,2025-04-14T16:38:00+00:00,2025-04-15,02:38,0,1,1
42,2025-04-14T16:32:00+00:00,2025-04-15,02:32,2,0,2
42,2025-04-14T16:35:00+00:00,2025-04-15,02:35,2,0,2
42,2025-04-14T16:37:00+00:00,2025-04-15,02:37,2,0,2
47,2025-04-14T16:26:00+00:00,2025-04-15,02:26,1,0,1
54,2025-04-14T16:33:00+00:00,2025-04-15,02:33,2,0,2
59,2025-04-14T16:25:00+00:00,2025-04-15,02:25,1,0,1
61,2025-04-14T16:38:00+00:00,2025-04-15,02:38,1,0,1
66,2025-04-14T16:30:00+00:00,2025-04-15,02:30,1,0,1
66,2025-04-14T16:35:00+00:00,2025-04-15,02:35,0,3,3
69,2025-04-14T16:33:00+00:00,2025-04-15,02:33,1,0,1
71,2025-04-14T16:31:00+00:00,2025-04-15,02:31,0,1,1
71,2025-04-14T16:36:00+00:00,2025-04-15,02:36,0,1,1
77,2025-04-14T16:30:00+00:00,2025-04-15,02:30,0,1,1
78,2025-04-14T16:34:00+00:00,2025-04-15,02:34,0,1,1
84,2025-04-14T16:30:00+00:00,2025-04-15,02:30,7,2,9
108,2025-04-14T16:38:00+00:00,2025-04-15,02:38,0,5,5
131,2025-04-14T16:35:00+00:00,2025-04-15,02:35,1,0,1
132,2025-04-14T16:35:00+00:00,2025-04-15,02:35,2,1,3
133,2025-04-14T16:30:00+00:00,2025-04-15,02:30,1,1,2
134,2025-04-14T16:30:00+00:00,2025-04-15,02:30,5,2,7
134,2025-04-14T16:35:00+00:00,2025-04-15,02:35,1,1,2
1,2025-04-14T16:39:00+00:00,2025-04-15,02:39,1,0,1
2,2025-04-14T16:33:00+00:00,2025-04-15,02:33,0,2,2
2,2025-04-14T16:36:00+00:00,2025-04-15,02:36,0,3,3
2,2025-04-14T16:37:00+00:00,2025-04-15,02:37,1,0,1
25,2025-04-14T16:25:00+00:00,2025-04-15,02:25,2,0,2
35,2025-04-14T16:36:00+00:00,2025-04-15,02:36,2,1,3
35,2025-04-14T16:38:00+00:00,2025-04-15,02:38,0,2,2
49,2025-04-14T16:26:00+00:00,2025-04-15,02:26,1,0,1
49,2025-04-14T16:31:00+00:00,2025-04-15,02:31,2,0,2
49,2025-04-14T16:35:00+00:00,2025-04-15,02:35,5,3,8
49,2025-04-14T16:37:00+00:00,2025-04-15,02:37,0,3,3
49,2025-04-14T16:39:00+00:00,2025-04-15,02:39,0,1,1
56,2025-04-14T16:29:00+00:00,2025-04-15,02:29,1,0,1
58,2025-04-14T16:35:00+00:00,2025-04-15,02:35,2,3,5
62,2025-04-14T16:28:00+00:00,2025-04-15,02:28,1,0,1
62,2025-04-14T16:30:00+00:00,2025-04-15,02:30,2,0,2
181,2025-04-14T16:25:00+00:00,2025-04-15,02:25,1,0,1
181,2025-04-14T16:33:00+00:00,2025-04-15,02:33,0,1,1
181,2025-04-14T16:35:00+00:00,2025-04-15,02:35,1,0,1
181,2025-04-14T16:53:00+00:00,2025-04-15,02:53,0,1,1
3,2025-04-14T16:42:00+00:00,2025-04-15,02:42,1,0,1
3,2025-04-14T16:46:00+00:00,2025-04-15,02:46,2,0,2
3,2025-04-14T16:54:00+00:00,2025-04-15,02:54,1,1,2
4,2025-04-14T16:51:00+00:00,2025-04-15,02:51,1,0,1
6,2025-04-14T16:44:00+00:00,2025-04-15,02:44,0,1,1
14,2025-04-14T16:53:00+00:00,2025-04-15,02:53,1,0,1
21,2025-04-14T16:40:00+00:00,2025-04-15,02:40,1,0,1
28,2025-04-14T16:47:00+00:00,2025-04-15,02:47,0,1,1
41,2025-04-14T16:41:00+00:00,2025-04-15,02:41,0,1,1
41,2025-04-14T16:46:00+00:00,2025-04-15,02:46,0,1,1
41,2025-04-14T16:53:00+00:00,2025-04-15,02:53,2,0,2
47,2025-04-14T16:44:00+00:00,2025-04-15,02:44,0,1,1
77,2025-04-14T16:45:00+00:00,2025-04-15,02:45,1,0,1
77,2025-04-14T16:50:00+00:00,2025-04-15,02:50,1,0,1
84,2025-04-14T16:40:00+00:00,2025-04-15,02:40,4,1,5
108,2025-04-14T16:47:00+00:00,2025-04-15,02:47,0,4,4
135,2025-04-14T16:40:00+00:00,2025-04-15,02:40,0,1,1
143,2025-04-14T16:45:00+00:00,2025-04-15,02:45,1,0,1
162,2025-04-14T16:40:00+00:00,2025-04-15,02:40,3,2,5
162,2025-04-14T16:45:00+00:00,2025-04-15,02:45,1,0,1
1,2025-04-14T16:46:00+00:00,2025-04-15,02:46,0,2,2
11,2025-04-14T16:40:00+00:00,2025-04-15,02:40,0,1,1
12,2025-04-14T16:40:00+00:00,2025-04-15,02:40,0,2,2
19,2025-04-14T16:44:00+00:00,2025-04-15,02:44,1,0,1
19,2025-04-14T16:48:00+00:00,2025-04-15,02:48,2,0,2
19,2025-04-14T16:52:00+00:00,2025-04-15,02:52,0,3,3
20,2025-04-14T16:40:00+00:00,2025-04-15,02:40,0,1,1
20,2025-04-14T16:44:00+00:00,2025-04-15,02:44,2,0,2
20,2025-04-14T16:54:00+00:00,2025-04-15,02:54,1,0,1
25,2025-04-14T16:45:00+00:00,2025-04-15,02:45,3,3,6
25,2025-04-14T16:50:00+00:00,2025-04-15,02:50,5,0,5
27,2025-04-14T16:48:00+00:00,2025-04-15,02:48,1,0,1
30,2025-04-14T16:50:00+00:00,2025-04-15,02:50,0,1,1
35,2025-04-14T16:44:00+00:00,2025-04-15,02:44,2,0,2
35,2025-04-14T16:47:00+00:00,2025-04-15,02:47,1,1,2
35,2025-04-14T16:48:00+00:00,2025-04-15,02:48,1,0,1
49,2025-04-14T16:46:00+00:00,2025-04-15,02:46,4,0,4
52,2025-04-14T16:52:00+00:00,2025-04-15,02:52,0,1,1
58,2025-04-14T16:47:00+00:00,2025-04-15,02:47,0,1,1
58,2025-04-14T16:48:00+00:00,2025-04-15,02:48,0,1,1
58,2025-04-14T16:52:00+00:00,2025-04-15,02:52,0,2,2
62,2025-04-14T16:52:00+00:00,2025-04-15,02:52,1,1,2
72,2025-04-14T16:54:00+00:00,2025-04-15,02:54,0,1,1
79,2025-04-14T16:42:00+00:00,2025-04-15,02:42,0,1,1
117,2025-04-14T16:40:00+00:00,2025-04-15,02:40,1,1,2
141,2025-04-14T16:40:00+00:00,2025-04-15,02:40,1,0,1
181,2025-04-14T17:02:00+00:00,2025-04-15,03:02,0,1,1
181,2025-04-14T17:05:00+00:00,2025-04-15,03:05,1,4,5
181,2025-04-14T17:08:00+00:00,2025-04-15,03:08,0,1,1
181,2025-04-14T20:55:00+00:00,2025-04-15,06:55,2,2,4
181,2025-04-14T20:56:00+00:00,2025-04-15,06:56,2,2,4
181,2025-04-14T20:57:00+00:00,2025-04-15,06:57,2,3,5
181,2025-04-14T20:58:00+00:00,2025-04-15,06:58,1,7,8
181,2025-04-14T21:03:00+00:00,2025-04-15,07:03,1,1,2
181,2025-04-14T21:09:00+00:00,2025-04-15,07:09,6,8,14
180,2025-04-14T20:58:00+00:00,2025-04-15,06:58,0,1,1
180,2025-04-14T21:05:00+00:00,2025-04-15,07:05,1,0,1
3,2025-04-14T21:02:00+00:00,2025-04-15,07:02,1,2,3
3,2025-04-14T21:03:00+00:00,2025-04-15,07:03,3,2,5
3,2025-04-14T21:06:00+00:00,2025-04-15,07:06,0,2,2
3,2025-04-14T21:08:00+00:00,2025-04-15,07:08,0,2,2
3,2025-04-14T21:09:00+00:00,2025-04-15,07:09,1,1,2
4,2025-04-14T20:58:00+00:00,2025-04-15,06:58,5,4,9
4,2025-04-14T20:59:00+00:00,2025-04-15,06:59,4,5,9
4,2025-04-14T21:07:00+00:00,2025-04-15,07:07,2,3,5
4,2025-04-14T21:09:00+00:00,2025-04-15,07:09,3,0,3
5,2025-04-14T21:00:00+00:00,2025-04-15,07:00,5,20,25
5,2025-04-14T21:05:00+00:00,2025-04-15,07:05,13,29,42
6,2025-04-14T20:56:00+00:00,2025-04-15,06:56,10,15,25
6,2025-04-14T20:58:00+00:00,2025-04-15,06:58,5,1,6
6,2025-04-14T21:04:00+00:00,2025-04-15,07:04,4,9,13
6,2025-04-14T21:05:00+00:00,2025-04-15,07:05,1,9,10
6,2025-04-14T21:09:00+00:00,2025-04-15,07:09,8,9,17
8,2025-04-14T20:56:00+00:00,2025-04-15,06:56,4,5,9
8,2025-04-14T20:58:00+00:00,2025-04-15,06:58,1,1,2
8,2025-04-14T21:00:00+00:00,2025-04-15,07:00,1,1,2
8,2025-04-14T21:02:00+00:00,2025-04-15,07:02,2,4,6
8,2025-04-14T21:05:00+00:00,2025-04-15,07:05,1,3,4
8,2025-04-14T21:06:00+00:00,2025-04-15,07:06,2,2,4
14,2025-04-14T20:55:00+00:00,2025-04-15,06:55,2,2,4
14,2025-04-14T20:56:00+00:00,2025-04-15,06:56,3,4,7
14,2025-04-14T21:01:00+00:00,2025-04-15,07:01,3,2,5
14,2025-04-14T21:07:00+00:00,2025-04-15,07:07,2,2,4
14,2025-04-14T21:08:00+00:00,2025-04-15,07:08,3,8,11
14,2025-04-14T21:09:00+00:00,2025-04-15,07:09,3,7,10
21,2025-04-14T21:05:00+00:00,2025-04-15,07:05,3,7,10
28,2025-04-14T20:55:00+00:00,2025-04-15,06:55,5,2,7
28,2025-04-14T20:58:00+00:00,2025-04-15,06:58,9,1,10
28,2025-04-14T21:01:00+00:00,2025-04-15,07:01,7,1,8
28,2025-04-14T21:04:00+00:00,2025-04-15,07:04,8,0,8
29,2025-04-14T20:59:00+00:00,2025-04-15,06:59,2,2,4
29,2025-04-14T21:06:00+00:00,2025-04-15,07:06,1,0,1
29,2025-04-14T21:08:00+00:00,2025-04-15,07:08,3,0,3
31,2025-04-14T20:59:00+00:00,2025-04-15,06:59,0,1,1
31,2025-04-14T21:07:00+00:00,2025-04-15,07:07,2,1,3
36,2025-04-14T20:55:00+00:00,2025-04-15,06:55,1,1,2
36,2025-04-14T20:56:00+00:00,2025-04-15,06:56,2,0,2
36,2025-04-14T20:59:00+00:00,2025-04-15,06:59,1,0,1
36,2025-04-14T21:01:00+00:00,2025-04-15,07:01,2,0,2
36,2025-04-14T21:04:00+00:00,2025-04-15,07:04,1,0,1
37,2025-04-14T20:55:00+00:00,2025-04-15,06:55,1,0,1
37,2025-04-14T20:58:00+00:00,2025-04-15,06:58,1,0,1
39,2025-04-14T21:05:00+00:00,2025-04-15,07:05,1,0,1
40,2025-04-14T20:57:00+00:00,2025-04-15,06:57,1,1,2
40,2025-04-14T21:02:00+00:00,2025-04-15,07:02,3,0,3
40,2025-04-14T21:06:00+00:00,2025-04-15,07:06,0,4,4
41,2025-04-14T20:55:00+00:00,2025-04-15,06:55,19,1,20
41,2025-04-14T20:56:00+00:00,2025-04-15,06:56,13,0,13
41,2025-04-14T20:57:00+00:00,2025-04-15,06:57,18,2,20
41,2025-04-14T20:59:00+00:00,2025-04-15,06:59,8,6,14
41,2025-04-14T21:01:00+00:00,2025-04-15,07:01,13,6,19
41,2025-04-14T21:02:00+00:00,2025-04-15,07:02,10,2,12
41,2025-04-14T21:03:00+00:00,2025-04-15,07:03,10,1,11
41,2025-04-14T21:06:00+00:00,2025-04-15,07:06,9,4,13
41,2025-04-14T21:07:00+00:00,2025-04-15,07:07,11,2,13
41,2025-04-14T21:08:00+00:00,2025-04-15,07:08,4,5,9
42,2025-04-14T20:55:00+00:00,2025-04-15,06:55,1,1,2
42,2025-04-14T20:57:00+00:00,2025-04-15,06:57,1,1,2
42,2025-04-14T21:05:00+00:00,2025-04-15,07:05,0,3,3
43,2025-04-14T20:55:00+00:00,2025-04-15,06:55,2,1,3
43,2025-04-14T21:00:00+00:00,2025-04-15,07:00,0,3,3
44,2025-04-14T21:05:00+00:00,2025-04-15,07:05,1,1,2
45,2025-04-14T20:58:00+00:00,2025-04-15,06:58,2,2,4
45,2025-04-14T20:59:00+00:00,2025-04-15,06:59,2,1,3
45,2025-04-14T21:02:00+00:00,2025-04-15,07:02,5,2,7
45,2025-04-14T21:08:00+00:00,2025-04-15,07:08,0,2,2
47,2025-04-14T20:55:00+00:00,2025-04-15,06:55,1,3,4
47,2025-04-14T20:59:00+00:00,2025-04-15,06:59,1,3,4
47,2025-04-14T21:00:00+00:00,2025-04-15,07:00,1,1,2
47,2025-04-14T21:01:00+00:00,2025-04-15,07:01,0,4,4
47,2025-04-14T21:05:00+00:00,2025-04-15,07:05,3,3,6
47,2025-04-14T21:07:00+00:00,2025-04-15,07:07,1,8,9
47,2025-04-14T21:08:00+00:00,2025-04-15,07:08,3,2,5
50,2025-04-14T20:57:00+00:00,2025-04-15,06:57,0,1,1
50,2025-04-14T21:01:00+00:00,2025-04-15,07:01,0,1,1
50,2025-04-14T21:03:00+00:00,2025-04-15,07:03,1,0,1
50,2025-04-14T21:04:00+00:00,2025-04-15,07:04,1,0,1
54,2025-04-14T21:01:00+00:00,2025-04-15,07:01,0,1,1
61,2025-04-14T20:58:00+00:00,2025-04-15,06:58,1,1,2
61,2025-04-14T21:00:00+00:00,2025-04-15,07:00,0,1,1
61,2025-04-14T21:02:00+00:00,2025-04-15,07:02,0,2,2
61,2025-04-14T21:03:00+00:00,2025-04-15,07:03,1,1,2
61,2025-04-14T21:05:00+00:00,2025-04-15,07:05,1,0,1
61,2025-04-14T21:07:00+00:00,2025-04-15,07:07,0,1,1
61,2025-04-14T21:09:00+00:00,2025-04-15,07:09,3,1,4
66,2025-04-14T20:56:00+00:00,2025-04-15,06:56,0,1,1
66,2025-04-14T20:57:00+00:00,2025-04-15,06:57,2,2,4
66,2025-04-14T20:58:00+00:00,2025-04-15,06:58,2,1,3
66,2025-04-14T21:02:00+00:00,2025-04-15,07:02,0,3,3
66,2025-04-14T21:08:00+00:00,2025-04-15,07:08,0,2,2
69,2025-04-14T20:57:00+00:00,2025-04-15,06:57,1,2,3
69,2025-04-14T20:59:00+00:00,2025-04-15,06:59,1,0,1
69,2025-04-14T21:06:00+00:00,2025-04-15,07:06,2,1,3
70,2025-04-14T21:08:00+00:00,2025-04-15,07:08,1,1,2
75,2025-04-14T20:55:00+00:00,2025-04-15,06:55,1,2,3
75,2025-04-14T21:03:00+00:00,2025-04-15,07:03,1,0,1
75,2025-04-14T21:06:00+00:00,2025-04-15,07:06,2,1,3
77,2025-04-14T21:05:00+00:00,2025-04-15,07:05,5,8,13
78,2025-04-14T20:56:00+00:00,2025-04-15,06:56,0,1,1
78,2025-04-14T20:58:00+00:00,2025-04-15,06:58,1,0,1
78,2025-04-14T20:59:00+00:00,2025-04-15,06:59,0,2,2
78,2025-04-14T21:03:00+00:00,2025-04-15,07:03,1,1,2
108,2025-04-14T20:56:00+00:00,2025-04-15,06:56,4,0,4
108,2025-04-14T21:07:00+00:00,2025-04-15,07:07,1,1,2
108,2025-04-14T21:08:00+00:00,2025-04-15,07:08,0,10,10
133,2025-04-14T20:55:00+00:00,2025-04-15,06:55,40,21,61
134,2025-04-14T21:05:00+00:00,2025-04-15,07:05,22,14,36
135,2025-04-14T21:00:00+00:00,2025-04-15,07:00,7,6,13
135,2025-04-14T21:05:00+00:00,2025-04-15,07:05,11,13,24
165,2025-04-14T20:55:00+00:00,2025-04-15,06:55,2,1,3
166,2025-04-14T21:00:00+00:00,2025-04-15,07:00,0,1,1
167,2025-04-14T21:05:00+00:00,2025-04-15,07:05,1,0,1
1,2025-04-14T20:59:00+00:00,2025-04-15,06:59,0,2,2
1,2025-04-14T21:01:00+00:00,2025-04-15,07:01,2,1,3
1,2025-04-14T21:07:00+00:00,2025-04-15,07:07,0,3,3
2,2025-04-14T20:58:00+00:00,2025-04-15,06:58,0,1,1
2,2025-04-14T21:00:00+00:00,2025-04-15,07:00,0,1,1
2,2025-04-14T21:02:00+00:00,2025-04-15,07:02,0,3,3
2,2025-04-14T21:09:00+00:00,2025-04-15,07:09,0,1,1
9,2025-04-14T20:57:00+00:00,2025-04-15,06:57,1,14,15
9,2025-04-14T20:58:00+00:00,2025-04-15,06:58,1,6,7
9,2025-04-14T21:04:00+00:00,2025-04-15,07:04,4,13,17
9,2025-04-14T21:06:00+00:00,2025-04-15,07:06,1,22,23
9,2025-04-14T21:07:00+00:00,2025-04-15,07:07,1,11,12
10,2025-04-14T20:55:00+00:00,2025-04-15,06:55,0,5,5
10,2025-04-14T21:00:00+00:00,2025-04-15,07:00,0,1,1
10,2025-04-14T21:01:00+00:00,2025-04-15,07:01,0,1,1
11,2025-04-14T20:55:00+00:00,2025-04-15,06:55,3,3,6
11,2025-04-14T21:03:00+00:00,2025-04-15,07:03,1,0,1
11,2025-04-14T21:05:00+00:00,2025-04-15,07:05,1,0,1
11,2025-04-14T21:07:00+00:00,2025-04-15,07:07,2,1,3
12,2025-04-14T20:57:00+00:00,2025-04-15,06:57,0,1,1
12,2025-04-14T20:59:00+00:00,2025-04-15,06:59,1,1,2
12,2025-04-14T21:01:00+00:00,2025-04-15,07:01,3,0,3
12,2025-04-14T21:07:00+00:00,2025-04-15,07:07,1,0,1
17,2025-04-14T20:55:00+00:00,2025-04-15,06:55,4,3,7
17,2025-04-14T20:56:00+00:00,2025-04-15,06:56,1,3,4
17,2025-04-14T20:57:00+00:00,2025-04-15,06:57,2,2,4
17,2025-04-14T20:58:00+00:00,2025-04-15,06:58,3,0,3
17,2025-04-14T21:02:00+00:00,2025-04-15,07:02,0,1,1
17,2025-04-14T21:07:00+00:00,2025-04-15,07:07,7,1,8
18,2025-04-14T20:55:00+00:00,2025-04-15,06:55,0,3,3
18,2025-04-14T21:02:00+00:00,2025-04-15,07:02,1,1,2
18,2025-04-14T21:05:00+00:00,2025-04-15,07:05,0,3,3
18,2025-04-14T21:06:00+00:00,2025-04-15,07:06,1,1,2
18,2025-04-14T21:09:00+00:00,2025-04-15,07:09,0,2,2
19,2025-04-14T21:09:00+00:00,2025-04-15,07:09,1,1,2
20,2025-04-14T20:57:00+00:00,2025-04-15,06:57,0,3,3
20,2025-04-14T21:02:00+00:00,2025-04-15,07:02,0,1,1
23,2025-04-14T20:58:00+00:00,2025-04-15,06:58,1,1,2
23,2025-04-14T20:59:00+00:00,2025-04-15,06:59,1,0,1
23,2025-04-14T21:02:00+00:00,2025-04-15,07:02,4,1,5
23,2025-04-14T21:04:00+00:00,2025-04-15,07:04,2,2,4
24,2025-04-14T20:56:00+00:00,2025-04-15,06:56,4,6,10
24,2025-04-14T20:57:00+00:00,2025-04-15,06:57,8,4,12
24,2025-04-14T20:59:00+00:00,2025-04-15,06:59,9,0,9
24,2025-04-14T21:03:00+00:00,2025-04-15,07:03,5,1,6
24,2025-04-14T21:05:00+00:00,2025-04-15,07:05,17,4,21
27,2025-04-14T21:00:00+00:00,2025-04-15,07:00,0,1,1
27,2025-04-14T21:03:00+00:00,2025-04-15,07:03,2,0,2
27,2025-04-14T21:09:00+00:00,2025-04-15,07:09,0,2,2
30,2025-04-14T20:57:00+00:00,2025-04-15,06:57,2,0,2
30,2025-04-14T20:58:00+00:00,2025-04-15,06:58,0,3,3
30,2025-04-14T21:01:00+00:00,2025-04-15,07:01,0,3,3
35,2025-04-14T20:58:00+00:00,2025-04-15,06:58,6,14,20
35,2025-04-14T21:00:00+00:00,2025-04-15,07:00,4,8,12
35,2025-04-14T21:02:00+00:00,2025-04-15,07:02,4,3,7
35,2025-04-14T21:06:00+00:00,2025-04-15,07:06,6,6,12
35,2025-04-14T21:08:00+00:00,2025-04-15,07:08,15,11,26
46,2025-04-14T20:55:00+00:00,2025-04-15,06:55,2,1,3
48,2025-04-14T21:03:00+00:00,2025-04-15,07:03,1,0,1
48,2025-04-14T21:08:00+00:00,2025-04-15,07:08,0,1,1
49,2025-04-14T20:59:00+00:00,2025-04-15,06:59,0,1,1
49,2025-04-14T21:02:00+00:00,2025-04-15,07:02,1,0,1
49,2025-04-14T21:04:00+00:00,2025-04-15,07:04,0,2,2
49,2025-04-14T21:07:00+00:00,2025-04-15,07:07,0,1,1
49,2025-04-14T21:09:00+00:00,2025-04-15,07:09,1,1,2
51,2025-04-14T20:55:00+00:00,2025-04-15,06:55,1,0,1
51,2025-04-14T21:00:00+00:00,2025-04-15,07:00,1,0,1
51,2025-04-14T21:08:00+00:00,2025-04-15,07:08,1,0,1
52,2025-04-14T20:59:00+00:00,2025-04-15,06:59,0,1,1
52,2025-04-14T21:03:00+00:00,2025-04-15,07:03,1,3,4
53,2025-04-14T21:00:00+00:00,2025-04-15,07:00,1,0,1
53,2025-04-14T21:06:00+00:00,2025-04-15,07:06,1,2,3
56,2025-04-14T21:01:00+00:00,2025-04-15,07:01,0,3,3
56,2025-04-14T21:02:00+00:00,2025-04-15,07:02,1,0,1
56,2025-04-14T21:09:00+00:00,2025-04-15,07:09,1,1,2
58,2025-04-14T20:55:00+00:00,2025-04-15,06:55,1,2,3
58,2025-04-14T20:58:00+00:00,2025-04-15,06:58,2,0,2
58,2025-04-14T20:59:00+00:00,2025-04-15,06:59,15,0,15
58,2025-04-14T21:00:00+00:00,2025-04-15,07:00,1,0,1
58,2025-04-14T21:03:00+00:00,2025-04-15,07:03,4,5,9
58,2025-04-14T21:06:00+00:00,2025-04-15,07:06,23,1,24
58,2025-04-14T21:07:00+00:00,2025-04-15,07:07,2,1,3
58,2025-04-14T21:08:00+00:00,2025-04-15,07:08,12,1,13
62,2025-04-14T20:55:00+00:00,2025-04-15,06:55,3,1,4
62,2025-04-14T21:00:00+00:00,2025-04-15,07:00,2,1,3
62,2025-04-14T21:01:00+00:00,2025-04-15,07:01,3,0,3
62,2025-04-14T21:02:00+00:00,2025-04-15,07:02,3,0,3
62,2025-04-14T21:06:00+00:00,2025-04-15,07:06,0,1,1
63,2025-04-14T20:56:00+00:00,2025-04-15,06:56,1,0,1
63,2025-04-14T20:58:00+00:00,2025-04-15,06:58,0,1,1
63,2025-04-14T21:01:00+00:00,2025-04-15,07:01,1,1,2
63,2025-04-14T21:04:00+00:00,2025-04-15,07:04,3,2,5
63,2025-04-14T21:05:00+00:00,2025-04-15,07:05,0,2,2
63,2025-04-14T21:08:00+00:00,2025-04-15,07:08,0,2,2
67,2025-04-14T20:56:00+00:00,2025-04-15,06:56,6,0,6
67,2025-04-14T21:05:00+00:00,2025-04-15,07:05,1,0,1
67,2025-04-14T21:06:00+00:00,2025-04-15,07:06,3,3,6
67,2025-04-14T21:07:00+00:00,2025-04-15,07:07,1,2,3
67,2025-04-14T21:09:00+00:00,2025-04-15,07:09,2,1,3
68,2025-04-14T20:57:00+00:00,2025-04-15,06:57,1,1,2
72,2025-04-14T20:58:00+00:00,2025-04-15,06:58,3,1,4
72,2025-04-14T21:08:00+00:00,2025-04-15,07:08,1,0,1
76,2025-04-14T21:00:00+00:00,2025-04-15,07:00,2,1,3
76,2025-04-14T21:04:00+00:00,2025-04-15,07:04,1,2,3
76,2025-04-14T21:05:00+00:00,2025-04-15,07:05,1,1,2
76,2025-04-14T21:07:00+00:00,2025-04-15,07:07,1,1,2
76,2025-04-14T21:09:00+00:00,2025-04-15,07:09,1,0,1
79,2025-04-14T20:55:00+00:00,2025-04-15,06:55,5,6,11
79,2025-04-14T20:57:00+00:00,2025-04-15,06:57,3,0,3
79,2025-04-14T20:58:00+00:00,2025-04-15,06:58,10,1,11
79,2025-04-14T21:02:00+00:00,2025-04-15,07:02,0,2,2
79,2025-04-14T21:05:00+00:00,2025-04-15,07:05,4,2,6
79,2025-04-14T21:07:00+00:00,2025-04-15,07:07,10,2,12
79,2025-04-14T21:08:00+00:00,2025-04-15,07:08,4,1,5
85,2025-04-14T21:00:00+00:00,2025-04-15,07:00,0,1,1
85,2025-04-14T21:01:00+00:00,2025-04-15,07:01,0,2,2
85,2025-04-14T21:02:00+00:00,2025-04-15,07:02,2,1,3
86,2025-04-14T21:08:00+00:00,2025-04-15,07:08,0,1,1
109,2025-04-14T21:00:00+00:00,2025-04-15,07:00,4,12,16
109,2025-04-14T21:05:00+00:00,2025-04-15,07:05,3,18,21
123,2025-04-14T21:00:00+00:00,2025-04-15,07:00,4,7,11
123,2025-04-14T21:05:00+00:00,2025-04-15,07:05,1,4,5
136,2025-04-14T21:00:00+00:00,2025-04-15,07:00,7,8,15
137,2025-04-14T21:00:00+00:00,2025-04-15,07:00,1,0,1
139,2025-04-14T20:55:00+00:00,2025-04-15,06:55,1,11,12
139,2025-04-14T21:00:00+00:00,2025-04-15,07:00,1,1,2
142,2025-04-14T20:55:00+00:00,2025-04-15,06:55,17,23,40
142,2025-04-14T21:05:00+00:00,2025-04-15,07:05,18,13,31
181,2025-04-14T21:10:00+00:00,2025-04-15,07:10,1,2,3
181,2025-04-14T21:11:00+00:00,2025-04-15,07:11,0,3,3
181,2025-04-14T21:12:00+00:00,2025-04-15,07:12,5,1,6
181,2025-04-14T21:17:00+00:00,2025-04-15,07:17,3,5,8
181,2025-04-14T21:19:00+00:00,2025-04-15,07:19,4,2,6
181,2025-04-14T21:22:00+00:00,2025-04-15,07:22,5,3,8
181,2025-04-14T21:24:00+00:00,2025-04-15,07:24,6,0,6
181,2025-04-14T21:29:00+00:00,2025-04-15,07:29,3,3,6
181,2025-04-14T21:38:00+00:00,2025-04-15,07:38,8,3,11
181,2025-04-14T21:44:00+00:00,2025-04-15,07:44,5,10,15
181,2025-04-14T21:45:00+00:00,2025-04-15,07:45,8,3,11
181,2025-04-14T21:46:00+00:00,2025-04-15,07:46,8,5,13
181,2025-04-14T21:49:00+00:00,2025-04-15,07:49,4,2,6
181,2025-04-14T21:51:00+00:00,2025-04-15,07:51,15,10,25
181,2025-04-14T21:56:00+00:00,2025-04-15,07:56,5,4,9
181,2025-04-14T22:00:00+00:00,2025-04-15,08:00,17,8,25
181,2025-04-14T22:03:00+00:00,2025-04-15,08:03,5,7,12
181,2025-04-14T22:10:00+00:00,2025-04-15,08:10,5,11,16
180,2025-04-14T21:10:00+00:00,2025-04-15,07:10,1,1,2
180,2025-04-14T21:13:00+00:00,2025-04-15,07:13,1,0,1
180,2025-04-14T21:28:00+00:00,2025-04-15,07:28,0,1,1
180,2025-04-14T21:29:00+00:00,2025-04-15,07:29,0,3,3
180,2025-04-14T21:33:00+00:00,2025-04-15,07:33,4,0,4
180,2025-04-14T21:38:00+00:00,2025-04-15,07:38,4,0,4
180,2025-04-14T21:46:00+00:00,2025-04-15,07:46,1,0,1
180,2025-04-14T21:48:00+00:00,2025-04-15,07:48,1,0,1
180,2025-04-14T21:51:00+00:00,2025-04-15,07:51,2,0,2
180,2025-04-14T21:52:00+00:00,2025-04-15,07:52,1,0,1
180,2025-04-14T21:53:00+00:00,2025-04-15,07:53,1,0,1
180,2025-04-14T21:56:00+00:00,2025-04-15,07:56,4,3,7
180,2025-04-14T21:59:00+00:00,2025-04-15,07:59,1,0,1
3,2025-04-14T21:15:00+00:00,2025-04-15,07:15,4,0,4
3,2025-04-14T21:16:00+00:00,2025-04-15,07:16,1,0,1
3,2025-04-14T21:19:00+00:00,2025-04-15,07:19,1,0,1
3,2025-04-14T21:30:00+00:00,2025-04-15,07:30,1,1,2
3,2025-04-14T21:32:00+00:00,2025-04-15,07:32,0,2,2
3,2025-04-14T21:34:00+00:00,2025-04-15,07:34,1,2,3
3,2025-04-14T21:36:00+00:00,2025-04-15,07:36,1,5,6
3,2025-04-14T21:40:00+00:00,2025-04-15,07:40,2,2,4
3,2025-04-14T21:41:00+00:00,2025-04-15,07:41,2,1,3
3,2025-04-14T21:43:00+00:00,2025-04-15,07:43,3,2,5
3,2025-04-14T21:47:00+00:00,2025-04-15,07:47,0,6,6
3,2025-04-14T21:49:00+00:00,2025-04-15,07:49,0,3,3
3,2025-04-14T21:52:00+00:00,2025-04-15,07:52,1,6,7
3,2025-04-14T21:59:00+00:00,2025-04-15,07:59,0,3,3
3,2025-04-14T22:03:00+00:00,2025-04-15,08:03,1,4,5
3,2025-04-14T22:04:00+00:00,2025-04-15,08:04,4,3,7
4,2025-04-14T21:10:00+00:00,2025-04-15,07:10,0,3,3
4,2025-04-14T21:11:00+00:00,2025-04-15,07:11,10,1,11
4,2025-04-14T21:12:00+00:00,2025-04-15,07:12,3,6,9
4,2025-04-14T21:15:00+00:00,2025-04-15,07:15,1,1,2
4,2025-04-14T21:17:00+00:00,2025-04-15,07:17,9,1,10
4,2025-04-14T21:20:00+00:00,2025-04-15,07:20,5,6,11
4,2025-04-14T21:22:00+00:00,2025-04-15,07:22,1,1,2
4,2025-04-14T21:23:00+00:00,2025-04-15,07:23,3,3,6
4,2025-04-14T21:31:00+00:00,2025-04-15,07:31,0,5,5
4,2025-04-14T21:38:00+00:00,2025-04-15,07:38,12,3,15
4,2025-04-14T21:42:00+00:00,2025-04-15,07:42,8,3,11
4,2025-04-14T21:43:00+00:00,2025-04-15,07:43,13,4,17
4,2025-04-14T21:48:00+00:00,2025-04-15,07:48,11,7,18
4,2025-04-14T21:51:00+00:00,2025-04-15,07:51,12,4,16
4,2025-04-14T21:52:00+00:00,2025-04-15,07:52,5,4,9
4,2025-04-14T21:58:00+00:00,2025-04-15,07:58,6,8,14
4,2025-04-14T22:02:00+00:00,2025-04-15,08:02,17,4,21
4,2025-04-14T22:04:00+00:00,2025-04-15,08:04,10,3,13
4,2025-04-14T22:06:00+00:00,2025-04-15,08:06,8,3,11
4,2025-04-14T22:10:00+00:00,2025-04-15,08:10,15,5,20
5,2025-04-14T21:15:00+00:00,2025-04-15,07:15,14,25,39
5,2025-04-14T21:20:00+00:00,2025-04-15,07:20,8,24,32
5,2025-04-14T22:00:00+00:00,2025-04-15,08:00,21,60,81
6,2025-04-14T21:10:00+00:00,2025-04-15,07:10,8,3,11
6,2025-04-14T21:13:00+00:00,2025-04-15,07:13,2,7,9
6,2025-04-14T21:14:00+00:00,2025-04-15,07:14,4,8,12
6,2025-04-14T21:21:00+00:00,2025-04-15,07:21,3,1,4
6,2025-04-14T21:22:00+00:00,2025-04-15,07:22,7,3,10
6,2025-04-14T21:25:00+00:00,2025-04-15,07:25,15,7,22
6,2025-04-14T21:31:00+00:00,2025-04-15,07:31,9,30,39
6,2025-04-14T21:35:00+00:00,2025-04-15,07:35,5,5,10
6,2025-04-14T21:36:00+00:00,2025-04-15,07:36,4,14,18
6,2025-04-14T21:42:00+00:00,2025-04-15,07:42,10,10,20
6,2025-04-14T21:43:00+00:00,2025-04-15,07:43,5,26,31
6,2025-04-14T21:46:00+00:00,2025-04-15,07:46,8,31,39
6,2025-04-14T21:48:00+00:00,2025-04-15,07:48,8,14,22
6,2025-04-14T21:55:00+00:00,2025-04-15,07:55,27,29,56
6,2025-04-14T21:57:00+00:00,2025-04-15,07:57,6,16,22
6,2025-04-14T22:01:00+00:00,2025-04-15,08:01,13,19,32
6,2025-04-14T22:02:00+00:00,2025-04-15,08:02,13,44,57
6,2025-04-14T22:05:00+00:00,2025-04-15,08:05,6,22,28
6,2025-04-14T22:10:00+00:00,2025-04-15,08:10,5,49,54
8,2025-04-14T21:12:00+00:00,2025-04-15,07:12,3,2,5
8,2025-04-14T21:13:00+00:00,2025-04-15,07:13,6,0,6
8,2025-04-14T21:15:00+00:00,2025-04-15,07:15,1,3,4
8,2025-04-14T21:21:00+00:00,2025-04-15,07:21,3,2,5
8,2025-04-14T21:24:00+00:00,2025-04-15,07:24,1,1,2
8,2025-04-14T21:26:00+00:00,2025-04-15,07:26,4,6,10
8,2025-04-14T21:27:00+00:00,2025-04-15,07:27,4,3,7
8,2025-04-14T21:41:00+00:00,2025-04-15,07:41,1,7,8
8,2025-04-14T21:42:00+00:00,2025-04-15,07:42,2,5,7
8,2025-04-14T21:43:00+00:00,2025-04-15,07:43,4,4,8
8,2025-04-14T21:44:00+00:00,2025-04-15,07:44,5,2,7
8,2025-04-14T21:48:00+00:00,2025-04-15,07:48,8,4,12
8,2025-04-14T21:49:00+00:00,2025-04-15,07:49,2,2,4
8,2025-04-14T21:55:00+00:00,2025-04-15,07:55,2,4,6
8,2025-04-14T21:56:00+00:00,2025-04-15,07:56,3,9,12
8,2025-04-14T21:58:00+00:00,2025-04-15,07:58,6,6,12
8,2025-04-14T21:59:00+00:00,2025-04-15,07:59,7,4,11
8,2025-04-14T22:03:00+00:00,2025-04-15,08:03,5,0,5
8,2025-04-14T22:06:00+00:00,2025-04-15,08:06,4,3,7
8,2025-04-14T22:08:00+00:00,2025-04-15,08:08,9,5,14
8,2025-04-14T22:09:00+00:00,2025-04-15,08:09,8,3,11
14,2025-04-14T21:12:00+00:00,2025-04-15,07:12,4,3,7
14,2025-04-14T21:13:00+00:00,2025-04-15,07:13,3,2,5
14,2025-04-14T21:14:00+00:00,2025-04-15,07:14,5,1,6
14,2025-04-14T21:22:00+00:00,2025-04-15,07:22,1,3,4
14,2025-04-14T21:24:00+00:00,2025-04-15,07:24,1,1,2
14,2025-04-14T21:25:00+00:00,2025-04-15,07:25,1,1,2
14,2025-04-14T21:27:00+00:00,2025-04-15,07:27,1,3,4
14,2025-04-14T21:32:00+00:00,2025-04-15,07:32,2,0,2
14,2025-04-14T21:40:00+00:00,2025-04-15,07:40,2,7,9
14,2025-04-14T21:41:00+00:00,2025-04-15,07:41,3,5,8
14,2025-04-14T21:58:00+00:00,2025-04-15,07:58,5,10,15
14,2025-04-14T22:03:00+00:00,2025-04-15,08:03,3,6,9
14,2025-04-14T22:04:00+00:00,2025-04-15,08:04,11,12,23
14,2025-04-14T22:10:00+00:00,2025-04-15,08:10,8,5,13
21,2025-04-14T21:35:00+00:00,2025-04-15,07:35,6,8,14
21,2025-04-14T21:40:00+00:00,2025-04-15,07:40,1,2,3
21,2025-04-14T22:10:00+00:00,2025-04-15,08:10,8,2,10
28,2025-04-14T21:18:00+00:00,2025-04-15,07:18,3,5,8
28,2025-04-14T21:25:00+00:00,2025-04-15,07:25,4,3,7
28,2025-04-14T21:26:00+00:00,2025-04-15,07:26,7,4,11
28,2025-04-14T21:30:00+00:00,2025-04-15,07:30,3,5,8
28,2025-04-14T21:31:00+00:00,2025-04-15,07:31,3,2,5
28,2025-04-14T21:33:00+00:00,2025-04-15,07:33,5,2,7
28,2025-04-14T21:34:00+00:00,2025-04-15,07:34,5,3,8
28,2025-04-14T21:35:00+00:00,2025-04-15,07:35,4,1,5
28,2025-04-14T21:40:00+00:00,2025-04-15,07:40,10,6,16
28,2025-04-14T21:42:00+00:00,2025-04-15,07:42,4,5,9
28,2025-04-14T21:50:00+00:00,2025-04-15,07:50,6,3,9
28,2025-04-14T21:52:00+00:00,2025-04-15,07:52,8,3,11
28,2025-04-14T21:55:00+00:00,2025-04-15,07:55,7,4,11
28,2025-04-14T21:57:00+00:00,2025-04-15,07:57,5,5,10
28,2025-04-14T22:02:00+00:00,2025-04-15,08:02,6,2,8
28,2025-04-14T22:07:00+00:00,2025-04-15,08:07,7,4,11
28,2025-04-14T22:10:00+00:00,2025-04-15,08:10,13,8,21
29,2025-04-14T21:10:00+00:00,2025-04-15,07:10,0,4,4
29,2025-04-14T21:13:00+00:00,2025-04-15,07:13,2,1,3
29,2025-04-14T21:16:00+00:00,2025-04-15,07:16,1,3,4
29,2025-04-14T21:21:00+00:00,2025-04-15,07:21,2,1,3
29,2025-04-14T21:24:00+00:00,2025-04-15,07:24,4,1,5
29,2025-04-14T21:25:00+00:00,2025-04-15,07:25,2,3,5
29,2025-04-14T21:28:00+00:00,2025-04-15,07:28,2,7,9
29,2025-04-14T21:29:00+00:00,2025-04-15,07:29,6,3,9
29,2025-04-14T21:31:00+00:00,2025-04-15,07:31,5,4,9
29,2025-04-14T21:35:00+00:00,2025-04-15,07:35,1,1,2
29,2025-04-14T21:36:00+00:00,2025-04-15,07:36,4,3,7
29,2025-04-14T21:37:00+00:00,2025-04-15,07:37,4,4,8
29,2025-04-14T21:46:00+00:00,2025-04-15,07:46,1,2,3
29,2025-04-14T21:47:00+00:00,2025-04-15,07:47,3,2,5
29,2025-04-14T21:48:00+00:00,2025-04-15,07:48,2,3,5
29,2025-04-14T21:49:00+00:00,2025-04-15,07:49,5,5,10
29,2025-04-14T21:53:00+00:00,2025-04-15,07:53,7,2,9
29,2025-04-14T21:54:00+00:00,2025-04-15,07:54,6,2,8
29,2025-04-14T21:56:00+00:00,2025-04-15,07:56,1,3,4
29,2025-04-14T21:59:00+00:00,2025-04-15,07:59,5,2,7
29,2025-04-14T22:02:00+00:00,2025-04-15,08:02,1,3,4
29,2025-04-14T22:04:00+00:00,2025-04-15,08:04,4,3,7
29,2025-04-14T22:08:00+00:00,2025-04-15,08:08,3,4,7
29,2025-04-14T22:10:00+00:00,2025-04-15,08:10,3,2,5
31,2025-04-14T21:12:00+00:00,2025-04-15,07:12,0,3,3
31,2025-04-14T21:14:00+00:00,2025-04-15,07:14,1,0,1
31,2025-04-14T21:16:00+00:00,2025-04-15,07:16,0,1,1
31,2025-04-14T21:28:00+00:00,2025-04-15,07:28,0,1,1
31,2025-04-14T21:42:00+00:00,2025-04-15,07:42,0,1,1
31,2025-04-14T21:44:00+00:00,2025-04-15,07:44,0,1,1
31,2025-04-14T21:47:00+00:00,2025-04-15,07:47,1,0,1
31,2025-04-14T21:49:00+00:00,2025-04-15,07:49,0,2,2
31,2025-04-14T21:54:00+00:00,2025-04-15,07:54,1,0,1
31,2025-04-14T21:57:00+00:00,2025-04-15,07:57,0,1,1
31,2025-04-14T22:00:00+00:00,2025-04-15,08:00,0,2,2
31,2025-04-14T22:06:00+00:00,2025-04-15,08:06,2,3,5
31,2025-04-14T22:07:00+00:00,2025-04-15,08:07,0,3,3
31,2025-04-14T22:09:00+00:00,2025-04-15,08:09,2,1,3
36,2025-04-14T21:15:00+00:00,2025-04-15,07:15,1,0,1
36,2025-04-14T21:20:00+00:00,2025-04-15,07:20,0,1,1
36,2025-04-14T21:25:00+00:00,2025-04-15,07:25,2,2,4
36,2025-04-14T21:33:00+00:00,2025-04-15,07:33,0,1,1
36,2025-04-14T21:35:00+00:00,2025-04-15,07:35,3,0,3
36,2025-04-14T21:39:00+00:00,2025-04-15,07:39,1,1,2
36,2025-04-14T21:41:00+00:00,2025-04-15,07:41,4,2,6
36,2025-04-14T21:42:00+00:00,2025-04-15,07:42,3,2,5
36,2025-04-14T21:46:00+00:00,2025-04-15,07:46,3,3,6
36,2025-04-14T21:47:00+00:00,2025-04-15,07:47,0,1,1
36,2025-04-14T21:50:00+00:00,2025-04-15,07:50,3,0,3
36,2025-04-14T21:59:00+00:00,2025-04-15,07:59,3,1,4
36,2025-04-14T22:00:00+00:00,2025-04-15,08:00,2,4,6
36,2025-04-14T22:02:00+00:00,2025-04-15,08:02,1,0,1
36,2025-04-14T22:05:00+00:00,2025-04-15,08:05,2,2,4
36,2025-04-14T22:06:00+00:00,2025-04-15,08:06,1,2,3
36,2025-04-14T22:08:00+00:00,2025-04-15,08:08,1,2,3
37,2025-04-14T21:29:00+00:00,2025-04-15,07:29,1,0,1
37,2025-04-14T21:39:00+00:00,2025-04-15,07:39,0,2,2
37,2025-04-14T21:48:00+00:00,2025-04-15,07:48,1,0,1
37,2025-04-14T21:49:00+00:00,2025-04-15,07:49,0,1,1
37,2025-04-14T21:52:00+00:00,2025-04-15,07:52,2,0,2
37,2025-04-14T21:59:00+00:00,2025-04-15,07:59,1,2,3
37,2025-04-14T22:03:00+00:00,2025-04-15,08:03,1,0,1
37,2025-04-14T22:09:00+00:00,2025-04-15,08:09,0,2,2
39,2025-04-14T21:10:00+00:00,2025-04-15,07:10,0,2,2
39,2025-04-14T21:12:00+00:00,2025-04-15,07:12,1,0,1
39,2025-04-14T21:15:00+00:00,2025-04-15,07:15,0,1,1
39,2025-04-14T21:18:00+00:00,2025-04-15,07:18,0,1,1
39,2025-04-14T21:23:00+00:00,2025-04-15,07:23,1,2,3
39,2025-04-14T21:25:00+00:00,2025-04-15,07:25,1,3,4
39,2025-04-14T21:32:00+00:00,2025-04-15,07:32,1,0,1
39,2025-04-14T21:35:00+00:00,2025-04-15,07:35,0,1,1
39,2025-04-14T21:37:00+00:00,2025-04-15,07:37,2,1,3
39,2025-04-14T21:39:00+00:00,2025-04-15,07:39,0,1,1
39,2025-04-14T21:46:00+00:00,2025-04-15,07:46,0,2,2
39,2025-04-14T21:48:00+00:00,2025-04-15,07:48,1,1,2
39,2025-04-14T21:50:00+00:00,2025-04-15,07:50,1,0,1
39,2025-04-14T21:51:00+00:00,2025-04-15,07:51,1,1,2
39,2025-04-14T21:54:00+00:00,2025-04-15,07:54,2,0,2
39,2025-04-14T21:57:00+00:00,2025-04-15,07:57,2,0,2
39,2025-04-14T22:04:00+00:00,2025-04-15,08:04,1,1,2
39,2025-04-14T22:05:00+00:00,2025-04-15,08:05,2,1,3
39,2025-04-14T22:09:00+00:00,2025-04-15,08:09,3,0,3
40,2025-04-14T21:16:00+00:00,2025-04-15,07:16,1,0,1
40,2025-04-14T21:18:00+00:00,2025-04-15,07:18,2,0,2
40,2025-04-14T21:20:00+00:00,2025-04-15,07:20,0,1,1
40,2025-04-14T21:21:00+00:00,2025-04-15,07:21,4,1,5
40,2025-04-14T21:23:00+00:00,2025-04-15,07:23,1,0,1
40,2025-04-14T21:24:00+00:00,2025-04-15,07:24,2,1,3
40,2025-04-14T21:25:00+00:00,2025-04-15,07:25,3,0,3
40,2025-04-14T21:36:00+00:00,2025-04-15,07:36,2,1,3
40,2025-04-14T21:38:00+00:00,2025-04-15,07:38,3,0,3
40,2025-04-14T21:42:00+00:00,2025-04-15,07:42,1,2,3
40,2025-04-14T21:45:00+00:00,2025-04-15,07:45,5,1,6
40,2025-04-14T21:59:00+00:00,2025-04-15,07:59,2,2,4
40,2025-04-14T22:03:00+00:00,2025-04-15,08:03,2,3,5
40,2025-04-14T22:05:00+00:00,2025-04-15,08:05,4,1,5
40,2025-04-14T22:06:00+00:00,2025-04-15,08:06,1,4,5
40,2025-04-14T22:07:00+00:00,2025-04-15,08:07,6,2,8
40,2025-04-14T22:10:00+00:00,2025-04-15,08:10,2,5,7
41,2025-04-14T21:18:00+00:00,2025-04-15,07:18,7,3,10
41,2025-04-14T21:20:00+00:00,2025-04-15,07:20,16,9,25
41,2025-04-14T21:21:00+00:00,2025-04-15,07:21,16,8,24
41,2025-04-14T21:22:00+00:00,2025-04-15,07:22,9,1,10
41,2025-04-14T21:26:00+00:00,2025-04-15,07:26,8,12,20
41,2025-04-14T21:27:00+00:00,2025-04-15,07:27,5,7,12
41,2025-04-14T21:28:00+00:00,2025-04-15,07:28,12,7,19
41,2025-04-14T21:30:00+00:00,2025-04-15,07:30,10,8,18
41,2025-04-14T21:33:00+00:00,2025-04-15,07:33,16,6,22
41,2025-04-14T21:42:00+00:00,2025-04-15,07:42,15,14,29
41,2025-04-14T21:47:00+00:00,2025-04-15,07:47,27,6,33
41,2025-04-14T21:48:00+00:00,2025-04-15,07:48,34,7,41
41,2025-04-14T21:54:00+00:00,2025-04-15,07:54,33,6,39
41,2025-04-14T21:55:00+00:00,2025-04-15,07:55,32,6,38
41,2025-04-14T21:56:00+00:00,2025-04-15,07:56,29,5,34
41,2025-04-14T21:58:00+00:00,2025-04-15,07:58,28,15,43
41,2025-04-14T21:59:00+00:00,2025-04-15,07:59,31,3,34
41,2025-04-14T22:04:00+00:00,2025-04-15,08:04,37,9,46
41,2025-04-14T22:08:00+00:00,2025-04-15,08:08,33,10,43
41,2025-04-14T22:09:00+00:00,2025-04-15,08:09,32,5,37
42,2025-04-14T21:12:00+00:00,2025-04-15,07:12,1,1,2
42,2025-04-14T21:16:00+00:00,2025-04-15,07:16,2,1,3
42,2025-04-14T21:20:00+00:00,2025-04-15,07:20,0,1,1
42,2025-04-14T21:28:00+00:00,2025-04-15,07:28,4,0,4
42,2025-04-14T21:36:00+00:00,2025-04-15,07:36,1,2,3
42,2025-04-14T21:38:00+00:00,2025-04-15,07:38,2,0,2
42,2025-04-14T21:47:00+00:00,2025-04-15,07:47,11,1,12
42,2025-04-14T21:54:00+00:00,2025-04-15,07:54,0,1,1
42,2025-04-14T21:59:00+00:00,2025-04-15,07:59,2,7,9
42,2025-04-14T22:00:00+00:00,2025-04-15,08:00,4,4,8
42,2025-04-14T22:01:00+00:00,2025-04-15,08:01,2,2,4
42,2025-04-14T22:02:00+00:00,2025-04-15,08:02,1,3,4
42,2025-04-14T22:05:00+00:00,2025-04-15,08:05,3,3,6
43,2025-04-14T21:10:00+00:00,2025-04-15,07:10,6,5,11
43,2025-04-14T21:20:00+00:00,2025-04-15,07:20,6,2,8
43,2025-04-14T21:30:00+00:00,2025-04-15,07:30,7,1,8
43,2025-04-14T22:10:00+00:00,2025-04-15,08:10,11,6,17
44,2025-04-14T21:30:00+00:00,2025-04-15,07:30,4,1,5
44,2025-04-14T21:45:00+00:00,2025-04-15,07:45,4,7,11
44,2025-04-14T21:50:00+00:00,2025-04-15,07:50,5,7,12
45,2025-04-14T21:17:00+00:00,2025-04-15,07:17,1,0,1
45,2025-04-14T21:20:00+00:00,2025-04-15,07:20,0,3,3
45,2025-04-14T21:21:00+00:00,2025-04-15,07:21,1,3,4
45,2025-04-14T21:24:00+00:00,2025-04-15,07:24,2,3,5
45,2025-04-14T21:25:00+00:00,2025-04-15,07:25,1,4,5
45,2025-04-14T21:26:00+00:00,2025-04-15,07:26,1,1,2
45,2025-04-14T21:31:00+00:00,2025-04-15,07:31,1,2,3
45,2025-04-14T21:32:00+00:00,2025-04-15,07:32,3,2,5
45,2025-04-14T21:34:00+00:00,2025-04-15,07:34,1,1,2
45,2025-04-14T21:36:00+00:00,2025-04-15,07:36,4,2,6
45,2025-04-14T21:37:00+00:00,2025-04-15,07:37,2,1,3
45,2025-04-14T21:45:00+00:00,2025-04-15,07:45,1,8,9
45,2025-04-14T21:47:00+00:00,2025-04-15,07:47,1,2,3
45,2025-04-14T21:52:00+00:00,2025-04-15,07:52,1,2,3
45,2025-04-14T21:53:00+00:00,2025-04-15,07:53,0,2,2
45,2025-04-14T21:54:00+00:00,2025-04-15,07:54,1,3,4
45,2025-04-14T21:55:00+00:00,2025-04-15,07:55,3,5,8
45,2025-04-14T22:00:00+00:00,2025-04-15,08:00,4,5,9
45,2025-04-14T22:01:00+00:00,2025-04-15,08:01,8,4,12
45,2025-04-14T22:04:00+00:00,2025-04-15,08:04,4,4,8
45,2025-04-14T22:05:00+00:00,2025-04-15,08:05,3,0,3
45,2025-04-14T22:08:00+00:00,2025-04-15,08:08,3,2,5
47,2025-04-14T21:11:00+00:00,2025-04-15,07:11,2,9,11
47,2025-04-14T21:17:00+00:00,2025-04-15,07:17,5,0,5
47,2025-04-14T21:18:00+00:00,2025-04-15,07:18,3,5,8
47,2025-04-14T21:21:00+00:00,2025-04-15,07:21,3,6,9
47,2025-04-14T21:25:00+00:00,2025-04-15,07:25,1,4,5
47,2025-04-14T21:27:00+00:00,2025-04-15,07:27,1,2,3
47,2025-04-14T21:30:00+00:00,2025-04-15,07:30,3,5,8
47,2025-04-14T21:32:00+00:00,2025-04-15,07:32,0,4,4
47,2025-04-14T21:33:00+00:00,2025-04-15,07:33,2,1,3
47,2025-04-14T21:35:00+00:00,2025-04-15,07:35,1,0,1
47,2025-04-14T21:36:00+00:00,2025-04-15,07:36,2,5,7
47,2025-04-14T21:43:00+00:00,2025-04-15,07:43,2,2,4
47,2025-04-14T21:44:00+00:00,2025-04-15,07:44,0,1,1
47,2025-04-14T21:48:00+00:00,2025-04-15,07:48,3,8,11
47,2025-04-14T21:49:00+00:00,2025-04-15,07:49,4,6,10
47,2025-04-14T21:50:00+00:00,2025-04-15,07:50,3,1,4
47,2025-04-14T21:52:00+00:00,2025-04-15,07:52,4,11,15
47,2025-04-14T21:57:00+00:00,2025-04-15,07:57,1,9,10
47,2025-04-14T21:59:00+00:00,2025-04-15,07:59,1,1,2
47,2025-04-14T22:00:00+00:00,2025-04-15,08:00,9,6,15
47,2025-04-14T22:08:00+00:00,2025-04-15,08:08,9,4,13
47,2025-04-14T22:10:00+00:00,2025-04-15,08:10,0,10,10
50,2025-04-14T21:30:00+00:00,2025-04-15,07:30,0,1,1
50,2025-04-14T21:34:00+00:00,2025-04-15,07:34,0,2,2
50,2025-04-14T21:35:00+00:00,2025-04-15,07:35,1,0,1
50,2025-04-14T21:38:00+00:00,2025-04-15,07:38,0,1,1
50,2025-04-14T21:43:00+00:00,2025-04-15,07:43,0,1,1
50,2025-04-14T21:45:00+00:00,2025-04-15,07:45,0,1,1
50,2025-04-14T21:49:00+00:00,2025-04-15,07:49,0,1,1
50,2025-04-14T21:54:00+00:00,2025-04-15,07:54,1,1,2
50,2025-04-14T21:57:00+00:00,2025-04-15,07:57,1,1,2
50,2025-04-14T22:06:00+00:00,2025-04-15,08:06,1,0,1
50,2025-04-14T22:08:00+00:00,2025-04-15,08:08,1,1,2
54,2025-04-14T21:21:00+00:00,2025-04-15,07:21,1,1,2
54,2025-04-14T21:37:00+00:00,2025-04-15,07:37,4,1,5
54,2025-04-14T21:41:00+00:00,2025-04-15,07:41,0,1,1
54,2025-04-14T21:44:00+00:00,2025-04-15,07:44,1,0,1
54,2025-04-14T21:46:00+00:00,2025-04-15,07:46,1,1,2
54,2025-04-14T21:47:00+00:00,2025-04-15,07:47,0,1,1
54,2025-04-14T21:50:00+00:00,2025-04-15,07:50,3,0,3
54,2025-04-14T21:55:00+00:00,2025-04-15,07:55,1,0,1
54,2025-04-14T21:59:00+00:00,2025-04-15,07:59,1,0,1
54,2025-04-14T22:05:00+00:00,2025-04-15,08:05,1,1,2
54,2025-04-14T22:09:00+00:00,2025-04-15,08:09,4,1,5
59,2025-04-14T21:15:00+00:00,2025-04-15,07:15,12,5,17
59,2025-04-14T21:25:00+00:00,2025-04-15,07:25,13,5,18
59,2025-04-14T21:35:00+00:00,2025-04-15,07:35,24,8,32
59,2025-04-14T21:55:00+00:00,2025-04-15,07:55,30,9,39
59,2025-04-14T22:00:00+00:00,2025-04-15,08:00,34,6,40
61,2025-04-14T21:10:00+00:00,2025-04-15,07:10,6,0,6
61,2025-04-14T21:15:00+00:00,2025-04-15,07:15,1,2,3
61,2025-04-14T21:16:00+00:00,2025-04-15,07:16,2,2,4
61,2025-04-14T21:20:00+00:00,2025-04-15,07:20,1,0,1
61,2025-04-14T21:22:00+00:00,2025-04-15,07:22,5,3,8
61,2025-04-14T21:23:00+00:00,2025-04-15,07:23,1,6,7
61,2025-04-14T21:24:00+00:00,2025-04-15,07:24,2,5,7
61,2025-04-14T21:29:00+00:00,2025-04-15,07:29,6,3,9
61,2025-04-14T21:40:00+00:00,2025-04-15,07:40,4,4,8
61,2025-04-14T21:44:00+00:00,2025-04-15,07:44,4,0,4
61,2025-04-14T21:58:00+00:00,2025-04-15,07:58,9,7,16
61,2025-04-14T22:02:00+00:00,2025-04-15,08:02,4,3,7
61,2025-04-14T22:08:00+00:00,2025-04-15,08:08,9,7,16
61,2025-04-14T22:10:00+00:00,2025-04-15,08:10,7,9,16
66,2025-04-14T21:11:00+00:00,2025-04-15,07:11,0,7,7
66,2025-04-14T21:12:00+00:00,2025-04-15,07:12,3,2,5
66,2025-04-14T21:16:00+00:00,2025-04-15,07:16,1,4,5
66,2025-04-14T21:19:00+00:00,2025-04-15,07:19,2,5,7
66,2025-04-14T21:21:00+00:00,2025-04-15,07:21,2,1,3
66,2025-04-14T21:29:00+00:00,2025-04-15,07:29,4,2,6
66,2025-04-14T21:33:00+00:00,2025-04-15,07:33,0,6,6
66,2025-04-14T21:34:00+00:00,2025-04-15,07:34,2,6,8
66,2025-04-14T21:36:00+00:00,2025-04-15,07:36,1,8,9
66,2025-04-14T21:39:00+00:00,2025-04-15,07:39,5,7,12
66,2025-04-14T21:42:00+00:00,2025-04-15,07:42,2,6,8
66,2025-04-14T21:43:00+00:00,2025-04-15,07:43,2,0,2
66,2025-04-14T21:44:00+00:00,2025-04-15,07:44,1,8,9
66,2025-04-14T21:46:00+00:00,2025-04-15,07:46,3,2,5
66,2025-04-14T21:52:00+00:00,2025-04-15,07:52,3,6,9
66,2025-04-14T21:53:00+00:00,2025-04-15,07:53,6,11,17
66,2025-04-14T21:55:00+00:00,2025-04-15,07:55,3,4,7
66,2025-04-14T21:59:00+00:00,2025-04-15,07:59,1,5,6
66,2025-04-14T22:00:00+00:00,2025-04-15,08:00,0,13,13
66,2025-04-14T22:01:00+00:00,2025-04-15,08:01,4,3,7
66,2025-04-14T22:06:00+00:00,2025-04-15,08:06,5,8,13
66,2025-04-14T22:10:00+00:00,2025-04-15,08:10,1,4,5
69,2025-04-14T21:13:00+00:00,2025-04-15,07:13,1,1,2
69,2025-04-14T21:15:00+00:00,2025-04-15,07:15,2,0,2
69,2025-04-14T21:24:00+00:00,2025-04-15,07:24,3,0,3
69,2025-04-14T21:28:00+00:00,2025-04-15,07:28,3,0,3
69,2025-04-14T21:32:00+00:00,2025-04-15,07:32,1,1,2
69,2025-04-14T21:45:00+00:00,2025-04-15,07:45,0,4,4
69,2025-04-14T21:46:00+00:00,2025-04-15,07:46,1,0,1
69,2025-04-14T21:50:00+00:00,2025-04-15,07:50,4,0,4
69,2025-04-14T21:59:00+00:00,2025-04-15,07:59,5,0,5
69,2025-04-14T22:00:00+00:00,2025-04-15,08:00,4,2,6
69,2025-04-14T22:02:00+00:00,2025-04-15,08:02,4,0,4
69,2025-04-14T22:03:00+00:00,2025-04-15,08:03,5,0,5
69,2025-04-14T22:04:00+00:00,2025-04-15,08:04,3,1,4
69,2025-04-14T22:05:00+00:00,2025-04-15,08:05,6,0,6
69,2025-04-14T22:06:00+00:00,2025-04-15,08:06,1,3,4
69,2025-04-14T22:07:00+00:00,2025-04-15,08:07,3,2,5
69,2025-04-14T22:08:00+00:00,2025-04-15,08:08,0,1,1
69,2025-04-14T22:09:00+00:00,2025-04-15,08:09,6,0,6
69,2025-04-14T22:10:00+00:00,2025-04-15,08:10,1,1,2
70,2025-04-14T21:14:00+00:00,2025-04-15,07:14,1,1,2
70,2025-04-14T21:40:00+00:00,2025-04-15,07:40,1,0,1
70,2025-04-14T21:43:00+00:00,2025-04-15,07:43,1,1,2
70,2025-04-14T21:49:00+00:00,2025-04-15,07:49,1,2,3
70,2025-04-14T21:51:00+00:00,2025-04-15,07:51,2,3,5
70,2025-04-14T21:54:00+00:00,2025-04-15,07:54,1,0,1
70,2025-04-14T22:00:00+00:00,2025-04-15,08:00,0,1,1
70,2025-04-14T22:02:00+00:00,2025-04-15,08:02,3,1,4
70,2025-04-14T22:04:00+00:00,2025-04-15,08:04,1,1,2
70,2025-04-14T22:06:00+00:00,2025-04-15,08:06,0,1,1
70,2025-04-14T22:08:00+00:00,2025-04-15,08:08,3,0,3
71,2025-04-14T21:13:00+00:00,2025-04-15,07:13,1,1,2
71,2025-04-14T21:21:00+00:00,2025-04-15,07:21,1,1,2
71,2025-04-14T21:25:00+00:00,2025-04-15,07:25,0,1,1
71,2025-04-14T21:27:00+00:00,2025-04-15,07:27,1,0,1
71,2025-04-14T21:32:00+00:00,2025-04-15,07:32,1,0,1
71,2025-04-14T21:38:00+00:00,2025-04-15,07:38,0,1,1
75,2025-04-14T21:10:00+00:00,2025-04-15,07:10,0,2,2
75,2025-04-14T21:12:00+00:00,2025-04-15,07:12,0,2,2
75,2025-04-14T21:13:00+00:00,2025-04-15,07:13,0,1,1
75,2025-04-14T21:16:00+00:00,2025-04-15,07:16,0,2,2
75,2025-04-14T21:18:00+00:00,2025-04-15,07:18,1,1,2
75,2025-04-14T21:28:00+00:00,2025-04-15,07:28,0,1,1
75,2025-04-14T21:29:00+00:00,2025-04-15,07:29,3,0,3
75,2025-04-14T21:33:00+00:00,2025-04-15,07:33,1,3,4
75,2025-04-14T21:35:00+00:00,2025-04-15,07:35,2,3,5
75,2025-04-14T21:41:00+00:00,2025-04-15,07:41,0,1,1
75,2025-04-14T21:42:00+00:00,2025-04-15,07:42,4,1,5
75,2025-04-14T21:46:00+00:00,2025-04-15,07:46,3,1,4
75,2025-04-14T21:52:00+00:00,2025-04-15,07:52,2,0,2
75,2025-04-14T21:54:00+00:00,2025-04-15,07:54,2,0,2
75,2025-04-14T21:55:00+00:00,2025-04-15,07:55,1,2,3
75,2025-04-14T21:58:00+00:00,2025-04-15,07:58,0,1,1
75,2025-04-14T22:04:00+00:00,2025-04-15,08:04,2,0,2
75,2025-04-14T22:06:00+00:00,2025-04-15,08:06,1,1,2
77,2025-04-14T21:10:00+00:00,2025-04-15,07:10,10,10,20
77,2025-04-14T21:20:00+00:00,2025-04-15,07:20,8,8,16
77,2025-04-14T21:45:00+00:00,2025-04-15,07:45,10,28,38
77,2025-04-14T22:10:00+00:00,2025-04-15,08:10,9,14,23
78,2025-04-14T21:22:00+00:00,2025-04-15,07:22,3,1,4
78,2025-04-14T21:31:00+00:00,2025-04-15,07:31,1,1,2
78,2025-04-14T21:40:00+00:00,2025-04-15,07:40,1,1,2
78,2025-04-14T21:44:00+00:00,2025-04-15,07:44,0,2,2
78,2025-04-14T21:45:00+00:00,2025-04-15,07:45,5,0,5
78,2025-04-14T21:47:00+00:00,2025-04-15,07:47,3,0,3
78,2025-04-14T21:53:00+00:00,2025-04-15,07:53,2,0,2
78,2025-04-14T21:56:00+00:00,2025-04-15,07:56,0,1,1
78,2025-04-14T22:02:00+00:00,2025-04-15,08:02,2,0,2
78,2025-04-14T22:05:00+00:00,2025-04-15,08:05,0,1,1
78,2025-04-14T22:07:00+00:00,2025-04-15,08:07,1,0,1
78,2025-04-14T22:08:00+00:00,2025-04-15,08:08,1,0,1
78,2025-04-14T22:10:00+00:00,2025-04-15,08:10,0,1,1
84,2025-04-14T21:10:00+00:00,2025-04-15,07:10,33,18,51
84,2025-04-14T21:15:00+00:00,2025-04-15,07:15,48,23,71
84,2025-04-14T21:20:00+00:00,2025-04-15,07:20,40,19,59
84,2025-04-14T21:30:00+00:00,2025-04-15,07:30,73,14,87
84,2025-04-14T21:35:00+00:00,2025-04-15,07:35,56,23,79
84,2025-04-14T21:45:00+00:00,2025-04-15,07:45,117,13,130
84,2025-04-14T21:50:00+00:00,2025-04-15,07:50,90,24,114
84,2025-04-14T21:55:00+00:00,2025-04-15,07:55,124,26,150
84,2025-04-14T22:05:00+00:00,2025-04-15,08:05,113,38,151
84,2025-04-14T22:10:00+00:00,2025-04-15,08:10,154,34,188
87,2025-04-14T21:11:00+00:00,2025-04-15,07:11,1,0,1
87,2025-04-14T21:17:00+00:00,2025-04-15,07:17,0,3,3
87,2025-04-14T21:20:00+00:00,2025-04-15,07:20,1,1,2
87,2025-04-14T21:24:00+00:00,2025-04-15,07:24,0,2,2
87,2025-04-14T21:25:00+00:00,2025-04-15,07:25,0,2,2
87,2025-04-14T21:27:00+00:00,2025-04-15,07:27,0,1,1
87,2025-04-14T21:37:00+00:00,2025-04-15,07:37,0,1,1
87,2025-04-14T21:42:00+00:00,2025-04-15,07:42,0,1,1
87,2025-04-14T21:48:00+00:00,2025-04-15,07:48,0,3,3
87,2025-04-14T21:49:00+00:00,2025-04-15,07:49,1,1,2
87,2025-04-14T21:51:00+00:00,2025-04-15,07:51,0,2,2
87,2025-04-14T21:58:00+00:00,2025-04-15,07:58,1,0,1
87,2025-04-14T22:10:00+00:00,2025-04-15,08:10,1,0,1
107,2025-04-14T21:25:00+00:00,2025-04-15,07:25,2,11,13
107,2025-04-14T21:40:00+00:00,2025-04-15,07:40,1,19,20
107,2025-04-14T21:55:00+00:00,2025-04-15,07:55,6,13,19
107,2025-04-14T22:00:00+00:00,2025-04-15,08:00,5,11,16
107,2025-04-14T22:05:00+00:00,2025-04-15,08:05,2,13,15
108,2025-04-14T21:11:00+00:00,2025-04-15,07:11,0,2,2
108,2025-04-14T21:12:00+00:00,2025-04-15,07:12,0,4,4
108,2025-04-14T21:16:00+00:00,2025-04-15,07:16,0,1,1
108,2025-04-14T21:22:00+00:00,2025-04-15,07:22,2,12,14
108,2025-04-14T21:24:00+00:00,2025-04-15,07:24,1,14,15
108,2025-04-14T21:25:00+00:00,2025-04-15,07:25,0,9,9
108,2025-04-14T21:26:00+00:00,2025-04-15,07:26,3,12,15
108,2025-04-14T21:36:00+00:00,2025-04-15,07:36,1,24,25
108,2025-04-14T21:39:00+00:00,2025-04-15,07:39,3,17,20
108,2025-04-14T21:40:00+00:00,2025-04-15,07:40,2,9,11
108,2025-04-14T21:41:00+00:00,2025-04-15,07:41,2,5,7
108,2025-04-14T21:43:00+00:00,2025-04-15,07:43,1,15,16
108,2025-04-14T21:47:00+00:00,2025-04-15,07:47,4,21,25
108,2025-04-14T21:48:00+00:00,2025-04-15,07:48,1,12,13
108,2025-04-14T21:50:00+00:00,2025-04-15,07:50,2,36,38
108,2025-04-14T21:54:00+00:00,2025-04-15,07:54,1,25,26
108,2025-04-14T22:03:00+00:00,2025-04-15,08:03,1,16,17
108,2025-04-14T22:07:00+00:00,2025-04-15,08:07,0,16,16
108,2025-04-14T22:08:00+00:00,2025-04-15,08:08,2,10,12
118,2025-04-14T21:35:00+00:00,2025-04-15,07:35,2,0,2
118,2025-04-14T21:50:00+00:00,2025-04-15,07:50,2,0,2
118,2025-04-14T22:00:00+00:00,2025-04-15,08:00,3,0,3
118,2025-04-14T22:05:00+00:00,2025-04-15,08:05,1,1,2
124,2025-04-14T21:15:00+00:00,2025-04-15,07:15,1,0,1
131,2025-04-14T21:15:00+00:00,2025-04-15,07:15,3,3,6
131,2025-04-14T21:25:00+00:00,2025-04-15,07:25,3,6,9
131,2025-04-14T21:30:00+00:00,2025-04-15,07:30,6,2,8
131,2025-04-14T22:05:00+00:00,2025-04-15,08:05,6,3,9
131,2025-04-14T22:10:00+00:00,2025-04-15,08:10,10,3,13
132,2025-04-14T21:25:00+00:00,2025-04-15,07:25,2,1,3
132,2025-04-14T21:40:00+00:00,2025-04-15,07:40,8,3,11
132,2025-04-14T21:45:00+00:00,2025-04-15,07:45,11,7,18
133,2025-04-14T21:10:00+00:00,2025-04-15,07:10,32,26,58
133,2025-04-14T21:25:00+00:00,2025-04-15,07:25,47,17,64
133,2025-04-14T21:30:00+00:00,2025-04-15,07:30,73,28,101
133,2025-04-14T21:40:00+00:00,2025-04-15,07:40,71,23,94
133,2025-04-14T21:45:00+00:00,2025-04-15,07:45,67,59,126
134,2025-04-14T21:25:00+00:00,2025-04-15,07:25,28,14,42
134,2025-04-14T21:50:00+00:00,2025-04-15,07:50,34,21,55
134,2025-04-14T22:00:00+00:00,2025-04-15,08:00,29,27,56
134,2025-04-14T22:05:00+00:00,2025-04-15,08:05,36,35,71
135,2025-04-14T21:20:00+00:00,2025-04-15,07:20,15,11,26
135,2025-04-14T21:40:00+00:00,2025-04-15,07:40,31,36,67
135,2025-04-14T21:45:00+00:00,2025-04-15,07:45,16,22,38
135,2025-04-14T21:55:00+00:00,2025-04-15,07:55,22,27,49
135,2025-04-14T22:00:00+00:00,2025-04-15,08:00,17,30,47
135,2025-04-14T22:05:00+00:00,2025-04-15,08:05,25,36,61
135,2025-04-14T22:10:00+00:00,2025-04-15,08:10,25,34,59
140,2025-04-14T21:10:00+00:00,2025-04-15,07:10,0,1,1
143,2025-04-14T21:15:00+00:00,2025-04-15,07:15,6,6,12
143,2025-04-14T21:40:00+00:00,2025-04-15,07:40,2,5,7
143,2025-04-14T21:45:00+00:00,2025-04-15,07:45,8,7,15
143,2025-04-14T22:00:00+00:00,2025-04-15,08:00,8,10,18
162,2025-04-14T22:00:00+00:00,2025-04-15,08:00,19,13,32
165,2025-04-14T21:40:00+00:00,2025-04-15,07:40,1,6,7
165,2025-04-14T21:45:00+00:00,2025-04-15,07:45,2,8,10
165,2025-04-14T22:10:00+00:00,2025-04-15,08:10,2,3,5
166,2025-04-14T21:10:00+00:00,2025-04-15,07:10,1,0,1
166,2025-04-14T21:20:00+00:00,2025-04-15,07:20,0,1,1
166,2025-04-14T21:25:00+00:00,2025-04-15,07:25,1,3,4
166,2025-04-14T21:30:00+00:00,2025-04-15,07:30,3,1,4
166,2025-04-14T21:35:00+00:00,2025-04-15,07:35,0,2,2
166,2025-04-14T21:40:00+00:00,2025-04-15,07:40,1,4,5
166,2025-04-14T21:45:00+00:00,2025-04-15,07:45,1,3,4
166,2025-04-14T21:50:00+00:00,2025-04-15,07:50,2,5,7
166,2025-04-14T22:10:00+00:00,2025-04-15,08:10,1,4,5
167,2025-04-14T21:35:00+00:00,2025-04-15,07:35,0,7,7
167,2025-04-14T21:40:00+00:00,2025-04-15,07:40,0,9,9
167,2025-04-14T21:55:00+00:00,2025-04-15,07:55,1,12,13
167,2025-04-14T22:00:00+00:00,2025-04-15,08:00,6,9,15
179,2025-04-14T21:10:00+00:00,2025-04-15,07:10,2,2,4
179,2025-04-14T21:20:00+00:00,2025-04-15,07:20,0,2,2
179,2025-04-14T21:30:00+00:00,2025-04-15,07:30,1,1,2
179,2025-04-14T21:40:00+00:00,2025-04-15,07:40,6,1,7
179,2025-04-14T21:50:00+00:00,2025-04-15,07:50,4,4,8
1,2025-04-14T21:17:00+00:00,2025-04-15,07:17,2,2,4
1,2025-04-14T21:18:00+00:00,2025-04-15,07:18,1,1,2
1,2025-04-14T21:20:00+00:00,2025-04-15,07:20,3,1,4
1,2025-04-14T21:26:00+00:00,2025-04-15,07:26,0,1,1
1,2025-04-14T21:33:00+00:00,2025-04-15,07:33,3,3,6
1,2025-04-14T21:38:00+00:00,2025-04-15,07:38,0,3,3
1,2025-04-14T21:39:00+00:00,2025-04-15,07:39,4,3,7
1,2025-04-14T21:40:00+00:00,2025-04-15,07:40,0,2,2
1,2025-04-14T21:47:00+00:00,2025-04-15,07:47,3,2,5
1,2025-04-14T21:49:00+00:00,2025-04-15,07:49,4,1,5
1,2025-04-14T21:53:00+00:00,2025-04-15,07:53,1,2,3
1,2025-04-14T21:54:00+00:00,2025-04-15,07:54,4,4,8
1,2025-04-14T22:00:00+00:00,2025-04-15,08:00,3,8,11
1,2025-04-14T22:01:00+00:00,2025-04-15,08:01,4,3,7
1,2025-04-14T22:03:00+00:00,2025-04-15,08:03,2,0,2
2,2025-04-14T21:15:00+00:00,2025-04-15,07:15,1,1,2
2,2025-04-14T21:27:00+00:00,2025-04-15,07:27,0,1,1
2,2025-04-14T21:31:00+00:00,2025-04-15,07:31,2,0,2
2,2025-04-14T21:32:00+00:00,2025-04-15,07:32,0,3,3
2,2025-04-14T21:34:00+00:00,2025-04-15,07:34,0,3,3
2,2025-04-14T21:35:00+00:00,2025-04-15,07:35,2,0,2
2,2025-04-14T21:36:00+00:00,2025-04-15,07:36,2,2,4
2,2025-04-14T21:45:00+00:00,2025-04-15,07:45,0,2,2
2,2025-04-14T21:46:00+00:00,2025-04-15,07:46,0,2,2
2,2025-04-14T21:49:00+00:00,2025-04-15,07:49,3,3,6
2,2025-04-14T21:51:00+00:00,2025-04-15,07:51,0,3,3
2,2025-04-14T21:53:00+00:00,2025-04-15,07:53,1,1,2
2,2025-04-14T21:54:00+00:00,2025-04-15,07:54,0,3,3
2,2025-04-14T21:55:00+00:00,2025-04-15,07:55,2,3,5
2,2025-04-14T21:56:00+00:00,2025-04-15,07:56,3,0,3
2,2025-04-14T22:01:00+00:00,2025-04-15,08:01,1,2,3
2,2025-04-14T22:03:00+00:00,2025-04-15,08:03,2,2,4
2,2025-04-14T22:06:00+00:00,2025-04-15,08:06,2,5,7
2,2025-04-14T22:09:00+00:00,2025-04-15,08:09,2,5,7
2,2025-04-14T22:10:00+00:00,2025-04-15,08:10,2,2,4
9,2025-04-14T21:10:00+00:00,2025-04-15,07:10,2,12,14
9,2025-04-14T21:18:00+00:00,2025-04-15,07:18,1,7,8
9,2025-04-14T21:19:00+00:00,2025-04-15,07:19,3,2,5
9,2025-04-14T21:20:00+00:00,2025-04-15,07:20,2,11,13
9,2025-04-14T21:23:00+00:00,2025-04-15,07:23,0,8,8
9,2025-04-14T21:29:00+00:00,2025-04-15,07:29,1,26,27
9,2025-04-14T21:31:00+00:00,2025-04-15,07:31,3,18,21
9,2025-04-14T21:34:00+00:00,2025-04-15,07:34,0,25,25
9,2025-04-14T21:36:00+00:00,2025-04-15,07:36,3,36,39
9,2025-04-14T21:44:00+00:00,2025-04-15,07:44,1,16,17
9,2025-04-14T21:45:00+00:00,2025-04-15,07:45,1,41,42
9,2025-04-14T21:47:00+00:00,2025-04-15,07:47,2,36,38
9,2025-04-14T21:49:00+00:00,2025-04-15,07:49,1,24,25
9,2025-04-14T21:52:00+00:00,2025-04-15,07:52,1,20,21
9,2025-04-14T21:59:00+00:00,2025-04-15,07:59,1,40,41
9,2025-04-14T22:03:00+00:00,2025-04-15,08:03,1,15,16
9,2025-04-14T22:06:00+00:00,2025-04-15,08:06,0,51,51
10,2025-04-14T21:14:00+00:00,2025-04-15,07:14,0,2,2
10,2025-04-14T21:16:00+00:00,2025-04-15,07:16,0,2,2
10,2025-04-14T21:18:00+00:00,2025-04-15,07:18,1,0,1
10,2025-04-14T21:19:00+00:00,2025-04-15,07:19,0,1,1
10,2025-04-14T21:21:00+00:00,2025-04-15,07:21,1,0,1
10,2025-04-14T21:26:00+00:00,2025-04-15,07:26,0,1,1
10,2025-04-14T21:27:00+00:00,2025-04-15,07:27,1,2,3
10,2025-04-14T21:28:00+00:00,2025-04-15,07:28,0,1,1
10,2025-04-14T21:29:00+00:00,2025-04-15,07:29,1,0,1
10,2025-04-14T21:31:00+00:00,2025-04-15,07:31,1,2,3
10,2025-04-14T21:32:00+00:00,2025-04-15,07:32,0,3,3
10,2025-04-14T21:33:00+00:00,2025-04-15,07:33,0,5,5
10,2025-04-14T21:34:00+00:00,2025-04-15,07:34,0,6,6
10,2025-04-14T21:44:00+00:00,2025-04-15,07:44,0,6,6
10,2025-04-14T21:46:00+00:00,2025-04-15,07:46,0,7,7
10,2025-04-14T21:51:00+00:00,2025-04-15,07:51,2,7,9
10,2025-04-14T21:53:00+00:00,2025-04-15,07:53,4,1,5
10,2025-04-14T21:54:00+00:00,2025-04-15,07:54,0,2,2
10,2025-04-14T21:55:00+00:00,2025-04-15,07:55,0,3,3
10,2025-04-14T21:57:00+00:00,2025-04-15,07:57,1,4,5
10,2025-04-14T22:05:00+00:00,2025-04-15,08:05,2,3,5
10,2025-04-14T22:08:00+00:00,2025-04-15,08:08,0,4,4
10,2025-04-14T22:10:00+00:00,2025-04-15,08:10,0,3,3
11,2025-04-14T21:10:00+00:00,2025-04-15,07:10,3,4,7
11,2025-04-14T21:17:00+00:00,2025-04-15,07:17,0,3,3
11,2025-04-14T21:21:00+00:00,2025-04-15,07:21,2,2,4
11,2025-04-14T21:32:00+00:00,2025-04-15,07:32,2,0,2
11,2025-04-14T21:33:00+00:00,2025-04-15,07:33,0,1,1
11,2025-04-14T21:35:00+00:00,2025-04-15,07:35,2,1,3
11,2025-04-14T21:43:00+00:00,2025-04-15,07:43,3,0,3
11,2025-04-14T21:50:00+00:00,2025-04-15,07:50,9,3,12
11,2025-04-14T21:55:00+00:00,2025-04-15,07:55,3,5,8
11,2025-04-14T22:07:00+00:00,2025-04-15,08:07,1,1,2
11,2025-04-14T22:10:00+00:00,2025-04-15,08:10,3,0,3
12,2025-04-14T21:10:00+00:00,2025-04-15,07:10,1,0,1
12,2025-04-14T21:11:00+00:00,2025-04-15,07:11,2,0,2
12,2025-04-14T21:12:00+00:00,2025-04-15,07:12,3,0,3
12,2025-04-14T21:16:00+00:00,2025-04-15,07:16,1,2,3
12,2025-04-14T21:19:00+00:00,2025-04-15,07:19,1,1,2
12,2025-04-14T21:21:00+00:00,2025-04-15,07:21,2,0,2
12,2025-04-14T21:23:00+00:00,2025-04-15,07:23,3,1,4
12,2025-04-14T21:24:00+00:00,2025-04-15,07:24,4,1,5
12,2025-04-14T21:25:00+00:00,2025-04-15,07:25,3,0,3
12,2025-04-14T21:32:00+00:00,2025-04-15,07:32,2,4,6
12,2025-04-14T21:33:00+00:00,2025-04-15,07:33,1,3,4
12,2025-04-14T21:34:00+00:00,2025-04-15,07:34,3,2,5
12,2025-04-14T21:35:00+00:00,2025-04-15,07:35,0,1,1
12,2025-04-14T21:36:00+00:00,2025-04-15,07:36,3,6,9
12,2025-04-14T21:37:00+00:00,2025-04-15,07:37,2,4,6
12,2025-04-14T21:44:00+00:00,2025-04-15,07:44,7,3,10
12,2025-04-14T21:46:00+00:00,2025-04-15,07:46,2,1,3
12,2025-04-14T21:50:00+00:00,2025-04-15,07:50,1,0,1
12,2025-04-14T21:55:00+00:00,2025-04-15,07:55,4,4,8
12,2025-04-14T21:57:00+00:00,2025-04-15,07:57,2,3,5
12,2025-04-14T21:58:00+00:00,2025-04-15,07:58,3,4,7
12,2025-04-14T21:59:00+00:00,2025-04-15,07:59,7,1,8
12,2025-04-14T22:01:00+00:00,2025-04-15,08:01,6,2,8
12,2025-04-14T22:03:00+00:00,2025-04-15,08:03,3,1,4
12,2025-04-14T22:06:00+00:00,2025-04-15,08:06,3,4,7
12,2025-04-14T22:07:00+00:00,2025-04-15,08:07,5,2,7
17,2025-04-14T21:10:00+00:00,2025-04-15,07:10,3,1,4
17,2025-04-14T21:15:00+00:00,2025-04-15,07:15,7,1,8
17,2025-04-14T21:19:00+00:00,2025-04-15,07:19,1,1,2
17,2025-04-14T21:23:00+00:00,2025-04-15,07:23,7,2,9
17,2025-04-14T21:25:00+00:00,2025-04-15,07:25,2,1,3
17,2025-04-14T21:27:00+00:00,2025-04-15,07:27,11,4,15
17,2025-04-14T21:33:00+00:00,2025-04-15,07:33,8,3,11
17,2025-04-14T21:34:00+00:00,2025-04-15,07:34,11,1,12
17,2025-04-14T21:36:00+00:00,2025-04-15,07:36,4,3,7
17,2025-04-14T21:37:00+00:00,2025-04-15,07:37,8,0,8
17,2025-04-14T21:39:00+00:00,2025-04-15,07:39,10,2,12
17,2025-04-14T21:44:00+00:00,2025-04-15,07:44,9,3,12
17,2025-04-14T21:46:00+00:00,2025-04-15,07:46,3,0,3
17,2025-04-14T21:47:00+00:00,2025-04-15,07:47,9,3,12
17,2025-04-14T21:49:00+00:00,2025-04-15,07:49,16,3,19
17,2025-04-14T21:50:00+00:00,2025-04-15,07:50,15,3,18
17,2025-04-14T21:51:00+00:00,2025-04-15,07:51,10,3,13
17,2025-04-14T21:57:00+00:00,2025-04-15,07:57,12,0,12
17,2025-04-14T21:59:00+00:00,2025-04-15,07:59,20,5,25
17,2025-04-14T22:06:00+00:00,2025-04-15,08:06,20,1,21
17,2025-04-14T22:07:00+00:00,2025-04-15,08:07,8,1,9
18,2025-04-14T21:10:00+00:00,2025-04-15,07:10,1,6,7
18,2025-04-14T21:12:00+00:00,2025-04-15,07:12,0,7,7
18,2025-04-14T21:15:00+00:00,2025-04-15,07:15,0,3,3
18,2025-04-14T21:16:00+00:00,2025-04-15,07:16,0,3,3
18,2025-04-14T21:19:00+00:00,2025-04-15,07:19,0,2,2
18,2025-04-14T21:24:00+00:00,2025-04-15,07:24,0,9,9
18,2025-04-14T21:29:00+00:00,2025-04-15,07:29,0,3,3
18,2025-04-14T21:30:00+00:00,2025-04-15,07:30,2,0,2
18,2025-04-14T21:32:00+00:00,2025-04-15,07:32,0,4,4
18,2025-04-14T21:35:00+00:00,2025-04-15,07:35,0,5,5
18,2025-04-14T21:37:00+00:00,2025-04-15,07:37,1,4,5
18,2025-04-14T21:39:00+00:00,2025-04-15,07:39,2,8,10
18,2025-04-14T21:44:00+00:00,2025-04-15,07:44,0,15,15
18,2025-04-14T21:45:00+00:00,2025-04-15,07:45,0,6,6
18,2025-04-14T21:47:00+00:00,2025-04-15,07:47,2,4,6
18,2025-04-14T21:48:00+00:00,2025-04-15,07:48,1,11,12
18,2025-04-14T21:50:00+00:00,2025-04-15,07:50,0,17,17
18,2025-04-14T21:51:00+00:00,2025-04-15,07:51,0,7,7
18,2025-04-14T21:56:00+00:00,2025-04-15,07:56,0,4,4
18,2025-04-14T21:58:00+00:00,2025-04-15,07:58,2,6,8
18,2025-04-14T21:59:00+00:00,2025-04-15,07:59,0,16,16
18,2025-04-14T22:01:00+00:00,2025-04-15,08:01,0,11,11
18,2025-04-14T22:02:00+00:00,2025-04-15,08:02,0,16,16
18,2025-04-14T22:05:00+00:00,2025-04-15,08:05,3,16,19
18,2025-04-14T22:07:00+00:00,2025-04-15,08:07,2,13,15
18,2025-04-14T22:08:00+00:00,2025-04-15,08:08,1,7,8
18,2025-04-14T22:10:00+00:00,2025-04-15,08:10,1,10,11
19,2025-04-14T21:24:00+00:00,2025-04-15,07:24,1,1,2
19,2025-04-14T21:30:00+00:00,2025-04-15,07:30,1,0,1
19,2025-04-14T21:41:00+00:00,2025-04-15,07:41,1,0,1
19,2025-04-14T21:43:00+00:00,2025-04-15,07:43,1,0,1
19,2025-04-14T21:48:00+00:00,2025-04-15,07:48,1,0,1
19,2025-04-14T21:50:00+00:00,2025-04-15,07:50,2,1,3
19,2025-04-14T21:57:00+00:00,2025-04-15,07:57,0,1,1
19,2025-04-14T22:07:00+00:00,2025-04-15,08:07,0,2,2
20,2025-04-14T21:15:00+00:00,2025-04-15,07:15,1,0,1
20,2025-04-14T21:19:00+00:00,2025-04-15,07:19,0,1,1
20,2025-04-14T21:25:00+00:00,2025-04-15,07:25,1,1,2
20,2025-04-14T21:26:00+00:00,2025-04-15,07:26,1,1,2
20,2025-04-14T21:30:00+00:00,2025-04-15,07:30,2,0,2
20,2025-04-14T21:31:00+00:00,2025-04-15,07:31,0,3,3
20,2025-04-14T21:45:00+00:00,2025-04-15,07:45,1,0,1
20,2025-04-14T21:54:00+00:00,2025-04-15,07:54,1,0,1
20,2025-04-14T21:56:00+00:00,2025-04-15,07:56,0,2,2
20,2025-04-14T22:03:00+00:00,2025-04-15,08:03,0,1,1
20,2025-04-14T22:04:00+00:00,2025-04-15,08:04,2,0,2
23,2025-04-14T21:10:00+00:00,2025-04-15,07:10,1,0,1
23,2025-04-14T21:12:00+00:00,2025-04-15,07:12,4,2,6
23,2025-04-14T21:13:00+00:00,2025-04-15,07:13,7,1,8
23,2025-04-14T21:15:00+00:00,2025-04-15,07:15,3,1,4
23,2025-04-14T21:16:00+00:00,2025-04-15,07:16,5,2,7
23,2025-04-14T21:17:00+00:00,2025-04-15,07:17,4,1,5
23,2025-04-14T21:21:00+00:00,2025-04-15,07:21,1,2,3
23,2025-04-14T21:22:00+00:00,2025-04-15,07:22,1,2,3
23,2025-04-14T21:33:00+00:00,2025-04-15,07:33,1,4,5
23,2025-04-14T21:38:00+00:00,2025-04-15,07:38,7,3,10
23,2025-04-14T21:42:00+00:00,2025-04-15,07:42,12,10,22
23,2025-04-14T21:43:00+00:00,2025-04-15,07:43,4,8,12
23,2025-04-14T21:48:00+00:00,2025-04-15,07:48,8,6,14
23,2025-04-14T21:49:00+00:00,2025-04-15,07:49,10,3,13
23,2025-04-14T21:53:00+00:00,2025-04-15,07:53,4,8,12
23,2025-04-14T21:54:00+00:00,2025-04-15,07:54,13,2,15
23,2025-04-14T21:58:00+00:00,2025-04-15,07:58,4,7,11
23,2025-04-14T21:59:00+00:00,2025-04-15,07:59,15,2,17
23,2025-04-14T22:01:00+00:00,2025-04-15,08:01,9,3,12
23,2025-04-14T22:04:00+00:00,2025-04-15,08:04,10,1,11
23,2025-04-14T22:06:00+00:00,2025-04-15,08:06,2,4,6
23,2025-04-14T22:07:00+00:00,2025-04-15,08:07,19,10,29
23,2025-04-14T22:09:00+00:00,2025-04-15,08:09,15,8,23
24,2025-04-14T21:10:00+00:00,2025-04-15,07:10,7,1,8
24,2025-04-14T21:18:00+00:00,2025-04-15,07:18,4,3,7
24,2025-04-14T21:21:00+00:00,2025-04-15,07:21,8,3,11
24,2025-04-14T21:23:00+00:00,2025-04-15,07:23,8,0,8
24,2025-04-14T21:26:00+00:00,2025-04-15,07:26,7,2,9
24,2025-04-14T21:28:00+00:00,2025-04-15,07:28,10,1,11
24,2025-04-14T21:29:00+00:00,2025-04-15,07:29,23,1,24
24,2025-04-14T21:30:00+00:00,2025-04-15,07:30,20,2,22
24,2025-04-14T21:31:00+00:00,2025-04-15,07:31,14,4,18
24,2025-04-14T21:32:00+00:00,2025-04-15,07:32,44,2,46
24,2025-04-14T21:33:00+00:00,2025-04-15,07:33,29,1,30
24,2025-04-14T21:35:00+00:00,2025-04-15,07:35,21,1,22
24,2025-04-14T21:37:00+00:00,2025-04-15,07:37,19,3,22
24,2025-04-14T21:38:00+00:00,2025-04-15,07:38,7,7,14
24,2025-04-14T21:40:00+00:00,2025-04-15,07:40,25,1,26
24,2025-04-14T21:42:00+00:00,2025-04-15,07:42,61,0,61
24,2025-04-14T21:43:00+00:00,2025-04-15,07:43,10,13,23
24,2025-04-14T21:46:00+00:00,2025-04-15,07:46,11,4,15
24,2025-04-14T21:47:00+00:00,2025-04-15,07:47,19,7,26
24,2025-04-14T21:53:00+00:00,2025-04-15,07:53,3,6,9
24,2025-04-14T21:55:00+00:00,2025-04-15,07:55,23,1,24
24,2025-04-14T21:56:00+00:00,2025-04-15,07:56,25,7,32
24,2025-04-14T21:58:00+00:00,2025-04-15,07:58,6,2,8
24,2025-04-14T22:00:00+00:00,2025-04-15,08:00,22,9,31
24,2025-04-14T22:06:00+00:00,2025-04-15,08:06,32,0,32
24,2025-04-14T22:09:00+00:00,2025-04-15,08:09,39,4,43
24,2025-04-14T22:10:00+00:00,2025-04-15,08:10,27,1,28
25,2025-04-14T21:15:00+00:00,2025-04-15,07:15,17,22,39
25,2025-04-14T21:20:00+00:00,2025-04-15,07:20,14,16,30
25,2025-04-14T21:30:00+00:00,2025-04-15,07:30,16,20,36
25,2025-04-14T21:55:00+00:00,2025-04-15,07:55,26,23,49
25,2025-04-14T22:00:00+00:00,2025-04-15,08:00,21,26,47
25,2025-04-14T22:05:00+00:00,2025-04-15,08:05,21,26,47
27,2025-04-14T21:10:00+00:00,2025-04-15,07:10,1,0,1
27,2025-04-14T21:14:00+00:00,2025-04-15,07:14,0,1,1
27,2025-04-14T21:16:00+00:00,2025-04-15,07:16,2,2,4
27,2025-04-14T21:23:00+00:00,2025-04-15,07:23,2,1,3
27,2025-04-14T21:34:00+00:00,2025-04-15,07:34,0,2,2
27,2025-04-14T21:40:00+00:00,2025-04-15,07:40,1,0,1
27,2025-04-14T21:45:00+00:00,2025-04-15,07:45,0,5,5
27,2025-04-14T21:48:00+00:00,2025-04-15,07:48,2,3,5
27,2025-04-14T21:49:00+00:00,2025-04-15,07:49,3,0,3
27,2025-04-14T21:51:00+00:00,2025-04-15,07:51,0,1,1
27,2025-04-14T22:00:00+00:00,2025-04-15,08:00,2,5,7
27,2025-04-14T22:05:00+00:00,2025-04-15,08:05,0,1,1
27,2025-04-14T22:06:00+00:00,2025-04-15,08:06,2,4,6
27,2025-04-14T22:07:00+00:00,2025-04-15,08:07,0,2,2
27,2025-04-14T22:08:00+00:00,2025-04-15,08:08,1,1,2
30,2025-04-14T21:10:00+00:00,2025-04-15,07:10,3,1,4
30,2025-04-14T21:24:00+00:00,2025-04-15,07:24,0,1,1
30,2025-04-14T21:29:00+00:00,2025-04-15,07:29,4,1,5
30,2025-04-14T21:32:00+00:00,2025-04-15,07:32,0,2,2
30,2025-04-14T21:33:00+00:00,2025-04-15,07:33,4,1,5
30,2025-04-14T21:34:00+00:00,2025-04-15,07:34,0,1,1
30,2025-04-14T21:36:00+00:00,2025-04-15,07:36,2,0,2
30,2025-04-14T21:37:00+00:00,2025-04-15,07:37,0,1,1
30,2025-04-14T21:42:00+00:00,2025-04-15,07:42,1,0,1
30,2025-04-14T21:46:00+00:00,2025-04-15,07:46,0,1,1
30,2025-04-14T21:52:00+00:00,2025-04-15,07:52,1,2,3
30,2025-04-14T21:54:00+00:00,2025-04-15,07:54,0,2,2
30,2025-04-14T21:58:00+00:00,2025-04-15,07:58,0,2,2
30,2025-04-14T22:01:00+00:00,2025-04-15,08:01,1,2,3
30,2025-04-14T22:03:00+00:00,2025-04-15,08:03,5,0,5
35,2025-04-14T21:11:00+00:00,2025-04-15,07:11,3,8,11
35,2025-04-14T21:14:00+00:00,2025-04-15,07:14,6,11,17
35,2025-04-14T21:15:00+00:00,2025-04-15,07:15,7,5,12
35,2025-04-14T21:17:00+00:00,2025-04-15,07:17,6,5,11
35,2025-04-14T21:20:00+00:00,2025-04-15,07:20,10,10,20
35,2025-04-14T21:25:00+00:00,2025-04-15,07:25,13,10,23
35,2025-04-14T21:28:00+00:00,2025-04-15,07:28,13,7,20
35,2025-04-14T21:32:00+00:00,2025-04-15,07:32,4,17,21
35,2025-04-14T21:34:00+00:00,2025-04-15,07:34,9,11,20
35,2025-04-14T21:36:00+00:00,2025-04-15,07:36,5,12,17
35,2025-04-14T21:39:00+00:00,2025-04-15,07:39,5,18,23
35,2025-04-14T21:45:00+00:00,2025-04-15,07:45,15,22,37
35,2025-04-14T21:48:00+00:00,2025-04-15,07:48,10,27,37
35,2025-04-14T21:49:00+00:00,2025-04-15,07:49,7,19,26
35,2025-04-14T21:54:00+00:00,2025-04-15,07:54,8,11,19
35,2025-04-14T21:55:00+00:00,2025-04-15,07:55,4,14,18
35,2025-04-14T21:59:00+00:00,2025-04-15,07:59,9,9,18
35,2025-04-14T22:06:00+00:00,2025-04-15,08:06,8,19,27
46,2025-04-14T21:15:00+00:00,2025-04-15,07:15,2,0,2
46,2025-04-14T21:30:00+00:00,2025-04-15,07:30,1,1,2
46,2025-04-14T21:55:00+00:00,2025-04-15,07:55,4,3,7
46,2025-04-14T22:10:00+00:00,2025-04-15,08:10,6,2,8
48,2025-04-14T21:16:00+00:00,2025-04-15,07:16,0,1,1
48,2025-04-14T21:17:00+00:00,2025-04-15,07:17,1,0,1
48,2025-04-14T21:22:00+00:00,2025-04-15,07:22,1,0,1
48,2025-04-14T21:25:00+00:00,2025-04-15,07:25,3,1,4
48,2025-04-14T21:36:00+00:00,2025-04-15,07:36,5,0,5
48,2025-04-14T21:39:00+00:00,2025-04-15,07:39,2,2,4
48,2025-04-14T21:41:00+00:00,2025-04-15,07:41,1,2,3
48,2025-04-14T21:44:00+00:00,2025-04-15,07:44,4,2,6
48,2025-04-14T21:45:00+00:00,2025-04-15,07:45,2,1,3
48,2025-04-14T21:46:00+00:00,2025-04-15,07:46,1,1,2
48,2025-04-14T21:48:00+00:00,2025-04-15,07:48,1,2,3
48,2025-04-14T21:51:00+00:00,2025-04-15,07:51,3,2,5
48,2025-04-14T21:55:00+00:00,2025-04-15,07:55,0,1,1
48,2025-04-14T22:02:00+00:00,2025-04-15,08:02,3,2,5
48,2025-04-14T22:03:00+00:00,2025-04-15,08:03,3,1,4
48,2025-04-14T22:08:00+00:00,2025-04-15,08:08,1,0,1
49,2025-04-14T21:10:00+00:00,2025-04-15,07:10,0,1,1
49,2025-04-14T21:11:00+00:00,2025-04-15,07:11,0,2,2
49,2025-04-14T21:15:00+00:00,2025-04-15,07:15,2,0,2
49,2025-04-14T21:17:00+00:00,2025-04-15,07:17,0,2,2
49,2025-04-14T21:21:00+00:00,2025-04-15,07:21,0,5,5
49,2025-04-14T21:29:00+00:00,2025-04-15,07:29,3,0,3
49,2025-04-14T21:34:00+00:00,2025-04-15,07:34,0,3,3
49,2025-04-14T21:36:00+00:00,2025-04-15,07:36,5,2,7
49,2025-04-14T21:37:00+00:00,2025-04-15,07:37,1,5,6
49,2025-04-14T21:41:00+00:00,2025-04-15,07:41,4,1,5
49,2025-04-14T21:44:00+00:00,2025-04-15,07:44,1,0,1
49,2025-04-14T21:47:00+00:00,2025-04-15,07:47,0,1,1
49,2025-04-14T21:49:00+00:00,2025-04-15,07:49,0,2,2
49,2025-04-14T21:51:00+00:00,2025-04-15,07:51,1,0,1
49,2025-04-14T21:53:00+00:00,2025-04-15,07:53,0,2,2
49,2025-04-14T21:58:00+00:00,2025-04-15,07:58,2,5,7
49,2025-04-14T22:02:00+00:00,2025-04-15,08:02,0,2,2
49,2025-04-14T22:06:00+00:00,2025-04-15,08:06,1,1,2
49,2025-04-14T22:08:00+00:00,2025-04-15,08:08,1,3,4
49,2025-04-14T22:10:00+00:00,2025-04-15,08:10,3,0,3
51,2025-04-14T21:11:00+00:00,2025-04-15,07:11,0,1,1
51,2025-04-14T21:12:00+00:00,2025-04-15,07:12,0,1,1
51,2025-04-14T21:15:00+00:00,2025-04-15,07:15,0,2,2
51,2025-04-14T21:28:00+00:00,2025-04-15,07:28,1,0,1
51,2025-04-14T21:32:00+00:00,2025-04-15,07:32,0,1,1
51,2025-04-14T21:35:00+00:00,2025-04-15,07:35,0,2,2
51,2025-04-14T21:36:00+00:00,2025-04-15,07:36,1,0,1
51,2025-04-14T21:52:00+00:00,2025-04-15,07:52,0,2,2
51,2025-04-14T21:54:00+00:00,2025-04-15,07:54,1,0,1
51,2025-04-14T22:10:00+00:00,2025-04-15,08:10,0,1,1
52,2025-04-14T21:23:00+00:00,2025-04-15,07:23,0,1,1
52,2025-04-14T21:24:00+00:00,2025-04-15,07:24,1,0,1
52,2025-04-14T21:28:00+00:00,2025-04-15,07:28,3,1,4
52,2025-04-14T21:31:00+00:00,2025-04-15,07:31,3,0,3
52,2025-04-14T21:32:00+00:00,2025-04-15,07:32,0,2,2
52,2025-04-14T21:34:00+00:00,2025-04-15,07:34,1,0,1
52,2025-04-14T21:35:00+00:00,2025-04-15,07:35,2,3,5
52,2025-04-14T21:37:00+00:00,2025-04-15,07:37,2,2,4
52,2025-04-14T21:42:00+00:00,2025-04-15,07:42,1,1,2
52,2025-04-14T21:43:00+00:00,2025-04-15,07:43,1,1,2
52,2025-04-14T21:45:00+00:00,2025-04-15,07:45,0,1,1
52,2025-04-14T21:52:00+00:00,2025-04-15,07:52,4,5,9
52,2025-04-14T21:53:00+00:00,2025-04-15,07:53,3,2,5
52,2025-04-14T22:02:00+00:00,2025-04-15,08:02,5,2,7
52,2025-04-14T22:03:00+00:00,2025-04-15,08:03,3,4,7
53,2025-04-14T21:15:00+00:00,2025-04-15,07:15,3,0,3
53,2025-04-14T21:16:00+00:00,2025-04-15,07:16,1,2,3
53,2025-04-14T21:21:00+00:00,2025-04-15,07:21,2,2,4
53,2025-04-14T21:22:00+00:00,2025-04-15,07:22,4,2,6
53,2025-04-14T21:23:00+00:00,2025-04-15,07:23,5,0,5
53,2025-04-14T21:26:00+00:00,2025-04-15,07:26,3,1,4
53,2025-04-14T21:27:00+00:00,2025-04-15,07:27,1,0,1
53,2025-04-14T21:29:00+00:00,2025-04-15,07:29,2,2,4
53,2025-04-14T21:30:00+00:00,2025-04-15,07:30,0,1,1
53,2025-04-14T21:34:00+00:00,2025-04-15,07:34,3,1,4
53,2025-04-14T21:40:00+00:00,2025-04-15,07:40,1,2,3
53,2025-04-14T21:41:00+00:00,2025-04-15,07:41,7,7,14
53,2025-04-14T21:44:00+00:00,2025-04-15,07:44,4,3,7
53,2025-04-14T21:45:00+00:00,2025-04-15,07:45,2,2,4
53,2025-04-14T21:47:00+00:00,2025-04-15,07:47,3,2,5
53,2025-04-14T21:50:00+00:00,2025-04-15,07:50,1,4,5
53,2025-04-14T21:56:00+00:00,2025-04-15,07:56,4,4,8
53,2025-04-14T21:57:00+00:00,2025-04-15,07:57,10,3,13
56,2025-04-14T21:13:00+00:00,2025-04-15,07:13,3,1,4
56,2025-04-14T21:16:00+00:00,2025-04-15,07:16,3,3,6
56,2025-04-14T21:21:00+00:00,2025-04-15,07:21,1,1,2
56,2025-04-14T21:31:00+00:00,2025-04-15,07:31,1,3,4
56,2025-04-14T21:32:00+00:00,2025-04-15,07:32,2,0,2
56,2025-04-14T21:37:00+00:00,2025-04-15,07:37,4,2,6
56,2025-04-14T21:38:00+00:00,2025-04-15,07:38,5,0,5
56,2025-04-14T21:40:00+00:00,2025-04-15,07:40,2,2,4
56,2025-04-14T21:41:00+00:00,2025-04-15,07:41,1,0,1
56,2025-04-14T21:43:00+00:00,2025-04-15,07:43,0,3,3
56,2025-04-14T21:53:00+00:00,2025-04-15,07:53,2,2,4
56,2025-04-14T21:54:00+00:00,2025-04-15,07:54,5,4,9
56,2025-04-14T21:55:00+00:00,2025-04-15,07:55,0,3,3
56,2025-04-14T21:57:00+00:00,2025-04-15,07:57,0,1,1
56,2025-04-14T22:01:00+00:00,2025-04-15,08:01,0,1,1
56,2025-04-14T22:03:00+00:00,2025-04-15,08:03,0,2,2
56,2025-04-14T22:05:00+00:00,2025-04-15,08:05,2,0,2
56,2025-04-14T22:08:00+00:00,2025-04-15,08:08,4,1,5
58,2025-04-14T21:10:00+00:00,2025-04-15,07:10,2,1,3
58,2025-04-14T21:12:00+00:00,2025-04-15,07:12,3,1,4
58,2025-04-14T21:14:00+00:00,2025-04-15,07:14,6,2,8
58,2025-04-14T21:17:00+00:00,2025-04-15,07:17,10,5,15
58,2025-04-14T21:28:00+00:00,2025-04-15,07:28,10,1,11
58,2025-04-14T21:29:00+00:00,2025-04-15,07:29,18,4,22
58,2025-04-14T21:35:00+00:00,2025-04-15,07:35,17,1,18
58,2025-04-14T21:39:00+00:00,2025-04-15,07:39,13,0,13
58,2025-04-14T21:41:00+00:00,2025-04-15,07:41,21,1,22
58,2025-04-14T21:45:00+00:00,2025-04-15,07:45,12,4,16
58,2025-04-14T21:47:00+00:00,2025-04-15,07:47,23,8,31
58,2025-04-14T21:48:00+00:00,2025-04-15,07:48,4,3,7
58,2025-04-14T21:51:00+00:00,2025-04-15,07:51,25,5,30
58,2025-04-14T21:52:00+00:00,2025-04-15,07:52,25,1,26
58,2025-04-14T21:56:00+00:00,2025-04-15,07:56,22,3,25
58,2025-04-14T21:57:00+00:00,2025-04-15,07:57,26,5,31
58,2025-04-14T22:02:00+00:00,2025-04-15,08:02,22,1,23
58,2025-04-14T22:05:00+00:00,2025-04-15,08:05,24,2,26
58,2025-04-14T22:06:00+00:00,2025-04-15,08:06,20,6,26
58,2025-04-14T22:09:00+00:00,2025-04-15,08:09,52,0,52
62,2025-04-14T21:22:00+00:00,2025-04-15,07:22,1,0,1
62,2025-04-14T21:24:00+00:00,2025-04-15,07:24,2,0,2
62,2025-04-14T21:27:00+00:00,2025-04-15,07:27,5,1,6
62,2025-04-14T21:33:00+00:00,2025-04-15,07:33,0,2,2
62,2025-04-14T21:34:00+00:00,2025-04-15,07:34,1,3,4
62,2025-04-14T21:35:00+00:00,2025-04-15,07:35,0,3,3
62,2025-04-14T21:42:00+00:00,2025-04-15,07:42,1,3,4
62,2025-04-14T21:44:00+00:00,2025-04-15,07:44,1,0,1
62,2025-04-14T21:45:00+00:00,2025-04-15,07:45,1,5,6
62,2025-04-14T21:46:00+00:00,2025-04-15,07:46,1,2,3
62,2025-04-14T21:48:00+00:00,2025-04-15,07:48,1,0,1
62,2025-04-14T21:49:00+00:00,2025-04-15,07:49,0,2,2
62,2025-04-14T21:50:00+00:00,2025-04-15,07:50,0,1,1
62,2025-04-14T21:57:00+00:00,2025-04-15,07:57,0,3,3
62,2025-04-14T22:02:00+00:00,2025-04-15,08:02,6,1,7
62,2025-04-14T22:06:00+00:00,2025-04-15,08:06,2,0,2
62,2025-04-14T22:07:00+00:00,2025-04-15,08:07,2,1,3
63,2025-04-14T21:11:00+00:00,2025-04-15,07:11,2,2,4
63,2025-04-14T21:19:00+00:00,2025-04-15,07:19,2,0,2
63,2025-04-14T21:20:00+00:00,2025-04-15,07:20,0,1,1
63,2025-04-14T21:25:00+00:00,2025-04-15,07:25,0,3,3
63,2025-04-14T21:29:00+00:00,2025-04-15,07:29,0,2,2
63,2025-04-14T21:39:00+00:00,2025-04-15,07:39,1,1,2
63,2025-04-14T21:40:00+00:00,2025-04-15,07:40,2,4,6
63,2025-04-14T21:52:00+00:00,2025-04-15,07:52,4,1,5
63,2025-04-14T21:54:00+00:00,2025-04-15,07:54,1,0,1
63,2025-04-14T21:59:00+00:00,2025-04-15,07:59,2,4,6
63,2025-04-14T22:01:00+00:00,2025-04-15,08:01,0,4,4
63,2025-04-14T22:05:00+00:00,2025-04-15,08:05,5,4,9
63,2025-04-14T22:06:00+00:00,2025-04-15,08:06,0,3,3
63,2025-04-14T22:09:00+00:00,2025-04-15,08:09,1,1,2
63,2025-04-14T22:10:00+00:00,2025-04-15,08:10,1,4,5
67,2025-04-14T21:17:00+00:00,2025-04-15,07:17,5,1,6
67,2025-04-14T21:18:00+00:00,2025-04-15,07:18,2,2,4
67,2025-04-14T21:21:00+00:00,2025-04-15,07:21,3,1,4
67,2025-04-14T21:23:00+00:00,2025-04-15,07:23,3,1,4
67,2025-04-14T21:28:00+00:00,2025-04-15,07:28,2,0,2
67,2025-04-14T21:29:00+00:00,2025-04-15,07:29,4,2,6
67,2025-04-14T21:33:00+00:00,2025-04-15,07:33,6,1,7
67,2025-04-14T21:34:00+00:00,2025-04-15,07:34,4,1,5
67,2025-04-14T21:37:00+00:00,2025-04-15,07:37,2,3,5
67,2025-04-14T21:39:00+00:00,2025-04-15,07:39,2,1,3
67,2025-04-14T21:43:00+00:00,2025-04-15,07:43,0,2,2
67,2025-04-14T21:45:00+00:00,2025-04-15,07:45,2,3,5
67,2025-04-14T21:46:00+00:00,2025-04-15,07:46,2,8,10
67,2025-04-14T21:51:00+00:00,2025-04-15,07:51,4,2,6
67,2025-04-14T22:01:00+00:00,2025-04-15,08:01,4,6,10
67,2025-04-14T22:02:00+00:00,2025-04-15,08:02,3,0,3
67,2025-04-14T22:07:00+00:00,2025-04-15,08:07,4,2,6
67,2025-04-14T22:08:00+00:00,2025-04-15,08:08,3,2,5
68,2025-04-14T21:11:00+00:00,2025-04-15,07:11,2,1,3
68,2025-04-14T21:12:00+00:00,2025-04-15,07:12,2,0,2
68,2025-04-14T21:14:00+00:00,2025-04-15,07:14,0,1,1
68,2025-04-14T21:21:00+00:00,2025-04-15,07:21,5,1,6
68,2025-04-14T21:25:00+00:00,2025-04-15,07:25,2,0,2
68,2025-04-14T21:29:00+00:00,2025-04-15,07:29,1,0,1
68,2025-04-14T21:37:00+00:00,2025-04-15,07:37,2,0,2
68,2025-04-14T21:38:00+00:00,2025-04-15,07:38,0,1,1
68,2025-04-14T21:39:00+00:00,2025-04-15,07:39,1,2,3
68,2025-04-14T21:43:00+00:00,2025-04-15,07:43,2,2,4
68,2025-04-14T21:45:00+00:00,2025-04-15,07:45,1,3,4
68,2025-04-14T21:47:00+00:00,2025-04-15,07:47,3,2,5
68,2025-04-14T21:49:00+00:00,2025-04-15,07:49,1,0,1
68,2025-04-14T21:51:00+00:00,2025-04-15,07:51,2,1,3
68,2025-04-14T21:55:00+00:00,2025-04-15,07:55,3,3,6
68,2025-04-14T21:57:00+00:00,2025-04-15,07:57,2,2,4
68,2025-04-14T22:00:00+00:00,2025-04-15,08:00,3,2,5
68,2025-04-14T22:01:00+00:00,2025-04-15,08:01,8,3,11
68,2025-04-14T22:06:00+00:00,2025-04-15,08:06,2,1,3
68,2025-04-14T22:10:00+00:00,2025-04-15,08:10,2,4,6
72,2025-04-14T21:10:00+00:00,2025-04-15,07:10,1,2,3
72,2025-04-14T21:11:00+00:00,2025-04-15,07:11,3,1,4
72,2025-04-14T21:19:00+00:00,2025-04-15,07:19,0,3,3
72,2025-04-14T21:20:00+00:00,2025-04-15,07:20,1,2,3
72,2025-04-14T21:23:00+00:00,2025-04-15,07:23,5,0,5
72,2025-04-14T21:25:00+00:00,2025-04-15,07:25,0,1,1
72,2025-04-14T21:29:00+00:00,2025-04-15,07:29,2,0,2
72,2025-04-14T21:36:00+00:00,2025-04-15,07:36,5,1,6
72,2025-04-14T21:37:00+00:00,2025-04-15,07:37,4,0,4
72,2025-04-14T21:38:00+00:00,2025-04-15,07:38,8,2,10
72,2025-04-14T21:41:00+00:00,2025-04-15,07:41,1,2,3
72,2025-04-14T21:44:00+00:00,2025-04-15,07:44,17,0,17
72,2025-04-14T21:47:00+00:00,2025-04-15,07:47,6,1,7
72,2025-04-14T21:50:00+00:00,2025-04-15,07:50,13,0,13
72,2025-04-14T21:54:00+00:00,2025-04-15,07:54,6,0,6
72,2025-04-14T22:00:00+00:00,2025-04-15,08:00,6,2,8
72,2025-04-14T22:02:00+00:00,2025-04-15,08:02,8,3,11
72,2025-04-14T22:07:00+00:00,2025-04-15,08:07,2,1,3
76,2025-04-14T21:23:00+00:00,2025-04-15,07:23,0,3,3
76,2025-04-14T21:27:00+00:00,2025-04-15,07:27,1,1,2
76,2025-04-14T21:28:00+00:00,2025-04-15,07:28,0,1,1
76,2025-04-14T21:29:00+00:00,2025-04-15,07:29,1,0,1
76,2025-04-14T21:38:00+00:00,2025-04-15,07:38,0,1,1
76,2025-04-14T21:40:00+00:00,2025-04-15,07:40,1,0,1
76,2025-04-14T21:41:00+00:00,2025-04-15,07:41,1,0,1
76,2025-04-14T21:43:00+00:00,2025-04-15,07:43,1,1,2
76,2025-04-14T21:48:00+00:00,2025-04-15,07:48,1,0,1
76,2025-04-14T21:53:00+00:00,2025-04-15,07:53,2,0,2
76,2025-04-14T21:58:00+00:00,2025-04-15,07:58,2,0,2
76,2025-04-14T22:00:00+00:00,2025-04-15,08:00,3,1,4
76,2025-04-14T22:06:00+00:00,2025-04-15,08:06,0,1,1
76,2025-04-14T22:10:00+00:00,2025-04-15,08:10,0,1,1
79,2025-04-14T21:13:00+00:00,2025-04-15,07:13,1,1,2
79,2025-04-14T21:20:00+00:00,2025-04-15,07:20,9,2,11
79,2025-04-14T21:25:00+00:00,2025-04-15,07:25,4,2,6
79,2025-04-14T21:30:00+00:00,2025-04-15,07:30,12,0,12
79,2025-04-14T21:33:00+00:00,2025-04-15,07:33,22,1,23
79,2025-04-14T21:34:00+00:00,2025-04-15,07:34,3,3,6
79,2025-04-14T21:37:00+00:00,2025-04-15,07:37,3,3,6
79,2025-04-14T21:47:00+00:00,2025-04-15,07:47,6,4,10
79,2025-04-14T21:49:00+00:00,2025-04-15,07:49,7,3,10
79,2025-04-14T21:54:00+00:00,2025-04-15,07:54,8,8,16
79,2025-04-14T22:00:00+00:00,2025-04-15,08:00,17,2,19
79,2025-04-14T22:04:00+00:00,2025-04-15,08:04,17,4,21
79,2025-04-14T22:07:00+00:00,2025-04-15,08:07,3,1,4
79,2025-04-14T22:09:00+00:00,2025-04-15,08:09,5,6,11
85,2025-04-14T21:11:00+00:00,2025-04-15,07:11,0,2,2
85,2025-04-14T21:14:00+00:00,2025-04-15,07:14,2,0,2
85,2025-04-14T21:22:00+00:00,2025-04-15,07:22,3,0,3
85,2025-04-14T21:23:00+00:00,2025-04-15,07:23,1,1,2
85,2025-04-14T21:30:00+00:00,2025-04-15,07:30,2,0,2
85,2025-04-14T21:31:00+00:00,2025-04-15,07:31,0,1,1
85,2025-04-14T21:52:00+00:00,2025-04-15,07:52,2,1,3
85,2025-04-14T21:54:00+00:00,2025-04-15,07:54,0,3,3
85,2025-04-14T21:55:00+00:00,2025-04-15,07:55,0,2,2
85,2025-04-14T22:05:00+00:00,2025-04-15,08:05,4,0,4
85,2025-04-14T22:10:00+00:00,2025-04-15,08:10,3,0,3
86,2025-04-14T21:29:00+00:00,2025-04-15,07:29,0,1,1
86,2025-04-14T21:36:00+00:00,2025-04-15,07:36,1,0,1
86,2025-04-14T21:39:00+00:00,2025-04-15,07:39,0,1,1
86,2025-04-14T21:53:00+00:00,2025-04-15,07:53,1,0,1
86,2025-04-14T21:55:00+00:00,2025-04-15,07:55,1,0,1
86,2025-04-14T21:56:00+00:00,2025-04-15,07:56,1,0,1
86,2025-04-14T22:00:00+00:00,2025-04-15,08:00,0,1,1
86,2025-04-14T22:02:00+00:00,2025-04-15,08:02,0,1,1
86,2025-04-14T22:07:00+00:00,2025-04-15,08:07,2,0,2
109,2025-04-14T21:15:00+00:00,2025-04-15,07:15,2,10,12
109,2025-04-14T21:50:00+00:00,2025-04-15,07:50,6,31,37
109,2025-04-14T21:55:00+00:00,2025-04-15,07:55,5,30,35
109,2025-04-14T22:00:00+00:00,2025-04-15,08:00,7,37,44
109,2025-04-14T22:05:00+00:00,2025-04-15,08:05,5,32,37
117,2025-04-14T21:10:00+00:00,2025-04-15,07:10,7,2,9
117,2025-04-14T21:25:00+00:00,2025-04-15,07:25,5,1,6
117,2025-04-14T21:35:00+00:00,2025-04-15,07:35,18,4,22
117,2025-04-14T21:50:00+00:00,2025-04-15,07:50,25,4,29
117,2025-04-14T22:00:00+00:00,2025-04-15,08:00,34,5,39
117,2025-04-14T22:10:00+00:00,2025-04-15,08:10,27,11,38
123,2025-04-14T21:10:00+00:00,2025-04-15,07:10,2,6,8
123,2025-04-14T21:20:00+00:00,2025-04-15,07:20,9,1,10
123,2025-04-14T21:30:00+00:00,2025-04-15,07:30,4,3,7
123,2025-04-14T21:35:00+00:00,2025-04-15,07:35,5,3,8
123,2025-04-14T21:50:00+00:00,2025-04-15,07:50,10,2,12
130,2025-04-14T21:10:00+00:00,2025-04-15,07:10,0,1,1
130,2025-04-14T21:15:00+00:00,2025-04-15,07:15,1,1,2
130,2025-04-14T21:30:00+00:00,2025-04-15,07:30,1,1,2
130,2025-04-14T21:35:00+00:00,2025-04-15,07:35,6,2,8
130,2025-04-14T21:40:00+00:00,2025-04-15,07:40,0,1,1
130,2025-04-14T22:10:00+00:00,2025-04-15,08:10,3,2,5
136,2025-04-14T21:10:00+00:00,2025-04-15,07:10,9,14,23
136,2025-04-14T21:15:00+00:00,2025-04-15,07:15,8,9,17
136,2025-04-14T21:35:00+00:00,2025-04-15,07:35,12,18,30
136,2025-04-14T22:05:00+00:00,2025-04-15,08:05,11,23,34
137,2025-04-14T21:30:00+00:00,2025-04-15,07:30,5,0,5
137,2025-04-14T21:45:00+00:00,2025-04-15,07:45,9,0,9
137,2025-04-14T22:00:00+00:00,2025-04-15,08:00,9,1,10
137,2025-04-14T22:05:00+00:00,2025-04-15,08:05,8,1,9
138,2025-04-14T21:35:00+00:00,2025-04-15,07:35,0,1,1
139,2025-04-14T21:50:00+00:00,2025-04-15,07:50,4,34,38
141,2025-04-14T21:15:00+00:00,2025-04-15,07:15,3,3,6
141,2025-04-14T21:20:00+00:00,2025-04-15,07:20,1,4,5
141,2025-04-14T21:30:00+00:00,2025-04-15,07:30,3,7,10
141,2025-04-14T21:40:00+00:00,2025-04-15,07:40,8,2,10
141,2025-04-14T21:45:00+00:00,2025-04-15,07:45,2,2,4
141,2025-04-14T21:50:00+00:00,2025-04-15,07:50,6,4,10
141,2025-04-14T21:55:00+00:00,2025-04-15,07:55,9,6,15
141,2025-04-14T22:05:00+00:00,2025-04-15,08:05,14,6,20
142,2025-04-14T21:20:00+00:00,2025-04-15,07:20,15,23,38
142,2025-04-14T21:35:00+00:00,2025-04-15,07:35,16,38,54
142,2025-04-14T21:55:00+00:00,2025-04-15,07:55,20,28,48
142,2025-04-14T22:10:00+00:00,2025-04-15,08:10,25,40,65
161,2025-04-14T21:25:00+00:00,2025-04-15,07:25,4,16,20
161,2025-04-14T21:35:00+00:00,2025-04-15,07:35,12,15,27
161,2025-04-14T21:50:00+00:00,2025-04-15,07:50,13,22,35
161,2025-04-14T21:55:00+00:00,2025-04-15,07:55,12,27,39
161,2025-04-14T22:00:00+00:00,2025-04-15,08:00,9,13,22
161,2025-04-14T22:05:00+00:00,2025-04-15,08:05,9,20,29
164,2025-04-14T21:10:00+00:00,2025-04-15,07:10,2,5,7
164,2025-04-14T21:45:00+00:00,2025-04-15,07:45,3,4,7
164,2025-04-14T21:55:00+00:00,2025-04-15,07:55,9,8,17
164,2025-04-14T22:05:00+00:00,2025-04-15,08:05,16,7,23
