X,Y,objectid,featuretype,descripton,class,facility_name,facility_operationalstatus,facility_address,abs_suburb,facility_state,abs_postcode,facility_attribute_source,facility_attribute_date,facility_source,facility_date,facility_spatial_confidence,facility_revised,comment_,facility_lat,facility_long,validated,gnaf_building_name,gnaf_address_detail_pid,gnaf_formatted_address,gnaf_confidence,gnaf_postcode,gnaf_suburb,distance_to_gnaf,gnaf_lat,gnaf_long
141.798754529,-37.8584191479999,1,EMERGENCY FACILITY,"An emergency management facility from which a particular agency’s resources are commanded, coordinated and assigned to an incident or emergency",POLICING FACILITY,BRANXHOLME POLICE STATION,OPERATIONAL,,BRANXHOLME,VICTORIA,3302,HTTP://DATA.VIC.GOV.AU,,HTTP://DATA.VIC.GOV.AU,,,2018/05/15 00:00:00+00,,-37.85841914799994,141.79875452900012,,,GAVIC424585730,87-89 MONROE STREET,1,3302,BRANXHOLME,0,-37.858419149999975,141.7987545300001
147.069627995,-37.8434332699999,2,EMERGENCY FACILITY,"An emergency management facility from which a particular agency’s resources are commanded, coordinated and assigned to an incident or emergency",POLICING FACILITY,BRIAGOLONG POLICE STATION,OPERATIONAL,,BRIAGOLONG,VICTORIA,3860,HTTP://DATA.VIC.GOV.AU,,HTTP://DATA.VIC.GOV.AU,,,2018/05/15 00:00:00+00,,-37.843433269999935,147.06962799500002,,,GAVIC425609063,19-21 AVON STREET,0,3860,BRIAGOLONG,0,-37.843433269999935,147.06962800000008
143.940008564,-36.601703716,3,EMERGENCY FACILITY,"An emergency management facility from which a particular agency’s resources are commanded, coordinated and assigned to an incident or emergency",POLICING FACILITY,BRIDGEWATER POLICE STATION,OPERATIONAL,,BRIDGEWATER ON LODDON,VICTORIA,3516,HTTP://DATA.VIC.GOV.AU,,HTTP://DATA.VIC.GOV.AU,,,2018/05/15 00:00:00+00,,-36.601703715999975,143.9400085640001,,,GAVIC720579618,38 PARK STREET,1,3516,BRIDGEWATER ON LODDON,0,-36.60170371999993,143.94000856000002
146.962049483,-36.731794254,4,EMERGENCY FACILITY,"An emergency management facility from which a particular agency’s resources are commanded, coordinated and assigned to an incident or emergency",POLICING FACILITY,BRIGHT POLICE STATION,OPERATIONAL,,BRIGHT,VICTORIA,3741,HTTP://DATA.VIC.GOV.AU,,HTTP://DATA.VIC.GOV.AU,,,2018/05/15 00:00:00+00,,-36.731794253999965,146.9620494830001,,,GAVIC420915118,7 PARK STREET,0,3741,BRIGHT,0,-36.73179424999995,146.96204948000002
145.055423388,-37.203404626,5,EMERGENCY FACILITY,"An emergency management facility from which a particular agency’s resources are commanded, coordinated and assigned to an incident or emergency",POLICING FACILITY,BROADFORD POLICE STATION,OPERATIONAL,,BROADFORD,VICTORIA,3658,HTTP://DATA.VIC.GOV.AU,,HTTP://DATA.VIC.GOV.AU,,,2018/05/15 00:00:00+00,,-37.20340462599995,145.055423388,,,GAVIC421814544,156 HIGH STREET,2,3658,BROADFORD,3,-37.20342769999996,145.05540966
144.916874553,-37.683222999,6,EMERGENCY FACILITY,"An emergency management facility from which a particular agency’s resources are commanded, coordinated and assigned to an incident or emergency",POLICING FACILITY,BROADMEADOWS POLICE STATION,OPERATIONAL,,BROADMEADOWS,VICTORIA,3047,HTTP://DATA.VIC.GOV.AU,,HTTP://DATA.VIC.GOV.AU,,,2018/05/15 00:00:00+00,,-37.68322299899995,144.91687455300007,,,GAVIC421873736,15 DIMBOOLA ROAD,2,3047,BROADMEADOWS,0,-37.68322299999994,144.91687400000012
144.96306858,-37.762812743,7,EMERGENCY FACILITY,"An emergency management facility from which a particular agency’s resources are commanded, coordinated and assigned to an incident or emergency",POLICING FACILITY,BRUNSWICK POLICE STATION,OPERATIONAL,,BRUNSWICK,VICTORIA,3056,HTTP://DATA.VIC.GOV.AU,,HTTP://DATA.VIC.GOV.AU,,,2018/05/15 00:00:00+00,,-37.762812742999984,144.96306858000003,,,GAVIC420419088,630 SYDNEY ROAD,1,3056,BRUNSWICK,0,-37.76281199999994,144.96306800000002
147.831119089,-37.7075128289999,8,EMERGENCY FACILITY,"An emergency management facility from which a particular agency’s resources are commanded, coordinated and assigned to an incident or emergency",POLICING FACILITY,BRUTHEN POLICE STATION,OPERATIONAL,,BRUTHEN,VICTORIA,3885,HTTP://DATA.VIC.GOV.AU,,HTTP://DATA.VIC.GOV.AU,,,2018/05/15 00:00:00+00,,-37.70751282899994,147.83111908900003,,BRUTHEN POLICE STATION,GAVIC410995573,45 MAIN STREET,2,3885,BRUTHEN,0,-37.707512829999985,147.83111909000002
144.168414984,-38.049933261,9,EMERGENCY FACILITY,"An emergency management facility from which a particular agency’s resources are commanded, coordinated and assigned to an incident or emergency",POLICING FACILITY,BANNOCKBURN POLICE STATION,OPERATIONAL,,BANNOCKBURN,VICTORIA,3331,HTTP://DATA.VIC.GOV.AU,,HTTP://DATA.VIC.GOV.AU,,,2018/05/15 00:00:00+00,,-38.04993326099998,144.16841498400004,,,GAVIC423706438,51 HIGH STREET,1,3331,BANNOCKBURN,0,-38.04993324999998,144.16841498000008
143.381058135,-37.431484574,10,EMERGENCY FACILITY,"An emergency management facility from which a particular agency’s resources are commanded, coordinated and assigned to an incident or emergency",POLICING FACILITY,BEAUFORT POLICE STATION,OPERATIONAL,,BEAUFORT,VICTORIA,3373,HTTP://DATA.VIC.GOV.AU,,HTTP://DATA.VIC.GOV.AU,,,2018/05/15 00:00:00+00,,-37.43148457399997,143.3810581350001,,,GAVIC420901772,11 LIVINGSTONE STREET,1,3373,BEAUFORT,0,-37.43148456999995,143.38105813000004
143.640059579,-38.195306156,11,EMERGENCY FACILITY,"An emergency management facility from which a particular agency’s resources are commanded, coordinated and assigned to an incident or emergency",POLICING FACILITY,BEEAC POLICE STATION,OPERATIONAL,,BEEAC,VICTORIA,3251,HTTP://DATA.VIC.GOV.AU,,HTTP://DATA.VIC.GOV.AU,,,2018/05/15 00:00:00+00,,-38.19530615599996,143.64005957900008,,,GAVIC424746874,6 COULSTON STREET,2,3251,BEEAC,0,-38.19530615999997,143.64005958000007
146.68887022,-36.358371903,12,EMERGENCY FACILITY,"An emergency management facility from which a particular agency’s resources are commanded, coordinated and assigned to an incident or emergency",POLICING FACILITY,BEECHWORTH POLICE STATION,OPERATIONAL,,BEECHWORTH,VICTORIA,3747,HTTP://DATA.VIC.GOV.AU,,HTTP://DATA.VIC.GOV.AU,,,2018/05/15 00:00:00+00,,-36.35837190299998,146.68887022,,,GAVIC420258032,102 FORD STREET,2,3747,BEECHWORTH,0,-36.35837189999995,146.68887021000012
145.354617715,-37.90808937,13,EMERGENCY FACILITY,"An emergency management facility from which a particular agency’s resources are commanded, coordinated and assigned to an incident or emergency",POLICING FACILITY,BELGRAVE POLICE STATION,OPERATIONAL,,BELGRAVE,VICTORIA,3160,HTTP://DATA.VIC.GOV.AU,,HTTP://DATA.VIC.GOV.AU,,,2018/05/15 00:00:00+00,,-37.90808936999997,145.35461771500002,,,GAVIC410844880,2 ENA ROAD,2,3160,BELGRAVE,0,-37.90808935999996,145.35461770000006
145.975297955,-36.555603587,14,EMERGENCY FACILITY,"An emergency management facility from which a particular agency’s resources are commanded, coordinated and assigned to an incident or emergency",POLICING FACILITY,BENALLA POLICE STATION,OPERATIONAL,,BENALLA,VICTORIA,3672,HTTP://DATA.VIC.GOV.AU,,HTTP://DATA.VIC.GOV.AU,,,2018/05/15 00:00:00+00,,-36.55560358699995,145.9752979550001,,,GAVIC423935362,17 BRIDGE STREET,0,3672,BENALLA,36,-36.55551829999996,145.97568009000008
144.266989362,-36.766989644,15,EMERGENCY FACILITY,"An emergency management facility from which a particular agency’s resources are commanded, coordinated and assigned to an incident or emergency",POLICING FACILITY,BENDIGO POLICE STATION,OPERATIONAL,,BENDIGO,VICTORIA,3550,HTTP://DATA.VIC.GOV.AU,,HTTP://DATA.VIC.GOV.AU,,,2018/05/15 00:00:00+00,,-36.76698964399998,144.26698936200012,,,GAVIC410877954,221 CALDER HIGHWAY,0,3550,BENDIGO,0,-36.76698963999996,144.26698935000002
148.884912486,-37.147072415,16,EMERGENCY FACILITY,"An emergency management facility from which a particular agency’s resources are commanded, coordinated and assigned to an incident or emergency",POLICING FACILITY,BENDOC POLICE STATION,OPERATIONAL,,BENDOC,VICTORIA,3888,HTTP://DATA.VIC.GOV.AU,,HTTP://DATA.VIC.GOV.AU,,,2018/05/15 00:00:00+00,,-37.14707241499997,148.88491248600008,,,GAVIC424489800,24 DOWLING STREET,1,3888,BENDOC,8,-37.14701130999998,148.8848571300001
147.099325817,-36.12547928,17,EMERGENCY FACILITY,"An emergency management facility from which a particular agency’s resources are commanded, coordinated and assigned to an incident or emergency",POLICING FACILITY,BETHANGA POLICE STATION,OPERATIONAL,,BETHANGA,VICTORIA,3691,HTTP://DATA.VIC.GOV.AU,,HTTP://DATA.VIC.GOV.AU,,,2018/05/15 00:00:00+00,,-36.12547927999998,147.09932581700002,,,GAVIC422128362,1 BETHANGA BAY ROAD,2,3691,BETHANGA,19,-36.12562429999997,147.0992088900001
142.419499446,-35.943240164,18,EMERGENCY FACILITY,"An emergency management facility from which a particular agency’s resources are commanded, coordinated and assigned to an incident or emergency",POLICING FACILITY,BEULAH POLICE STATION,OPERATIONAL,,BEULAH,VICTORIA,3395,HTTP://DATA.VIC.GOV.AU,,HTTP://DATA.VIC.GOV.AU,,,2018/05/15 00:00:00+00,,-35.943240163999974,142.41949944600003,,,GAVIC424033555,21-23 PHILLIPS STREET,1,3395,BEULAH,36,-35.94299240999993,142.41925073000004
142.917322285,-35.979800145,19,EMERGENCY FACILITY,"An emergency management facility from which a particular agency’s resources are commanded, coordinated and assigned to an incident or emergency",POLICING FACILITY,BIRCHIP POLICE STATION,OPERATIONAL,,BIRCHIP,VICTORIA,3483,HTTP://DATA.VIC.GOV.AU,,HTTP://DATA.VIC.GOV.AU,,,2018/05/15 00:00:00+00,,-35.979800144999956,142.91732228500007,,,GAVIC424444389,95 CUMMING AVENUE,2,3483,BIRCHIP,33,-35.979847209999946,142.91768231000003
143.782711014,-38.336298481,20,EMERGENCY FACILITY,"An emergency management facility from which a particular agency’s resources are commanded, coordinated and assigned to an incident or emergency",POLICING FACILITY,BIRREGURRA POLICE STATION,OPERATIONAL,,BIRREGURRA,VICTORIA,3242,HTTP://DATA.VIC.GOV.AU,,HTTP://DATA.VIC.GOV.AU,,,2018/05/15 00:00:00+00,,-38.33629848099997,143.78271101400003,,,GAVIC420127116,89 MAIN STREET,2,3242,BIRREGURRA,0,-38.33629847999998,143.78271100000006
146.272320664,-38.3804426519999,21,EMERGENCY FACILITY,"An emergency management facility from which a particular agency’s resources are commanded, coordinated and assigned to an incident or emergency",POLICING FACILITY,BOOLARRA POLICE STATION,OPERATIONAL,,BOOLARRA,VICTORIA,3870,HTTP://DATA.VIC.GOV.AU,,HTTP://DATA.VIC.GOV.AU,,,2018/05/15 00:00:00+00,,-38.38044265199994,146.27232066400006,,,GAVIC419961696,29 TARWIN STREET,1,3870,BOOLARRA,0,-38.380442649999964,146.2723206600001
143.723409189,-36.116062863,22,EMERGENCY FACILITY,"An emergency management facility from which a particular agency’s resources are commanded, coordinated and assigned to an incident or emergency",POLICING FACILITY,BOORT POLICE STATION,OPERATIONAL,,BOORT,VICTORIA,3537,HTTP://DATA.VIC.GOV.AU,,HTTP://DATA.VIC.GOV.AU,,,2018/05/15 00:00:00+00,,-36.11606286299997,143.7234091890001,,,GAVIC425690072,4 STATION STREET,0,3537,BOORT,0,-36.11606285999994,143.7234091900001
145.285487745,-37.859934558,23,EMERGENCY FACILITY,"An emergency management facility from which a particular agency’s resources are commanded, coordinated and assigned to an incident or emergency",POLICING FACILITY,BORONIA POLICE STATION,OPERATIONAL,,BORONIA,VICTORIA,3155,HTTP://DATA.VIC.GOV.AU,,HTTP://DATA.VIC.GOV.AU,,,2018/05/15 00:00:00+00,,-37.85993455799996,145.28548774500007,,,GAVIC413637352,259 DORSET ROAD,1,3155,BORONIA,0,-37.859934549999934,145.28548774000012
145.127298272,-37.8180849829999,24,EMERGENCY FACILITY,"An emergency management facility from which a particular agency’s resources are commanded, coordinated and assigned to an incident or emergency",POLICING FACILITY,BOX HILL POLICE STATION,OPERATIONAL,,BOX HILL,VICTORIA,3128,HTTP://DATA.VIC.GOV.AU,,HTTP://DATA.VIC.GOV.AU,,,2018/05/15 00:00:00+00,,-37.81808498299995,145.12729827200008,,,GAVIC413396565,1 KANGERONG ROAD,2,3128,BOX HILL,68,-37.817476659999954,145.12742475000005
144.993567885,-37.8040432839999,25,EMERGENCY FACILITY,"An emergency management facility from which a particular agency’s resources are commanded, coordinated and assigned to an incident or emergency",POLICING FACILITY,COLLINGWOOD POLICE STATION,OPERATIONAL,,ABBOTSFORD,VICTORIA,3067,HTTP://DATA.VIC.GOV.AU,,HTTP://DATA.VIC.GOV.AU,,,2018/05/15 00:00:00+00,,-37.80404328399993,144.99356788500006,,,GAVIC413094178,4 EDDY COURT,1,3067,ABBOTSFORD,0,-37.80404327999997,144.9935678800001
145.707770889,-37.188634559,26,EMERGENCY FACILITY,"An emergency management facility from which a particular agency’s resources are commanded, coordinated and assigned to an incident or emergency",POLICING FACILITY,ALEXANDRA POLICE STATION,OPERATIONAL,,ALEXANDRA,VICTORIA,3714,HTTP://DATA.VIC.GOV.AU,,HTTP://DATA.VIC.GOV.AU,,,2018/05/15 00:00:00+00,,-37.18863455899998,145.70777088900002,,,GAVIC424537965,33 GRANT STREET,1,3714,ALEXANDRA,0,-37.18863454999996,145.70777089000012
144.84472483,-37.836091896,27,EMERGENCY FACILITY,"An emergency management facility from which a particular agency’s resources are commanded, coordinated and assigned to an incident or emergency",POLICING FACILITY,ALTONA NORTH POLICE STATION,OPERATIONAL,,ALTONA NORTH,VICTORIA,3025,HTTP://DATA.VIC.GOV.AU,,HTTP://DATA.VIC.GOV.AU,,,2018/05/15 00:00:00+00,,-37.83609189599997,144.84472483000002,,,GAVIC420728108,72 COOPER AVENUE,1,3025,ALTONA NORTH,44,-37.835713529999964,144.84488485000008
144.192228145,-38.4033986389999,28,EMERGENCY FACILITY,"An emergency management facility from which a particular agency’s resources are commanded, coordinated and assigned to an incident or emergency",POLICING FACILITY,ANGLESEA POLICE STATION,OPERATIONAL,,ANGLESEA,VICTORIA,3230,HTTP://DATA.VIC.GOV.AU,,HTTP://DATA.VIC.GOV.AU,,,2018/05/15 00:00:00+00,,-38.40339863899993,144.19222814500006,,,GAVIC419961338,55 GREAT OCEAN ROAD,1,3230,ANGLESEA,0,-38.40339863999998,144.1922281400001
143.670381598,-38.759664401,29,EMERGENCY FACILITY,"An emergency management facility from which a particular agency’s resources are commanded, coordinated and assigned to an incident or emergency",POLICING FACILITY,APOLLO BAY POLICE STATION,OPERATIONAL,,APOLLO BAY,VICTORIA,3233,HTTP://DATA.VIC.GOV.AU,,HTTP://DATA.VIC.GOV.AU,,,2018/05/15 00:00:00+00,,-38.75966440099995,143.67038159800006,,,GAVIC423973401,31 NELSON STREET,1,3233,APOLLO BAY,0,-38.75966439999996,143.67038160000004
141.083618543,-36.967060596,30,EMERGENCY FACILITY,"An emergency management facility from which a particular agency’s resources are commanded, coordinated and assigned to an incident or emergency",POLICING FACILITY,APSLEY POLICE STATION,OPERATIONAL,,APSLEY,VICTORIA,3319,HTTP://DATA.VIC.GOV.AU,,HTTP://DATA.VIC.GOV.AU,,,2018/05/15 00:00:00+00,,-36.96706059599995,141.08361854300006,,,GAVIC410750088,17 SPLATT STREET,2,3319,APSLEY,0,-36.96706059999997,141.0836185400001
142.926722421,-37.2842431889999,31,EMERGENCY FACILITY,"An emergency management facility from which a particular agency’s resources are commanded, coordinated and assigned to an incident or emergency",POLICING FACILITY,ARARAT POLICE STATION,OPERATIONAL,,ARARAT,VICTORIA,3377,HTTP://DATA.VIC.GOV.AU,,HTTP://DATA.VIC.GOV.AU,,,2018/05/15 00:00:00+00,,-37.28424318899994,142.92672242100002,,,GAVIC421247221,1 LIGAR STREET,1,3377,ARARAT,0,-37.284243189999984,142.92672241000002
145.079709691,-37.8628742719999,32,EMERGENCY FACILITY,"An emergency management facility from which a particular agency’s resources are commanded, coordinated and assigned to an incident or emergency",POLICING FACILITY,ASHBURTON POLICE STATION,OPERATIONAL,,ASHBURTON,VICTORIA,3147,HTTP://DATA.VIC.GOV.AU,,HTTP://DATA.VIC.GOV.AU,,,2018/05/15 00:00:00+00,,-37.86287427199994,145.07970969100006,,,GAVIC419729327,1 Y STREET,2,3147,ASHBURTON,0,-37.86287399999998,145.0797090000001
143.474095642,-37.0871701369999,33,EMERGENCY FACILITY,"An emergency management facility from which a particular agency’s resources are commanded, coordinated and assigned to an incident or emergency",POLICING FACILITY,AVOCA POLICE STATION,OPERATIONAL,,AVOCA,VICTORIA,3467,HTTP://DATA.VIC.GOV.AU,,HTTP://DATA.VIC.GOV.AU,,,2018/05/15 00:00:00+00,,-37.08717013699993,143.47409564200007,,AVOCA POLICE STATION,GAVIC425278740,146 HIGH STREET,0,3467,AVOCA,0,-37.087170139999955,143.4740956400001
144.859440984,-37.755729787,34,EMERGENCY FACILITY,"An emergency management facility from which a particular agency’s resources are commanded, coordinated and assigned to an incident or emergency",POLICING FACILITY,AVONDALE HEIGHTS POLICE STATION,OPERATIONAL,,AVONDALE HEIGHTS,VICTORIA,3034,HTTP://DATA.VIC.GOV.AU,,HTTP://DATA.VIC.GOV.AU,,,2018/05/15 00:00:00+00,,-37.75572978699995,144.85944098400012,,,GAVIC419726700,162 MILITARY ROAD,2,3034,AVONDALE HEIGHTS,0,-37.755728999999974,144.85944000000006
144.501567859,-36.786992829,35,EMERGENCY FACILITY,"An emergency management facility from which a particular agency’s resources are commanded, coordinated and assigned to an incident or emergency",POLICING FACILITY,AXEDALE POLICE STATION,OPERATIONAL,,AXEDALE,VICTORIA,3551,HTTP://DATA.VIC.GOV.AU,,HTTP://DATA.VIC.GOV.AU,,,2018/05/15 00:00:00+00,,-36.786992828999985,144.50156785900003,,,GAVIC421311035,86 MCIVOR HIGHWAY,2,3551,AXEDALE,0,-36.786992829999974,144.50156785000001
144.436020466,-37.675788068,36,EMERGENCY FACILITY,"An emergency management facility from which a particular agency’s resources are commanded, coordinated and assigned to an incident or emergency",POLICING FACILITY,BACCHUS MARSH POLICE STATION,OPERATIONAL,,BACCHUS MARSH,VICTORIA,3340,HTTP://DATA.VIC.GOV.AU,,HTTP://DATA.VIC.GOV.AU,,,2018/05/15 00:00:00+00,,-37.675788067999974,144.43602046600006,,,GAVIC421637064,119 MAIN STREET,1,3340,BACCHUS MARSH,0,-37.675788059999945,144.43602046
147.635958037,-37.8258639389999,37,EMERGENCY FACILITY,"An emergency management facility from which a particular agency’s resources are commanded, coordinated and assigned to an incident or emergency",POLICING FACILITY,BAIRNSDALE POLICE STATION,OPERATIONAL,,BAIRNSDALE,VICTORIA,3875,HTTP://DATA.VIC.GOV.AU,,HTTP://DATA.VIC.GOV.AU,,,2018/05/15 00:00:00+00,,-37.82586393899993,147.63595803700002,,RIVERHILL MOTOR INN,GAVIC424450141,45 MAIN STREET,2,3875,BAIRNSDALE,0,-37.82586393999998,147.6359580400001
144.220889177,-37.599951169,38,EMERGENCY FACILITY,"An emergency management facility from which a particular agency’s resources are commanded, coordinated and assigned to an incident or emergency",POLICING FACILITY,BALLAN POLICE STATION,OPERATIONAL,,BALLAN,VICTORIA,3342,HTTP://DATA.VIC.GOV.AU,,HTTP://DATA.VIC.GOV.AU,,,2018/05/15 00:00:00+00,,-37.59995116899995,144.22088917700012,,,GAVIC423829408,174-176 INGLIS STREET,1,3342,BALLAN,0,-37.59995115999993,144.22088918000009
143.859119187,-37.564186266,39,EMERGENCY FACILITY,"An emergency management facility from which a particular agency’s resources are commanded, coordinated and assigned to an incident or emergency",POLICING FACILITY,BALLARAT POLICE STATION,OPERATIONAL,,BALLARAT CENTRAL,VICTORIA,3350,HTTP://DATA.VIC.GOV.AU,,HTTP://DATA.VIC.GOV.AU,,,2018/05/15 00:00:00+00,,-37.56418626599998,143.85911918700003,,POLICE COMPLEX - BALLARAT,GAVIC425225026,20 DANA STREET,0,3350,BALLARAT CENTRAL,45,-37.56420627999995,143.85962454000003
141.832320651,-37.2522101389999,40,EMERGENCY FACILITY,"An emergency management facility from which a particular agency’s resources are commanded, coordinated and assigned to an incident or emergency",POLICING FACILITY,BALMORAL POLICE STATION,OPERATIONAL,,BALMORAL,VICTORIA,3407,HTTP://DATA.VIC.GOV.AU,,HTTP://DATA.VIC.GOV.AU,,,2018/05/15 00:00:00+00,,-37.25221013899994,141.83232065100003,,BALMORAL POLICE STATION,GAVIC424746463,78 COLERAINE ROAD,2,3407,BALMORAL,0,-37.25221013999993,141.83232065000004
145.572693823,-36.751731513,41,EMERGENCY FACILITY,"An emergency management facility from which a particular agency’s resources are commanded, coordinated and assigned to an incident or emergency",POLICING FACILITY,EUROA POLICE STATION,OPERATIONAL,,EUROA,VICTORIA,3666,HTTP://DATA.VIC.GOV.AU,,HTTP://DATA.VIC.GOV.AU,,,2018/05/15 00:00:00+00,,-36.75173151299998,145.572693823,,,GAVIC411388308,40 KIRKLAND AVENUE,2,3666,EUROA,0,-36.75173149999995,145.57269381000003
147.282683998,-36.863572001,42,EMERGENCY FACILITY,"An emergency management facility from which a particular agency’s resources are commanded, coordinated and assigned to an incident or emergency",POLICING FACILITY,FALLS CREEK POLICE STATION,OPERATIONAL,,FALLS CREEK,VICTORIA,3699,HTTP://DATA.VIC.GOV.AU,,HTTP://DATA.VIC.GOV.AU,,,2018/05/15 00:00:00+00,,-36.863572000999966,147.28268399800004,,POLICE,GAVIC425668356,19 BOGONG HIGH PLAINS ROAD,1,3699,FALLS CREEK,4,-36.86357347999996,147.28263470000002
144.979131553,-37.8022218749999,43,EMERGENCY FACILITY,"An emergency management facility from which a particular agency’s resources are commanded, coordinated and assigned to an incident or emergency",POLICING FACILITY,FITZROY POLICE STATION,OPERATIONAL,,FITZROY,VICTORIA,3065,HTTP://DATA.VIC.GOV.AU,,HTTP://DATA.VIC.GOV.AU,,,2018/05/15 00:00:00+00,,-37.80222187499993,144.97913155300012,,,GAVIC413108290,201 NAPIER STREET,1,3065,FITZROY,69,-37.80212026999993,144.97990104000007
144.932149807,-37.785119107,44,EMERGENCY FACILITY,"An emergency management facility from which a particular agency’s resources are commanded, coordinated and assigned to an incident or emergency",POLICING FACILITY,FLEMINGTON POLICE STATION,OPERATIONAL,,FLEMINGTON,VICTORIA,3031,HTTP://DATA.VIC.GOV.AU,,HTTP://DATA.VIC.GOV.AU,,,2018/05/15 00:00:00+00,,-37.78511910699996,144.9321498070001,,,GAVIC419876644,30 WELLINGTON STREET,2,3031,FLEMINGTON,0,-37.78511899999995,144.9321490000001
144.901372799,-37.8038670129999,45,EMERGENCY FACILITY,"An emergency management facility from which a particular agency’s resources are commanded, coordinated and assigned to an incident or emergency",POLICING FACILITY,FOOTSCRAY POLICE STATION,OPERATIONAL,,FOOTSCRAY,VICTORIA,3011,HTTP://DATA.VIC.GOV.AU,,HTTP://DATA.VIC.GOV.AU,,,2018/05/15 00:00:00+00,,-37.803867012999945,144.90137279900011,,,GAVIC425084870,66 HYDE STREET,0,3011,FOOTSCRAY,0,-37.803867009999976,144.9013728000001
143.716627395,-38.521024809,46,EMERGENCY FACILITY,"An emergency management facility from which a particular agency’s resources are commanded, coordinated and assigned to an incident or emergency",POLICING FACILITY,FORREST POLICE STATION,OPERATIONAL,,FORREST,VICTORIA,3236,HTTP://DATA.VIC.GOV.AU,,HTTP://DATA.VIC.GOV.AU,,,2018/05/15 00:00:00+00,,-38.52102480899998,143.71662739500005,,,GAVIC411396383,45 STATION STREET,2,3236,FORREST,0,-38.521024799999964,143.7166274000001
146.202435454,-38.652145914,47,EMERGENCY FACILITY,"An emergency management facility from which a particular agency’s resources are commanded, coordinated and assigned to an incident or emergency",POLICING FACILITY,FOSTER POLICE STATION,OPERATIONAL,,FOSTER,VICTORIA,3960,HTTP://DATA.VIC.GOV.AU,,HTTP://DATA.VIC.GOV.AU,,,2018/05/15 00:00:00+00,,-38.65214591399996,146.202435454,,,GAVIC424084764,69-71 MAIN STREET,0,3960,FOSTER,0,-38.65214589999994,146.20243545000005
145.124667023,-38.138900763,48,EMERGENCY FACILITY,"An emergency management facility from which a particular agency’s resources are commanded, coordinated and assigned to an incident or emergency",POLICING FACILITY,FRANKSTON POLICE STATION,OPERATIONAL,,FRANKSTON,VICTORIA,3199,HTTP://DATA.VIC.GOV.AU,,HTTP://DATA.VIC.GOV.AU,,,2018/05/15 00:00:00+00,,-38.13890076299998,145.12466702300003,,,GAVIC420996576,15 FLETCHER ROAD,2,3199,FRANKSTON,0,-38.13890072999993,145.12466682000002
141.40602714,-37.585324516,49,EMERGENCY FACILITY,"An emergency management facility from which a particular agency’s resources are commanded, coordinated and assigned to an incident or emergency",POLICING FACILITY,CASTERTON POLICE STATION,OPERATIONAL,,CASTERTON,VICTORIA,3311,HTTP://DATA.VIC.GOV.AU,,HTTP://DATA.VIC.GOV.AU,,,2018/05/15 00:00:00+00,,-37.58532451599996,141.4060271400001,,,GAVIC414143654,2 JACKSON STREET,1,3311,CASTERTON,0,-37.585324509999964,141.4060271400001
144.21936548,-37.063730504,50,EMERGENCY FACILITY,"An emergency management facility from which a particular agency’s resources are commanded, coordinated and assigned to an incident or emergency",POLICING FACILITY,CASTLEMAINE POLICE STATION,OPERATIONAL,,CASTLEMAINE,VICTORIA,3450,HTTP://DATA.VIC.GOV.AU,,HTTP://DATA.VIC.GOV.AU,,,2018/05/15 00:00:00+00,,-37.06373050399998,144.21936548000008,,,GAVIC421496005,32 TEMPLETON STREET,2,3450,CASTLEMAINE,0,-37.063730609999936,144.21936561000007
145.023271263,-37.8812935789999,51,EMERGENCY FACILITY,"An emergency management facility from which a particular agency’s resources are commanded, coordinated and assigned to an incident or emergency",POLICING FACILITY,CAULFIELD POLICE STATION,OPERATIONAL,,CAULFIELD,VICTORIA,3162,HTTP://DATA.VIC.GOV.AU,,HTTP://DATA.VIC.GOV.AU,,,2018/05/15 00:00:00+00,,-37.88129357899993,145.02327126300008,,,GAVIC420310069,285-289 HAWTHORN ROAD,1,3162,CAULFIELD,29,-37.88103529999995,145.02331120000008
142.040410388,-37.527204948,52,EMERGENCY FACILITY,"An emergency management facility from which a particular agency’s resources are commanded, coordinated and assigned to an incident or emergency",POLICING FACILITY,CAVENDISH POLICE STATION,OPERATIONAL,,CAVENDISH,VICTORIA,3314,HTTP://DATA.VIC.GOV.AU,,HTTP://DATA.VIC.GOV.AU,,,2018/05/15 00:00:00+00,,-37.52720494799996,142.04041038800005,,,GAVIC424917194,27 SCOTT STREET,2,3314,CAVENDISH,0,-37.52720494999994,142.04041039000003
143.34837347,-36.269605407,53,EMERGENCY FACILITY,"An emergency management facility from which a particular agency’s resources are commanded, coordinated and assigned to an incident or emergency",POLICING FACILITY,CHARLTON POLICE STATION,OPERATIONAL,,CHARLTON,VICTORIA,3525,HTTP://DATA.VIC.GOV.AU,,HTTP://DATA.VIC.GOV.AU,,,2018/05/15 00:00:00+00,,-36.26960540699997,143.34837347000007,,,GAVIC420631268,12 CAMP STREET,2,3525,CHARLTON,0,-36.26960539999993,143.34837346000006
145.116327595,-38.051355741,54,EMERGENCY FACILITY,"An emergency management facility from which a particular agency’s resources are commanded, coordinated and assigned to an incident or emergency",POLICING FACILITY,CHELSEA POLICE STATION,OPERATIONAL,,CHELSEA,VICTORIA,3196,HTTP://DATA.VIC.GOV.AU,,HTTP://DATA.VIC.GOV.AU,,,2018/05/15 00:00:00+00,,-38.05135574099995,145.11632759500003,,,GAVIC423759061,314-315 STATION STREET,1,3196,CHELSEA,0,-38.05135573999996,145.11632759000008
145.056587225,-37.9647439569999,55,EMERGENCY FACILITY,"An emergency management facility from which a particular agency’s resources are commanded, coordinated and assigned to an incident or emergency",POLICING FACILITY,CHELTENHAM POLICE STATION,OPERATIONAL,,CHELTENHAM,VICTORIA,3192,HTTP://DATA.VIC.GOV.AU,,HTTP://DATA.VIC.GOV.AU,,,2018/05/15 00:00:00+00,,-37.96474395699994,145.05658722500004,,,GAVIC413906737,1222 NEPEAN HIGHWAY,1,3192,CHELTENHAM,0,-37.964743949999956,145.0565872300001
146.610571357,-36.148145238,56,EMERGENCY FACILITY,"An emergency management facility from which a particular agency’s resources are commanded, coordinated and assigned to an incident or emergency",POLICING FACILITY,CHILTERN POLICE STATION,OPERATIONAL,,CHILTERN,VICTORIA,3683,HTTP://DATA.VIC.GOV.AU,,HTTP://DATA.VIC.GOV.AU,,,2018/05/15 00:00:00+00,,-36.148145237999984,146.61057135700003,,POLICE STATION,GAVIC411109459,64 MAIN STREET,2,3683,CHILTERN,9,-36.14807204999994,146.61060908000002
146.417384035,-38.307728099,57,EMERGENCY FACILITY,"An emergency management facility from which a particular agency’s resources are commanded, coordinated and assigned to an incident or emergency",POLICING FACILITY,CHURCHILL POLICE STATION,OPERATIONAL,,CHURCHILL,VICTORIA,3842,HTTP://DATA.VIC.GOV.AU,,HTTP://DATA.VIC.GOV.AU,,,2018/05/15 00:00:00+00,,-38.307728098999974,146.41738403500005,,,GAVIC419833832,6 SWITCHBACK ROAD,1,3842,CHURCHILL,0,-38.30772809999996,146.41738404000012
145.120466725,-37.920137563,58,EMERGENCY FACILITY,"An emergency management facility from which a particular agency’s resources are commanded, coordinated and assigned to an incident or emergency",POLICING FACILITY,CLAYTON POLICE STATION,OPERATIONAL,,CLAYTON,VICTORIA,3168,HTTP://DATA.VIC.GOV.AU,,HTTP://DATA.VIC.GOV.AU,,,2018/05/15 00:00:00+00,,-37.92013756299997,145.12046672500003,,,GAVIC420618106,263 CLAYTON ROAD,2,3168,CLAYTON,0,-37.920136999999954,145.12046600000008
143.783628998,-37.295149506,59,EMERGENCY FACILITY,"An emergency management facility from which a particular agency’s resources are commanded, coordinated and assigned to an incident or emergency",POLICING FACILITY,CLUNES POLICE STATION,OPERATIONAL,,CLUNES,VICTORIA,3370,HTTP://DATA.VIC.GOV.AU,,HTTP://DATA.VIC.GOV.AU,,,2018/05/15 00:00:00+00,,-37.29514950599997,143.78362899800004,,,GAVIC424538376,2 HANNAH STREET,0,3370,CLUNES,0,-37.29514949999998,143.78362900000002
143.075561377,-38.3281915499999,60,EMERGENCY FACILITY,"An emergency management facility from which a particular agency’s resources are commanded, coordinated and assigned to an incident or emergency",POLICING FACILITY,COBDEN POLICE STATION,OPERATIONAL,,COBDEN,VICTORIA,3266,HTTP://DATA.VIC.GOV.AU,,HTTP://DATA.VIC.GOV.AU,,,2018/05/15 00:00:00+00,,-38.32819154999993,143.0755613770001,,,GAVIC421792452,52 CURDIE STREET,1,3266,COBDEN,0,-38.32819154999993,143.07556138000007
145.650974382,-35.9203836309999,61,EMERGENCY FACILITY,"An emergency management facility from which a particular agency’s resources are commanded, coordinated and assigned to an incident or emergency",POLICING FACILITY,COBRAM POLICE STATION,OPERATIONAL,,COBRAM,VICTORIA,3644,HTTP://DATA.VIC.GOV.AU,,HTTP://DATA.VIC.GOV.AU,,,2018/05/15 00:00:00+00,,-35.920383630999936,145.65097438200007,,COBRAM POLICE STATION,GAVIC719459592,36 WILLIAM STREET,2,3644,COBRAM,0,-35.92038362999995,145.6509743800001
144.221533548,-35.811344802,62,EMERGENCY FACILITY,"An emergency management facility from which a particular agency’s resources are commanded, coordinated and assigned to an incident or emergency",POLICING FACILITY,COHUNA POLICE STATION,OPERATIONAL,,COHUNA,VICTORIA,3568,HTTP://DATA.VIC.GOV.AU,,HTTP://DATA.VIC.GOV.AU,,,2018/05/15 00:00:00+00,,-35.81134480199995,144.22153354800002,,,GAVIC419669583,25 MARKET STREET,2,3568,COHUNA,0,-35.81134479999997,144.22153355000012
141.693057849,-37.599860866,63,EMERGENCY FACILITY,"An emergency management facility from which a particular agency’s resources are commanded, coordinated and assigned to an incident or emergency",POLICING FACILITY,COLERAINE POLICE STATION,OPERATIONAL,,COLERAINE,VICTORIA,3315,HTTP://DATA.VIC.GOV.AU,,HTTP://DATA.VIC.GOV.AU,,,2018/05/15 00:00:00+00,,-37.59986086599997,141.69305784900007,,,GAVIC420575831,63 MCLEOD STREET,2,3315,COLERAINE,0,-37.59986085999998,141.69305785000006
144.358233322,-38.0739016209999,64,EMERGENCY FACILITY,"An emergency management facility from which a particular agency’s resources are commanded, coordinated and assigned to an incident or emergency",POLICING FACILITY,CORIO POLICE STATION,OPERATIONAL,,CORIO,VICTORIA,3214,HTTP://DATA.VIC.GOV.AU,,HTTP://DATA.VIC.GOV.AU,,,2018/05/15 00:00:00+00,,-38.07390162099995,144.35823332200005,,,GAVIC420762816,121 BACCHUS MARSH ROAD,-1,3214,CORIO,30,-38.07363469999996,144.35822670000005
147.903941376,-36.1945137169999,65,EMERGENCY FACILITY,"An emergency management facility from which a particular agency’s resources are commanded, coordinated and assigned to an incident or emergency",POLICING FACILITY,CORRYONG POLICE STATION,OPERATIONAL,,CORRYONG,VICTORIA,3707,HTTP://DATA.VIC.GOV.AU,,HTTP://DATA.VIC.GOV.AU,,,2018/05/15 00:00:00+00,,-36.19451371699995,147.90394137600003,,POLICE STATION,GAVIC421658906,19 JARDINE STREET,1,3707,CORRYONG,0,-36.19451370999997,147.9039413800001
145.235670895,-38.4500808069999,66,EMERGENCY FACILITY,"An emergency management facility from which a particular agency’s resources are commanded, coordinated and assigned to an incident or emergency",POLICING FACILITY,COWES POLICE STATION,OPERATIONAL,,COWES,VICTORIA,3922,HTTP://DATA.VIC.GOV.AU,,HTTP://DATA.VIC.GOV.AU,,,2018/05/15 00:00:00+00,,-38.45008080699995,145.2356708950001,,,GAVIC421157777,92 CHAPEL STREET,2,3922,COWES,0,-38.450080809999974,145.23567090000006
144.933119453,-37.598345673,67,EMERGENCY FACILITY,"An emergency management facility from which a particular agency’s resources are commanded, coordinated and assigned to an incident or emergency",POLICING FACILITY,CRAIGIEBURN POLICE STATION,OPERATIONAL,,CRAIGIEBURN,VICTORIA,3064,HTTP://DATA.VIC.GOV.AU,,HTTP://DATA.VIC.GOV.AU,,,2018/05/15 00:00:00+00,,-37.59834567299998,144.93311945300002,,,GAVIC424059775,1 BELSAY PLACE,0,3064,CRAIGIEBURN,0,-37.59834565999995,144.93311945000005
145.283429475,-38.1133624239999,68,EMERGENCY FACILITY,"An emergency management facility from which a particular agency’s resources are commanded, coordinated and assigned to an incident or emergency",POLICING FACILITY,CRANBOURNE POLICE STATION,OPERATIONAL,,CRANBOURNE,VICTORIA,3977,HTTP://DATA.VIC.GOV.AU,,HTTP://DATA.VIC.GOV.AU,,,2018/05/15 00:00:00+00,,-38.113362423999945,145.28342947500005,,,GAVIC421833215,166-168 SLADEN STREET,0,3977,CRANBOURNE,0,-38.11336242999994,145.28342954000004
143.633645565,-38.031704036,69,EMERGENCY FACILITY,"An emergency management facility from which a particular agency’s resources are commanded, coordinated and assigned to an incident or emergency",POLICING FACILITY,CRESSY POLICE STATION,OPERATIONAL,,CRESSY,VICTORIA,3322,HTTP://DATA.VIC.GOV.AU,,HTTP://DATA.VIC.GOV.AU,,,2018/05/15 00:00:00+00,,-38.03170403599995,143.63364556500005,,,GAVIC423831399,8-10 LYONS STREET,1,3322,CRESSY,0,-38.031704039999966,143.6336455500001
143.892347242,-37.429898468,70,EMERGENCY FACILITY,"An emergency management facility from which a particular agency’s resources are commanded, coordinated and assigned to an incident or emergency",POLICING FACILITY,CRESWICK POLICE STATION,OPERATIONAL,,CRESWICK,VICTORIA,3363,HTTP://DATA.VIC.GOV.AU,,HTTP://DATA.VIC.GOV.AU,,,2018/05/15 00:00:00+00,,-37.429898467999976,143.89234724200003,,,GAVIC420574601,137 NAPIER STREET,2,3363,CRESWICK,0,-37.42989845999995,143.89234724000005
145.278498943,-37.799216572,71,EMERGENCY FACILITY,"An emergency management facility from which a particular agency’s resources are commanded, coordinated and assigned to an incident or emergency",POLICING FACILITY,CROYDON POLICE STATION,OPERATIONAL,,CROYDON,VICTORIA,3136,HTTP://DATA.VIC.GOV.AU,,HTTP://DATA.VIC.GOV.AU,,,2018/05/15 00:00:00+00,,-37.79921657199998,145.27849894300005,,,GAVIC423806049,171-175 MT DANDENONG ROAD,2,3136,CROYDON,0,-37.799216559999934,145.2784991000001
143.106266859,-35.7174687909999,72,EMERGENCY FACILITY,"An emergency management facility from which a particular agency’s resources are commanded, coordinated and assigned to an incident or emergency",POLICING FACILITY,CULGOA POLICE STATION,OPERATIONAL,,CULGOA,VICTORIA,3530,HTTP://DATA.VIC.GOV.AU,,HTTP://DATA.VIC.GOV.AU,,,2018/05/15 00:00:00+00,,-35.71746879099993,143.10626685900002,,,GAVIC411220501,19 MAIN STREET,0,3530,CULGOA,41,-35.717304369999965,143.10667769000008
145.217384915,-37.9902486089999,73,EMERGENCY FACILITY,"An emergency management facility from which a particular agency’s resources are commanded, coordinated and assigned to an incident or emergency",POLICING FACILITY,DANDENONG POLICE STATION,OPERATIONAL,,DANDENONG,VICTORIA,3175,HTTP://DATA.VIC.GOV.AU,,HTTP://DATA.VIC.GOV.AU,,,2018/05/15 00:00:00+00,,-37.990248608999934,145.21738491500003,,,GAVIC420729820,34-50 LANGHORNE STREET,1,3175,DANDENONG,0,-37.99024859999997,145.21738491000008
144.14372539,-37.338020469,74,EMERGENCY FACILITY,"An emergency management facility from which a particular agency’s resources are commanded, coordinated and assigned to an incident or emergency",POLICING FACILITY,DAYLESFORD POLICE STATION,OPERATIONAL,,DAYLESFORD,VICTORIA,3460,HTTP://DATA.VIC.GOV.AU,,HTTP://DATA.VIC.GOV.AU,,,2018/05/15 00:00:00+00,,-37.33802046899996,144.1437253900001,,,GAVIC411240971,12 VINCENT STREET,2,3460,DAYLESFORD,9,-37.338043839999955,144.14362669000002
147.017602821,-36.471627094,75,EMERGENCY FACILITY,"An emergency management facility from which a particular agency’s resources are commanded, coordinated and assigned to an incident or emergency",POLICING FACILITY,DEDERANG POLICE STATION,OPERATIONAL,,DEDERANG,VICTORIA,3691,HTTP://DATA.VIC.GOV.AU,,HTTP://DATA.VIC.GOV.AU,,,2018/05/15 00:00:00+00,,-36.471627093999984,147.01760282100008,,POLICE STATION,GAVIC422161034,4396 KIEWA VALLEY HIGHWAY,1,3691,DEDERANG,1,-36.47162315999998,147.01761110000007
145.160594182,-37.674089669,76,EMERGENCY FACILITY,"An emergency management facility from which a particular agency’s resources are commanded, coordinated and assigned to an incident or emergency",POLICING FACILITY,DIAMOND CREEK POLICE STATION,OPERATIONAL,,DIAMOND CREEK,VICTORIA,3089,HTTP://DATA.VIC.GOV.AU,,HTTP://DATA.VIC.GOV.AU,,,2018/05/15 00:00:00+00,,-37.674089668999954,145.16059418200007,,,GAVIC423641270,83 MAIN HURSTBRIDGE ROAD,1,3089,DIAMOND CREEK,28,-37.673839089999944,145.16062290000002
142.027881513,-36.456440078,77,EMERGENCY FACILITY,"An emergency management facility from which a particular agency’s resources are commanded, coordinated and assigned to an incident or emergency",POLICING FACILITY,DIMBOOLA POLICE STATION,OPERATIONAL,,DIMBOOLA,VICTORIA,3414,HTTP://DATA.VIC.GOV.AU,,HTTP://DATA.VIC.GOV.AU,,,2018/05/15 00:00:00+00,,-36.45644007799996,142.027881513,,,GAVIC414329216,57 LLOYD STREET,1,3414,DIMBOOLA,0,-36.456440079999936,142.02788151000004
144.951254155,-37.8138074459999,78,EMERGENCY FACILITY,"An emergency management facility from which a particular agency’s resources are commanded, coordinated and assigned to an incident or emergency",POLICING FACILITY,MELBOURNE WEST POLICE STATION,OPERATIONAL,,DOCKLANDS,VICTORIA,3008,HTTP://DATA.VIC.GOV.AU,,HTTP://DATA.VIC.GOV.AU,,,2018/05/15 00:00:00+00,,-37.81380744599994,144.95125415500002,,,GAVIC412734026,313 SPENCER STREET,1,3008,DOCKLANDS,22,-37.81363380999994,144.95136966000007
142.984066508,-36.3736569179999,79,EMERGENCY FACILITY,"An emergency management facility from which a particular agency’s resources are commanded, coordinated and assigned to an incident or emergency",POLICING FACILITY,DONALD POLICE STATION,OPERATIONAL,,DONALD,VICTORIA,3480,HTTP://DATA.VIC.GOV.AU,,HTTP://DATA.VIC.GOV.AU,,,2018/05/15 00:00:00+00,,-36.37365691799994,142.98406650800007,,,GAVIC420356891,11 BYRNE STREET,2,3480,DONALD,8,-36.37360449999994,142.98400277000007
145.157831611,-37.7884236319999,80,EMERGENCY FACILITY,"An emergency management facility from which a particular agency’s resources are commanded, coordinated and assigned to an incident or emergency",POLICING FACILITY,DONCASTER POLICE STATION,OPERATIONAL,,DONCASTER EAST,VICTORIA,3109,HTTP://DATA.VIC.GOV.AU,,HTTP://DATA.VIC.GOV.AU,,,2018/05/15 00:00:00+00,,-37.78842363199993,145.15783161100012,,,GAVIC413307904,979-981 DONCASTER ROAD,0,3109,DONCASTER EAST,0,-37.788423629999954,145.1578316
148.171310163,-37.4998714709999,81,EMERGENCY FACILITY,"An emergency management facility from which a particular agency’s resources are commanded, coordinated and assigned to an incident or emergency",POLICING FACILITY,BUCHAN POLICE STATION,OPERATIONAL,,BUCHAN,VICTORIA,3885,HTTP://DATA.VIC.GOV.AU,,HTTP://DATA.VIC.GOV.AU,,,2018/05/15 00:00:00+00,,-37.49987147099995,148.17131016300004,,,GAVIC420572417,39 MAIN ROAD,2,3885,BUCHAN,6,-37.49992206999997,148.1713193800001
143.884645577,-37.651557262,82,EMERGENCY FACILITY,"An emergency management facility from which a particular agency’s resources are commanded, coordinated and assigned to an incident or emergency",POLICING FACILITY,BUNINYONG POLICE STATION,OPERATIONAL,,BUNINYONG,VICTORIA,3357,HTTP://DATA.VIC.GOV.AU,,HTTP://DATA.VIC.GOV.AU,,,2018/05/15 00:00:00+00,,-37.65155726199998,143.88464557700001,,,GAVIC424555934,310 SCOTT STREET,0,3357,BUNINYONG,0,-37.65155725999995,143.8846455800001
145.71779978,-38.097515018,83,EMERGENCY FACILITY,"An emergency management facility from which a particular agency’s resources are commanded, coordinated and assigned to an incident or emergency",POLICING FACILITY,BUNYIP POLICE STATION,OPERATIONAL,,BUNYIP,VICTORIA,3815,HTTP://DATA.VIC.GOV.AU,,HTTP://DATA.VIC.GOV.AU,,,2018/05/15 00:00:00+00,,-38.09751501799997,145.71779978000006,,,GAVIC420331856,4 PEARSON STREET,2,3815,BUNYIP,0,-38.09751499999993,145.717799
145.098177791,-37.850883799,84,EMERGENCY FACILITY,"An emergency management facility from which a particular agency’s resources are commanded, coordinated and assigned to an incident or emergency",POLICING FACILITY,BURWOOD POLICE STATION,OPERATIONAL,,BURWOOD,VICTORIA,3125,HTTP://DATA.VIC.GOV.AU,,HTTP://DATA.VIC.GOV.AU,,,2018/05/15 00:00:00+00,,-37.85088379899997,145.098177791,,,GAVIC421919922,64 BURWOOD HIGHWAY,1,3125,BURWOOD,0,-37.85088299999995,145.09817700000008
145.059226232,-37.833215372,85,EMERGENCY FACILITY,"An emergency management facility from which a particular agency’s resources are commanded, coordinated and assigned to an incident or emergency",POLICING FACILITY,CAMBERWELL POLICE STATION,OPERATIONAL,,CAMBERWELL,VICTORIA,3124,HTTP://DATA.VIC.GOV.AU,,HTTP://DATA.VIC.GOV.AU,,,2018/05/15 00:00:00+00,,-37.833215371999984,145.05922623200001,,,GAVIC421326604,311-315 CAMBERWELL ROAD,1,3124,CAMBERWELL,0,-37.83321535999994,145.05922623000004
143.146095413,-38.230516697,86,EMERGENCY FACILITY,"An emergency management facility from which a particular agency’s resources are commanded, coordinated and assigned to an incident or emergency",POLICING FACILITY,CAMPERDOWN POLICE STATION,OPERATIONAL,,CAMPERDOWN,VICTORIA,3260,HTTP://DATA.VIC.GOV.AU,,HTTP://DATA.VIC.GOV.AU,,,2018/05/15 00:00:00+00,,-38.230516696999985,143.146095413,,,GAVIC411041463,49 FERGUSSON STREET,1,3260,CAMPERDOWN,52,-38.23082279999994,143.14654183000005
149.152232761,-37.564728794,87,EMERGENCY FACILITY,"An emergency management facility from which a particular agency’s resources are commanded, coordinated and assigned to an incident or emergency",POLICING FACILITY,CANN RIVER POLICE STATION,OPERATIONAL,,CANN RIVER,VICTORIA,3890,HTTP://DATA.VIC.GOV.AU,,HTTP://DATA.VIC.GOV.AU,,,2018/05/15 00:00:00+00,,-37.56472879399996,149.15223276100005,,CANN RIVER POLICE STATION,GAVIC420883497,6 MONARO HIGHWAY,2,3890,CANN RIVER,26,-37.56463489999993,149.15195926
144.741224086,-37.730720033,88,EMERGENCY FACILITY,"An emergency management facility from which a particular agency’s resources are commanded, coordinated and assigned to an incident or emergency",POLICING FACILITY,CAROLINE SPRINGS POLICE STATION,OPERATIONAL,,CAROLINE SPRINGS,VICTORIA,3023,HTTP://DATA.VIC.GOV.AU,,HTTP://DATA.VIC.GOV.AU,,,2018/05/15 00:00:00+00,,-37.730720032999955,144.7412240860001,,,GAVIC424060661,221-223 CAROLINE SPRINGS BOULEVARD,1,3023,CAROLINE SPRINGS,61,-37.73050084999994,144.74059310000007
145.685703746,-36.3304489019999,89,EMERGENCY FACILITY,"An emergency management facility from which a particular agency’s resources are commanded, coordinated and assigned to an incident or emergency",POLICING FACILITY,DOOKIE POLICE STATION,OPERATIONAL,,DOOKIE,VICTORIA,3646,HTTP://DATA.VIC.GOV.AU,,HTTP://DATA.VIC.GOV.AU,,,2018/05/15 00:00:00+00,,-36.330448901999944,145.68570374600006,,,GAVIC414498166,26 QUEEN STREET,1,3646,DOOKIE,0,-36.330448899999965,145.68570375000002
144.961051622,-38.334731709,90,EMERGENCY FACILITY,"An emergency management facility from which a particular agency’s resources are commanded, coordinated and assigned to an incident or emergency",POLICING FACILITY,DROMANA POLICE STATION,OPERATIONAL,,DROMANA,VICTORIA,3936,HTTP://DATA.VIC.GOV.AU,,HTTP://DATA.VIC.GOV.AU,,,2018/05/15 00:00:00+00,,-38.33473170899998,144.961051622,,,GAVIC421633042,321 POINT NEPEAN ROAD,2,3936,DROMANA,0,-38.33473169999996,144.96105161000003
145.849323796,-38.130212663,91,EMERGENCY FACILITY,"An emergency management facility from which a particular agency’s resources are commanded, coordinated and assigned to an incident or emergency",POLICING FACILITY,DROUIN POLICE STATION,OPERATIONAL,,DROUIN,VICTORIA,3818,HTTP://DATA.VIC.GOV.AU,,HTTP://DATA.VIC.GOV.AU,,,2018/05/15 00:00:00+00,,-38.13021266299995,145.84932379600002,,,GAVIC423333412,184 PRINCES WAY,1,3818,DROUIN,0,-38.13021199999997,145.84932300000003
144.569764099,-38.17496926,92,EMERGENCY FACILITY,"An emergency management facility from which a particular agency’s resources are commanded, coordinated and assigned to an incident or emergency",POLICING FACILITY,DRYSDALE POLICE STATION,OPERATIONAL,,DRYSDALE,VICTORIA,3222,HTTP://DATA.VIC.GOV.AU,,HTTP://DATA.VIC.GOV.AU,,,2018/05/15 00:00:00+00,,-38.174969259999955,144.56976409900005,,,GAVIC424355159,21-27 EVERSLEY STREET,1,3222,DRYSDALE,23,-38.17511037999998,144.56995899000003
142.345042606,-37.6499802,93,EMERGENCY FACILITY,"An emergency management facility from which a particular agency’s resources are commanded, coordinated and assigned to an incident or emergency",POLICING FACILITY,DUNKELD POLICE STATION,OPERATIONAL,,DUNKELD,VICTORIA,3294,HTTP://DATA.VIC.GOV.AU,,HTTP://DATA.VIC.GOV.AU,,,2018/05/15 00:00:00+00,,-37.64998019999996,142.3450426060001,,,GAVIC424543652,67-69 PARKER STREET,1,3294,DUNKELD,34,-37.650002049999955,142.34542140000008
143.73365404,-36.857120911,94,EMERGENCY FACILITY,"An emergency management facility from which a particular agency’s resources are commanded, coordinated and assigned to an incident or emergency",POLICING FACILITY,DUNOLLY POLICE STATION,OPERATIONAL,,DUNOLLY,VICTORIA,3472,HTTP://DATA.VIC.GOV.AU,,HTTP://DATA.VIC.GOV.AU,,,2018/05/15 00:00:00+00,,-36.85712091099998,143.73365404000003,,,GAVIC421791320,9 BULL STREET,2,3472,DUNOLLY,14,-36.85718467999993,143.73352523000005
144.744872005,-36.119090016,95,EMERGENCY FACILITY,"An emergency management facility from which a particular agency’s resources are commanded, coordinated and assigned to an incident or emergency",POLICING FACILITY,ECHUCA POLICE STATION,OPERATIONAL,,ECHUCA,VICTORIA,3564,HTTP://DATA.VIC.GOV.AU,,HTTP://DATA.VIC.GOV.AU,,,2018/05/15 00:00:00+00,,-36.11909001599997,144.74487200500005,,,GAVIC420573493,7-11 DICKSON STREET,1,3564,ECHUCA,0,-36.11909000999998,144.7448720000001
141.292868228,-37.036390094,96,EMERGENCY FACILITY,"An emergency management facility from which a particular agency’s resources are commanded, coordinated and assigned to an incident or emergency",POLICING FACILITY,EDENHOPE POLICE STATION,OPERATIONAL,,EDENHOPE,VICTORIA,3318,HTTP://DATA.VIC.GOV.AU,,HTTP://DATA.VIC.GOV.AU,,,2018/05/15 00:00:00+00,,-37.036390093999955,141.2928682280001,,,GAVIC423797270,3-5 ORME STREET,0,3318,EDENHOPE,0,-37.03639008999994,141.29286823000007
145.910322539,-37.232276267,97,EMERGENCY FACILITY,"An emergency management facility from which a particular agency’s resources are commanded, coordinated and assigned to an incident or emergency",POLICING FACILITY,EILDON POLICE STATION,OPERATIONAL,,EILDON,VICTORIA,3713,HTTP://DATA.VIC.GOV.AU,,HTTP://DATA.VIC.GOV.AU,,,2018/05/15 00:00:00+00,,-37.232276266999975,145.91032253900005,,,GAVIC422167222,22 MAIN STREET,1,3713,EILDON,0,-37.232276259999935,145.91032254000004
143.250506819,-37.1808429129999,98,EMERGENCY FACILITY,"An emergency management facility from which a particular agency’s resources are commanded, coordinated and assigned to an incident or emergency",POLICING FACILITY,ELMHURST POLICE STATION,OPERATIONAL,,ELMHURST,VICTORIA,3469,HTTP://DATA.VIC.GOV.AU,,HTTP://DATA.VIC.GOV.AU,,,2018/05/15 00:00:00+00,,-37.180842912999935,143.25050681900007,,,GAVIC423828843,25 HIGH STREET,1,3469,ELMHURST,0,-37.18084289999996,143.25050681000005
144.61103433,-36.495993142,99,EMERGENCY FACILITY,"An emergency management facility from which a particular agency’s resources are commanded, coordinated and assigned to an incident or emergency",POLICING FACILITY,ELMORE POLICE STATION,OPERATIONAL,,ELMORE,VICTORIA,3558,HTTP://DATA.VIC.GOV.AU,,HTTP://DATA.VIC.GOV.AU,,,2018/05/15 00:00:00+00,,-36.495993141999975,144.61103433000005,,,GAVIC414464694,58 HERVEY STREET,1,3558,ELMORE,0,-36.49599313999994,144.61103433000005
145.15063747,-37.7134472029999,100,EMERGENCY FACILITY,"An emergency management facility from which a particular agency’s resources are commanded, coordinated and assigned to an incident or emergency",POLICING FACILITY,ELTHAM POLICE STATION,OPERATIONAL,,ELTHAM,VICTORIA,3095,HTTP://DATA.VIC.GOV.AU,,HTTP://DATA.VIC.GOV.AU,,,2018/05/15 00:00:00+00,,-37.71344720299993,145.1506374700001,,,GAVIC421042722,21 PRYOR STREET,1,3095,ELTHAM,0,-37.713446999999974,145.15063700000007
145.44392646,-37.930511065,101,EMERGENCY FACILITY,"An emergency management facility from which a particular agency’s resources are commanded, coordinated and assigned to an incident or emergency",POLICING FACILITY,EMERALD POLICE STATION,OPERATIONAL,,EMERALD,VICTORIA,3782,HTTP://DATA.VIC.GOV.AU,,HTTP://DATA.VIC.GOV.AU,,,2018/05/15 00:00:00+00,,-37.93051106499996,145.44392646000006,,,GAVIC425667860,386-390 BELGRAVE-GEMBROOK ROAD,0,3782,EMERALD,21,-37.93038423999997,145.44410152000012
145.261675645,-37.9756629629999,102,EMERGENCY FACILITY,"An emergency management facility from which a particular agency’s resources are commanded, coordinated and assigned to an incident or emergency",POLICING FACILITY,ENDEAVOUR HILLS POLICE STATION,OPERATIONAL,,ENDEAVOUR HILLS,VICTORIA,3802,HTTP://DATA.VIC.GOV.AU,,HTTP://DATA.VIC.GOV.AU,,,2018/05/15 00:00:00+00,,-37.975662962999934,145.26167564500008,,,GAVIC421219377,80 HEATHERTON ROAD,1,3802,ENDEAVOUR HILLS,19,-37.97579604999993,145.2618149000001
145.025891621,-37.646742038,103,EMERGENCY FACILITY,"An emergency management facility from which a particular agency’s resources are commanded, coordinated and assigned to an incident or emergency",POLICING FACILITY,EPPING POLICE STATION,OPERATIONAL,,EPPING,VICTORIA,3076,HTTP://DATA.VIC.GOV.AU,,HTTP://DATA.VIC.GOV.AU,,,2018/05/15 00:00:00+00,,-37.64674203799996,145.02589162100003,,,GAVIC420916746,785 HIGH STREET,1,3076,EPPING,31,-37.64701899999994,145.02586600000006
144.898863593,-37.719845409,104,EMERGENCY FACILITY,"An emergency management facility from which a particular agency’s resources are commanded, coordinated and assigned to an incident or emergency",POLICING FACILITY,POLICE AIRWING POLICE STATION,OPERATIONAL,,ESSENDON FIELDS,VICTORIA,3041,HTTP://DATA.VIC.GOV.AU,,HTTP://DATA.VIC.GOV.AU,,,2018/05/15 00:00:00+00,,-37.71984540899996,144.8988635930001,,AMBULANCE SERVICE VICTORIA AND POLICE,GAVIC719425750,12 GLOBAL AVENUE,1,3041,ESSENDON FIELDS,64,-37.71970312999997,144.89815799000007
145.510881305,-37.6566271529999,105,EMERGENCY FACILITY,"An emergency management facility from which a particular agency’s resources are commanded, coordinated and assigned to an incident or emergency",POLICING FACILITY,HEALESVILLE POLICE STATION,OPERATIONAL,,HEALESVILLE,VICTORIA,3777,HTTP://DATA.VIC.GOV.AU,,HTTP://DATA.VIC.GOV.AU,,,2018/05/15 00:00:00+00,,-37.65662715299993,145.5108813050001,,,GAVIC423461224,38 HARKER STREET,2,3777,HEALESVILLE,0,-37.65662714999996,145.51088130000005
144.709129325,-36.9217141,106,EMERGENCY FACILITY,"An emergency management facility from which a particular agency’s resources are commanded, coordinated and assigned to an incident or emergency",POLICING FACILITY,HEATHCOTE POLICE STATION,OPERATIONAL,,HEATHCOTE,VICTORIA,3523,HTTP://DATA.VIC.GOV.AU,,HTTP://DATA.VIC.GOV.AU,,,2018/05/15 00:00:00+00,,-36.921714099999974,144.70912932500005,,,GAVIC419664904,140 HIGH STREET,1,3523,HEATHCOTE,0,-36.921714099999974,144.7091293100001
145.070730026,-37.7575201989999,107,EMERGENCY FACILITY,"An emergency management facility from which a particular agency’s resources are commanded, coordinated and assigned to an incident or emergency",POLICING FACILITY,HEIDELBERG POLICE STATION,OPERATIONAL,,HEIDELBERG,VICTORIA,3084,HTTP://DATA.VIC.GOV.AU,,HTTP://DATA.VIC.GOV.AU,,,2018/05/15 00:00:00+00,,-37.75752019899994,145.0707300260001,,,GAVIC425413312,9 JIKA STREET,0,3084,HEIDELBERG,6,-37.75749112999995,145.07078830000012
146.785689746,-37.980993483,108,EMERGENCY FACILITY,"An emergency management facility from which a particular agency’s resources are commanded, coordinated and assigned to an incident or emergency",POLICING FACILITY,HEYFIELD POLICE STATION,OPERATIONAL,,HEYFIELD,VICTORIA,3858,HTTP://DATA.VIC.GOV.AU,,HTTP://DATA.VIC.GOV.AU,,,2018/05/15 00:00:00+00,,-37.98099348299996,146.78568974600012,,,GAVIC423850762,3 TEMPLE STREET,2,3858,HEYFIELD,6,-37.980949779999946,146.78566030000002
141.628962905,-38.133496964,109,EMERGENCY FACILITY,"An emergency management facility from which a particular agency’s resources are commanded, coordinated and assigned to an incident or emergency",POLICING FACILITY,HEYWOOD POLICE STATION,OPERATIONAL,,HEYWOOD,VICTORIA,3304,HTTP://DATA.VIC.GOV.AU,,HTTP://DATA.VIC.GOV.AU,,,2018/05/15 00:00:00+00,,-38.13349696399996,141.6289629050001,,HEYWOOD PO,GAVIC414178280,9 LINDSAY STREET,1,3304,HEYWOOD,0,-38.13349694999994,141.62896290000003
142.364700358,-35.72928703,110,EMERGENCY FACILITY,"An emergency management facility from which a particular agency’s resources are commanded, coordinated and assigned to an incident or emergency",POLICING FACILITY,HOPETOUN POLICE STATION,OPERATIONAL,,HOPETOUN,VICTORIA,3396,HTTP://DATA.VIC.GOV.AU,,HTTP://DATA.VIC.GOV.AU,,,2018/05/15 00:00:00+00,,-35.729287029999966,142.36470035800005,,,GAVIC424080230,19 DENNYS STREET,1,3396,HOPETOUN,0,-35.729287029999966,142.36470035000002
142.2012219,-36.714067412,111,EMERGENCY FACILITY,"An emergency management facility from which a particular agency’s resources are commanded, coordinated and assigned to an incident or emergency",POLICING FACILITY,HORSHAM POLICE STATION,OPERATIONAL,,HORSHAM,VICTORIA,3400,HTTP://DATA.VIC.GOV.AU,,HTTP://DATA.VIC.GOV.AU,,,2018/05/15 00:00:00+00,,-36.71406741199996,142.20122190000006,,DISTRICT HEADQUARTERS,GAVIC420576232,20 ROBERTS AVENUE,1,3400,HORSHAM,0,-36.714067399999976,142.20122190000006
147.149799728,-36.992069682,112,EMERGENCY FACILITY,"An emergency management facility from which a particular agency’s resources are commanded, coordinated and assigned to an incident or emergency",POLICING FACILITY,MOUNT HOTHAM POLICE STATION,OPERATIONAL,,HOTHAM HEIGHTS,VICTORIA,3741,HTTP://DATA.VIC.GOV.AU,,HTTP://DATA.VIC.GOV.AU,,,2018/05/15 00:00:00+00,,-36.992069681999965,147.14979972800006,,MT HOTHAM POLICE STATION,GAVIC425676098,89 GREAT ALPINE ROAD,1,3741,HOTHAM HEIGHTS,25,-36.99199896999994,147.14953500000001
145.192836064,-37.639982034,113,EMERGENCY FACILITY,"An emergency management facility from which a particular agency’s resources are commanded, coordinated and assigned to an incident or emergency",POLICING FACILITY,HURSTBRIDGE POLICE STATION,OPERATIONAL,,HURSTBRIDGE,VICTORIA,3099,HTTP://DATA.VIC.GOV.AU,,HTTP://DATA.VIC.GOV.AU,,,2018/05/15 00:00:00+00,,-37.63998203399996,145.19283606400006,,,GAVIC413290270,790 HEIDELBERG-KINGLAKE ROAD,1,3099,HURSTBRIDGE,0,-37.63998202999994,145.1928360500001
143.870054434,-36.575724249,114,EMERGENCY FACILITY,"An emergency management facility from which a particular agency’s resources are commanded, coordinated and assigned to an incident or emergency",POLICING FACILITY,INGLEWOOD POLICE STATION,OPERATIONAL,,INGLEWOOD,VICTORIA,3517,HTTP://DATA.VIC.GOV.AU,,HTTP://DATA.VIC.GOV.AU,,,2018/05/15 00:00:00+00,,-36.57572424899996,143.87005443400005,,,GAVIC424081895,89 GRANT STREET,1,3517,INGLEWOOD,0,-36.57572488999995,143.87005536000004
144.050604181,-38.101575861,115,EMERGENCY FACILITY,"An emergency management facility from which a particular agency’s resources are commanded, coordinated and assigned to an incident or emergency",POLICING FACILITY,INVERLEIGH POLICE STATION,OPERATIONAL,,INVERLEIGH,VICTORIA,3321,HTTP://DATA.VIC.GOV.AU,,HTTP://DATA.VIC.GOV.AU,,,2018/05/15 00:00:00+00,,-38.10157586099996,144.05060418100004,,,GAVIC425735348,92 HIGH STREET,1,3321,INVERLEIGH,8,-38.10154504999997,144.05051774000003
145.727469695,-38.631119693,116,EMERGENCY FACILITY,"An emergency management facility from which a particular agency’s resources are commanded, coordinated and assigned to an incident or emergency",POLICING FACILITY,INVERLOCH POLICE STATION,OPERATIONAL,,INVERLOCH,VICTORIA,3996,HTTP://DATA.VIC.GOV.AU,,HTTP://DATA.VIC.GOV.AU,,,2018/05/15 00:00:00+00,,-38.63111969299996,145.72746969500008,,,GAVIC420361118,13 BAYVIEW AVENUE,-1,3996,INVERLOCH,21,-38.63093768999994,145.72752564000007
143.855177143,-37.53577365,117,EMERGENCY FACILITY,"An emergency management facility from which a particular agency’s resources are commanded, coordinated and assigned to an incident or emergency",POLICING FACILITY,BALLARAT NORTH POLICE STATION,OPERATIONAL,,INVERMAY PARK,VICTORIA,3350,HTTP://DATA.VIC.GOV.AU,,HTTP://DATA.VIC.GOV.AU,,,2018/05/15 00:00:00+00,,-37.53577364999995,143.8551771430001,,VICTORIA POLICE,GAVIC424730018,734 NORMAN STREET,1,3350,INVERMAY PARK,0,-37.53577364999995,143.85517714000002
146.138182444,-37.3033347639999,118,EMERGENCY FACILITY,"An emergency management facility from which a particular agency’s resources are commanded, coordinated and assigned to an incident or emergency",POLICING FACILITY,JAMIESON POLICE STATION,OPERATIONAL,,JAMIESON,VICTORIA,3723,HTTP://DATA.VIC.GOV.AU,,HTTP://DATA.VIC.GOV.AU,,,2018/05/15 00:00:00+00,,-37.30333476399994,146.1381824440001,,JAMIESON POLICE STATION,GAVIC411644293,22 NASH STREET,2,3723,JAMIESON,0,-37.303334749999976,146.13818244000004
141.988776492,-36.1433450709999,119,EMERGENCY FACILITY,"An emergency management facility from which a particular agency’s resources are commanded, coordinated and assigned to an incident or emergency",POLICING FACILITY,JEPARIT POLICE STATION,OPERATIONAL,,JEPARIT,VICTORIA,3423,HTTP://DATA.VIC.GOV.AU,,HTTP://DATA.VIC.GOV.AU,,,2018/05/15 00:00:00+00,,-36.14334507099994,141.98877649200006,,,GAVIC420691861,12 HINDMARSH STREET,2,3423,JEPARIT,0,-36.143345059999945,141.98877649000008
141.242054902,-36.378870003,120,EMERGENCY FACILITY,"An emergency management facility from which a particular agency’s resources are commanded, coordinated and assigned to an incident or emergency",POLICING FACILITY,KANIVA POLICE STATION,OPERATIONAL,,KANIVA,VICTORIA,3419,HTTP://DATA.VIC.GOV.AU,,HTTP://DATA.VIC.GOV.AU,,,2018/05/15 00:00:00+00,,-36.378870002999975,141.24205490200006,,,GAVIC419967954,83 COMMERCIAL STREET,2,3419,KANIVA,0,-36.37886999999995,141.24205490000008
145.688836995,-36.079344388,121,EMERGENCY FACILITY,"An emergency management facility from which a particular agency’s resources are commanded, coordinated and assigned to an incident or emergency",POLICING FACILITY,KATAMATITE POLICE STATION,OPERATIONAL,,KATAMATITE,VICTORIA,3649,HTTP://DATA.VIC.GOV.AU,,HTTP://DATA.VIC.GOV.AU,,,2018/05/15 00:00:00+00,,-36.07934438799998,145.6888369950001,,,GAVIC424576996,34-36 BEEK STREET,1,3649,KATAMATITE,23,-36.07913340999994,145.6888328000001
144.807501222,-37.723828117,122,EMERGENCY FACILITY,"An emergency management facility from which a particular agency’s resources are commanded, coordinated and assigned to an incident or emergency",POLICING FACILITY,KEILOR DOWNS POLICE STATION,OPERATIONAL,,KEILOR DOWNS,VICTORIA,3038,HTTP://DATA.VIC.GOV.AU,,HTTP://DATA.VIC.GOV.AU,,,2018/05/15 00:00:00+00,,-37.72382811699998,144.80750122200004,,,GAVIC412929482,1 COPERNICUS WAY,1,3038,KEILOR DOWNS,0,-37.72382812999996,144.80750120000005
143.921507488,-35.733906764,123,EMERGENCY FACILITY,"An emergency management facility from which a particular agency’s resources are commanded, coordinated and assigned to an incident or emergency",POLICING FACILITY,KERANG POLICE STATION,OPERATIONAL,,KERANG,VICTORIA,3579,HTTP://DATA.VIC.GOV.AU,,HTTP://DATA.VIC.GOV.AU,,,2018/05/15 00:00:00+00,,-35.73390676399998,143.9215074880001,,,GAVIC421719634,16 ALBERT STREET,1,3579,KERANG,0,-35.73390361999998,143.9215075200001
145.052029462,-37.799710901,124,EMERGENCY FACILITY,"An emergency management facility from which a particular agency’s resources are commanded, coordinated and assigned to an incident or emergency",POLICING FACILITY,BOROONDARA POLICE STATION,OPERATIONAL,,KEW,VICTORIA,3101,HTTP://DATA.VIC.GOV.AU,,HTTP://DATA.VIC.GOV.AU,,,2018/05/15 00:00:00+00,,-37.79971090099997,145.05202946200006,,,GAVIC420127024,34 HARP ROAD,2,3101,KEW,0,-37.79971089999998,145.05202946000009
144.949855087,-37.3070643359999,125,EMERGENCY FACILITY,"An emergency management facility from which a particular agency’s resources are commanded, coordinated and assigned to an incident or emergency",POLICING FACILITY,KILMORE POLICE STATION,OPERATIONAL,,KILMORE,VICTORIA,3764,HTTP://DATA.VIC.GOV.AU,,HTTP://DATA.VIC.GOV.AU,,,2018/05/15 00:00:00+00,,-37.30706433599994,144.94985508700006,,,GAVIC424453040,111 POWLETT STREET,1,3764,KILMORE,0,-37.307064339999954,144.94985509000003
145.34048767,-37.5315313799999,126,EMERGENCY FACILITY,"An emergency management facility from which a particular agency’s resources are commanded, coordinated and assigned to an incident or emergency",POLICING FACILITY,KINGLAKE POLICE STATION,OPERATIONAL,,KINGLAKE,VICTORIA,3763,HTTP://DATA.VIC.GOV.AU,,HTTP://DATA.VIC.GOV.AU,,,2018/05/15 00:00:00+00,,-37.53153137999993,145.34048767000002,,,GAVIC424509319,15 WHITTLESEA-KINGLAKE ROAD,0,3763,KINGLAKE,0,-37.53153137999993,145.34048766000012
145.48910525,-38.200235409,127,EMERGENCY FACILITY,"An emergency management facility from which a particular agency’s resources are commanded, coordinated and assigned to an incident or emergency",POLICING FACILITY,KOO WEE RUP POLICE STATION,OPERATIONAL,,KOO WEE RUP,VICTORIA,3981,HTTP://DATA.VIC.GOV.AU,,HTTP://DATA.VIC.GOV.AU,,,2018/05/15 00:00:00+00,,-38.20023540899996,145.48910525000008,,,GAVIC420023237,260 ROSSITER ROAD,2,3981,KOO WEE RUP,0,-38.200234999999964,145.4891050000001
144.131379026,-35.644655804,128,EMERGENCY FACILITY,"An emergency management facility from which a particular agency’s resources are commanded, coordinated and assigned to an incident or emergency",POLICING FACILITY,KOONDROOK POLICE STATION,OPERATIONAL,,KOONDROOK,VICTORIA,3580,HTTP://DATA.VIC.GOV.AU,,HTTP://DATA.VIC.GOV.AU,,,2018/05/15 00:00:00+00,,-35.64465580399997,144.1313790260001,,,GAVIC419822537,40 GUNBOWER PARADE,2,3580,KOONDROOK,84,-35.644784999999956,144.13229
142.367875715,-38.2925968499999,129,EMERGENCY FACILITY,"An emergency management facility from which a particular agency’s resources are commanded, coordinated and assigned to an incident or emergency",POLICING FACILITY,KOROIT POLICE STATION,OPERATIONAL,,KOROIT,VICTORIA,3282,HTTP://DATA.VIC.GOV.AU,,HTTP://DATA.VIC.GOV.AU,,,2018/05/15 00:00:00+00,,-38.29259684999994,142.36787571500008,,,GAVIC424444056,97 COMMERCIAL ROAD,2,3282,KOROIT,24,-38.29237925999996,142.36788539000008
145.824311735,-38.4345755809999,130,EMERGENCY FACILITY,"An emergency management facility from which a particular agency’s resources are commanded, coordinated and assigned to an incident or emergency",POLICING FACILITY,KORUMBURRA POLICE STATION,OPERATIONAL,,KORUMBURRA,VICTORIA,3950,HTTP://DATA.VIC.GOV.AU,,HTTP://DATA.VIC.GOV.AU,,,2018/05/15 00:00:00+00,,-38.43457558099993,145.82431173500004,,,GAVIC424668160,24 BRIDGE STREET,0,3950,KORUMBURRA,14,-38.43468262999994,145.82421866000004
145.052563805,-36.3136956399999,131,EMERGENCY FACILITY,"An emergency management facility from which a particular agency’s resources are commanded, coordinated and assigned to an incident or emergency",POLICING FACILITY,KYABRAM POLICE STATION,OPERATIONAL,,KYABRAM,VICTORIA,3620,HTTP://DATA.VIC.GOV.AU,,HTTP://DATA.VIC.GOV.AU,,,2018/05/15 00:00:00+00,,-36.313695639999935,145.0525638050001,,,GAVIC420595217,304 ALLAN STREET,0,3620,KYABRAM,0,-36.313695639999935,145.05256381000004
144.451743394,-37.247674235,132,EMERGENCY FACILITY,"An emergency management facility from which a particular agency’s resources are commanded, coordinated and assigned to an incident or emergency",POLICING FACILITY,KYNETON POLICE STATION,OPERATIONAL,,KYNETON,VICTORIA,3444,HTTP://DATA.VIC.GOV.AU,,HTTP://DATA.VIC.GOV.AU,,,2018/05/15 00:00:00+00,,-37.24767423499998,144.45174339400012,,,GAVIC425367193,16-22 JENNINGS STREET,0,3444,KYNETON,4,-37.247688549999964,144.45178154000007
143.631681246,-35.4595493419999,133,EMERGENCY FACILITY,"An emergency management facility from which a particular agency’s resources are commanded, coordinated and assigned to an incident or emergency",POLICING FACILITY,LAKE BOGA POLICE STATION,OPERATIONAL,,LAKE BOGA,VICTORIA,3584,HTTP://DATA.VIC.GOV.AU,,HTTP://DATA.VIC.GOV.AU,,,2018/05/15 00:00:00+00,,-35.459549341999946,143.63168124600008,,,GAVIC424759113,124 MURRAY VALLEY HIGHWAY,0,3584,LAKE BOGA,0,-35.45954933999997,143.63168125000004
142.841266273,-37.7114426799999,134,EMERGENCY FACILITY,"An emergency management facility from which a particular agency’s resources are commanded, coordinated and assigned to an incident or emergency",POLICING FACILITY,LAKE BOLAC POLICE STATION,OPERATIONAL,,LAKE BOLAC,VICTORIA,3351,HTTP://DATA.VIC.GOV.AU,,HTTP://DATA.VIC.GOV.AU,,,2018/05/15 00:00:00+00,,-37.71144267999995,142.8412662730001,,,GAVIC420435044,200 MONTGOMERY STREET,0,3351,LAKE BOLAC,0,-37.71144267999995,142.84126627000012
147.994539575,-37.8772350039999,135,EMERGENCY FACILITY,"An emergency management facility from which a particular agency’s resources are commanded, coordinated and assigned to an incident or emergency",POLICING FACILITY,LAKES ENTRANCE POLICE STATION,OPERATIONAL,,LAKES ENTRANCE,VICTORIA,3909,HTTP://DATA.VIC.GOV.AU,,HTTP://DATA.VIC.GOV.AU,,,2018/05/15 00:00:00+00,,-37.87723500399994,147.9945395750001,,,GAVIC421481636,1 ROADKNIGHT STREET,1,3909,LAKES ENTRANCE,13,-37.877301949999946,147.99465393000003
144.736276525,-37.278538039,136,EMERGENCY FACILITY,"An emergency management facility from which a particular agency’s resources are commanded, coordinated and assigned to an incident or emergency",POLICING FACILITY,LANCEFIELD POLICE STATION,OPERATIONAL,,LANCEFIELD,VICTORIA,3435,HTTP://DATA.VIC.GOV.AU,,HTTP://DATA.VIC.GOV.AU,,,2018/05/15 00:00:00+00,,-37.278538038999955,144.7362765250001,,LANCEFIELD POLICE STATION,GAVIC421611123,57 MAIN ROAD,2,3435,LANCEFIELD,0,-37.278538039999944,144.73627651000004
145.173309398,-38.1147982639999,137,EMERGENCY FACILITY,"An emergency management facility from which a particular agency’s resources are commanded, coordinated and assigned to an incident or emergency",POLICING FACILITY,CARRUM DOWNS POLICE STATION,OPERATIONAL,,FRANKSTON NORTH,VICTORIA,3200,HTTP://DATA.VIC.GOV.AU,,HTTP://DATA.VIC.GOV.AU,,,2018/05/15 00:00:00+00,,-38.114798263999944,145.17330939800001,,CARRUM DOWNS POLICE STATION,GAVIC421216548,42 BALLARTO ROAD,1,3200,FRANKSTON NORTH,7,-38.114822189999984,145.1733842100001
144.35692269,-38.145358398,138,EMERGENCY FACILITY,"An emergency management facility from which a particular agency’s resources are commanded, coordinated and assigned to an incident or emergency",POLICING FACILITY,GEELONG POLICE STATION,OPERATIONAL,,GEELONG,VICTORIA,3220,HTTP://DATA.VIC.GOV.AU,,HTTP://DATA.VIC.GOV.AU,,,2018/05/15 00:00:00+00,,-38.145358397999985,144.35692269000003,,,GAVIC421476693,110 MERCER STREET,2,3220,GEELONG,39,-38.14500962999995,144.35683756000003
144.585649697,-37.4853812069999,139,EMERGENCY FACILITY,"An emergency management facility from which a particular agency’s resources are commanded, coordinated and assigned to an incident or emergency",POLICING FACILITY,GISBORNE POLICE STATION,OPERATIONAL,,GISBORNE,VICTORIA,3437,HTTP://DATA.VIC.GOV.AU,,HTTP://DATA.VIC.GOV.AU,,,2018/05/15 00:00:00+00,,-37.48538120699993,144.58564969700012,,GISBORNE POLICE STATION,GAVIC421841520,35-41 ROBERTSON STREET,0,3437,GISBORNE,2,-37.48536521999995,144.58564419000004
145.164094967,-37.9036405319999,140,EMERGENCY FACILITY,"An emergency management facility from which a particular agency’s resources are commanded, coordinated and assigned to an incident or emergency",POLICING FACILITY,GLEN WAVERLEY POLICE STATION,OPERATIONAL,,GLEN WAVERLEY,VICTORIA,3150,HTTP://DATA.VIC.GOV.AU,,HTTP://DATA.VIC.GOV.AU,,,2018/05/15 00:00:00+00,,-37.90364053199994,145.1640949670001,,,GAVIC419707257,643 FERNTREE GULLY ROAD,2,3150,GLEN WAVERLEY,0,-37.90363999999994,145.1640940000001
146.227259195,-36.463488275,141,EMERGENCY FACILITY,"An emergency management facility from which a particular agency’s resources are commanded, coordinated and assigned to an incident or emergency",POLICING FACILITY,GLENROWAN POLICE STATION,OPERATIONAL,,GLENROWAN,VICTORIA,3675,HTTP://DATA.VIC.GOV.AU,,HTTP://DATA.VIC.GOV.AU,,,2018/05/15 00:00:00+00,,-36.463488274999975,146.2272591950001,,GLENROWAN POLICE STATION,GAVIC421628930,72 GLADSTONE STREET,1,3675,GLENROWAN,10,-36.46350824999996,146.22715415000005
144.509226976,-36.614054387,142,EMERGENCY FACILITY,"An emergency management facility from which a particular agency’s resources are commanded, coordinated and assigned to an incident or emergency",POLICING FACILITY,GOORNONG POLICE STATION,OPERATIONAL,,GOORNONG,VICTORIA,3557,HTTP://DATA.VIC.GOV.AU,,HTTP://DATA.VIC.GOV.AU,,,2018/05/15 00:00:00+00,,-36.61405438699995,144.50922697600004,,,GAVIC424475068,56  ,1,3557,GOORNONG,0,-36.61405438999998,144.5092269800001
144.10149714,-37.5798074379999,143,EMERGENCY FACILITY,"An emergency management facility from which a particular agency’s resources are commanded, coordinated and assigned to an incident or emergency",POLICING FACILITY,GORDON POLICE STATION,OPERATIONAL,,GORDON,VICTORIA,3345,HTTP://DATA.VIC.GOV.AU,,HTTP://DATA.VIC.GOV.AU,,,2018/05/15 00:00:00+00,,-37.57980743799993,144.1014971400001,,,GAVIC423641310,86 MAIN STREET,1,3345,GORDON,0,-37.57980743999997,144.1014971400001
141.471684171,-36.7185741869999,144,EMERGENCY FACILITY,"An emergency management facility from which a particular agency’s resources are commanded, coordinated and assigned to an incident or emergency",POLICING FACILITY,GOROKE POLICE STATION,OPERATIONAL,,GOROKE,VICTORIA,3412,HTTP://DATA.VIC.GOV.AU,,HTTP://DATA.VIC.GOV.AU,,,2018/05/15 00:00:00+00,,-36.718574186999945,141.4716841710001,,,GAVIC411485858,58 MAIN STREET,2,3412,GOROKE,0,-36.71857418999997,141.47168417000012
143.128534472,-37.0036411029999,145,EMERGENCY FACILITY,"An emergency management facility from which a particular agency’s resources are commanded, coordinated and assigned to an incident or emergency",POLICING FACILITY,LANDSBOROUGH POLICE STATION,OPERATIONAL,,LANDSBOROUGH,VICTORIA,3384,HTTP://DATA.VIC.GOV.AU,,HTTP://DATA.VIC.GOV.AU,,,2018/05/15 00:00:00+00,,-37.00364110299995,143.12853447200007,,,GAVIC421944273,2427 ARARAT-ST ARNAUD ROAD,2,3384,LANDSBOROUGH,0,-37.003641089999974,143.1285344700001
145.563469804,-38.265303182,146,EMERGENCY FACILITY,"An emergency management facility from which a particular agency’s resources are commanded, coordinated and assigned to an incident or emergency",POLICING FACILITY,LANG LANG POLICE STATION,OPERATIONAL,,LANG LANG,VICTORIA,3984,HTTP://DATA.VIC.GOV.AU,,HTTP://DATA.VIC.GOV.AU,,,2018/05/15 00:00:00+00,,-38.26530318199997,145.56346980400008,,,GAVIC423670799,11 WESTERNPORT ROAD,2,3984,LANG LANG,0,-38.26530317999993,145.56346980000012
144.396047382,-38.023466044,147,EMERGENCY FACILITY,"An emergency management facility from which a particular agency’s resources are commanded, coordinated and assigned to an incident or emergency",POLICING FACILITY,LARA POLICE STATION,OPERATIONAL,,LARA,VICTORIA,3212,HTTP://DATA.VIC.GOV.AU,,HTTP://DATA.VIC.GOV.AU,,,2018/05/15 00:00:00+00,,-38.023466043999974,144.39604738200012,,,GAVIC421747555,6-10 FOREST ROAD,1,3212,LARA,0,-38.02346603999996,144.39604738000003
143.385939634,-38.682353951,148,EMERGENCY FACILITY,"An emergency management facility from which a particular agency’s resources are commanded, coordinated and assigned to an incident or emergency",POLICING FACILITY,LAVERS HILL POLICE STATION,OPERATIONAL,,LAVERS HILL,VICTORIA,3238,HTTP://DATA.VIC.GOV.AU,,HTTP://DATA.VIC.GOV.AU,,,2018/05/15 00:00:00+00,,-38.68235395099998,143.385939634,,,GAVIC424081944,64 GREAT OCEAN ROAD,1,3238,LAVERS HILL,0,-38.682353949999936,143.38593964000006
144.771402518,-37.863264049,149,EMERGENCY FACILITY,"An emergency management facility from which a particular agency’s resources are commanded, coordinated and assigned to an incident or emergency",POLICING FACILITY,LAVERTON POLICE STATION,OPERATIONAL,,LAVERTON,VICTORIA,3028,HTTP://DATA.VIC.GOV.AU,,HTTP://DATA.VIC.GOV.AU,,,2018/05/15 00:00:00+00,,-37.86326404899995,144.77140251800006,,,GAVIC419726703,36 MAHER ROAD,2,3028,LAVERTON,0,-37.86326404999994,144.77140251000003
143.715357032,-37.422291511,150,EMERGENCY FACILITY,"An emergency management facility from which a particular agency’s resources are commanded, coordinated and assigned to an incident or emergency",POLICING FACILITY,LEARMONTH POLICE STATION,OPERATIONAL,,LEARMONTH,VICTORIA,3352,HTTP://DATA.VIC.GOV.AU,,HTTP://DATA.VIC.GOV.AU,,,2018/05/15 00:00:00+00,,-37.42229151099997,143.71535703200004,,,GAVIC720447667,16 MCKAY STREET,1,3352,LEARMONTH,0,-37.42229150999998,143.71535703000006
145.945950738,-38.475019683,151,EMERGENCY FACILITY,"An emergency management facility from which a particular agency’s resources are commanded, coordinated and assigned to an incident or emergency",POLICING FACILITY,LEONGATHA POLICE STATION,OPERATIONAL,,LEONGATHA,VICTORIA,3953,HTTP://DATA.VIC.GOV.AU,,HTTP://DATA.VIC.GOV.AU,,,2018/05/15 00:00:00+00,,-38.47501968299997,145.94595073800008,,,GAVIC411710536,10 ANDERSON STREET,0,3953,LEONGATHA,0,-38.475019679999946,145.94595074000006
143.513813069,-37.275258337,152,EMERGENCY FACILITY,"An emergency management facility from which a particular agency’s resources are commanded, coordinated and assigned to an incident or emergency",POLICING FACILITY,LEXTON POLICE STATION,OPERATIONAL,,LEXTON,VICTORIA,3352,HTTP://DATA.VIC.GOV.AU,,HTTP://DATA.VIC.GOV.AU,,,2018/05/15 00:00:00+00,,-37.27525833699997,143.5138130690001,,,GAVIC421189783,44 WILLIAMSON STREET,1,3352,LEXTON,0,-37.27525833999994,143.51381307000008
145.096157672,-37.704042568,153,EMERGENCY FACILITY,"An emergency management facility from which a particular agency’s resources are commanded, coordinated and assigned to an incident or emergency",POLICING FACILITY,GREENSBOROUGH POLICE STATION,OPERATIONAL,,GREENSBOROUGH,VICTORIA,3088,HTTP://DATA.VIC.GOV.AU,,HTTP://DATA.VIC.GOV.AU,,,2018/05/15 00:00:00+00,,-37.70404256799998,145.09615767200012,,,GAVIC420647092,165 GRIMSHAW STREET,2,3088,GREENSBOROUGH,30,-37.70407899999998,145.096492
144.312630137,-38.202546152,154,EMERGENCY FACILITY,"An emergency management facility from which a particular agency’s resources are commanded, coordinated and assigned to an incident or emergency",POLICING FACILITY,WAURN PONDS POLICE STATION,OPERATIONAL,,GROVEDALE,VICTORIA,3216,HTTP://DATA.VIC.GOV.AU,,HTTP://DATA.VIC.GOV.AU,,,2018/05/15 00:00:00+00,,-38.20254615199997,144.31263013700004,,,GAVIC425687740,13-33 ROSSACK DRIVE,0,3216,GROVEDALE,3,-38.20252412999997,144.31262373000004
144.367114722,-35.955698769,155,EMERGENCY FACILITY,"An emergency management facility from which a particular agency’s resources are commanded, coordinated and assigned to an incident or emergency",POLICING FACILITY,GUNBOWER POLICE STATION,OPERATIONAL,,GUNBOWER,VICTORIA,3566,HTTP://DATA.VIC.GOV.AU,,HTTP://DATA.VIC.GOV.AU,,,2018/05/15 00:00:00+00,,-35.95569876899998,144.3671147220001,,,GAVIC424281128,42  ,0,3566,GUNBOWER,14,-35.95570071999998,144.36727215000008
144.962330713,-37.7181740629999,156,EMERGENCY FACILITY,"An emergency management facility from which a particular agency’s resources are commanded, coordinated and assigned to an incident or emergency",POLICING FACILITY,FAWKNER POLICE STATION,OPERATIONAL,,HADFIELD,VICTORIA,3046,HTTP://DATA.VIC.GOV.AU,,HTTP://DATA.VIC.GOV.AU,,,2018/05/15 00:00:00+00,,-37.718174062999935,144.96233071300003,,,GAVIC423992795,1151 SYDNEY ROAD,1,3046,HADFIELD,0,-37.71817405999997,144.96233071000006
142.51929564,-37.136523868,157,EMERGENCY FACILITY,"An emergency management facility from which a particular agency’s resources are commanded, coordinated and assigned to an incident or emergency",POLICING FACILITY,HALLS GAP POLICE STATION,OPERATIONAL,,HALLS GAP,VICTORIA,3381,HTTP://DATA.VIC.GOV.AU,,HTTP://DATA.VIC.GOV.AU,,,2018/05/15 00:00:00+00,,-37.13652386799998,142.5192956400001,,,GAVIC411495024,74 GRAMPIANS ROAD,2,3381,HALLS GAP,0,-37.136523859999954,142.5192956400001
142.026046678,-37.747670104,158,EMERGENCY FACILITY,"An emergency management facility from which a particular agency’s resources are commanded, coordinated and assigned to an incident or emergency",POLICING FACILITY,HAMILTON POLICE STATION,OPERATIONAL,,HAMILTON,VICTORIA,3300,HTTP://DATA.VIC.GOV.AU,,HTTP://DATA.VIC.GOV.AU,,,2018/05/15 00:00:00+00,,-37.74767010399995,142.02604667800006,,,GAVIC419958289,17 THOMPSON STREET,1,3300,HAMILTON,0,-37.74767009999994,142.02604668000004
141.593931808,-37.164197106,159,EMERGENCY FACILITY,"An emergency management facility from which a particular agency’s resources are commanded, coordinated and assigned to an incident or emergency",POLICING FACILITY,HARROW POLICE STATION,OPERATIONAL,,HARROW,VICTORIA,3317,HTTP://DATA.VIC.GOV.AU,,HTTP://DATA.VIC.GOV.AU,,,2018/05/15 00:00:00+00,,-37.16419710599996,141.5939318080001,,,GAVIC424442730,7 BLAIR STREET,2,3317,HARROW,0,-37.16419709999997,141.59393180000006
145.184676109,-38.3078631989999,160,EMERGENCY FACILITY,"An emergency management facility from which a particular agency’s resources are commanded, coordinated and assigned to an incident or emergency",POLICING FACILITY,HASTINGS POLICE STATION,OPERATIONAL,,HASTINGS,VICTORIA,3915,HTTP://DATA.VIC.GOV.AU,,HTTP://DATA.VIC.GOV.AU,,,2018/05/15 00:00:00+00,,-38.30786319899994,145.18467610900007,,,GAVIC421357888,137 HIGH STREET,2,3915,HASTINGS,0,-38.30786299999994,145.18467600000008
144.063807356,-37.10553993,161,EMERGENCY FACILITY,"An emergency management facility from which a particular agency’s resources are commanded, coordinated and assigned to an incident or emergency",POLICING FACILITY,NEWSTEAD POLICE STATION,OPERATIONAL,,NEWSTEAD,VICTORIA,3462,HTTP://DATA.VIC.GOV.AU,,HTTP://DATA.VIC.GOV.AU,,,2018/05/15 00:00:00+00,,-37.10553992999996,144.0638073560001,,,GAVIC420642824,35-37 PYRENEES HIGHWAY,0,3462,NEWSTEAD,29,-37.10561256999995,144.06411545000003
141.655945467,-36.333194937,162,EMERGENCY FACILITY,"An emergency management facility from which a particular agency’s resources are commanded, coordinated and assigned to an incident or emergency",POLICING FACILITY,NHILL POLICE STATION,OPERATIONAL,,NHILL,VICTORIA,3418,HTTP://DATA.VIC.GOV.AU,,HTTP://DATA.VIC.GOV.AU,,,2018/05/15 00:00:00+00,,-36.33319493699997,141.65594546700004,,,GAVIC424555232,50 NELSON STREET,1,3418,NHILL,0,-36.33319493999994,141.6559454600001
144.954565633,-37.8003079659999,163,EMERGENCY FACILITY,"An emergency management facility from which a particular agency’s resources are commanded, coordinated and assigned to an incident or emergency",POLICING FACILITY,MELBOURNE NORTH POLICE STATION,OPERATIONAL,,NORTH MELBOURNE,VICTORIA,3051,HTTP://DATA.VIC.GOV.AU,,HTTP://DATA.VIC.GOV.AU,,,2018/05/15 00:00:00+00,,-37.800307965999934,144.95456563300002,,MELBOURNE NORTH POLICE STATION,GAVIC422205224,36-48 WRECKYN STREET,0,3051,NORTH MELBOURNE,0,-37.80030795999994,144.95456563000005
145.002146742,-37.7661234519999,164,EMERGENCY FACILITY,"An emergency management facility from which a particular agency’s resources are commanded, coordinated and assigned to an incident or emergency",POLICING FACILITY,NORTHCOTE POLICE STATION,OPERATIONAL,,NORTHCOTE,VICTORIA,3070,HTTP://DATA.VIC.GOV.AU,,HTTP://DATA.VIC.GOV.AU,,,2018/05/15 00:00:00+00,,-37.76612345199993,145.00214674200004,,,GAVIC420616425,48 DENNIS STREET,2,3070,NORTHCOTE,0,-37.76612344999995,145.00214674000006
145.444359195,-36.0885348699999,165,EMERGENCY FACILITY,"An emergency management facility from which a particular agency’s resources are commanded, coordinated and assigned to an incident or emergency",POLICING FACILITY,NUMURKAH POLICE STATION,OPERATIONAL,,NUMURKAH,VICTORIA,3636,HTTP://DATA.VIC.GOV.AU,,HTTP://DATA.VIC.GOV.AU,,,2018/05/15 00:00:00+00,,-36.08853486999993,145.44435919500006,,NUMURKAH POLICE STATION,GAVIC423894974,19-21 SAXTON STREET,1,3636,NUMURKAH,0,-36.08853485999998,145.4443591900001
143.378108858,-35.1718653189999,166,EMERGENCY FACILITY,"An emergency management facility from which a particular agency’s resources are commanded, coordinated and assigned to an incident or emergency",POLICING FACILITY,NYAH POLICE STATION,OPERATIONAL,,NYAH,VICTORIA,3594,HTTP://DATA.VIC.GOV.AU,,HTTP://DATA.VIC.GOV.AU,,,2018/05/15 00:00:00+00,,-35.17186531899995,143.37810885800002,,,GAVIC423828492,2 HAYES HILL ROAD,0,3594,NYAH,20,-35.17168319999996,143.37811225000007
145.087747223,-37.898288207,167,EMERGENCY FACILITY,"An emergency management facility from which a particular agency’s resources are commanded, coordinated and assigned to an incident or emergency",POLICING FACILITY,OAKLEIGH POLICE STATION,OPERATIONAL,,OAKLEIGH,VICTORIA,3166,HTTP://DATA.VIC.GOV.AU,,HTTP://DATA.VIC.GOV.AU,,,2018/05/15 00:00:00+00,,-37.89828820699995,145.08774722300006,,,GAVIC420013680,1 ATHERTON ROAD,2,3166,OAKLEIGH,23,-37.89832299999995,145.08800300000007
144.521939208,-38.266797819,168,EMERGENCY FACILITY,"An emergency management facility from which a particular agency’s resources are commanded, coordinated and assigned to an incident or emergency",POLICING FACILITY,BELLARINE POLICE STATION,OPERATIONAL,,OCEAN GROVE,VICTORIA,3226,HTTP://DATA.VIC.GOV.AU,,HTTP://DATA.VIC.GOV.AU,,,2018/05/15 00:00:00+00,,-38.266797818999976,144.52193920800005,,,GAVIC414154870,67 THE PARADE ,-1,3226,OCEAN GROVE,0,-38.26679780999996,144.52193920000002
146.973352625,-37.9649417329999,169,EMERGENCY FACILITY,"An emergency management facility from which a particular agency’s resources are commanded, coordinated and assigned to an incident or emergency",POLICING FACILITY,MAFFRA POLICE STATION,OPERATIONAL,,MAFFRA,VICTORIA,3860,HTTP://DATA.VIC.GOV.AU,,HTTP://DATA.VIC.GOV.AU,,,2018/05/15 00:00:00+00,,-37.96494173299993,146.97335262500008,,,GAVIC423220985,38 JOHNSON STREET,1,3860,MAFFRA,0,-37.964941729999964,146.97335261000012
144.064873799,-36.995484776,170,EMERGENCY FACILITY,"An emergency management facility from which a particular agency’s resources are commanded, coordinated and assigned to an incident or emergency",POLICING FACILITY,MALDON POLICE STATION,OPERATIONAL,,MALDON,VICTORIA,3463,HTTP://DATA.VIC.GOV.AU,,HTTP://DATA.VIC.GOV.AU,,,2018/05/15 00:00:00+00,,-36.995484775999955,144.0648737990001,,POLICE STATION,GAVIC720834576,18 FRANCIS STREET,0,3463,MALDON,65,-36.99489890999996,144.06486487000006
149.750943755,-37.560452965,171,EMERGENCY FACILITY,"An emergency management facility from which a particular agency’s resources are commanded, coordinated and assigned to an incident or emergency",POLICING FACILITY,MALLACOOTA POLICE STATION,OPERATIONAL,,MALLACOOTA,VICTORIA,3892,HTTP://DATA.VIC.GOV.AU,,HTTP://DATA.VIC.GOV.AU,,,2018/05/15 00:00:00+00,,-37.56045296499997,149.7509437550001,,MALLACOOTA POLICE STATION,GAVIC420567727,33 LEES ROAD,2,3892,MALLACOOTA,25,-37.56026336999997,149.75109353000005
144.385010956,-37.1883711209999,172,EMERGENCY FACILITY,"An emergency management facility from which a particular agency’s resources are commanded, coordinated and assigned to an incident or emergency",POLICING FACILITY,MALMSBURY POLICE STATION,OPERATIONAL,,MALMSBURY,VICTORIA,3446,HTTP://DATA.VIC.GOV.AU,,HTTP://DATA.VIC.GOV.AU,,,2018/05/15 00:00:00+00,,-37.18837112099993,144.3850109560001,,MALMSBURY POLICE STATION,GAVIC411805779,74 MOLLISON STREET,2,3446,MALMSBURY,17,-37.188320629999964,144.3848360300001
145.029611405,-37.855883208,173,EMERGENCY FACILITY,"An emergency management facility from which a particular agency’s resources are commanded, coordinated and assigned to an incident or emergency",POLICING FACILITY,MALVERN POLICE STATION,OPERATIONAL,,MALVERN,VICTORIA,3144,HTTP://DATA.VIC.GOV.AU,,HTTP://DATA.VIC.GOV.AU,,,2018/05/15 00:00:00+00,,-37.855883207999966,145.02961140500008,,,GAVIC421226093,288 GLENFERRIE ROAD,2,3144,MALVERN,0,-37.85588299999995,145.02961100000005
142.88271742,-35.050365869,174,EMERGENCY FACILITY,"An emergency management facility from which a particular agency’s resources are commanded, coordinated and assigned to an incident or emergency",POLICING FACILITY,MANANGATANG POLICE STATION,OPERATIONAL,,MANANGATANG,VICTORIA,3546,HTTP://DATA.VIC.GOV.AU,,HTTP://DATA.VIC.GOV.AU,,,2018/05/15 00:00:00+00,,-35.05036586899996,142.88271742000006,,,GAVIC411807195,91 WATTLE STREET,2,3546,MANANGATANG,0,-35.05036585999994,142.88271741000005
146.086973522,-37.052307237,175,EMERGENCY FACILITY,"An emergency management facility from which a particular agency’s resources are commanded, coordinated and assigned to an incident or emergency",POLICING FACILITY,MANSFIELD POLICE STATION,OPERATIONAL,,MANSFIELD,VICTORIA,3722,HTTP://DATA.VIC.GOV.AU,,HTTP://DATA.VIC.GOV.AU,,,2018/05/15 00:00:00+00,,-37.05230723699998,146.0869735220001,,,GAVIC421162464,92 HIGH STREET,0,3722,MANSFIELD,0,-37.052307249999956,146.08697351000012
143.735468299,-37.0473098529999,176,EMERGENCY FACILITY,"An emergency management facility from which a particular agency’s resources are commanded, coordinated and assigned to an incident or emergency",POLICING FACILITY,MARYBOROUGH POLICE STATION,OPERATIONAL,,MARYBOROUGH,VICTORIA,3465,HTTP://DATA.VIC.GOV.AU,,HTTP://DATA.VIC.GOV.AU,,,2018/05/15 00:00:00+00,,-37.047309852999945,143.7354682990001,,,GAVIC420882399,55-61 CLARENDON STREET,-1,3465,MARYBOROUGH,0,-37.04730984999998,143.7354683000001
145.747808447,-37.510510204,177,EMERGENCY FACILITY,"An emergency management facility from which a particular agency’s resources are commanded, coordinated and assigned to an incident or emergency",POLICING FACILITY,MARYSVILLE POLICE STATION,OPERATIONAL,,MARYSVILLE,VICTORIA,3779,HTTP://DATA.VIC.GOV.AU,,HTTP://DATA.VIC.GOV.AU,,,2018/05/15 00:00:00+00,,-37.51051020399996,145.747808447,,,GAVIC423227429,13 MURCHISON STREET,1,3779,MARYSVILLE,27,-37.51065975999995,145.74757476000002
146.010652263,-38.580059207,178,EMERGENCY FACILITY,"An emergency management facility from which a particular agency’s resources are commanded, coordinated and assigned to an incident or emergency",POLICING FACILITY,MEENIYAN POLICE STATION,OPERATIONAL,,MEENIYAN,VICTORIA,3956,HTTP://DATA.VIC.GOV.AU,,HTTP://DATA.VIC.GOV.AU,,,2018/05/15 00:00:00+00,,-38.58005920699998,146.0106522630001,,,GAVIC424253343,139-141 WHITELAW STREET,1,3956,MEENIYAN,0,-38.58005919999994,146.01065225000002
144.966374603,-37.8165535709999,179,EMERGENCY FACILITY,"An emergency management facility from which a particular agency’s resources are commanded, coordinated and assigned to an incident or emergency",POLICING FACILITY,MELBOURNE EAST POLICE STATION,OPERATIONAL,,MELBOURNE,VICTORIA,3000,HTTP://DATA.VIC.GOV.AU,,HTTP://DATA.VIC.GOV.AU,,,2018/05/15 00:00:00+00,,-37.81655357099993,144.96637460300008,,,GAVIC423455908,228-232 FLINDERS LANE,2,3000,MELBOURNE,8,-37.81651076999998,144.96644290000006
144.958143,-37.8116229999999,180,EMERGENCY FACILITY,"An emergency management facility from which a particular agency’s resources are commanded, coordinated and assigned to an incident or emergency",POLICING FACILITY,AFP - VIC - MELBOURNE OFFICE,OPERATIONAL,383 LA TROBE STREET,MELBOURNE,VICTORIA,3000,WWW.AFP.GOV.AU,,WWW.AFP.GOV.AU,,,2018/08/16 00:00:00+00,,-37.81162299999994,144.95814300000006,,,GAVIC424470377,383 LA TROBE STREET,0,3000,MELBOURNE,14,-37.811513839999975,144.95806485000003
144.849117902,-37.6700854439999,181,EMERGENCY FACILITY,"An emergency management facility from which a particular agency’s resources are commanded, coordinated and assigned to an incident or emergency",POLICING FACILITY,MELBOURNE AIRPORT POLICE STATION,OPERATIONAL,,MELBOURNE AIRPORT,VICTORIA,3045,HTTP://DATA.VIC.GOV.AU,,HTTP://DATA.VIC.GOV.AU,,,2018/05/15 00:00:00+00,,-37.67008544399994,144.8491179020001,,T2 TERMINAL,GAVIC719108123,20 ARRIVAL DRIVE,0,3045,MELBOURNE AIRPORT,6,-37.67013690999994,144.84912596000004
144.850586,-37.676543,182,EMERGENCY FACILITY,"An emergency management facility from which a particular agency’s resources are commanded, coordinated and assigned to an incident or emergency",POLICING FACILITY,AFP - VIC AVIATION - MELBOURNE AIRPORT,OPERATIONAL,2 FRANCIS BRIGGS ROAD,MELBOURNE AIRPORT,VICTORIA,3045,WWW.AFP.GOV.AU,,WWW.AFP.GOV.AU,,,2018/08/16 00:00:00+00,,-37.67654299999998,144.85058600000002,,AUSTRALIAN FEDERAL POLICE,GAVIC719107135,2 FRANCIS BRIGGS DRIVE,0,3045,MELBOURNE AIRPORT,32,-37.676736449999964,144.85086115000001
144.577941084,-37.6858334739999,183,EMERGENCY FACILITY,"An emergency management facility from which a particular agency’s resources are commanded, coordinated and assigned to an incident or emergency",POLICING FACILITY,MELTON POLICE STATION,OPERATIONAL,,MELTON,VICTORIA,3337,HTTP://DATA.VIC.GOV.AU,,HTTP://DATA.VIC.GOV.AU,,,2018/05/15 00:00:00+00,,-37.685833473999935,144.57794108400003,,,GAVIC420169068,243-245 STATION ROAD,2,3337,MELTON,0,-37.68583345999997,144.57794108000007
142.062658267,-34.1677209219999,184,EMERGENCY FACILITY,"An emergency management facility from which a particular agency’s resources are commanded, coordinated and assigned to an incident or emergency",POLICING FACILITY,MERBEIN POLICE STATION,OPERATIONAL,,MERBEIN,VICTORIA,3505,HTTP://DATA.VIC.GOV.AU,,HTTP://DATA.VIC.GOV.AU,,,2018/05/15 00:00:00+00,,-34.167720921999944,142.06265826700007,,,GAVIC420866052,119 COMMERCIAL STREET,2,3505,MERBEIN,0,-34.16772090999996,142.06265827000004
144.075734764,-37.846513338,185,EMERGENCY FACILITY,"An emergency management facility from which a particular agency’s resources are commanded, coordinated and assigned to an incident or emergency",POLICING FACILITY,MEREDITH POLICE STATION,OPERATIONAL,,MEREDITH,VICTORIA,3333,HTTP://DATA.VIC.GOV.AU,,HTTP://DATA.VIC.GOV.AU,,,2018/05/15 00:00:00+00,,-37.846513337999966,144.07573476400012,,,GAVIC420859306,14 WILSON STREET,1,3333,MEREDITH,0,-37.846513339999944,144.07573475000004
141.549947787,-37.7202710249999,186,EMERGENCY FACILITY,"An emergency management facility from which a particular agency’s resources are commanded, coordinated and assigned to an incident or emergency",POLICING FACILITY,MERINO POLICE STATION,OPERATIONAL,,MERINO,VICTORIA,3310,HTTP://DATA.VIC.GOV.AU,,HTTP://DATA.VIC.GOV.AU,,,2018/05/15 00:00:00+00,,-37.72027102499993,141.54994778700006,,POLICE STATION,GAVIC422123589,22 ANNESLEY STREET,0,3310,MERINO,0,-37.720271009999976,141.54994778000002
145.092544894,-37.6005385619999,187,EMERGENCY FACILITY,"An emergency management facility from which a particular agency’s resources are commanded, coordinated and assigned to an incident or emergency",POLICING FACILITY,MERNDA POLICE STATION,OPERATIONAL,,MERNDA,VICTORIA,3754,HTTP://DATA.VIC.GOV.AU,,HTTP://DATA.VIC.GOV.AU,,,2018/05/15 00:00:00+00,,-37.60053856199994,145.09254489400007,,,GAVIC425774357,542 BRIDGE INN ROAD,0,3754,MERNDA,0,-37.60053855999996,145.0925448900001
142.162067675,-34.186062878,188,EMERGENCY FACILITY,"An emergency management facility from which a particular agency’s resources are commanded, coordinated and assigned to an incident or emergency",POLICING FACILITY,MILDURA POLICE STATION,OPERATIONAL,,MILDURA,VICTORIA,3500,HTTP://DATA.VIC.GOV.AU,,HTTP://DATA.VIC.GOV.AU,,,2018/05/15 00:00:00+00,,-34.18606287799997,142.16206767500012,,,GAVIC423628710,62-68 DEAKIN AVENUE,1,3500,MILDURA,0,-34.18606287999995,142.16206766000005
145.075423185,-37.657349854,189,EMERGENCY FACILITY,"An emergency management facility from which a particular agency’s resources are commanded, coordinated and assigned to an incident or emergency",POLICING FACILITY,MILL PARK POLICE STATION,OPERATIONAL,,MILL PARK,VICTORIA,3082,HTTP://DATA.VIC.GOV.AU,,HTTP://DATA.VIC.GOV.AU,,,2018/05/15 00:00:00+00,,-37.65734985399996,145.0754231850001,,,GAVIC420847086,151 CENTENARY DRIVE,2,3082,MILL PARK,0,-37.657348999999954,145.07542300000011
142.589179167,-36.4580794359999,190,EMERGENCY FACILITY,"An emergency management facility from which a particular agency’s resources are commanded, coordinated and assigned to an incident or emergency",POLICING FACILITY,MINYIP POLICE STATION,OPERATIONAL,,MINYIP,VICTORIA,3392,HTTP://DATA.VIC.GOV.AU,,HTTP://DATA.VIC.GOV.AU,,,2018/05/15 00:00:00+00,,-36.458079435999935,142.5891791670001,,,GAVIC424584746,106 MAIN STREET,1,3392,MINYIP,0,-36.45807943999995,142.58917916000007
146.158887645,-38.400883044,191,EMERGENCY FACILITY,"An emergency management facility from which a particular agency’s resources are commanded, coordinated and assigned to an incident or emergency",POLICING FACILITY,MIRBOO NORTH POLICE STATION,OPERATIONAL,,MIRBOO NORTH,VICTORIA,3871,HTTP://DATA.VIC.GOV.AU,,HTTP://DATA.VIC.GOV.AU,,,2018/05/15 00:00:00+00,,-38.400883043999954,146.15888764500005,,,GAVIC414746949,77 RIDGWAY ,1,3871,MIRBOO NORTH,0,-38.40088304999995,146.1588876500001
147.377789646,-36.537172454,192,EMERGENCY FACILITY,"An emergency management facility from which a particular agency’s resources are commanded, coordinated and assigned to an incident or emergency",POLICING FACILITY,MITTA MITTA POLICE STATION,OPERATIONAL,,MITTA MITTA,VICTORIA,3701,HTTP://DATA.VIC.GOV.AU,,HTTP://DATA.VIC.GOV.AU,,,2018/05/15 00:00:00+00,,-36.53717245399997,147.3777896460001,,,GAVIC422179225,5554 OMEO HIGHWAY,2,3701,MITTA MITTA,0,-36.53717244999996,147.37778964000006
146.265216246,-38.1760955629999,193,EMERGENCY FACILITY,"An emergency management facility from which a particular agency’s resources are commanded, coordinated and assigned to an incident or emergency",POLICING FACILITY,MOE POLICE STATION,OPERATIONAL,,MOE,VICTORIA,3825,HTTP://DATA.VIC.GOV.AU,,HTTP://DATA.VIC.GOV.AU,,,2018/05/15 00:00:00+00,,-38.17609556299993,146.26521624600002,,,GAVIC419538036,3 ANZAC STREET,2,3825,MOE,0,-38.176095559999965,146.2652162500001
145.407696282,-37.87524106,194,EMERGENCY FACILITY,"An emergency management facility from which a particular agency’s resources are commanded, coordinated and assigned to an incident or emergency",POLICING FACILITY,MONBULK POLICE STATION,OPERATIONAL,,MONBULK,VICTORIA,3793,HTTP://DATA.VIC.GOV.AU,,HTTP://DATA.VIC.GOV.AU,,,2018/05/15 00:00:00+00,,-37.87524105999995,145.40769628200007,,,GAVIC420493853,58 MAIN ROAD,2,3793,MONBULK,0,-37.87524099999996,145.4076960000001
144.924078464,-37.764712306,195,EMERGENCY FACILITY,"An emergency management facility from which a particular agency’s resources are commanded, coordinated and assigned to an incident or emergency",POLICING FACILITY,MOONEE PONDS POLICE STATION,OPERATIONAL,,MOONEE PONDS,VICTORIA,3039,HTTP://DATA.VIC.GOV.AU,,HTTP://DATA.VIC.GOV.AU,,,2018/05/15 00:00:00+00,,-37.76471230599998,144.9240784640001,,,GAVIC420925040,766 MT ALEXANDER ROAD,2,3039,MOONEE PONDS,0,-37.764712299999985,144.92407845000002
145.038222374,-37.9373947359999,196,EMERGENCY FACILITY,"An emergency management facility from which a particular agency’s resources are commanded, coordinated and assigned to an incident or emergency",POLICING FACILITY,MOORABBIN POLICE STATION,OPERATIONAL,,MOORABBIN,VICTORIA,3189,HTTP://DATA.VIC.GOV.AU,,HTTP://DATA.VIC.GOV.AU,,,2018/05/15 00:00:00+00,,-37.93739473599993,145.03822237400004,,,GAVIC421636882,1013 NEPEAN HIGHWAY,0,3189,MOORABBIN,0,-37.93739471999993,145.03822241000012
145.310534961,-37.7895377259999,197,EMERGENCY FACILITY,"An emergency management facility from which a particular agency’s resources are commanded, coordinated and assigned to an incident or emergency",POLICING FACILITY,MOOROOLBARK POLICE STATION,OPERATIONAL,,MOOROOLBARK,VICTORIA,3138,HTTP://DATA.VIC.GOV.AU,,HTTP://DATA.VIC.GOV.AU,,,2018/05/15 00:00:00+00,,-37.789537725999935,145.31053496100003,,,GAVIC421698768,188-190 HULL ROAD,2,3138,MOOROOLBARK,0,-37.78953779999995,145.31053498000006
145.356120552,-36.395426017,198,EMERGENCY FACILITY,"An emergency management facility from which a particular agency’s resources are commanded, coordinated and assigned to an incident or emergency",POLICING FACILITY,MOOROOPNA POLICE STATION,OPERATIONAL,,MOOROOPNA,VICTORIA,3629,HTTP://DATA.VIC.GOV.AU,,HTTP://DATA.VIC.GOV.AU,,,2018/05/15 00:00:00+00,,-36.39542601699998,145.3561205520001,,,GAVIC421153388,119 MCLENNAN STREET,2,3629,MOOROOPNA,0,-36.395426019999945,145.35612055
145.08624021,-38.0037778829999,199,EMERGENCY FACILITY,"An emergency management facility from which a particular agency’s resources are commanded, coordinated and assigned to an incident or emergency",POLICING FACILITY,MORDIALLOC POLICE STATION,OPERATIONAL,,MORDIALLOC,VICTORIA,3195,HTTP://DATA.VIC.GOV.AU,,HTTP://DATA.VIC.GOV.AU,,,2018/05/15 00:00:00+00,,-38.00377788299994,145.08624021000003,,,GAVIC413961522,31 ALBERT STREET,0,3195,MORDIALLOC,0,-38.003777869999965,145.08624013000008
145.036836476,-38.2165075689999,200,EMERGENCY FACILITY,"An emergency management facility from which a particular agency’s resources are commanded, coordinated and assigned to an incident or emergency",POLICING FACILITY,MORNINGTON POLICE STATION,OPERATIONAL,,MORNINGTON,VICTORIA,3931,HTTP://DATA.VIC.GOV.AU,,HTTP://DATA.VIC.GOV.AU,,,2018/05/15 00:00:00+00,,-38.21650756899993,145.03683647600008,,,GAVIC414768343,UNIT 1 10 MAIN STREET,0,3931,MORNINGTON,0,-38.21650699999998,145.0368360000001
145.342395803,-37.755603392,201,EMERGENCY FACILITY,"An emergency management facility from which a particular agency’s resources are commanded, coordinated and assigned to an incident or emergency",POLICING FACILITY,LILYDALE POLICE STATION,OPERATIONAL,,LILYDALE,VICTORIA,3140,HTTP://DATA.VIC.GOV.AU,,HTTP://DATA.VIC.GOV.AU,,,2018/05/15 00:00:00+00,,-37.755603391999955,145.34239580300004,,,GAVIC421413289,6 ALBERT HILL ROAD,0,3140,LILYDALE,0,-37.755603389999976,145.34239580000008
143.561872565,-37.687444671,202,EMERGENCY FACILITY,"An emergency management facility from which a particular agency’s resources are commanded, coordinated and assigned to an incident or emergency",POLICING FACILITY,LINTON POLICE STATION,OPERATIONAL,,LINTON,VICTORIA,3360,HTTP://DATA.VIC.GOV.AU,,HTTP://DATA.VIC.GOV.AU,,,2018/05/15 00:00:00+00,,-37.68744467099998,143.56187256500004,,,GAVIC425788971,UNIT 3 82 SUSSEX STREET,-1,3360,LINTON,4,-37.687474909999935,143.5619002200001
143.339766051,-37.95328631,203,EMERGENCY FACILITY,"An emergency management facility from which a particular agency’s resources are commanded, coordinated and assigned to an incident or emergency",POLICING FACILITY,LISMORE POLICE STATION,OPERATIONAL,,LISMORE,VICTORIA,3324,HTTP://DATA.VIC.GOV.AU,,HTTP://DATA.VIC.GOV.AU,,,2018/05/15 00:00:00+00,,-37.95328630999995,143.33976605100008,,,GAVIC421330440,69 HIGH STREET,2,3324,LISMORE,0,-37.953286299999945,143.3397660500001
145.703716151,-38.368672681,204,EMERGENCY FACILITY,"An emergency management facility from which a particular agency’s resources are commanded, coordinated and assigned to an incident or emergency",POLICING FACILITY,LOCH POLICE STATION,OPERATIONAL,,LOCH,VICTORIA,3945,HTTP://DATA.VIC.GOV.AU,,HTTP://DATA.VIC.GOV.AU,,,2018/05/15 00:00:00+00,,-38.368672680999964,145.7037161510001,,,GAVIC424253169,10 VICTORIA ROAD,2,3945,LOCH,1,-38.368668009999965,145.70372051000004
147.567347781,-38.0579999239999,205,EMERGENCY FACILITY,"An emergency management facility from which a particular agency’s resources are commanded, coordinated and assigned to an incident or emergency",POLICING FACILITY,LOCH SPORT POLICE STATION,OPERATIONAL,,LOCH SPORT,VICTORIA,3851,HTTP://DATA.VIC.GOV.AU,,HTTP://DATA.VIC.GOV.AU,,,2018/05/15 00:00:00+00,,-38.057999923999944,147.56734778100008,,,GAVIC425315463,5079 LONGFORD-LOCH SPORT ROAD,0,3851,LOCH SPORT,0,-38.057999939999945,147.56734744000005
143.973749764,-38.5408507729999,206,EMERGENCY FACILITY,"An emergency management facility from which a particular agency’s resources are commanded, coordinated and assigned to an incident or emergency",POLICING FACILITY,LORNE POLICE STATION,OPERATIONAL,,LORNE,VICTORIA,3232,HTTP://DATA.VIC.GOV.AU,,HTTP://DATA.VIC.GOV.AU,,,2018/05/15 00:00:00+00,,-38.54085077299993,143.9737497640001,,,GAVIC421544417,44 SMITH STREET,1,3232,LORNE,0,-38.540850759999955,143.97374975000002
142.000848009,-38.032488498,207,EMERGENCY FACILITY,"An emergency management facility from which a particular agency’s resources are commanded, coordinated and assigned to an incident or emergency",POLICING FACILITY,MACARTHUR POLICE STATION,OPERATIONAL,,MACARTHUR,VICTORIA,3286,HTTP://DATA.VIC.GOV.AU,,HTTP://DATA.VIC.GOV.AU,,,2018/05/15 00:00:00+00,,-38.032488497999964,142.00084800900004,,,GAVIC421167867,12 MARKET STREET,1,3286,MACARTHUR,0,-38.03248849999994,142.00084800000002
144.567769181,-37.4229217879999,208,EMERGENCY FACILITY,"An emergency management facility from which a particular agency’s resources are commanded, coordinated and assigned to an incident or emergency",POLICING FACILITY,MACEDON POLICE STATION,OPERATIONAL,,MACEDON,VICTORIA,3440,HTTP://DATA.VIC.GOV.AU,,HTTP://DATA.VIC.GOV.AU,,,2018/05/15 00:00:00+00,,-37.42292178799994,144.56776918100002,,,GAVIC411756786,61 VICTORIA STREET,2,3440,MACEDON,0,-37.422921789999975,144.56776918000003
142.808142183,-38.081619421,209,EMERGENCY FACILITY,"An emergency management facility from which a particular agency’s resources are commanded, coordinated and assigned to an incident or emergency",POLICING FACILITY,MORTLAKE POLICE STATION,OPERATIONAL,,MORTLAKE,VICTORIA,3272,HTTP://DATA.VIC.GOV.AU,,HTTP://DATA.VIC.GOV.AU,,,2018/05/15 00:00:00+00,,-38.08161942099997,142.8081421830001,,,GAVIC423974134,32 OFFICER STREET,1,3272,MORTLAKE,0,-38.08161940999997,142.80814218000012
146.394417269,-38.237292543,210,EMERGENCY FACILITY,"An emergency management facility from which a particular agency’s resources are commanded, coordinated and assigned to an incident or emergency",POLICING FACILITY,MORWELL POLICE STATION,OPERATIONAL,,MORWELL,VICTORIA,3840,HTTP://DATA.VIC.GOV.AU,,HTTP://DATA.VIC.GOV.AU,,,2018/05/15 00:00:00+00,,-38.23729254299997,146.3944172690001,,,GAVIC424672470,8-10 HAZELWOOD ROAD,0,3840,MORWELL,0,-38.23729253999994,146.39441726000007
147.171374726,-36.7439744759999,211,EMERGENCY FACILITY,"An emergency management facility from which a particular agency’s resources are commanded, coordinated and assigned to an incident or emergency",POLICING FACILITY,MOUNT BEAUTY POLICE STATION,OPERATIONAL,,MOUNT BEAUTY,VICTORIA,3699,HTTP://DATA.VIC.GOV.AU,,HTTP://DATA.VIC.GOV.AU,,,2018/05/15 00:00:00+00,,-36.74397447599995,147.17137472600007,,,GAVIC424787016,2 PARK STREET,0,3699,MOUNT BEAUTY,0,-36.74397447999996,147.17137473000003
146.451408139,-37.146330989,212,EMERGENCY FACILITY,"An emergency management facility from which a particular agency’s resources are commanded, coordinated and assigned to an incident or emergency",POLICING FACILITY,MOUNT BULLER POLICE STATION,OPERATIONAL,,MOUNT BULLER,VICTORIA,3723,HTTP://DATA.VIC.GOV.AU,,HTTP://DATA.VIC.GOV.AU,,,2018/05/15 00:00:00+00,,-37.14633098899998,146.45140813900002,,POLICE STATION,GAVIC425362991,1 CHAMOIS CLOSE,0,3723,MOUNT BULLER,1,-37.14632389999997,146.45140880000008
145.380547643,-37.787145368,213,EMERGENCY FACILITY,"An emergency management facility from which a particular agency’s resources are commanded, coordinated and assigned to an incident or emergency",POLICING FACILITY,MOUNT EVELYN POLICE STATION,OPERATIONAL,,MOUNT EVELYN,VICTORIA,3796,HTTP://DATA.VIC.GOV.AU,,HTTP://DATA.VIC.GOV.AU,,,2018/05/15 00:00:00+00,,-37.78714536799998,145.3805476430001,,,GAVIC421396043,17 YORK ROAD,2,3796,MOUNT EVELYN,0,-37.78714499999995,145.3805470000001
145.1283434,-37.8804576919999,214,EMERGENCY FACILITY,"An emergency management facility from which a particular agency’s resources are commanded, coordinated and assigned to an incident or emergency",POLICING FACILITY,MOUNT WAVERLEY POLICE STATION,OPERATIONAL,,MOUNT WAVERLEY,VICTORIA,3149,HTTP://DATA.VIC.GOV.AU,,HTTP://DATA.VIC.GOV.AU,,,2018/05/15 00:00:00+00,,-37.880457691999936,145.12834340000006,,,GAVIC420077084,338 STEPHENSONS ROAD,2,3149,MOUNT WAVERLEY,0,-37.88045699999998,145.1283430000001
146.375170388,-36.578165073,215,EMERGENCY FACILITY,"An emergency management facility from which a particular agency’s resources are commanded, coordinated and assigned to an incident or emergency",POLICING FACILITY,MOYHU POLICE STATION,OPERATIONAL,,MOYHU,VICTORIA,3732,HTTP://DATA.VIC.GOV.AU,,HTTP://DATA.VIC.GOV.AU,,,2018/05/15 00:00:00+00,,-36.57816507299998,146.37517038800002,,MOYHU POLICE STATION,GAVIC420343715,31 BARTLEY STREET,2,3732,MOYHU,7,-36.57815618999996,146.37509178000005
145.215906658,-36.6181339,216,EMERGENCY FACILITY,"An emergency management facility from which a particular agency’s resources are commanded, coordinated and assigned to an incident or emergency",POLICING FACILITY,MURCHISON POLICE STATION,OPERATIONAL,,MURCHISON,VICTORIA,3610,HTTP://DATA.VIC.GOV.AU,,HTTP://DATA.VIC.GOV.AU,,,2018/05/15 00:00:00+00,,-36.618133899999975,145.2159066580001,,,GAVIC420038275,8 WATSON STREET,1,3610,MURCHISON,0,-36.618133899999975,145.21590665000008
141.182652456,-35.2641008259999,217,EMERGENCY FACILITY,"An emergency management facility from which a particular agency’s resources are commanded, coordinated and assigned to an incident or emergency",POLICING FACILITY,MURRAYVILLE POLICE STATION,OPERATIONAL,,MURRAYVILLE,VICTORIA,3512,HTTP://DATA.VIC.GOV.AU,,HTTP://DATA.VIC.GOV.AU,,,2018/05/15 00:00:00+00,,-35.26410082599995,141.18265245600003,,,GAVIC411977811,13 REED STREET,2,3512,MURRAYVILLE,0,-35.26410082999996,141.1826524500001
142.469875432,-36.6167258959999,218,EMERGENCY FACILITY,"An emergency management facility from which a particular agency’s resources are commanded, coordinated and assigned to an incident or emergency",POLICING FACILITY,MURTOA POLICE STATION,OPERATIONAL,,MURTOA,VICTORIA,3390,HTTP://DATA.VIC.GOV.AU,,HTTP://DATA.VIC.GOV.AU,,,2018/05/15 00:00:00+00,,-36.616725895999934,142.4698754320001,,,GAVIC420663194,5 CROMIE STREET,2,3390,MURTOA,22,-36.61672955999995,142.4696353700001
146.726755028,-36.560505738,219,EMERGENCY FACILITY,"An emergency management facility from which a particular agency’s resources are commanded, coordinated and assigned to an incident or emergency",POLICING FACILITY,MYRTLEFORD POLICE STATION,OPERATIONAL,,MYRTLEFORD,VICTORIA,3737,HTTP://DATA.VIC.GOV.AU,,HTTP://DATA.VIC.GOV.AU,,,2018/05/15 00:00:00+00,,-36.56050573799996,146.72675502800007,,,GAVIC423798237,3 QUEEN STREET,0,3737,MYRTLEFORD,0,-36.56050573999994,146.72675503000005
145.154411145,-36.787598294,220,EMERGENCY FACILITY,"An emergency management facility from which a particular agency’s resources are commanded, coordinated and assigned to an incident or emergency",POLICING FACILITY,NAGAMBIE POLICE STATION,OPERATIONAL,,NAGAMBIE,VICTORIA,3608,HTTP://DATA.VIC.GOV.AU,,HTTP://DATA.VIC.GOV.AU,,,2018/05/15 00:00:00+00,,-36.78759829399996,145.15441114500004,,,GAVIC425702988,14 FILSON STREET,0,3608,NAGAMBIE,0,-36.78759828999995,145.1544111500001
145.311176437,-38.025982238,221,EMERGENCY FACILITY,"An emergency management facility from which a particular agency’s resources are commanded, coordinated and assigned to an incident or emergency",POLICING FACILITY,NARRE WARREN POLICE STATION,OPERATIONAL,,NARRE WARREN,VICTORIA,3805,HTTP://DATA.VIC.GOV.AU,,HTTP://DATA.VIC.GOV.AU,,,2018/05/15 00:00:00+00,,-38.02598223799998,145.31117643700009,,,GAVIC420399391,1-7 COVENTRY ROAD,1,3805,NARRE WARREN,0,-38.02598199999994,145.31117600000005
145.203419373,-36.05975288,222,EMERGENCY FACILITY,"An emergency management facility from which a particular agency’s resources are commanded, coordinated and assigned to an incident or emergency",POLICING FACILITY,NATHALIA POLICE STATION,OPERATIONAL,,NATHALIA,VICTORIA,3638,HTTP://DATA.VIC.GOV.AU,,HTTP://DATA.VIC.GOV.AU,,,2018/05/15 00:00:00+00,,-36.05975287999996,145.2034193730001,,NATHALIA POLICE STATION,GAVIC414497748,66 BLAKE STREET,1,3638,NATHALIA,0,-36.05975287999996,145.2034193600001
141.9470446,-36.7397336679999,223,EMERGENCY FACILITY,"An emergency management facility from which a particular agency’s resources are commanded, coordinated and assigned to an incident or emergency",POLICING FACILITY,NATIMUK POLICE STATION,OPERATIONAL,,NATIMUK,VICTORIA,3409,HTTP://DATA.VIC.GOV.AU,,HTTP://DATA.VIC.GOV.AU,,,2018/05/15 00:00:00+00,,-36.73973366799993,141.94704460000003,,,GAVIC420335744,37 MAIN STREET,2,3409,NATIMUK,0,-36.739733659999956,141.94704460000003
145.95425843,-38.0183077,224,EMERGENCY FACILITY,"An emergency management facility from which a particular agency’s resources are commanded, coordinated and assigned to an incident or emergency",POLICING FACILITY,NEERIM SOUTH POLICE STATION,OPERATIONAL,,NEERIM SOUTH,VICTORIA,3831,HTTP://DATA.VIC.GOV.AU,,HTTP://DATA.VIC.GOV.AU,,,2018/05/15 00:00:00+00,,-38.01830769999998,145.9542584300001,,,GAVIC420609446,76 MAIN NEERIM ROAD,1,3831,NEERIM SOUTH,81,-38.01849499999997,145.9551520000001
144.661016196,-38.2701150359999,225,EMERGENCY FACILITY,"An emergency management facility from which a particular agency’s resources are commanded, coordinated and assigned to an incident or emergency",POLICING FACILITY,QUEENSCLIFF POLICE STATION,OPERATIONAL,,QUEENSCLIFF,VICTORIA,3225,HTTP://DATA.VIC.GOV.AU,,HTTP://DATA.VIC.GOV.AU,,,2018/05/15 00:00:00+00,,-38.270115035999936,144.6610161960001,,,GAVIC420256715,56 GELLIBRAND STREET,2,3225,QUEENSCLIFF,0,-38.27011503999995,144.66101620000006
141.996463844,-35.9021035879999,226,EMERGENCY FACILITY,"An emergency management facility from which a particular agency’s resources are commanded, coordinated and assigned to an incident or emergency",POLICING FACILITY,RAINBOW POLICE STATION,OPERATIONAL,,RAINBOW,VICTORIA,3424,HTTP://DATA.VIC.GOV.AU,,HTTP://DATA.VIC.GOV.AU,,,2018/05/15 00:00:00+00,,-35.90210358799993,141.99646384400012,,,GAVIC421257130,23 LAKE STREET,2,3424,RAINBOW,0,-35.90210358999997,141.99646384000005
146.397569905,-37.956154313,227,EMERGENCY FACILITY,"An emergency management facility from which a particular agency’s resources are commanded, coordinated and assigned to an incident or emergency",POLICING FACILITY,RAWSON POLICE STATION,OPERATIONAL,,RAWSON,VICTORIA,3825,HTTP://DATA.VIC.GOV.AU,,HTTP://DATA.VIC.GOV.AU,,,2018/05/15 00:00:00+00,,-37.956154312999956,146.39756990500007,,,GAVIC424029879,4 LEHMANN COURT,1,3825,RAWSON,0,-37.95615429999998,146.39756990000012
144.20391578,-36.5386685519999,228,EMERGENCY FACILITY,"An emergency management facility from which a particular agency’s resources are commanded, coordinated and assigned to an incident or emergency",POLICING FACILITY,RAYWOOD POLICE STATION,OPERATIONAL,,RAYWOOD,VICTORIA,3570,HTTP://DATA.VIC.GOV.AU,,HTTP://DATA.VIC.GOV.AU,,,2018/05/15 00:00:00+00,,-36.53866855199993,144.2039157800001,,,GAVIC424895840,29 SANDHURST STREET,0,3570,RAYWOOD,0,-36.53866799999997,144.20391500000005
142.186780132,-34.304045233,229,EMERGENCY FACILITY,"An emergency management facility from which a particular agency’s resources are commanded, coordinated and assigned to an incident or emergency",POLICING FACILITY,RED CLIFFS POLICE STATION,OPERATIONAL,,RED CLIFFS,VICTORIA,3496,HTTP://DATA.VIC.GOV.AU,,HTTP://DATA.VIC.GOV.AU,,,2018/05/15 00:00:00+00,,-34.304045232999954,142.18678013200008,,,GAVIC419661669,9 JACARANDA STREET,2,3496,RED CLIFFS,0,-34.30404522999993,142.1867801400001
145.005642344,-37.7164818059999,230,EMERGENCY FACILITY,"An emergency management facility from which a particular agency’s resources are commanded, coordinated and assigned to an incident or emergency",POLICING FACILITY,RESERVOIR POLICE STATION,OPERATIONAL,,RESERVOIR,VICTORIA,3073,HTTP://DATA.VIC.GOV.AU,,HTTP://DATA.VIC.GOV.AU,,,2018/05/15 00:00:00+00,,-37.71648180599993,145.00564234400008,,,GAVIC413153133,23 EDWARDES STREET,1,3073,RESERVOIR,5,-37.71645730999995,145.0056913100001
144.999578365,-37.81744931,231,EMERGENCY FACILITY,"An emergency management facility from which a particular agency’s resources are commanded, coordinated and assigned to an incident or emergency",POLICING FACILITY,RICHMOND POLICE STATION,OPERATIONAL,,RICHMOND,VICTORIA,3121,HTTP://DATA.VIC.GOV.AU,,HTTP://DATA.VIC.GOV.AU,,,2018/05/15 00:00:00+00,,-37.81744930999997,144.99957836500005,,,GAVIC424443788,217-225 CHURCH STREET,1,3121,RICHMOND,0,-37.817449299999964,144.9995783600001
144.67857413,-37.461960298,232,EMERGENCY FACILITY,"An emergency management facility from which a particular agency’s resources are commanded, coordinated and assigned to an incident or emergency",POLICING FACILITY,RIDDELLS CREEK POLICE STATION,OPERATIONAL,,RIDDELLS CREEK,VICTORIA,3431,HTTP://DATA.VIC.GOV.AU,,HTTP://DATA.VIC.GOV.AU,,,2018/05/15 00:00:00+00,,-37.46196029799995,144.67857413000002,,RIDDELLS CREEK POLICE STATION,GAVIC424623064,65 MAIN ROAD,1,3431,RIDDELLS CREEK,15,-37.46186831999995,144.67844876000004
145.22713634,-37.813135393,233,EMERGENCY FACILITY,"An emergency management facility from which a particular agency’s resources are commanded, coordinated and assigned to an incident or emergency",POLICING FACILITY,RINGWOOD POLICE STATION,OPERATIONAL,,RINGWOOD,VICTORIA,3134,HTTP://DATA.VIC.GOV.AU,,HTTP://DATA.VIC.GOV.AU,,,2018/05/15 00:00:00+00,,-37.81313539299998,145.22713634000002,,,GAVIC421105482,31 RINGWOOD STREET,1,3134,RINGWOOD,0,-37.81313499999993,145.2271360000001
142.770616315,-34.5855352959999,234,EMERGENCY FACILITY,"An emergency management facility from which a particular agency’s resources are commanded, coordinated and assigned to an incident or emergency",POLICING FACILITY,ROBINVALE POLICE STATION,OPERATIONAL,,ROBINVALE,VICTORIA,3549,HTTP://DATA.VIC.GOV.AU,,HTTP://DATA.VIC.GOV.AU,,,2018/05/15 00:00:00+00,,-34.58553529599993,142.7706163150001,,,GAVIC424351439,95 BROMLEY ROAD,0,3549,ROBINVALE,0,-34.58553529999995,142.77061630000003
144.699096048,-36.3632910759999,235,EMERGENCY FACILITY,"An emergency management facility from which a particular agency’s resources are commanded, coordinated and assigned to an incident or emergency",POLICING FACILITY,ROCHESTER POLICE STATION,OPERATIONAL,,ROCHESTER,VICTORIA,3561,HTTP://DATA.VIC.GOV.AU,,HTTP://DATA.VIC.GOV.AU,,,2018/05/15 00:00:00+00,,-36.36329107599994,144.69909604800011,,,GAVIC420324615,27 MOORE STREET,2,3561,ROCHESTER,7,-36.363343079999936,144.6990609600001
143.721653406,-37.9009503739999,236,EMERGENCY FACILITY,"An emergency management facility from which a particular agency’s resources are commanded, coordinated and assigned to an incident or emergency",POLICING FACILITY,ROKEWOOD POLICE STATION,OPERATIONAL,,ROKEWOOD,VICTORIA,3330,HTTP://DATA.VIC.GOV.AU,,HTTP://DATA.VIC.GOV.AU,,,2018/05/15 00:00:00+00,,-37.90095037399993,143.7216534060001,,,GAVIC420868919,54 FERRARS STREET,2,3330,ROKEWOOD,0,-37.900950389999934,143.72165338000002
144.741715475,-37.3437533499999,237,EMERGENCY FACILITY,"An emergency management facility from which a particular agency’s resources are commanded, coordinated and assigned to an incident or emergency",POLICING FACILITY,ROMSEY POLICE STATION,OPERATIONAL,,ROMSEY,VICTORIA,3434,HTTP://DATA.VIC.GOV.AU,,HTTP://DATA.VIC.GOV.AU,,,2018/05/15 00:00:00+00,,-37.34375334999993,144.7417154750001,,,GAVIC414322428,157 MAIN STREET,1,3434,ROMSEY,19,-37.34358493999997,144.74169588000007
144.889658825,-38.369819849,238,EMERGENCY FACILITY,"An emergency management facility from which a particular agency’s resources are commanded, coordinated and assigned to an incident or emergency",POLICING FACILITY,ROSEBUD POLICE STATION,OPERATIONAL,,ROSEBUD,VICTORIA,3939,HTTP://DATA.VIC.GOV.AU,,HTTP://DATA.VIC.GOV.AU,,,2018/05/15 00:00:00+00,,-38.36981984899995,144.88965882500008,,,GAVIC420514363,95 BONEO ROAD,2,3939,ROSEBUD,0,-38.36981984999994,144.88965883000003
146.789340024,-38.150698871,239,EMERGENCY FACILITY,"An emergency management facility from which a particular agency’s resources are commanded, coordinated and assigned to an incident or emergency",POLICING FACILITY,ROSEDALE POLICE STATION,OPERATIONAL,,ROSEDALE,VICTORIA,3847,HTTP://DATA.VIC.GOV.AU,,HTTP://DATA.VIC.GOV.AU,,,2018/05/15 00:00:00+00,,-38.150698870999975,146.789340024,,,GAVIC423641125,34-36 LYONS STREET,2,3847,ROSEDALE,0,-38.15069842999998,146.78934014000004
145.2388115,-37.9188912399999,240,EMERGENCY FACILITY,"An emergency management facility from which a particular agency’s resources are commanded, coordinated and assigned to an incident or emergency",POLICING FACILITY,ROWVILLE POLICE STATION,OPERATIONAL,,ROWVILLE,VICTORIA,3178,HTTP://DATA.VIC.GOV.AU,,HTTP://DATA.VIC.GOV.AU,,,2018/05/15 00:00:00+00,,-37.91889123999994,145.2388115000001,,,GAVIC413817277,30 FULHAM ROAD,1,3178,ROWVILLE,0,-37.91889123999994,145.2388115000001
142.630701518,-36.6331041359999,241,EMERGENCY FACILITY,"An emergency management facility from which a particular agency’s resources are commanded, coordinated and assigned to an incident or emergency",POLICING FACILITY,RUPANYUP POLICE STATION,OPERATIONAL,,RUPANYUP,VICTORIA,3388,HTTP://DATA.VIC.GOV.AU,,HTTP://DATA.VIC.GOV.AU,,,2018/05/15 00:00:00+00,,-36.63310413599993,142.63070151800002,,,GAVIC421801440,60-62 CROMIE STREET,1,3388,RUPANYUP,0,-36.63310413999994,142.6307015100001
145.016708713,-36.5904333,242,EMERGENCY FACILITY,"An emergency management facility from which a particular agency’s resources are commanded, coordinated and assigned to an incident or emergency",POLICING FACILITY,RUSHWORTH POLICE STATION,OPERATIONAL,,RUSHWORTH,VICTORIA,3612,HTTP://DATA.VIC.GOV.AU,,HTTP://DATA.VIC.GOV.AU,,,2018/05/15 00:00:00+00,,-36.59043329999997,145.01670871300007,,,GAVIC412247248,75 HIGH STREET,2,3612,RUSHWORTH,11,-36.59052409999998,145.01674058000003
146.45864043,-36.056489024,243,EMERGENCY FACILITY,"An emergency management facility from which a particular agency’s resources are commanded, coordinated and assigned to an incident or emergency",POLICING FACILITY,RUTHERGLEN POLICE STATION,OPERATIONAL,,RUTHERGLEN,VICTORIA,3685,HTTP://DATA.VIC.GOV.AU,,HTTP://DATA.VIC.GOV.AU,,,2018/05/15 00:00:00+00,,-36.05648902399997,146.45864043000006,,,GAVIC419736675,167 HIGH STREET,2,3685,RUTHERGLEN,0,-36.05648901999996,146.45864043000006
144.818929071,-38.370641629,244,EMERGENCY FACILITY,"An emergency management facility from which a particular agency’s resources are commanded, coordinated and assigned to an incident or emergency",POLICING FACILITY,RYE POLICE STATION,OPERATIONAL,,RYE,VICTORIA,3941,HTTP://DATA.VIC.GOV.AU,,HTTP://DATA.VIC.GOV.AU,,,2018/05/15 00:00:00+00,,-38.37064162899998,144.81892907100007,,,GAVIC421855150,4 DUNDAS STREET,2,3941,RYE,0,-38.370641639999974,144.81892920000007
147.060979621,-38.111125737,245,EMERGENCY FACILITY,"An emergency management facility from which a particular agency’s resources are commanded, coordinated and assigned to an incident or emergency",POLICING FACILITY,SALE POLICE STATION,OPERATIONAL,,SALE,VICTORIA,3850,HTTP://DATA.VIC.GOV.AU,,HTTP://DATA.VIC.GOV.AU,,,2018/05/15 00:00:00+00,,-38.11112573699995,147.06097962100012,,,GAVIC719770486,11 REEVE STREET,1,3850,SALE,1,-38.11113002999997,147.06097096000008
145.378418862,-38.5210367829999,246,EMERGENCY FACILITY,"An emergency management facility from which a particular agency’s resources are commanded, coordinated and assigned to an incident or emergency",POLICING FACILITY,SAN REMO POLICE STATION,OPERATIONAL,,SAN REMO,VICTORIA,3925,HTTP://DATA.VIC.GOV.AU,,HTTP://DATA.VIC.GOV.AU,,,2018/05/15 00:00:00+00,,-38.52103678299994,145.3784188620001,,,GAVIC421290594,28-34 PHILLIP ISLAND ROAD,1,3925,SAN REMO,0,-38.521036779999974,145.37841886
145.003760005,-37.948569424,247,EMERGENCY FACILITY,"An emergency management facility from which a particular agency’s resources are commanded, coordinated and assigned to an incident or emergency",POLICING FACILITY,BAYSIDE POLICE STATION,OPERATIONAL,,SANDRINGHAM,VICTORIA,3191,HTTP://DATA.VIC.GOV.AU,,HTTP://DATA.VIC.GOV.AU,,,2018/05/15 00:00:00+00,,-37.94856942399997,145.00376000500012,,,GAVIC423962572,25-29 ABBOTT STREET,-1,3191,SANDRINGHAM,8,-37.94857878999994,145.00384627000005
142.84975527,-35.50247625,248,EMERGENCY FACILITY,"An emergency management facility from which a particular agency’s resources are commanded, coordinated and assigned to an incident or emergency",POLICING FACILITY,SEA LAKE POLICE STATION,OPERATIONAL,,SEA LAKE,VICTORIA,3533,HTTP://DATA.VIC.GOV.AU,,HTTP://DATA.VIC.GOV.AU,,,2018/05/15 00:00:00+00,,-35.50247624999997,142.84975527000006,,,GAVIC424448030,102 HORACE STREET,1,3533,SEA LAKE,4,-35.50243999999998,142.84975540000005
143.974108005,-36.406011302,249,EMERGENCY FACILITY,"An emergency management facility from which a particular agency’s resources are commanded, coordinated and assigned to an incident or emergency",POLICING FACILITY,SERPENTINE POLICE STATION,OPERATIONAL,,SERPENTINE,VICTORIA,3517,HTTP://DATA.VIC.GOV.AU,,HTTP://DATA.VIC.GOV.AU,,,2018/05/15 00:00:00+00,,-36.40601130199997,143.97410800500006,,,GAVIC425170817,2 TRESISE STREET,0,3517,SERPENTINE,0,-36.40601129999993,143.97410801
145.129889116,-37.019857932,250,EMERGENCY FACILITY,"An emergency management facility from which a particular agency’s resources are commanded, coordinated and assigned to an incident or emergency",POLICING FACILITY,SEYMOUR POLICE STATION,OPERATIONAL,,SEYMOUR,VICTORIA,3660,HTTP://DATA.VIC.GOV.AU,,HTTP://DATA.VIC.GOV.AU,,,2018/05/15 00:00:00+00,,-37.01985793199998,145.12988911600007,,,GAVIC424506185,60 TALLAROOK STREET,1,3660,SEYMOUR,59,-37.02036627999996,145.13008358000002
145.397979718,-36.381530184,251,EMERGENCY FACILITY,"An emergency management facility from which a particular agency’s resources are commanded, coordinated and assigned to an incident or emergency",POLICING FACILITY,SHEPPARTON POLICE STATION,OPERATIONAL,,SHEPPARTON,VICTORIA,3630,HTTP://DATA.VIC.GOV.AU,,HTTP://DATA.VIC.GOV.AU,,,2018/05/15 00:00:00+00,,-36.381530183999985,145.3979797180001,,,GAVIC420282081,155 WELSFORD STREET,1,3630,SHEPPARTON,14,-36.38141299999995,145.39803294000012
143.361186274,-37.6839599379999,252,EMERGENCY FACILITY,"An emergency management facility from which a particular agency’s resources are commanded, coordinated and assigned to an incident or emergency",POLICING FACILITY,SKIPTON POLICE STATION,OPERATIONAL,,SKIPTON,VICTORIA,3361,HTTP://DATA.VIC.GOV.AU,,HTTP://DATA.VIC.GOV.AU,,,2018/05/15 00:00:00+00,,-37.68395993799993,143.36118627400003,,,GAVIC421777708,22 BLAKE STREET,0,3361,SKIPTON,0,-37.683959939999966,143.36118627000008
143.68652389,-37.6432284799999,253,EMERGENCY FACILITY,"An emergency management facility from which a particular agency’s resources are commanded, coordinated and assigned to an incident or emergency",POLICING FACILITY,SMYTHESDALE POLICE STATION,OPERATIONAL,,SMYTHESDALE,VICTORIA,3351,HTTP://DATA.VIC.GOV.AU,,HTTP://DATA.VIC.GOV.AU,,,2018/05/15 00:00:00+00,,-37.64322847999995,143.6865238900001,,,GAVIC425028134,4 SEBASTOPOL-SMYTHESDALE ROAD,1,3351,SMYTHESDALE,0,-37.64322847999995,143.6865238900001
144.742144505,-38.3361300079999,254,EMERGENCY FACILITY,"An emergency management facility from which a particular agency’s resources are commanded, coordinated and assigned to an incident or emergency",POLICING FACILITY,SORRENTO POLICE STATION,OPERATIONAL,,SORRENTO,VICTORIA,3943,HTTP://DATA.VIC.GOV.AU,,HTTP://DATA.VIC.GOV.AU,,,2018/05/15 00:00:00+00,,-38.33613000799994,144.74214450500006,,,GAVIC420821432,12 HOTHAM ROAD,2,3943,SORRENTO,0,-38.33612999999997,144.74214400000005
144.959569115,-37.8348470409999,255,EMERGENCY FACILITY,"An emergency management facility from which a particular agency’s resources are commanded, coordinated and assigned to an incident or emergency",POLICING FACILITY,SOUTH MELBOURNE POLICE STATION,OPERATIONAL,,SOUTH MELBOURNE,VICTORIA,3205,HTTP://DATA.VIC.GOV.AU,,HTTP://DATA.VIC.GOV.AU,,,2018/05/15 00:00:00+00,,-37.83484704099993,144.95956911500002,,,GAVIC412350030,211 BANK STREET,1,3205,SOUTH MELBOURNE,0,-37.83484703999994,144.95956911000007
144.960938808,-37.828319,256,EMERGENCY FACILITY,"An emergency management facility from which a particular agency’s resources are commanded, coordinated and assigned to an incident or emergency",POLICING FACILITY,SOUTHBANK POLICE STATION,OPERATIONAL,,SOUTHBANK,VICTORIA,3006,HTTP://DATA.VIC.GOV.AU,,HTTP://DATA.VIC.GOV.AU,,,2018/05/15 00:00:00+00,,-37.828318999999965,144.96093880800004,,,GAVIC419593706,66 MORAY STREET,0,3006,SOUTHBANK,0,-37.828318999999965,144.96093881000002
145.36504042,-37.8561074639999,257,EMERGENCY FACILITY,"An emergency management facility from which a particular agency’s resources are commanded, coordinated and assigned to an incident or emergency",POLICING FACILITY,OLINDA POLICE STATION,OPERATIONAL,,OLINDA,VICTORIA,3788,HTTP://DATA.VIC.GOV.AU,,HTTP://DATA.VIC.GOV.AU,,,2018/05/15 00:00:00+00,,-37.85610746399993,145.36504042,,,GAVIC423927685,549 MOUNT DANDENONG TOURIST ROAD,1,3788,OLINDA,0,-37.85610744999997,145.36504041000012
147.592336535,-37.102038002,258,EMERGENCY FACILITY,"An emergency management facility from which a particular agency’s resources are commanded, coordinated and assigned to an incident or emergency",POLICING FACILITY,OMEO POLICE STATION,OPERATIONAL,,OMEO,VICTORIA,3898,HTTP://DATA.VIC.GOV.AU,,HTTP://DATA.VIC.GOV.AU,,,2018/05/15 00:00:00+00,,-37.10203800199997,147.59233653500007,,,GAVIC419973968,19 TONGIO ROAD,2,3898,OMEO,0,-37.102037999999936,147.59233653
148.455997323,-37.706650767,259,EMERGENCY FACILITY,"An emergency management facility from which a particular agency’s resources are commanded, coordinated and assigned to an incident or emergency",POLICING FACILITY,ORBOST POLICE STATION,OPERATIONAL,,ORBOST,VICTORIA,3888,HTTP://DATA.VIC.GOV.AU,,HTTP://DATA.VIC.GOV.AU,,,2018/05/15 00:00:00+00,,-37.706650766999985,148.45599732300002,,,GAVIC425807158,1 LAWSON LANE,2,3888,ORBOST,0,-37.70665076999995,148.45599732000005
142.315181544,-35.0698674999999,260,EMERGENCY FACILITY,"An emergency management facility from which a particular agency’s resources are commanded, coordinated and assigned to an incident or emergency",POLICING FACILITY,OUYEN POLICE STATION,OPERATIONAL,,OUYEN,VICTORIA,3490,HTTP://DATA.VIC.GOV.AU,,HTTP://DATA.VIC.GOV.AU,,,2018/05/15 00:00:00+00,,-35.06986749999993,142.3151815440001,,,GAVIC412078727,43 OKE STREET,2,3490,OUYEN,9,-35.06978647999995,142.31516927000007
145.453457011,-38.061829788,261,EMERGENCY FACILITY,"An emergency management facility from which a particular agency’s resources are commanded, coordinated and assigned to an incident or emergency",POLICING FACILITY,PAKENHAM POLICE STATION,OPERATIONAL,,PAKENHAM,VICTORIA,3810,HTTP://DATA.VIC.GOV.AU,,HTTP://DATA.VIC.GOV.AU,,,2018/05/15 00:00:00+00,,-38.061829787999955,145.45345701100007,,,GAVIC424097177,780 PRINCES HIGHWAY,0,3810,PAKENHAM,66,-38.06153085999995,145.45280508000008
142.289787613,-37.8746462629999,262,EMERGENCY FACILITY,"An emergency management facility from which a particular agency’s resources are commanded, coordinated and assigned to an incident or emergency",POLICING FACILITY,PENSHURST POLICE STATION,OPERATIONAL,,PENSHURST,VICTORIA,3289,HTTP://DATA.VIC.GOV.AU,,HTTP://DATA.VIC.GOV.AU,,,2018/05/15 00:00:00+00,,-37.87464626299993,142.28978761300004,,,GAVIC424458212,35 MARTIN STREET,2,3289,PENSHURST,0,-37.874646249999955,142.28978760000007
143.313701565,-35.053983252,263,EMERGENCY FACILITY,"An emergency management facility from which a particular agency’s resources are commanded, coordinated and assigned to an incident or emergency",POLICING FACILITY,PIANGIL POLICE STATION,OPERATIONAL,,PIANGIL,VICTORIA,3597,HTTP://DATA.VIC.GOV.AU,,HTTP://DATA.VIC.GOV.AU,,,2018/05/15 00:00:00+00,,-35.053983251999966,143.3137015650001,,,GAVIC420412462,51 MURRAY STREET,1,3597,PIANGIL,0,-35.05398324999993,143.31370157000003
142.998023967,-38.6178126039999,264,EMERGENCY FACILITY,"An emergency management facility from which a particular agency’s resources are commanded, coordinated and assigned to an incident or emergency",POLICING FACILITY,PORT CAMPBELL POLICE STATION,OPERATIONAL,,PORT CAMPBELL,VICTORIA,3269,HTTP://DATA.VIC.GOV.AU,,HTTP://DATA.VIC.GOV.AU,,,2018/05/15 00:00:00+00,,-38.61781260399994,142.9980239670001,,,GAVIC412108264,63 LORD STREET,2,3269,PORT CAMPBELL,0,-38.61781259999998,142.99802397000008
142.440364088,-35.401077829,265,EMERGENCY FACILITY,"An emergency management facility from which a particular agency’s resources are commanded, coordinated and assigned to an incident or emergency",POLICING FACILITY,SPEED POLICE STATION,OPERATIONAL,,SPEED,VICTORIA,3488,HTTP://DATA.VIC.GOV.AU,,HTTP://DATA.VIC.GOV.AU,,,2018/05/15 00:00:00+00,,-35.40107782899997,142.44036408800002,,,GAVIC422134673,8 CARTER STREET,1,3488,SPEED,0,-35.40107782999996,142.44036409000012
145.151437841,-37.955243461,266,EMERGENCY FACILITY,"An emergency management facility from which a particular agency’s resources are commanded, coordinated and assigned to an incident or emergency",POLICING FACILITY,SPRINGVALE POLICE STATION,OPERATIONAL,,SPRINGVALE,VICTORIA,3171,HTTP://DATA.VIC.GOV.AU,,HTTP://DATA.VIC.GOV.AU,,,2018/05/15 00:00:00+00,,-37.95524346099995,145.15143784100007,,,GAVIC423235399,314-322 SPRINGVALE ROAD,1,3171,SPRINGVALE,0,-37.955243449999955,145.15143784000009
143.25951662,-36.617070132,267,EMERGENCY FACILITY,"An emergency management facility from which a particular agency’s resources are commanded, coordinated and assigned to an incident or emergency",POLICING FACILITY,ST ARNAUD POLICE STATION,OPERATIONAL,,ST ARNAUD,VICTORIA,3478,HTTP://DATA.VIC.GOV.AU,,HTTP://DATA.VIC.GOV.AU,,,2018/05/15 00:00:00+00,,-36.61707013199998,143.2595166200001,,,GAVIC423969889,7-9 JENNINGS STREET,0,3478,ST ARNAUD,0,-36.617070129999945,143.2595166100001
144.99067766,-37.8678873339999,268,EMERGENCY FACILITY,"An emergency management facility from which a particular agency’s resources are commanded, coordinated and assigned to an incident or emergency",POLICING FACILITY,ST KILDA POLICE STATION,OPERATIONAL,,ST KILDA,VICTORIA,3182,HTTP://DATA.VIC.GOV.AU,,HTTP://DATA.VIC.GOV.AU,,,2018/05/15 00:00:00+00,,-37.86788733399993,144.99067766000007,,,GAVIC421051356,92 CHAPEL STREET,1,3182,ST KILDA,0,-37.867887329999974,144.99067765000007
144.985099666,-36.4464358189999,269,EMERGENCY FACILITY,"An emergency management facility from which a particular agency’s resources are commanded, coordinated and assigned to an incident or emergency",POLICING FACILITY,STANHOPE POLICE STATION,OPERATIONAL,,STANHOPE,VICTORIA,3623,HTTP://DATA.VIC.GOV.AU,,HTTP://DATA.VIC.GOV.AU,,,2018/05/15 00:00:00+00,,-36.44643581899993,144.9850996660001,,,GAVIC412376702,44 BIRDWOOD AVENUE,2,3623,STANHOPE,10,-36.446422859999984,144.9852040300001
142.784040631,-37.055699649,270,EMERGENCY FACILITY,"An emergency management facility from which a particular agency’s resources are commanded, coordinated and assigned to an incident or emergency",POLICING FACILITY,STAWELL POLICE STATION,OPERATIONAL,,STAWELL,VICTORIA,3380,HTTP://DATA.VIC.GOV.AU,,HTTP://DATA.VIC.GOV.AU,,,2018/05/15 00:00:00+00,,-37.05569964899996,142.78404063100004,,,GAVIC422418788,9 PATRICK STREET,1,3380,STAWELL,0,-37.05569964999995,142.78404063000005
147.080236737,-37.963531717,271,EMERGENCY FACILITY,"An emergency management facility from which a particular agency’s resources are commanded, coordinated and assigned to an incident or emergency",POLICING FACILITY,STRATFORD POLICE STATION,OPERATIONAL,,STRATFORD,VICTORIA,3862,HTTP://DATA.VIC.GOV.AU,,HTTP://DATA.VIC.GOV.AU,,,2018/05/15 00:00:00+00,,-37.96353171699997,147.08023673700006,,,GAVIC421525079,89 TYERS STREET,1,3862,STRATFORD,0,-37.963531709999984,147.08023674000003
144.735481446,-37.5798246259999,272,EMERGENCY FACILITY,"An emergency management facility from which a particular agency’s resources are commanded, coordinated and assigned to an incident or emergency",POLICING FACILITY,SUNBURY POLICE STATION,OPERATIONAL,,SUNBURY,VICTORIA,3429,HTTP://DATA.VIC.GOV.AU,,HTTP://DATA.VIC.GOV.AU,,,2018/05/15 00:00:00+00,,-37.57982462599995,144.7354814460001,,,GAVIC412397663,41 MACEDON STREET,0,3429,SUNBURY,0,-37.57982462999996,144.73548145000007
142.239351105,-38.3876656219999,273,EMERGENCY FACILITY,"An emergency management facility from which a particular agency’s resources are commanded, coordinated and assigned to an incident or emergency",POLICING FACILITY,PORT FAIRY POLICE STATION,OPERATIONAL,,PORT FAIRY,VICTORIA,3284,HTTP://DATA.VIC.GOV.AU,,HTTP://DATA.VIC.GOV.AU,,,2018/05/15 00:00:00+00,,-38.38766562199993,142.23935110500008,,,GAVIC423965268,10 CAMPBELL STREET,1,3284,PORT FAIRY,5,-38.38768472999993,142.2394016400001
144.657887323,-38.115344438,274,EMERGENCY FACILITY,"An emergency management facility from which a particular agency’s resources are commanded, coordinated and assigned to an incident or emergency",POLICING FACILITY,PORTARLINGTON POLICE STATION,OPERATIONAL,,PORTARLINGTON,VICTORIA,3223,HTTP://DATA.VIC.GOV.AU,,HTTP://DATA.VIC.GOV.AU,,,2018/05/15 00:00:00+00,,-38.115344437999966,144.65788732300007,,,GAVIC424363069,119 NEWCOMBE STREET,1,3223,PORTARLINGTON,0,-38.115344439999944,144.6578873100001
141.608097283,-38.352524532,275,EMERGENCY FACILITY,"An emergency management facility from which a particular agency’s resources are commanded, coordinated and assigned to an incident or emergency",POLICING FACILITY,PORTLAND POLICE STATION,OPERATIONAL,,PORTLAND,VICTORIA,3305,HTTP://DATA.VIC.GOV.AU,,HTTP://DATA.VIC.GOV.AU,,,2018/05/15 00:00:00+00,,-38.35252453199996,141.60809728300012,,,GAVIC423705512,2 GLENELG STREET,1,3305,PORTLAND,0,-38.35252452999998,141.60809728000004
145.00008732,-37.847837263,276,EMERGENCY FACILITY,"An emergency management facility from which a particular agency’s resources are commanded, coordinated and assigned to an incident or emergency",POLICING FACILITY,PRAHRAN POLICE STATION,OPERATIONAL,,PRAHRAN,VICTORIA,3181,HTTP://DATA.VIC.GOV.AU,,HTTP://DATA.VIC.GOV.AU,,,2018/05/15 00:00:00+00,,-37.847837262999974,145.00008732000003,,,GAVIC421030649,396 MALVERN ROAD,1,3181,PRAHRAN,0,-37.84783724999994,145.00008731000003
145.00593259,-37.7391722589999,277,EMERGENCY FACILITY,"An emergency management facility from which a particular agency’s resources are commanded, coordinated and assigned to an incident or emergency",POLICING FACILITY,PRESTON POLICE STATION,OPERATIONAL,,PRESTON,VICTORIA,3072,HTTP://DATA.VIC.GOV.AU,,HTTP://DATA.VIC.GOV.AU,,,2018/05/15 00:00:00+00,,-37.73917225899993,145.00593259000004,,,GAVIC420503024,55 ROSEBERRY AVENUE,2,3072,PRESTON,23,-37.73931695999994,145.00574339000002
144.856846682,-37.123322043,278,EMERGENCY FACILITY,"An emergency management facility from which a particular agency’s resources are commanded, coordinated and assigned to an incident or emergency",POLICING FACILITY,PYALONG POLICE STATION,OPERATIONAL,,PYALONG,VICTORIA,3521,HTTP://DATA.VIC.GOV.AU,,HTTP://DATA.VIC.GOV.AU,,,2018/05/15 00:00:00+00,,-37.12332204299997,144.85684668200008,,,GAVIC422400181,17 HIGH STREET,2,3521,PYALONG,0,-37.12332203999995,144.8568466800001
144.113068638,-36.0549848759999,279,EMERGENCY FACILITY,"An emergency management facility from which a particular agency’s resources are commanded, coordinated and assigned to an incident or emergency",POLICING FACILITY,PYRAMID HILL POLICE STATION,OPERATIONAL,,PYRAMID HILL,VICTORIA,3575,HTTP://DATA.VIC.GOV.AU,,HTTP://DATA.VIC.GOV.AU,,,2018/05/15 00:00:00+00,,-36.054984875999935,144.11306863800007,,,GAVIC412124919,9 VICTORIA STREET,2,3575,PYRAMID HILL,0,-36.05498487999995,144.11306864000005
143.521396512,-35.8522674619999,280,EMERGENCY FACILITY,"An emergency management facility from which a particular agency’s resources are commanded, coordinated and assigned to an incident or emergency",POLICING FACILITY,QUAMBATOOK POLICE STATION,OPERATIONAL,,QUAMBATOOK,VICTORIA,3540,HTTP://DATA.VIC.GOV.AU,,HTTP://DATA.VIC.GOV.AU,,,2018/05/15 00:00:00+00,,-35.85226746199993,143.52139651200002,,,GAVIC412167628,UNIT 1 5 GUTHRIE STREET,1,3540,QUAMBATOOK,0,-35.85226744999994,143.52139650000004
147.243101971,-43.3156264629999,281,EMERGENCY FACILITY,"An emergency management facility from which a particular agency’s resources are commanded, coordinated and assigned to an incident or emergency",POLICING FACILITY,ALONNAH POLICE STATION,OPERATIONAL,,ALONNAH,TASMANIA,7150,DPIPWE,2002/10/09 00:00:00+00,DPIPWE,2002/10/09 00:00:00+00,,2014/12/12 00:00:00+00,,-43.315626462999944,147.2431019710001,,,GATAS702221590,3889 BRUNY ISLAND MAIN ROAD,2,7150,ALONNAH,22,-43.31570114999994,147.24334805
147.72055718,-41.7822767339999,282,EMERGENCY FACILITY,"An emergency management facility from which a particular agency’s resources are commanded, coordinated and assigned to an incident or emergency",POLICING FACILITY,AVOCA POLICE STATION,OPERATIONAL,,AVOCA,TASMANIA,7213,DPIPWE,2004/03/10 00:00:00+00,DPIPWE,2004/03/10 00:00:00+00,,2014/12/12 00:00:00+00,,-41.782276733999936,147.72055718000001,,AVOCA POLICE STATION,GATAS702384034,10 FALMOUTH STREET,2,7213,AVOCA,28,-41.78247782999995,147.72075284000005
146.818821189,-41.201821874,283,EMERGENCY FACILITY,"An emergency management facility from which a particular agency’s resources are commanded, coordinated and assigned to an incident or emergency",POLICING FACILITY,BEACONSFIELD POLICE STATION,OPERATIONAL,,BEACONSFIELD,TASMANIA,7270,DPIPWE,2002/08/20 00:00:00+00,DPIPWE,2002/08/20 00:00:00+00,,2014/12/12 00:00:00+00,,-41.20182187399996,146.81882118900012,,BEACONSFIELD POLICE STATION,GATAS702386897,37 GRUBB STREET,1,7270,BEACONSFIELD,7,-41.20188178999996,146.81885136000005
148.301870552,-41.874765015,284,EMERGENCY FACILITY,"An emergency management facility from which a particular agency’s resources are commanded, coordinated and assigned to an incident or emergency",POLICING FACILITY,BICHENO POLICE STATION,OPERATIONAL,,BICHENO,TASMANIA,7215,DPIPWE,2009/02/23 00:00:00+00,DPIPWE,2009/02/23 00:00:00+00,,2014/12/12 00:00:00+00,,-41.87476501499998,148.30187055200008,,BICHENO POLICE STATION,GATAS702211303,2 CHAMP STREET,2,7215,BICHENO,11,-41.87466778999993,148.30190441000002
147.002864728,-42.3816641999999,285,EMERGENCY FACILITY,"An emergency management facility from which a particular agency’s resources are commanded, coordinated and assigned to an incident or emergency",POLICING FACILITY,BOTHWELL POLICE STATION,OPERATIONAL,,BOTHWELL,TASMANIA,7030,DPIPWE,1999/11/01 00:00:00+00,DPIPWE,1999/11/01 00:00:00+00,,2014/12/12 00:00:00+00,,-42.38166419999993,147.00286472800008,,BOTHWELL POLICE STATION,GATAS702194125,3 BARRACK STREET,2,7030,BOTHWELL,69,-42.382264169999985,147.00266034000003
147.243932968,-42.737883955,286,EMERGENCY FACILITY,"An emergency management facility from which a particular agency’s resources are commanded, coordinated and assigned to an incident or emergency",POLICING FACILITY,BRIDGEWATER POLICE STATION,OPERATIONAL,,BRIDGEWATER,TASMANIA,7030,DPIPWE,2009/02/23 00:00:00+00,DPIPWE,2009/02/23 00:00:00+00,,2014/12/12 00:00:00+00,,-42.73788395499997,147.24393296800008,,,GATAS716908473,22 GREEN POINT ROAD,0,7030,BRIDGEWATER,17,-42.73781563999995,147.24411410000005
147.395852405,-41.005625509,287,EMERGENCY FACILITY,"An emergency management facility from which a particular agency’s resources are commanded, coordinated and assigned to an incident or emergency",POLICING FACILITY,BRIDPORT POLICE STATION,OPERATIONAL,,BRIDPORT,TASMANIA,7262,DPIPWE,2009/02/23 00:00:00+00,DPIPWE,2009/02/23 00:00:00+00,,2014/12/12 00:00:00+00,,-41.00562550899997,147.39585240500003,,,GATAS702287199,55 MAIN STREET,2,7262,BRIDPORT,19,-41.00578399999995,147.39591981
145.905777955,-41.053889238,288,EMERGENCY FACILITY,"An emergency management facility from which a particular agency’s resources are commanded, coordinated and assigned to an incident or emergency",POLICING FACILITY,BURNIE POLICE STATION,OPERATIONAL,,BURNIE,TASMANIA,7320,DPIPWE,2009/11/13 00:00:00+00,DPIPWE,2009/11/13 00:00:00+00,,2014/12/12 00:00:00+00,,-41.053889237999954,145.90577795500008,,,GATAS702365505,88-98 WILSON STREET,1,7320,BURNIE,17,-41.05373563999996,145.90573926000002
142.919630635,-38.2408146409999,289,EMERGENCY FACILITY,"An emergency management facility from which a particular agency’s resources are commanded, coordinated and assigned to an incident or emergency",POLICING FACILITY,TERANG POLICE STATION,OPERATIONAL,,TERANG,VICTORIA,3264,HTTP://DATA.VIC.GOV.AU,,HTTP://DATA.VIC.GOV.AU,,,2018/05/15 00:00:00+00,,-38.24081464099993,142.9196306350001,,,GAVIC421777939,18 HIGH STREET,0,3264,TERANG,0,-38.24081463999994,142.91963064000004
142.971251551,-38.483440603,290,EMERGENCY FACILITY,"An emergency management facility from which a particular agency’s resources are commanded, coordinated and assigned to an incident or emergency",POLICING FACILITY,TIMBOON POLICE STATION,OPERATIONAL,,TIMBOON,VICTORIA,3268,HTTP://DATA.VIC.GOV.AU,,HTTP://DATA.VIC.GOV.AU,,,2018/05/15 00:00:00+00,,-38.48344060299996,142.97125155100002,,,GAVIC420439200,74 BAILEY STREET,1,3268,TIMBOON,0,-38.48344059999994,142.97125155000003
144.950467999,-36.249012799,291,EMERGENCY FACILITY,"An emergency management facility from which a particular agency’s resources are commanded, coordinated and assigned to an incident or emergency",POLICING FACILITY,TONGALA POLICE STATION,OPERATIONAL,,TONGALA,VICTORIA,3621,HTTP://DATA.VIC.GOV.AU,,HTTP://DATA.VIC.GOV.AU,,,2018/05/15 00:00:00+00,,-36.249012798999956,144.950467999,,,GAVIC414439601,72-74 MILLER STREET,1,3621,TONGALA,0,-36.249012799999946,144.95046800000011
146.324722194,-38.661575812,292,EMERGENCY FACILITY,"An emergency management facility from which a particular agency’s resources are commanded, coordinated and assigned to an incident or emergency",POLICING FACILITY,TOORA POLICE STATION,OPERATIONAL,,TOORA,VICTORIA,3962,HTTP://DATA.VIC.GOV.AU,,HTTP://DATA.VIC.GOV.AU,,,2018/05/15 00:00:00+00,,-38.66157581199997,146.32472219400006,,,GAVIC424238314,5-7 FOSTER ROAD,0,3962,TOORA,0,-38.66157580999993,146.3247221900001
144.318050342,-38.325513427,293,EMERGENCY FACILITY,"An emergency management facility from which a particular agency’s resources are commanded, coordinated and assigned to an incident or emergency",POLICING FACILITY,TORQUAY POLICE STATION,OPERATIONAL,,TORQUAY,VICTORIA,3228,HTTP://DATA.VIC.GOV.AU,,HTTP://DATA.VIC.GOV.AU,,,2018/05/15 00:00:00+00,,-38.325513426999976,144.3180503420001,,,GAVIC423750345,122-128 GEELONG ROAD,1,3228,TORQUAY,0,-38.325513429999944,144.31805034
146.154194826,-38.212637706,294,EMERGENCY FACILITY,"An emergency management facility from which a particular agency’s resources are commanded, coordinated and assigned to an incident or emergency",POLICING FACILITY,TRAFALGAR POLICE STATION,OPERATIONAL,,TRAFALGAR,VICTORIA,3824,HTTP://DATA.VIC.GOV.AU,,HTTP://DATA.VIC.GOV.AU,,,2018/05/15 00:00:00+00,,-38.21263770599995,146.1541948260001,,,GAVIC424614361,27 CONTINGENT STREET,-1,3824,TRAFALGAR,0,-38.21263769999996,146.15419483000005
146.536604976,-38.1948527919999,295,EMERGENCY FACILITY,"An emergency management facility from which a particular agency’s resources are commanded, coordinated and assigned to an incident or emergency",POLICING FACILITY,TRARALGON POLICE STATION,OPERATIONAL,,TRARALGON,VICTORIA,3844,HTTP://DATA.VIC.GOV.AU,,HTTP://DATA.VIC.GOV.AU,,,2018/05/15 00:00:00+00,,-38.19485279199995,146.53660497600004,,,GAVIC421454835,17 KAY STREET,2,3844,TRARALGON,0,-38.19485278999997,146.5366049600001
144.321206934,-37.39068301,296,EMERGENCY FACILITY,"An emergency management facility from which a particular agency’s resources are commanded, coordinated and assigned to an incident or emergency",POLICING FACILITY,TRENTHAM POLICE STATION,OPERATIONAL,,TRENTHAM,VICTORIA,3458,HTTP://DATA.VIC.GOV.AU,,HTTP://DATA.VIC.GOV.AU,,,2018/05/15 00:00:00+00,,-37.390683009999975,144.3212069340001,,,GAVIC420875910,12 COSMO ROAD,1,3458,TRENTHAM,0,-37.39068299999997,144.32120693000002
145.880825427,-36.1650432079999,297,EMERGENCY FACILITY,"An emergency management facility from which a particular agency’s resources are commanded, coordinated and assigned to an incident or emergency",POLICING FACILITY,TUNGAMAH POLICE STATION,OPERATIONAL,,TUNGAMAH,VICTORIA,3728,HTTP://DATA.VIC.GOV.AU,,HTTP://DATA.VIC.GOV.AU,,,2018/05/15 00:00:00+00,,-36.16504320799993,145.8808254270001,,POLICE STATION,GAVIC424546198,6 STATION STREET,0,3728,TUNGAMAH,0,-36.16504319999996,145.88082543000007
141.809925784,-35.171119518,298,EMERGENCY FACILITY,"An emergency management facility from which a particular agency’s resources are commanded, coordinated and assigned to an incident or emergency",POLICING FACILITY,UNDERBOOL POLICE STATION,OPERATIONAL,,UNDERBOOL,VICTORIA,3509,HTTP://DATA.VIC.GOV.AU,,HTTP://DATA.VIC.GOV.AU,,,2018/05/15 00:00:00+00,,-35.171119517999955,141.80992578400003,,,GAVIC422104381,32 MONASH AVENUE,2,3509,UNDERBOOL,0,-35.17111950999998,141.80992578000007
145.171316221,-37.845816693,299,EMERGENCY FACILITY,"An emergency management facility from which a particular agency’s resources are commanded, coordinated and assigned to an incident or emergency",POLICING FACILITY,FOREST HILL POLICE STATION,OPERATIONAL,,VERMONT SOUTH,VICTORIA,3133,HTTP://DATA.VIC.GOV.AU,,HTTP://DATA.VIC.GOV.AU,,,2018/05/15 00:00:00+00,,-37.84581669299996,145.1713162210001,,,GAVIC423235410,469-485 SPRINGVALE ROAD,1,3133,VERMONT SOUTH,19,-37.845839689999934,145.17110515000002
145.715266329,-36.6361779539999,300,EMERGENCY FACILITY,"An emergency management facility from which a particular agency’s resources are commanded, coordinated and assigned to an incident or emergency",POLICING FACILITY,VIOLET TOWN POLICE STATION,OPERATIONAL,,VIOLET TOWN,VICTORIA,3669,HTTP://DATA.VIC.GOV.AU,,HTTP://DATA.VIC.GOV.AU,,,2018/05/15 00:00:00+00,,-36.63617795399995,145.7152663290001,,,GAVIC423748326,53 COWSLIP STREET,0,3669,VIOLET TOWN,0,-36.63617794999993,145.71526633000008
144.981697505,-37.416510562,301,EMERGENCY FACILITY,"An emergency management facility from which a particular agency’s resources are commanded, coordinated and assigned to an incident or emergency",POLICING FACILITY,WALLAN POLICE STATION,OPERATIONAL,,WALLAN,VICTORIA,3756,HTTP://DATA.VIC.GOV.AU,,HTTP://DATA.VIC.GOV.AU,,,2018/05/15 00:00:00+00,,-37.416510561999985,144.98169750500006,,,GAVIC424070181,100 WATSON STREET,1,3756,WALLAN,0,-37.41651054999994,144.9816975000001
147.73368835,-35.964969788,302,EMERGENCY FACILITY,"An emergency management facility from which a particular agency’s resources are commanded, coordinated and assigned to an incident or emergency",POLICING FACILITY,WALWA POLICE STATION,OPERATIONAL,,WALWA,VICTORIA,3709,HTTP://DATA.VIC.GOV.AU,,HTTP://DATA.VIC.GOV.AU,,,2018/05/15 00:00:00+00,,-35.96496978799996,147.73368835000008,,,GAVIC422296296,2 HANNA STREET,2,3709,WALWA,0,-35.96496978999994,147.73368835000008
146.31414044,-36.3609500809999,303,EMERGENCY FACILITY,"An emergency management facility from which a particular agency’s resources are commanded, coordinated and assigned to an incident or emergency",POLICING FACILITY,WANGARATTA POLICE STATION,OPERATIONAL,,WANGARATTA,VICTORIA,3677,HTTP://DATA.VIC.GOV.AU,,HTTP://DATA.VIC.GOV.AU,,,2018/05/15 00:00:00+00,,-36.36095008099994,146.31414044000007,,WANGARATTA POLICE STATION,GAVIC424264417,21-23 HANDLEY STREET,0,3677,WANGARATTA,0,-36.36095007999995,146.31414044000007
145.236615138,-37.869729273,304,EMERGENCY FACILITY,"An emergency management facility from which a particular agency’s resources are commanded, coordinated and assigned to an incident or emergency",POLICING FACILITY,KNOX POLICE STATION,OPERATIONAL,,WANTIRNA SOUTH,VICTORIA,3152,HTTP://DATA.VIC.GOV.AU,,HTTP://DATA.VIC.GOV.AU,,,2018/05/15 00:00:00+00,,-37.86972927299996,145.23661513800005,,,GAVIC421823781,414 BURWOOD HIGHWAY,1,3152,WANTIRNA SOUTH,4,-37.869759289999934,145.23659911000004
145.688065199,-37.7547876689999,305,EMERGENCY FACILITY,"An emergency management facility from which a particular agency’s resources are commanded, coordinated and assigned to an incident or emergency",POLICING FACILITY,WARBURTON POLICE STATION,OPERATIONAL,,WARBURTON,VICTORIA,3799,HTTP://DATA.VIC.GOV.AU,,HTTP://DATA.VIC.GOV.AU,,,2018/05/15 00:00:00+00,,-37.75478766899994,145.6880651990001,,,GAVIC424367675,44 STATION ROAD,1,3799,WARBURTON,33,-37.75449355999996,145.6880647600001
142.395275841,-36.2499802899999,306,EMERGENCY FACILITY,"An emergency management facility from which a particular agency’s resources are commanded, coordinated and assigned to an incident or emergency",POLICING FACILITY,WARRACKNABEAL POLICE STATION,OPERATIONAL,,WARRACKNABEAL,VICTORIA,3393,HTTP://DATA.VIC.GOV.AU,,HTTP://DATA.VIC.GOV.AU,,,2018/05/15 00:00:00+00,,-36.24998028999994,142.39527584100006,,,GAVIC421224391,87 SCOTT STREET,1,3393,WARRACKNABEAL,0,-36.24998028999994,142.39527584000007
145.933278317,-38.161786983,307,EMERGENCY FACILITY,"An emergency management facility from which a particular agency’s resources are commanded, coordinated and assigned to an incident or emergency",POLICING FACILITY,WARRAGUL POLICE STATION,OPERATIONAL,,WARRAGUL,VICTORIA,3820,HTTP://DATA.VIC.GOV.AU,,HTTP://DATA.VIC.GOV.AU,,,2018/05/15 00:00:00+00,,-38.161786982999956,145.93327831700003,,,GAVIC423891361,37 PALMERSTON STREET,1,3820,WARRAGUL,0,-38.16178697999993,145.9332783100001
145.212904739,-37.740886608,308,EMERGENCY FACILITY,"An emergency management facility from which a particular agency’s resources are commanded, coordinated and assigned to an incident or emergency",POLICING FACILITY,WARRANDYTE POLICE STATION,OPERATIONAL,,WARRANDYTE,VICTORIA,3113,HTTP://DATA.VIC.GOV.AU,,HTTP://DATA.VIC.GOV.AU,,,2018/05/15 00:00:00+00,,-37.74088660799998,145.212904739,,,GAVIC421829892,65 YARRA STREET,2,3113,WARRANDYTE,0,-37.74088599999993,145.2129040000001
142.478503254,-38.3810928669999,309,EMERGENCY FACILITY,"An emergency management facility from which a particular agency’s resources are commanded, coordinated and assigned to an incident or emergency",POLICING FACILITY,WARRNAMBOOL POLICE STATION,OPERATIONAL,,WARRNAMBOOL,VICTORIA,3280,HTTP://DATA.VIC.GOV.AU,,HTTP://DATA.VIC.GOV.AU,,,2018/05/15 00:00:00+00,,-38.38109286699995,142.4785032540001,,,GAVIC421535553,214 KOROIT STREET,1,3280,WARRNAMBOOL,45,-38.38074719999997,142.4787680500001
143.615718195,-36.424190224,310,EMERGENCY FACILITY,"An emergency management facility from which a particular agency’s resources are commanded, coordinated and assigned to an incident or emergency",POLICING FACILITY,WEDDERBURN POLICE STATION,OPERATIONAL,,WEDDERBURN,VICTORIA,3518,HTTP://DATA.VIC.GOV.AU,,HTTP://DATA.VIC.GOV.AU,,,2018/05/15 00:00:00+00,,-36.42419022399997,143.6157181950001,,,GAVIC424068935,2 ST ARNAUD ROAD,0,3518,WEDDERBURN,0,-36.42419020999995,143.61571820000006
144.681043529,-37.893969662,311,EMERGENCY FACILITY,"An emergency management facility from which a particular agency’s resources are commanded, coordinated and assigned to an incident or emergency",POLICING FACILITY,WERRIBEE POLICE STATION,OPERATIONAL,,WERRIBEE,VICTORIA,3030,HTTP://DATA.VIC.GOV.AU,,HTTP://DATA.VIC.GOV.AU,,,2018/05/15 00:00:00+00,,-37.89396966199996,144.68104352900002,,,GAVIC421824165,134-140 PRINCES HIGHWAY,1,3030,WERRIBEE,0,-37.89396899999997,144.68104300000005
141.597527572,-34.3873707,312,EMERGENCY FACILITY,"An emergency management facility from which a particular agency’s resources are commanded, coordinated and assigned to an incident or emergency",POLICING FACILITY,WERRIMULL POLICE STATION,OPERATIONAL,,WERRIMULL,VICTORIA,3496,HTTP://DATA.VIC.GOV.AU,,HTTP://DATA.VIC.GOV.AU,,,2018/05/15 00:00:00+00,,-34.38737069999996,141.5975275720001,,WERRIMULL POLICE STATION,GAVIC424786059,5515 MILLEWA ROAD,1,3496,WERRIMULL,0,-34.38737069999996,141.59752756000012
146.414248685,-36.763956186,313,EMERGENCY FACILITY,"An emergency management facility from which a particular agency’s resources are commanded, coordinated and assigned to an incident or emergency",POLICING FACILITY,WHITFIELD POLICE STATION,OPERATIONAL,,WHITFIELD,VICTORIA,3733,HTTP://DATA.VIC.GOV.AU,,HTTP://DATA.VIC.GOV.AU,,,2018/05/15 00:00:00+00,,-36.76395618599997,146.41424868500008,,WHITFIELD POLICE STATION,GAVIC422200576,4886 WANGARATTA-WHITFIELD ROAD,0,3733,WHITFIELD,0,-36.76395618999993,146.41424868000001
145.118623958,-37.510165457,314,EMERGENCY FACILITY,"An emergency management facility from which a particular agency’s resources are commanded, coordinated and assigned to an incident or emergency",POLICING FACILITY,WHITTLESEA POLICE STATION,OPERATIONAL,,WHITTLESEA,VICTORIA,3757,HTTP://DATA.VIC.GOV.AU,,HTTP://DATA.VIC.GOV.AU,,,2018/05/15 00:00:00+00,,-37.51016545699997,145.11862395800006,,POLICE STATION,GAVIC420122690,78 CHURCH STREET,1,3757,WHITTLESEA,0,-37.51016544999993,145.11862395000003
142.741126312,-37.546009012,315,EMERGENCY FACILITY,"An emergency management facility from which a particular agency’s resources are commanded, coordinated and assigned to an incident or emergency",POLICING FACILITY,WILLAURA POLICE STATION,OPERATIONAL,,WILLAURA,VICTORIA,3379,HTTP://DATA.VIC.GOV.AU,,HTTP://DATA.VIC.GOV.AU,,,2018/05/15 00:00:00+00,,-37.546009011999956,142.74112631200012,,,GAVIC420854925,80-82 MAIN STREET,1,3379,WILLAURA,0,-37.54600899999997,142.74112630000002
144.906535656,-37.8635492019999,316,EMERGENCY FACILITY,"An emergency management facility from which a particular agency’s resources are commanded, coordinated and assigned to an incident or emergency",POLICING FACILITY,WATER POLICE SEARCH AND RESCUE POLICE STATION,OPERATIONAL,,WILLIAMSTOWN,VICTORIA,3016,HTTP://DATA.VIC.GOV.AU,,HTTP://DATA.VIC.GOV.AU,,,2018/05/15 00:00:00+00,,-37.863549201999945,144.90653565600007,,,GAVIC420131763,100 NELSON PLACE,2,3016,WILLIAMSTOWN,0,-37.863549199999966,144.90653565000002
144.906199729,-37.8633821769999,317,EMERGENCY FACILITY,"An emergency management facility from which a particular agency’s resources are commanded, coordinated and assigned to an incident or emergency",POLICING FACILITY,WILLIAMSTOWN POLICE STATION,OPERATIONAL,,WILLIAMSTOWN,VICTORIA,3016,HTTP://DATA.VIC.GOV.AU,,HTTP://DATA.VIC.GOV.AU,,,2018/05/15 00:00:00+00,,-37.86338217699995,144.90619972900004,,,GAVIC420131763,100 NELSON PLACE,2,3016,WILLIAMSTOWN,35,-37.863549199999966,144.90653565000002
143.989897083,-38.244265344,318,EMERGENCY FACILITY,"An emergency management facility from which a particular agency’s resources are commanded, coordinated and assigned to an incident or emergency",POLICING FACILITY,WINCHELSEA POLICE STATION,OPERATIONAL,,WINCHELSEA,VICTORIA,3241,HTTP://DATA.VIC.GOV.AU,,HTTP://DATA.VIC.GOV.AU,,,2018/05/15 00:00:00+00,,-38.244265343999984,143.98989708300007,,,GAVIC421730397,15 HESSE STREET,2,3241,WINCHELSEA,0,-38.24426533999997,143.9898970800001
143.799846689,-37.569922235,319,EMERGENCY FACILITY,"An emergency management facility from which a particular agency’s resources are commanded, coordinated and assigned to an incident or emergency",POLICING FACILITY,BALLARAT WEST POLICE STATION,OPERATIONAL,,WINTER VALLEY,VICTORIA,3356,HTTP://DATA.VIC.GOV.AU,,HTTP://DATA.VIC.GOV.AU,,,2018/05/15 00:00:00+00,,-37.56992223499998,143.7998466890001,,,GAVIC718993030,1 MIRELLE DRIVE,1,3358,WINTER VALLEY,12,-37.569840469999974,143.7997564200001
146.890079034,-36.122157522,320,EMERGENCY FACILITY,"An emergency management facility from which a particular agency’s resources are commanded, coordinated and assigned to an incident or emergency",POLICING FACILITY,WODONGA POLICE STATION,OPERATIONAL,,WODONGA,VICTORIA,3690,HTTP://DATA.VIC.GOV.AU,,HTTP://DATA.VIC.GOV.AU,,,2018/05/15 00:00:00+00,,-36.12215752199995,146.8900790340001,,,GAVIC420964129,100 HOVELL STREET,2,3690,WODONGA,0,-36.122157509999965,146.89007903000004
144.831361646,-37.777580096,321,EMERGENCY FACILITY,"An emergency management facility from which a particular agency’s resources are commanded, coordinated and assigned to an incident or emergency",POLICING FACILITY,SUNSHINE POLICE STATION,OPERATIONAL,,SUNSHINE,VICTORIA,3020,HTTP://DATA.VIC.GOV.AU,,HTTP://DATA.VIC.GOV.AU,,,2018/05/15 00:00:00+00,,-37.77758009599995,144.83136164600012,,,GAVIC423621338,497 BALLARAT ROAD,2,3020,SUNSHINE,2,-37.77758105999993,144.8313863400001
143.562652662,-35.3560841029999,322,EMERGENCY FACILITY,"An emergency management facility from which a particular agency’s resources are commanded, coordinated and assigned to an incident or emergency",POLICING FACILITY,SWAN HILL POLICE STATION,OPERATIONAL,,SWAN HILL,VICTORIA,3585,HTTP://DATA.VIC.GOV.AU,,HTTP://DATA.VIC.GOV.AU,,,2018/05/15 00:00:00+00,,-35.356084102999944,143.56265266200012,,,GAVIC424713580,507 CAMPBELL STREET,1,3585,SWAN HILL,48,-35.355654579999964,143.56260681000003
147.720962768,-37.2621323299999,323,EMERGENCY FACILITY,"An emergency management facility from which a particular agency’s resources are commanded, coordinated and assigned to an incident or emergency",POLICING FACILITY,SWIFTS CREEK POLICE STATION,OPERATIONAL,,SWIFTS CREEK,VICTORIA,3896,HTTP://DATA.VIC.GOV.AU,,HTTP://DATA.VIC.GOV.AU,,,2018/05/15 00:00:00+00,,-37.26213232999993,147.72096276800005,,,GAVIC423719767,6894 GREAT ALPINE ROAD,2,3896,SWIFTS CREEK,0,-37.26213232999993,147.72096277000003
147.180439756,-36.215480224,324,EMERGENCY FACILITY,"An emergency management facility from which a particular agency’s resources are commanded, coordinated and assigned to an incident or emergency",POLICING FACILITY,TALLANGATTA POLICE STATION,OPERATIONAL,,TALLANGATTA,VICTORIA,3700,HTTP://DATA.VIC.GOV.AU,,HTTP://DATA.VIC.GOV.AU,,,2018/05/15 00:00:00+00,,-36.215480223999975,147.18043975600006,,TALLANGATTA POLICE STATION,GAVIC420599365,14 TOWONG STREET,1,3700,TALLANGATTA,0,-36.21548020999995,147.18043975000012
147.034616418,-36.251287347,325,EMERGENCY FACILITY,"An emergency management facility from which a particular agency’s resources are commanded, coordinated and assigned to an incident or emergency",POLICING FACILITY,TANGAMBALANGA POLICE STATION,OPERATIONAL,,TANGAMBALANGA,VICTORIA,3691,HTTP://DATA.VIC.GOV.AU,,HTTP://DATA.VIC.GOV.AU,,,2018/05/15 00:00:00+00,,-36.25128734699996,147.03461641800004,,,GAVIC420285660,6 HUON-KIEWA ROAD,2,3691,TANGAMBALANGA,0,-36.251287349999984,147.03461642000002
143.833131802,-36.770122097,326,EMERGENCY FACILITY,"An emergency management facility from which a particular agency’s resources are commanded, coordinated and assigned to an incident or emergency",POLICING FACILITY,TARNAGULLA POLICE STATION,OPERATIONAL,,TARNAGULLA,VICTORIA,3551,HTTP://DATA.VIC.GOV.AU,,HTTP://DATA.VIC.GOV.AU,,,2018/05/15 00:00:00+00,,-36.770122096999955,143.83313180200003,,,GAVIC425671120,70-72 COMMERCIAL ROAD,1,3551,TARNAGULLA,0,-36.77012209999998,143.83313180000005
144.686919116,-37.847886392,327,EMERGENCY FACILITY,"An emergency management facility from which a particular agency’s resources are commanded, coordinated and assigned to an incident or emergency",POLICING FACILITY,WYNDHAM NORTH POLICE STATION,OPERATIONAL,,TARNEIT,VICTORIA,3029,HTTP://DATA.VIC.GOV.AU,,HTTP://DATA.VIC.GOV.AU,,,2018/05/15 00:00:00+00,,-37.847886391999964,144.686919116,,POLICE STATION,GAVIC424453951,610 SAYERS ROAD,1,3029,TARNEIT,0,-37.847886389999985,144.68691910000007
145.231474415,-36.439957357,328,EMERGENCY FACILITY,"An emergency management facility from which a particular agency’s resources are commanded, coordinated and assigned to an incident or emergency",POLICING FACILITY,TATURA POLICE STATION,OPERATIONAL,,TATURA,VICTORIA,3616,HTTP://DATA.VIC.GOV.AU,,HTTP://DATA.VIC.GOV.AU,,,2018/05/15 00:00:00+00,,-36.43995735699997,145.2314744150001,,,GAVIC420673557,195 HOGAN STREET,0,3616,TATURA,0,-36.43995734999993,145.23147440000002
145.589938675,-38.607621857,329,EMERGENCY FACILITY,"An emergency management facility from which a particular agency’s resources are commanded, coordinated and assigned to an incident or emergency",POLICING FACILITY,WONTHAGGI POLICE STATION,OPERATIONAL,,WONTHAGGI,VICTORIA,3995,HTTP://DATA.VIC.GOV.AU,,HTTP://DATA.VIC.GOV.AU,,,2018/05/15 00:00:00+00,,-38.60762185699997,145.5899386750001,,,GAVIC421337803,77 WATT STREET,1,3995,WONTHAGGI,0,-38.60762189999997,145.58993864
144.526647952,-37.35440496,330,EMERGENCY FACILITY,"An emergency management facility from which a particular agency’s resources are commanded, coordinated and assigned to an incident or emergency",POLICING FACILITY,WOODEND POLICE STATION,OPERATIONAL,,WOODEND,VICTORIA,3442,HTTP://DATA.VIC.GOV.AU,,HTTP://DATA.VIC.GOV.AU,,,2018/05/15 00:00:00+00,,-37.354404959999954,144.52664795200008,,WOODEND POLICE STATION,GAVIC425464799,39 FOREST STREET,0,3442,WOODEND,2,-37.354388539999945,144.5266456700001
146.250932387,-37.56740189,331,EMERGENCY FACILITY,"An emergency management facility from which a particular agency’s resources are commanded, coordinated and assigned to an incident or emergency",POLICING FACILITY,WOODS POINT POLICE STATION,OPERATIONAL,,WOODS POINT,VICTORIA,3723,HTTP://DATA.VIC.GOV.AU,,HTTP://DATA.VIC.GOV.AU,,,2018/05/15 00:00:00+00,,-37.567401889999985,146.25093238700003,,,GAVIC424068419,24 SCOTT STREET,1,3723,WOODS POINT,0,-37.567401889999985,146.25093239000012
142.665736175,-35.681030208,332,EMERGENCY FACILITY,"An emergency management facility from which a particular agency’s resources are commanded, coordinated and assigned to an incident or emergency",POLICING FACILITY,WOOMELANG POLICE STATION,OPERATIONAL,,WOOMELANG,VICTORIA,3485,HTTP://DATA.VIC.GOV.AU,,HTTP://DATA.VIC.GOV.AU,,,2018/05/15 00:00:00+00,,-35.68103020799998,142.66573617500012,,,GAVIC420272838,48 BROOK STREET,2,3485,WOOMELANG,0,-35.68103019999995,142.66573616000005
143.225965154,-36.074455386,333,EMERGENCY FACILITY,"An emergency management facility from which a particular agency’s resources are commanded, coordinated and assigned to an incident or emergency",POLICING FACILITY,WYCHEPROOF POLICE STATION,OPERATIONAL,,WYCHEPROOF,VICTORIA,3527,HTTP://DATA.VIC.GOV.AU,,HTTP://DATA.VIC.GOV.AU,,,2018/05/15 00:00:00+00,,-36.074455385999954,143.22596515400005,,,GAVIC412680412,398 BROADWAY ,1,3527,WYCHEPROOF,0,-36.07445538999997,143.2259651500001
146.842509185,-36.310636732,334,EMERGENCY FACILITY,"An emergency management facility from which a particular agency’s resources are commanded, coordinated and assigned to an incident or emergency",POLICING FACILITY,YACKANDANDAH POLICE STATION,OPERATIONAL,,YACKANDANDAH,VICTORIA,3749,HTTP://DATA.VIC.GOV.AU,,HTTP://DATA.VIC.GOV.AU,,,2018/05/15 00:00:00+00,,-36.31063673199998,146.84250918500004,,,GAVIC420576186,8 RAILWAY AVENUE,2,3749,YACKANDANDAH,0,-36.31063673999995,146.84250916000008
145.373201337,-37.660212432,335,EMERGENCY FACILITY,"An emergency management facility from which a particular agency’s resources are commanded, coordinated and assigned to an incident or emergency",POLICING FACILITY,YARRA GLEN POLICE STATION,OPERATIONAL,,YARRA GLEN,VICTORIA,3775,HTTP://DATA.VIC.GOV.AU,,HTTP://DATA.VIC.GOV.AU,,,2018/05/15 00:00:00+00,,-37.66021243199998,145.37320133700007,,,GAVIC414556359,70 KING STREET,1,3775,YARRA GLEN,23,-37.66023515999996,145.3734632600001
145.607016763,-37.7801986389999,336,EMERGENCY FACILITY,"An emergency management facility from which a particular agency’s resources are commanded, coordinated and assigned to an incident or emergency",POLICING FACILITY,YARRA JUNCTION POLICE STATION,OPERATIONAL,,YARRA JUNCTION,VICTORIA,3797,HTTP://DATA.VIC.GOV.AU,,HTTP://DATA.VIC.GOV.AU,,,2018/05/15 00:00:00+00,,-37.780198638999934,145.60701676300005,,,GAVIC412674166,2395 WARBURTON HIGHWAY,2,3797,YARRA JUNCTION,0,-37.78019863999998,145.60701675000007
146.677052844,-38.559960577,337,EMERGENCY FACILITY,"An emergency management facility from which a particular agency’s resources are commanded, coordinated and assigned to an incident or emergency",POLICING FACILITY,YARRAM POLICE STATION,OPERATIONAL,,YARRAM,VICTORIA,3971,HTTP://DATA.VIC.GOV.AU,,HTTP://DATA.VIC.GOV.AU,,,2018/05/15 00:00:00+00,,-38.55996057699997,146.67705284400006,,,GAVIC423211142,123 COMMERCIAL ROAD,0,3971,YARRAM,0,-38.55995999999993,146.67705200000012
145.995258604,-36.0208971769999,338,EMERGENCY FACILITY,"An emergency management facility from which a particular agency’s resources are commanded, coordinated and assigned to an incident or emergency",POLICING FACILITY,YARRAWONGA POLICE STATION,OPERATIONAL,,YARRAWONGA,VICTORIA,3730,HTTP://DATA.VIC.GOV.AU,,HTTP://DATA.VIC.GOV.AU,,,2018/05/15 00:00:00+00,,-36.02089717699994,145.995258604,,,GAVIC424351799,25 BURLEY ROAD,1,3730,YARRAWONGA,0,-36.02089717999996,145.99525860000006
145.426723994,-37.2105229109999,339,EMERGENCY FACILITY,"An emergency management facility from which a particular agency’s resources are commanded, coordinated and assigned to an incident or emergency",POLICING FACILITY,YEA POLICE STATION,OPERATIONAL,,YEA,VICTORIA,3717,HTTP://DATA.VIC.GOV.AU,,HTTP://DATA.VIC.GOV.AU,,,2018/05/15 00:00:00+00,,-37.21052291099994,145.4267239940001,,,GAVIC412673654,4 HIGH STREET,1,3717,YEA,0,-37.210522899999944,145.42672399000003
143.592672222,-38.338120859,340,EMERGENCY FACILITY,"An emergency management facility from which a particular agency’s resources are commanded, coordinated and assigned to an incident or emergency",POLICING FACILITY,COLAC POLICE STATION,OPERATIONAL,,COLAC,VICTORIA,3250,HTTP://DATA.VIC.GOV.AU,,HTTP://DATA.VIC.GOV.AU,,,2018/05/15 00:00:00+00,NO GNAF POINT,-38.33812085899996,143.59267222200003,,,,,,,,,,
141.2825942,-37.921707795,341,EMERGENCY FACILITY,"An emergency management facility from which a particular agency’s resources are commanded, coordinated and assigned to an incident or emergency",POLICING FACILITY,DARTMOOR POLICE STATION,OPERATIONAL,,DARTMOOR,VICTORIA,3304,HTTP://DATA.VIC.GOV.AU,,HTTP://DATA.VIC.GOV.AU,,,2018/05/15 00:00:00+00,NO GNAF POINT,-37.921707794999975,141.28259420000006,,,,,,,,,,
146.321589131,-39.030770404,342,EMERGENCY FACILITY,"An emergency management facility from which a particular agency’s resources are commanded, coordinated and assigned to an incident or emergency",POLICING FACILITY,TIDAL RIVER POLICE STATION,OPERATIONAL,,WILSONS PROMONTORY,VICTORIA,3960,HTTP://DATA.VIC.GOV.AU,,HTTP://DATA.VIC.GOV.AU,,,2018/05/15 00:00:00+00,NO GNAF POINT,-39.03077040399995,146.3215891310001,,,,,,,,,,
105.57539,-10.471291,343,EMERGENCY FACILITY,"An emergency management facility from which a particular agency’s resources are commanded, coordinated and assigned to an incident or emergency",POLICING FACILITY,AFP - CT - CHRISTMAS ISLAND - DETENTION CENTRE,OPERATIONAL,,CHRISTMAS ISLAND,OTHER TERRITORY,6798,WWW.AFP.GOV.AU,,WWW.AFP.GOV.AU,,,2018/08/16 00:00:00+00,NO GNAF POINT,-10.471290999999951,105.57539000000008,,,,,,,,,,
105.673951,-10.418603,344,EMERGENCY FACILITY,"An emergency management facility from which a particular agency’s resources are commanded, coordinated and assigned to an incident or emergency",POLICING FACILITY,AFP - CT - CHRISTMAS ISLAND - POLICE STATION,OPERATIONAL,,CHRISTMAS ISLAND,OTHER TERRITORY,6798,WWW.AFP.GOV.AU,,WWW.AFP.GOV.AU,,,2018/08/16 00:00:00+00,NO GNAF POINT,-10.418602999999962,105.67395100000005,,,,,,,,,,
96.830719,-12.189521,345,EMERGENCY FACILITY,"An emergency management facility from which a particular agency’s resources are commanded, coordinated and assigned to an incident or emergency",POLICING FACILITY,AFP - CT - COCOS ISLAND - POLICE STATION,OPERATIONAL,,WEST ISLAND,OTHER TERRITORY,6799,WWW.AFP.GOV.AU,,WWW.AFP.GOV.AU,,,2018/08/16 00:00:00+00,NO GNAF POINT,-12.189520999999957,96.83071900000004,,,,,,,,,,
148.007551744,-40.9575435039999,346,EMERGENCY FACILITY,"An emergency management facility from which a particular agency’s resources are commanded, coordinated and assigned to an incident or emergency",POLICING FACILITY,GLADSTONE POLICE STATION,OPERATIONAL,,GLADSTONE,TASMANIA,7264,DPIPWE,2002/08/20 00:00:00+00,DPIPWE,2002/08/20 00:00:00+00,,2014/12/12 00:00:00+00,,-40.95754350399994,148.007551744,,GLADSTONE POLICE STATION,GATAS715255351,59 CHAFFEY STREET,2,7264,GLADSTONE,6,-40.957592139999974,148.00751055000012
147.281603282,-42.8337588909999,347,EMERGENCY FACILITY,"An emergency management facility from which a particular agency’s resources are commanded, coordinated and assigned to an incident or emergency",POLICING FACILITY,GLENORCHY POLICE STATION,OPERATIONAL,,GLENORCHY,TASMANIA,7010,DPIPWE,2014/09/09 00:00:00+00,DPIPWE,2014/09/09 00:00:00+00,,2014/12/12 00:00:00+00,,-42.833758890999945,147.2816032820001,,,GATAS702441905,319 MAIN ROAD,0,7010,GLENORCHY,40,-42.83341736999995,147.28146346000005
146.830364353,-42.5605888229999,348,EMERGENCY FACILITY,"An emergency management facility from which a particular agency’s resources are commanded, coordinated and assigned to an incident or emergency",POLICING FACILITY,HAMILTON POLICE STATION,OPERATIONAL,,HAMILTON,TASMANIA,7140,DPIPWE,2009/02/23 00:00:00+00,DPIPWE,2009/02/23 00:00:00+00,,2014/12/12 00:00:00+00,,-42.56058882299993,146.83036435300005,,,GATAS702290455,62 LYELL HIGHWAY,0,7140,HAMILTON,1,-42.56058998999998,146.83037230000002
147.327945,-42.880085,349,EMERGENCY FACILITY,"An emergency management facility from which a particular agency’s resources are commanded, coordinated and assigned to an incident or emergency",POLICING FACILITY,AFP - TAS - HOBART OFFICE,OPERATIONAL,LEVEL 7 - 47 LIVERPOOL STREET,HOBART,TASMANIA,7000,WWW.AFP.GOV.AU,,WWW.AFP.GOV.AU,,,2018/08/16 00:00:00+00,,-42.88008499999995,147.3279450000001,,,GATAS702282891,47 LIVERPOOL STREET,1,7000,HOBART,6,-42.880042499999945,147.32789347000005
147.328516628,-42.87963452,350,EMERGENCY FACILITY,"An emergency management facility from which a particular agency’s resources are commanded, coordinated and assigned to an incident or emergency",POLICING FACILITY,HOBART - CITY POLICE STATION,OPERATIONAL,,HOBART,TASMANIA,7000,DPIPWE,1999/08/23 00:00:00+00,DPIPWE,1999/08/23 00:00:00+00,,2014/12/12 00:00:00+00,,-42.87963451999997,147.3285166280001,,TAS POLICE STHN DISTRICT HQ,GATAS702273196,43 LIVERPOOL STREET,1,7000,HOBART,12,-42.879730189999975,147.32845283000006
147.050265671,-43.031175343,351,EMERGENCY FACILITY,"An emergency management facility from which a particular agency’s resources are commanded, coordinated and assigned to an incident or emergency",POLICING FACILITY,HUONVILLE POLICE STATION,OPERATIONAL,,HUONVILLE,TASMANIA,7109,DPIPWE,2009/02/23 00:00:00+00,DPIPWE,2009/02/23 00:00:00+00,,2014/12/12 00:00:00+00,,-43.03117534299997,147.05026567100003,,,GATAS717686591,10-12 SALE STREET,0,7109,HUONVILLE,6,-43.03120001999997,147.05032971000003
147.20084581,-42.5320260999999,352,EMERGENCY FACILITY,"An emergency management facility from which a particular agency’s resources are commanded, coordinated and assigned to an incident or emergency",POLICING FACILITY,KEMPTON POLICE STATION,OPERATIONAL,,KEMPTON,TASMANIA,7030,DPIPWE,1999/09/15 00:00:00+00,DPIPWE,1999/09/15 00:00:00+00,,2014/12/12 00:00:00+00,,-42.53202609999994,147.20084581000003,,KEMPTON POLICE STATION,GATAS702290672,87 MAIN STREET,2,7030,KEMPTON,7,-42.53204635999998,147.20076913000003
147.310893644,-42.975931658,353,EMERGENCY FACILITY,"An emergency management facility from which a particular agency’s resources are commanded, coordinated and assigned to an incident or emergency",POLICING FACILITY,KINGSTON POLICE STATION,OPERATIONAL,,KINGSTON,TASMANIA,7050,DPIPWE,2002/10/02 00:00:00+00,DPIPWE,2002/10/02 00:00:00+00,,2014/12/12 00:00:00+00,,-42.97593165799998,147.3108936440001,,KINGSTON POLICE STATION,GATAS702251687,1 HUTCHINS STREET,1,7050,KINGSTON,16,-42.97592445999993,147.31069709000008
148.242807996,-40.212845344,354,EMERGENCY FACILITY,"An emergency management facility from which a particular agency’s resources are commanded, coordinated and assigned to an incident or emergency",POLICING FACILITY,LADY BARRON POLICE STATION,OPERATIONAL,,LADY BARRON,TASMANIA,7255,DPIPWE,2003/09/03 00:00:00+00,DPIPWE,2003/09/03 00:00:00+00,,2014/12/12 00:00:00+00,,-40.21284534399996,148.242807996,,LADY BARRON POLICE STATION,GATAS702465900,4 FRANKLIN PARADE,2,7255,LADY BARRON,6,-40.21285730999995,148.2428821300001
146.412858879,-41.2351649839999,355,EMERGENCY FACILITY,"An emergency management facility from which a particular agency’s resources are commanded, coordinated and assigned to an incident or emergency",POLICING FACILITY,LATROBE POLICE STATION,OPERATIONAL,,LATROBE,TASMANIA,7307,DPIPWE,2002/02/26 00:00:00+00,DPIPWE,2002/02/26 00:00:00+00,,2014/12/12 00:00:00+00,,-41.23516498399994,146.41285887900005,,LATROBE POLICE STATION,GATAS702261872,3 HAMILTON STREET,1,7307,LATROBE,14,-41.23516291999994,146.41302186000007
147.135938035,-41.435595097,356,EMERGENCY FACILITY,"An emergency management facility from which a particular agency’s resources are commanded, coordinated and assigned to an incident or emergency",POLICING FACILITY,LAUNCESTON POLICE STATION,OPERATIONAL,,LAUNCESTON,TASMANIA,7250,DPIPWE,2009/02/23 00:00:00+00,DPIPWE,2009/02/23 00:00:00+00,,2014/12/12 00:00:00+00,,-41.435595096999975,147.1359380350001,,LAUNCESTON POLICE STATION,GATAS719401396,125-127 CIMITIERE STREET,1,7250,LAUNCESTON,23,-41.435674209999945,147.13619313000004
147.215009041,-41.253996566,357,EMERGENCY FACILITY,"An emergency management facility from which a particular agency’s resources are commanded, coordinated and assigned to an incident or emergency",POLICING FACILITY,LILYDALE POLICE STATION,OPERATIONAL,,LILYDALE,TASMANIA,7268,DPIPWE,2004/06/07 00:00:00+00,DPIPWE,2004/06/07 00:00:00+00,,2014/12/12 00:00:00+00,,-41.253996565999955,147.21500904100003,,LILYDALE POLICE STATION,GATAS702283930,7 LALLA ROAD,2,7268,LILYDALE,7,-41.25404933999994,147.21505458000001
147.118512486,-41.593387945,358,EMERGENCY FACILITY,"An emergency management facility from which a particular agency’s resources are commanded, coordinated and assigned to an incident or emergency",POLICING FACILITY,LONGFORD POLICE STATION,OPERATIONAL,,LONGFORD,TASMANIA,7301,DPIPWE,2009/02/23 00:00:00+00,DPIPWE,2009/02/23 00:00:00+00,,2014/12/12 00:00:00+00,,-41.59338794499996,147.1185124860001,,LONGFORD POLICE STATION,GATAS702483992,31 GEORGE STREET,2,7301,LONGFORD,26,-41.593392569999935,147.1188193900001
146.624717405,-42.756953225,359,EMERGENCY FACILITY,"An emergency management facility from which a particular agency’s resources are commanded, coordinated and assigned to an incident or emergency",POLICING FACILITY,MAYDENA POLICE STATION,OPERATIONAL,,MAYDENA,TASMANIA,7140,DPIPWE,2002/12/13 00:00:00+00,DPIPWE,2002/12/13 00:00:00+00,,2014/12/12 00:00:00+00,,-42.75695322499996,146.62471740500007,,MAYDENA POLICE STATION,GATAS702270984,33 JUNEE ROAD,2,7140,MAYDENA,11,-42.75693819999998,146.62485156000002
147.067239686,-42.779657538,360,EMERGENCY FACILITY,"An emergency management facility from which a particular agency’s resources are commanded, coordinated and assigned to an incident or emergency",POLICING FACILITY,NEW NORFOLK POLICE STATION,OPERATIONAL,,NEW NORFOLK,TASMANIA,7140,DPIPWE,2002/12/13 00:00:00+00,DPIPWE,2002/12/13 00:00:00+00,,2014/12/12 00:00:00+00,,-42.77965753799998,147.0672396860001,,,GATAS702194832,10 BATHURST STREET,0,7140,NEW NORFOLK,16,-42.77977428999998,147.06735025000012
147.127208271,-41.3865883,361,EMERGENCY FACILITY,"An emergency management facility from which a particular agency’s resources are commanded, coordinated and assigned to an incident or emergency",POLICING FACILITY,NEWNHAM POLICE STATION,OPERATIONAL,,NEWNHAM,TASMANIA,7248,DPIPWE,2002/02/27 00:00:00+00,DPIPWE,2002/02/27 00:00:00+00,,2014/12/12 00:00:00+00,,-41.38658829999997,147.1272082710001,,,GATAS718016592,99 GEORGE TOWN ROAD,0,7248,NEWNHAM,16,-41.38646106999994,147.12711559000002
147.743769419,-43.095702762,362,EMERGENCY FACILITY,"An emergency management facility from which a particular agency’s resources are commanded, coordinated and assigned to an incident or emergency",POLICING FACILITY,NUBEENA POLICE STATION,OPERATIONAL,,NUBEENA,TASMANIA,7184,DPIPWE,2002/09/10 00:00:00+00,DPIPWE,2002/09/10 00:00:00+00,,2014/12/12 00:00:00+00,,-43.09570276199997,147.74376941900005,,NUBEENA POLICE STATION,GATAS702294741,1601 NUBEENA ROAD,2,7184,NUBEENA,39,-43.09597904999998,147.7440582800001
147.373789558,-42.298993665,363,EMERGENCY FACILITY,"An emergency management facility from which a particular agency’s resources are commanded, coordinated and assigned to an incident or emergency",POLICING FACILITY,OATLANDS POLICE STATION,OPERATIONAL,,OATLANDS,TASMANIA,7120,DPIPWE,2009/02/23 00:00:00+00,DPIPWE,2009/02/23 00:00:00+00,,2014/12/12 00:00:00+00,,-42.298993664999955,147.3737895580001,,,GATAS716460244,83 HIGH STREET,2,7120,OATLANDS,16,-42.29899612999998,147.37398313000006
147.872026938,-42.561151818,364,EMERGENCY FACILITY,"An emergency management facility from which a particular agency’s resources are commanded, coordinated and assigned to an incident or emergency",POLICING FACILITY,ORFORD POLICE STATION,OPERATIONAL,,ORFORD,TASMANIA,7190,DPIPWE,2002/10/31 00:00:00+00,DPIPWE,2002/10/31 00:00:00+00,,2014/12/12 00:00:00+00,,-42.561151817999985,147.8720269380001,,ORFORD POLICE STATION,GATAS702527212,14 CHARLES STREET,2,7190,ORFORD,16,-42.56107260999994,147.87186771000006
146.072406501,-41.114185456,365,EMERGENCY FACILITY,"An emergency management facility from which a particular agency’s resources are commanded, coordinated and assigned to an incident or emergency",POLICING FACILITY,PENGUIN POLICE STATION,OPERATIONAL,,PENGUIN,TASMANIA,7316,DPIPWE,2009/02/23 00:00:00+00,DPIPWE,2009/02/23 00:00:00+00,,2014/12/12 00:00:00+00,,-41.11418545599997,146.07240650100005,,,GATAS702847681,3 CRESCENT STREET,0,7316,PENGUIN,21,-41.11435364999994,146.0725266400001
147.175750074,-41.577993202,366,EMERGENCY FACILITY,"An emergency management facility from which a particular agency’s resources are commanded, coordinated and assigned to an incident or emergency",POLICING FACILITY,PERTH POLICE STATION,OPERATIONAL,,PERTH,TASMANIA,7300,DPIPWE,1999/11/01 00:00:00+00,DPIPWE,1999/11/01 00:00:00+00,,2014/12/12 00:00:00+00,,-41.57799320199996,147.17575007400012,,,GATAS702532795,96 MAIN ROAD,2,7300,PERTH,12,-41.57793909999998,147.17561979000004
145.556268859,-42.080432301,367,EMERGENCY FACILITY,"An emergency management facility from which a particular agency’s resources are commanded, coordinated and assigned to an incident or emergency",POLICING FACILITY,QUEENSTOWN POLICE STATION,OPERATIONAL,,QUEENSTOWN,TASMANIA,7467,DPIPWE,2005/11/01 00:00:00+00,DPIPWE,2005/11/01 00:00:00+00,,2014/12/12 00:00:00+00,,-42.08043230099997,145.55626885900006,,POLICE STATION,GATAS702548561,2 STICHT STREET,1,7467,QUEENSTOWN,11,-42.08046097999994,145.5564011900001
146.422286922,-41.346376881,368,EMERGENCY FACILITY,"An emergency management facility from which a particular agency’s resources are commanded, coordinated and assigned to an incident or emergency",POLICING FACILITY,RAILTON POLICE STATION,OPERATIONAL,,RAILTON,TASMANIA,7305,DPIPWE,2002/12/13 00:00:00+00,DPIPWE,2002/12/13 00:00:00+00,,2014/12/12 00:00:00+00,,-41.34637688099997,146.422286922,,,GATAS702236356,24 FOSTER STREET,2,7305,RAILTON,40,-41.346163839999974,146.42190205000009
147.175450343,-41.4181390109999,369,EMERGENCY FACILITY,"An emergency management facility from which a particular agency’s resources are commanded, coordinated and assigned to an incident or emergency",POLICING FACILITY,RAVENSWOOD POLICE STATION,OPERATIONAL,,RAVENSWOOD,TASMANIA,7250,DPIPWE,2005/05/17 00:00:00+00,DPIPWE,2005/05/17 00:00:00+00,,2014/12/12 00:00:00+00,,-41.41813901099994,147.17545034300008,,RAVENSWOOD POLICE STATION,GATAS702314113,4 PROSSERS FOREST ROAD,2,7250,RAVENSWOOD,11,-41.418233649999934,147.17549084000007
147.439146385,-42.735980094,370,EMERGENCY FACILITY,"An emergency management facility from which a particular agency’s resources are commanded, coordinated and assigned to an incident or emergency",POLICING FACILITY,RICHMOND POLICE STATION,OPERATIONAL,,RICHMOND,TASMANIA,7025,DPIPWE,2005/06/10 00:00:00+00,DPIPWE,2005/06/10 00:00:00+00,,2014/12/12 00:00:00+00,,-42.735980093999956,147.43914638500007,,RICHMOND POLICE STATION,GATAS702193679,35 BATHURST STREET,2,7025,RICHMOND,12,-42.736086169999965,147.4391340100001
147.734873002,-41.2415887019999,371,EMERGENCY FACILITY,"An emergency management facility from which a particular agency’s resources are commanded, coordinated and assigned to an incident or emergency",POLICING FACILITY,RINGAROOMA POLICE STATION,OPERATIONAL,,RINGAROOMA,TASMANIA,7263,DPIPWE,2002/01/11 00:00:00+00,DPIPWE,2002/01/11 00:00:00+00,,2014/12/12 00:00:00+00,,-41.241588701999945,147.73487300200009,,RINGAROOMA POLICE STATION,GATAS715257483,3 FREDERICK STREET,2,7263,RINGAROOMA,16,-41.241722419999974,147.7347922900001
147.350797836,-42.8105312939999,372,EMERGENCY FACILITY,"An emergency management facility from which a particular agency’s resources are commanded, coordinated and assigned to an incident or emergency",POLICING FACILITY,RISDON VALE POLICE STATION,OPERATIONAL,,RISDON VALE,TASMANIA,7016,DPIPWE,2009/10/01 00:00:00+00,DPIPWE,2009/10/01 00:00:00+00,,2014/12/12 00:00:00+00,,-42.81053129399993,147.35079783600008,,RISDON VALE FIRE STATION,GATAS702341571,23 SUGARLOAF ROAD,2,7016,RISDON VALE,8,-42.810481419999974,147.35087183000007
147.45387701,-42.906515134,373,EMERGENCY FACILITY,"An emergency management facility from which a particular agency’s resources are commanded, coordinated and assigned to an incident or emergency",POLICING FACILITY,CLARENCE PLAINS POLICE STATION,OPERATIONAL,,ROKEBY,TASMANIA,7019,DPIPWE,2009/02/23 00:00:00+00,DPIPWE,2009/02/23 00:00:00+00,,2014/12/12 00:00:00+00,,-42.90651513399996,147.45387701000004,,,GATAS702339314,151 SOUTH ARM ROAD,1,7019,ROKEBY,215,-42.90834677999993,147.45474003000004
145.539093241,-41.779597038,374,EMERGENCY FACILITY,"An emergency management facility from which a particular agency’s resources are commanded, coordinated and assigned to an incident or emergency",POLICING FACILITY,ROSEBERY POLICE STATION,OPERATIONAL,,ROSEBERY,TASMANIA,7470,DPIPWE,1999/09/21 00:00:00+00,DPIPWE,1999/09/21 00:00:00+00,,2014/12/12 00:00:00+00,,-41.77959703799996,145.53909324100005,,ROSEBERY POLICE STATION,GATAS702548993,9 AGNES STREET,2,7470,ROSEBERY,11,-41.77952660999995,145.53899940000008
147.369959851,-42.8643256889999,375,EMERGENCY FACILITY,"An emergency management facility from which a particular agency’s resources are commanded, coordinated and assigned to an incident or emergency",POLICING FACILITY,BELLERIVE POLICE STATION,OPERATIONAL,,ROSNY PARK,TASMANIA,7018,DPIPWE,2002/08/07 00:00:00+00,DPIPWE,2002/08/07 00:00:00+00,,2014/12/12 00:00:00+00,,-42.86432568899994,147.3699598510001,,,GATAS702555044,42 BLIGH STREET,1,7018,ROSNY PARK,15,-42.86420832999994,147.36987611000006
147.51673836,-41.159580419,376,EMERGENCY FACILITY,"An emergency management facility from which a particular agency’s resources are commanded, coordinated and assigned to an incident or emergency",POLICING FACILITY,SCOTTSDALE POLICE STATION,OPERATIONAL,,SCOTTSDALE,TASMANIA,7260,DPIPWE,1999/08/06 00:00:00+00,DPIPWE,1999/08/06 00:00:00+00,,2014/12/12 00:00:00+00,,-41.15958041899995,147.5167383600001,,,GATAS702185198,6 ALFRED STREET,2,7260,SCOTTSDALE,25,-41.159386859999984,147.51689761000011
146.540318059,-41.1601458329999,377,EMERGENCY FACILITY,"An emergency management facility from which a particular agency’s resources are commanded, coordinated and assigned to an incident or emergency",POLICING FACILITY,PORT SORELL POLICE STATION,OPERATIONAL,,SHEARWATER,TASMANIA,7307,DPIPWE,2001/07/23 00:00:00+00,DPIPWE,2001/07/23 00:00:00+00,,2014/12/12 00:00:00+00,,-41.160145832999945,146.54031805900001,,PORT SORELL POLICE STATION,GATAS702207676,SE 2 5 CLUB DRIVE,0,7307,SHEARWATER,1,-41.16014870999993,146.5403328000001
146.898524564,-42.7091570869999,378,EMERGENCY FACILITY,"An emergency management facility from which a particular agency’s resources are commanded, coordinated and assigned to an incident or emergency",POLICING FACILITY,BUSHY PARK POLICE STATION,OPERATIONAL,,BUSHY PARK,TASMANIA,7140,DPIPWE,2004/04/19 00:00:00+00,DPIPWE,2004/04/19 00:00:00+00,,2014/12/12 00:00:00+00,,-42.70915708699994,146.898524564,,BUSHY PARK POLICE STATION,GATAS702262541,453 GORDON RIVER ROAD,2,7140,BUSHY PARK,13,-42.709274139999934,146.8985121600001
147.493755353,-41.9294001279999,379,EMERGENCY FACILITY,"An emergency management facility from which a particular agency’s resources are commanded, coordinated and assigned to an incident or emergency",POLICING FACILITY,CAMPBELL TOWN POLICE STATION,OPERATIONAL,,CAMPBELL TOWN,TASMANIA,7210,DPIPWE,2009/02/23 00:00:00+00,DPIPWE,2009/02/23 00:00:00+00,,2014/12/12 00:00:00+00,,-41.92940012799994,147.4937553530001,,POLICE STATION,GATAS702263795,105 HIGH STREET,2,7210,CAMPBELL TOWN,45,-41.92943341999995,147.49429208000004
147.254962337,-42.7905889579999,380,EMERGENCY FACILITY,"An emergency management facility from which a particular agency’s resources are commanded, coordinated and assigned to an incident or emergency",POLICING FACILITY,CLAREMONT POLICE STATION,OPERATIONAL,,CLAREMONT,TASMANIA,7011,DPIPWE,2009/02/23 00:00:00+00,DPIPWE,2009/02/23 00:00:00+00,,2014/12/12 00:00:00+00,,-42.790588957999944,147.25496233700005,,,GATAS702293272,35 MAIN ROAD,2,7011,CLAREMONT,27,-42.790813379999975,147.2550828200001
147.07995425,-41.6862838549999,381,EMERGENCY FACILITY,"An emergency management facility from which a particular agency’s resources are commanded, coordinated and assigned to an incident or emergency",POLICING FACILITY,CRESSY POLICE STATION,OPERATIONAL,,CRESSY,TASMANIA,7302,DPIPWE,2002/12/12 00:00:00+00,DPIPWE,2002/12/12 00:00:00+00,,2014/12/12 00:00:00+00,,-41.68628385499994,147.07995425000001,,CRESSY POLICE STATION,GATAS702279027,84 MAIN STREET,2,7302,CRESSY,36,-41.686236479999934,147.07952295000007
143.85234226,-39.9296702619999,382,EMERGENCY FACILITY,"An emergency management facility from which a particular agency’s resources are commanded, coordinated and assigned to an incident or emergency",POLICING FACILITY,CURRIE POLICE STATION,OPERATIONAL,,CURRIE,TASMANIA,7256,DPIPWE,2002/12/12 00:00:00+00,DPIPWE,2002/12/12 00:00:00+00,,2014/12/12 00:00:00+00,,-39.929670261999945,143.8523422600001,,CURRIE POLICE STATION,GATAS702419276,5 MEECH STREET,1,7256,CURRIE,30,-39.929447739999944,143.85253554000008
147.074165432,-43.157245154,383,EMERGENCY FACILITY,"An emergency management facility from which a particular agency’s resources are commanded, coordinated and assigned to an incident or emergency",POLICING FACILITY,CYGNET POLICE STATION,OPERATIONAL,,CYGNET,TASMANIA,7112,DPIPWE,2002/02/22 00:00:00+00,DPIPWE,2002/02/22 00:00:00+00,,2014/12/12 00:00:00+00,,-43.15724515399995,147.0741654320001,,CYGNET POLICE STATION,GATAS702302833,71 MARY STREET,2,7112,CYGNET,8,-43.15725859999998,147.07407117000002
146.659807797,-41.524054732,384,EMERGENCY FACILITY,"An emergency management facility from which a particular agency’s resources are commanded, coordinated and assigned to an incident or emergency",POLICING FACILITY,DELORAINE POLICE STATION,OPERATIONAL,,DELORAINE,TASMANIA,7304,DPIPWE,2002/12/12 00:00:00+00,DPIPWE,2002/12/12 00:00:00+00,,2014/12/12 00:00:00+00,,-41.52405473199997,146.6598077970001,,,GATAS716461114,2 MEANDER VALLEY ROAD,1,7304,DELORAINE,32,-41.52413085999996,146.65944344000002
147.795077528,-41.141183747,385,EMERGENCY FACILITY,"An emergency management facility from which a particular agency’s resources are commanded, coordinated and assigned to an incident or emergency",POLICING FACILITY,DERBY POLICE STATION,OPERATIONAL,,DERBY,TASMANIA,7264,DPIPWE,2002/12/12 00:00:00+00,DPIPWE,2002/12/12 00:00:00+00,,2014/12/12 00:00:00+00,,-41.14118374699996,147.7950775280001,,DERBY POLICE STATION,GATAS702329700,1 RENISON STREET,2,7264,DERBY,29,-41.141390859999944,147.79487438
146.323002418,-41.3812091089999,386,EMERGENCY FACILITY,"An emergency management facility from which a particular agency’s resources are commanded, coordinated and assigned to an incident or emergency",POLICING FACILITY,SHEFFIELD POLICE STATION,OPERATIONAL,,SHEFFIELD,TASMANIA,7306,DPIPWE,2002/08/22 00:00:00+00,DPIPWE,2002/08/22 00:00:00+00,,2014/12/12 00:00:00+00,,-41.38120910899994,146.3230024180001,,SHEFFIELD POLICE STATION,GATAS702557137,37 MAIN STREET,2,7306,SHEFFIELD,16,-41.38111646999994,146.32315161000008
145.124737445,-40.841448955,387,EMERGENCY FACILITY,"An emergency management facility from which a particular agency’s resources are commanded, coordinated and assigned to an incident or emergency",POLICING FACILITY,SMITHTON POLICE STATION,OPERATIONAL,,SMITHTON,TASMANIA,7330,DPIPWE,2002/02/20 00:00:00+00,DPIPWE,2002/02/20 00:00:00+00,,2014/12/12 00:00:00+00,,-40.841448954999976,145.12473744500005,,SMITHTON POLICE STATION,GATAS702337556,22 SMITH STREET,1,7330,SMITHTON,2,-40.84143806999998,145.12475570000004
145.833584692,-41.0419751589999,388,EMERGENCY FACILITY,"An emergency management facility from which a particular agency’s resources are commanded, coordinated and assigned to an incident or emergency",POLICING FACILITY,SOMERSET POLICE STATION,OPERATIONAL,,SOMERSET,TASMANIA,7322,DPIPWE,2003/12/09 00:00:00+00,DPIPWE,2003/12/09 00:00:00+00,,2014/12/12 00:00:00+00,,-41.041975158999946,145.83358469200004,,,GATAS719960184,UNIT 1 15 EMILY CRESCENT,2,7322,SOMERSET,8,-41.04191838999998,145.83363597000005
147.562937093,-42.784716282,389,EMERGENCY FACILITY,"An emergency management facility from which a particular agency’s resources are commanded, coordinated and assigned to an incident or emergency",POLICING FACILITY,SORELL POLICE STATION,OPERATIONAL,,SORELL,TASMANIA,7172,DPIPWE,2005/06/10 00:00:00+00,DPIPWE,2005/06/10 00:00:00+00,,2014/12/12 00:00:00+00,,-42.78471628199998,147.56293709300007,,SORELL POLICE STATION,GATAS702348411,8 SOMERVILLE STREET,2,7172,SORELL,24,-42.78487222999996,147.5627428900001
148.247845977,-41.3260667169999,390,EMERGENCY FACILITY,"An emergency management facility from which a particular agency’s resources are commanded, coordinated and assigned to an incident or emergency",POLICING FACILITY,ST HELENS POLICE STATION,OPERATIONAL,,ST HELENS,TASMANIA,7216,DPIPWE,1999/08/03 00:00:00+00,DPIPWE,1999/08/03 00:00:00+00,,2014/12/12 00:00:00+00,,-41.32606671699995,148.2478459770001,,,GATAS719145600,16 GEORGES BAY ESPLANADE,0,7216,ST HELENS,14,-41.32612176999993,148.24769577000006
147.201966271,-41.459572151,391,EMERGENCY FACILITY,"An emergency management facility from which a particular agency’s resources are commanded, coordinated and assigned to an incident or emergency",POLICING FACILITY,ST LEONARDS POLICE STATION,OPERATIONAL,,ST LEONARDS,TASMANIA,7250,DPIPWE,1999/08/03 00:00:00+00,DPIPWE,1999/08/03 00:00:00+00,,2014/12/12 00:00:00+00,,-41.459572150999975,147.20196627100006,,,GATAS702342073,337 ST LEONARDS ROAD,2,7250,ST LEONARDS,11,-41.459590779999985,147.20183667000003
148.185499892,-41.580590824,392,EMERGENCY FACILITY,"An emergency management facility from which a particular agency’s resources are commanded, coordinated and assigned to an incident or emergency",POLICING FACILITY,ST MARYS POLICE STATION,OPERATIONAL,,ST MARYS,TASMANIA,7215,DPIPWE,2002/12/13 00:00:00+00,DPIPWE,2002/12/13 00:00:00+00,,2014/12/12 00:00:00+00,,-41.580590823999955,148.18549989200005,,ST MARYS POLICE STATION,GATAS702346977,4 STORY STREET,2,7215,ST MARYS,12,-41.58066416999998,148.18539094000005
145.294927279,-40.759209782,393,EMERGENCY FACILITY,"An emergency management facility from which a particular agency’s resources are commanded, coordinated and assigned to an incident or emergency",POLICING FACILITY,STANLEY POLICE STATION,OPERATIONAL,,STANLEY,TASMANIA,7331,DPIPWE,2003/12/18 00:00:00+00,DPIPWE,2003/12/18 00:00:00+00,,2014/12/12 00:00:00+00,,-40.75920978199997,145.29492727900004,,STANLEY POLICE STATION,GATAS702859285,4 PEARSE STREET,1,7331,STANLEY,4,-40.75921767999995,145.2949710700001
146.360521923,-41.183207405,394,EMERGENCY FACILITY,"An emergency management facility from which a particular agency’s resources are commanded, coordinated and assigned to an incident or emergency",POLICING FACILITY,DEVONPORT POLICE STATION,OPERATIONAL,,DEVONPORT,TASMANIA,7310,DPIPWE,2013/09/26 00:00:00+00,DPIPWE,2013/09/26 00:00:00+00,,2014/12/12 00:00:00+00,,-41.18320740499996,146.36052192300008,,,GATAS702359943,24 WENVOE STREET,0,7310,DEVONPORT,22,-41.183254019999936,146.36026818000005
147.015810675,-43.312687449,395,EMERGENCY FACILITY,"An emergency management facility from which a particular agency’s resources are commanded, coordinated and assigned to an incident or emergency",POLICING FACILITY,DOVER POLICE STATION,OPERATIONAL,,DOVER,TASMANIA,7117,DPIPWE,2009/02/23 00:00:00+00,DPIPWE,2009/02/23 00:00:00+00,,2014/12/12 00:00:00+00,,-43.31268744899995,147.015810675,,DOVER POLICE STATION,GATAS716620594,6973 HUON HIGHWAY,2,7117,DOVER,15,-43.312805509999976,147.01590050000004
147.810268544,-42.887278817,396,EMERGENCY FACILITY,"An emergency management facility from which a particular agency’s resources are commanded, coordinated and assigned to an incident or emergency",POLICING FACILITY,DUNALLEY POLICE STATION,OPERATIONAL,,DUNALLEY,TASMANIA,7177,DPIPWE,2002/12/12 00:00:00+00,DPIPWE,2002/12/12 00:00:00+00,,2014/12/12 00:00:00+00,,-42.88727881699998,147.8102685440001,,DUNALLEY POLICE STATION,GATAS702190663,126 ARTHUR HIGHWAY,2,7177,DUNALLEY,6,-42.88733245999998,147.81028860000004
147.2490539,-41.570334427,397,EMERGENCY FACILITY,"An emergency management facility from which a particular agency’s resources are commanded, coordinated and assigned to an incident or emergency",POLICING FACILITY,EVANDALE POLICE STATION,OPERATIONAL,,EVANDALE,TASMANIA,7212,DPIPWE,2002/12/12 00:00:00+00,DPIPWE,2002/12/12 00:00:00+00,,2014/12/12 00:00:00+00,,-41.57033442699998,147.24905390000004,,EVANDALE POLICE STATION,GATAS702346569,3 SCONE STREET,2,7212,EVANDALE,17,-41.57018327999998,147.24907752000001
146.951745232,-41.299272727,398,EMERGENCY FACILITY,"An emergency management facility from which a particular agency’s resources are commanded, coordinated and assigned to an incident or emergency",POLICING FACILITY,EXETER POLICE STATION,OPERATIONAL,,EXETER,TASMANIA,7275,DPIPWE,1999/08/03 00:00:00+00,DPIPWE,1999/08/03 00:00:00+00,,2014/12/12 00:00:00+00,,-41.29927272699996,146.95174523200012,,EXETER POLICE STATION,GATAS702292757,69 MAIN ROAD,2,7275,EXETER,6,-41.299298259999944,146.95168415000012
147.963953655,-41.641757823,399,EMERGENCY FACILITY,"An emergency management facility from which a particular agency’s resources are commanded, coordinated and assigned to an incident or emergency",POLICING FACILITY,FINGAL POLICE STATION,OPERATIONAL,,FINGAL,TASMANIA,7214,DPIPWE,2004/04/30 00:00:00+00,DPIPWE,2004/04/30 00:00:00+00,,2014/12/12 00:00:00+00,,-41.64175782299998,147.96395365500007,,FINGAL POLICE STATION,GATAS702423104,22 STIEGLITZ STREET,2,7214,FINGAL,35,-41.64190880999996,147.96432130000005
146.92863909,-43.16388054,400,EMERGENCY FACILITY,"An emergency management facility from which a particular agency’s resources are commanded, coordinated and assigned to an incident or emergency",POLICING FACILITY,GEEVESTON POLICE STATION,OPERATIONAL,,GEEVESTON,TASMANIA,7116,DPIPWE,2009/02/23 00:00:00+00,DPIPWE,2009/02/23 00:00:00+00,,2014/12/12 00:00:00+00,,-43.16388053999998,146.92863909000005,,,GATAS702442096,1 ARVE ROAD,2,7116,GEEVESTON,24,-43.16385167999994,146.9283442300001
146.824726056,-41.106756897,401,EMERGENCY FACILITY,"An emergency management facility from which a particular agency’s resources are commanded, coordinated and assigned to an incident or emergency",POLICING FACILITY,GEORGE TOWN POLICE STATION,OPERATIONAL,,GEORGE TOWN,TASMANIA,7253,DPIPWE,2003/05/12 00:00:00+00,DPIPWE,2003/05/12 00:00:00+00,,2014/12/12 00:00:00+00,,-41.10675689699997,146.82472605600003,,GEORGE TOWN POLICE STATION,GATAS718141418,80-82 MACQUARIE STREET,2,7253,GEORGE TOWN,11,-41.106711049999944,146.82483724000008
147.798519,-33.1066089999999,402,EMERGENCY FACILITY,"An emergency management facility from which a particular agency’s resources are commanded, coordinated and assigned to an incident or emergency",POLICING FACILITY,BOGAN GATE POLICE STATION,OPERATIONAL,2 LACHLAN STREET,BOGAN GATE,NEW SOUTH WALES,2876,NSW POLICE FORCE,2017/10/05 00:00:00+00,NSW POLICE FORCE,2017/10/05 00:00:00+00,,2018/09/14 00:00:00+00,,-33.106608999999935,147.79851900000006,,,GANSW704162384,2 LACHLAN STREET,2,2876,BOGAN GATE,832,-33.10698090999995,147.80741984000008
150.359948,-28.604842,403,EMERGENCY FACILITY,"An emergency management facility from which a particular agency’s resources are commanded, coordinated and assigned to an incident or emergency",POLICING FACILITY,BOGGABILLA POLICE STATION,OPERATIONAL,96 MERRIWA STREET,BOGGABILLA,NEW SOUTH WALES,2409,NSW POLICE FORCE,2017/10/05 00:00:00+00,NSW POLICE FORCE,2017/10/05 00:00:00+00,,2018/09/14 00:00:00+00,,-28.604841999999962,150.35994800000003,,,GANSW716757559,96 MERRIWA STREET,2,2409,BOGGABILLA,35,-28.60506873999998,150.35970409000004
150.044745,-30.705276,404,EMERGENCY FACILITY,"An emergency management facility from which a particular agency’s resources are commanded, coordinated and assigned to an incident or emergency",POLICING FACILITY,BOGGABRI POLICE STATION,OPERATIONAL,97 BRENT STREET,BOGGABRI,NEW SOUTH WALES,2382,NSW POLICE FORCE,2017/10/05 00:00:00+00,NSW POLICE FORCE,2017/10/05 00:00:00+00,,2018/09/14 00:00:00+00,,-30.70527599999997,150.04474500000003,,POLICE STATION,GANSW704172143,97 BRENT STREET,1,2382,BOGGABRI,24,-30.705459479999945,150.04487595000012
149.240959,-36.911919,405,EMERGENCY FACILITY,"An emergency management facility from which a particular agency’s resources are commanded, coordinated and assigned to an incident or emergency",POLICING FACILITY,BOMBALA POLICE STATION,OPERATIONAL,10 FORBES STREET,BOMBALA,NEW SOUTH WALES,2632,NSW POLICE FORCE,2017/10/05 00:00:00+00,NSW POLICE FORCE,2017/10/05 00:00:00+00,,2018/09/14 00:00:00+00,,-36.911918999999955,149.2409590000001,,,GANSW704173287,10 FORBES STREET,1,2632,BOMBALA,630,-36.91651792999994,149.24511213000005
152.622886,-28.7368349999999,406,EMERGENCY FACILITY,"An emergency management facility from which a particular agency’s resources are commanded, coordinated and assigned to an incident or emergency",POLICING FACILITY,BONALBO POLICE STATION,OPERATIONAL,44 WOODENBONG ROAD,BONALBO,NEW SOUTH WALES,2469,NSW POLICE FORCE,2017/10/05 00:00:00+00,NSW POLICE FORCE,2017/10/05 00:00:00+00,,2018/09/14 00:00:00+00,,-28.736834999999928,152.6228860000001,,,GANSW716841478,44 WOODENBONG ROAD,1,2469,BONALBO,141,-28.736812389999955,152.62433088000012
151.273867,-33.890118,407,EMERGENCY FACILITY,"An emergency management facility from which a particular agency’s resources are commanded, coordinated and assigned to an incident or emergency",POLICING FACILITY,BONDI POLICE STATION,OPERATIONAL,91-93 ROSCOE STREET,BONDI BEACH,NEW SOUTH WALES,2026,NSW POLICE FORCE,2017/10/05 00:00:00+00,NSW POLICE FORCE,2017/10/05 00:00:00+00,,2018/09/14 00:00:00+00,,-33.89011799999997,151.2738670000001,,,GANSW715652656,91-93 ROSCOE STREET,1,2026,BONDI BEACH,0,-33.89011799999997,151.27386676000003
149.579447,-28.725048,408,EMERGENCY FACILITY,"An emergency management facility from which a particular agency’s resources are commanded, coordinated and assigned to an incident or emergency",POLICING FACILITY,BOOMI POLICE STATION,OPERATIONAL,36 BISHOP STREET,BOOMI,NEW SOUTH WALES,2405,NSW POLICE FORCE,2017/10/05 00:00:00+00,NSW POLICE FORCE,2017/10/05 00:00:00+00,,2018/09/14 00:00:00+00,,-28.72504799999996,149.57944700000007,,,GANSW716749098,36 BISHOP STREET,2,2405,BOOMI,23,-28.72497300999993,149.5796612700001
148.715791,-34.4392829999999,409,EMERGENCY FACILITY,"An emergency management facility from which a particular agency’s resources are commanded, coordinated and assigned to an incident or emergency",POLICING FACILITY,BOOROWA POLICE STATION,OPERATIONAL,46 MARSDEN STREET,BOOROWA,NEW SOUTH WALES,2586,NSW POLICE FORCE,2017/10/05 00:00:00+00,NSW POLICE FORCE,2017/10/05 00:00:00+00,,2018/09/14 00:00:00+00,,-34.43928299999993,148.71579100000008,,,GANSW712656408,46-48 MARSDEN STREET,1,2586,BOOROWA,49,-34.43884850999996,148.7156828100001
145.33818167,-41.886900447,410,EMERGENCY FACILITY,"An emergency management facility from which a particular agency’s resources are commanded, coordinated and assigned to an incident or emergency",POLICING FACILITY,ZEEHAN POLICE STATION,OPERATIONAL,,ZEEHAN,TASMANIA,7469,DPIPWE,2002/12/13 00:00:00+00,DPIPWE,2002/12/13 00:00:00+00,,2014/12/12 00:00:00+00,,-41.88690044699996,145.33818167000004,,,GATAS702283592,76 MAIN STREET,2,7469,ZEEHAN,15,-41.886828839999964,145.33833313000002
146.667496177,-41.898391249,411,EMERGENCY FACILITY,"An emergency management facility from which a particular agency’s resources are commanded, coordinated and assigned to an incident or emergency",POLICING FACILITY,LIAWENEE POLICE STATION,OPERATIONAL,,LIAWENEE,TASMANIA,7030,DPIPWE,2010/10/27 00:00:00+00,DPIPWE,2010/10/27 00:00:00+00,,2014/12/12 00:00:00+00,NO GNAF POINT,-41.898391248999985,146.6674961770001,,,,,,,,,,
145.53240295,-41.44731888,412,EMERGENCY FACILITY,"An emergency management facility from which a particular agency’s resources are commanded, coordinated and assigned to an incident or emergency",POLICING FACILITY,WARATAH POLICE STATION,OPERATIONAL,,WARATAH,TASMANIA,7321,DPIPWE,1999/09/15 00:00:00+00,DPIPWE,1999/09/15 00:00:00+00,,2014/12/12 00:00:00+00,NO GNAF POINT,-41.447318879999955,145.53240295000012,,,,,,,,,,
148.774097,-35.9948669999999,413,EMERGENCY FACILITY,"An emergency management facility from which a particular agency’s resources are commanded, coordinated and assigned to an incident or emergency",POLICING FACILITY,ADAMINABY POLICE STATION,OPERATIONAL,YORK STREET & DENISON STREET,ADAMINABY,NEW SOUTH WALES,2629,NSW POLICE FORCE,2017/10/05 00:00:00+00,NSW POLICE FORCE,2017/10/05 00:00:00+00,,2018/09/14 00:00:00+00,,-35.99486699999994,148.7740970000001,,,GANSW703879966,23 DENISON STREET,1,2629,ADAMINABY,22,-35.99466769999998,148.77406658000007
148.065385,-35.3104749999999,414,EMERGENCY FACILITY,"An emergency management facility from which a particular agency’s resources are commanded, coordinated and assigned to an incident or emergency",POLICING FACILITY,ADELONG POLICE STATION,OPERATIONAL,LOCKHART STREET & CAMPBELL STREET,ADELONG,NEW SOUTH WALES,2729,NSW POLICE FORCE,2017/10/05 00:00:00+00,NSW POLICE FORCE,2017/10/05 00:00:00+00,,2018/09/14 00:00:00+00,,-35.31047499999994,148.0653850000001,,,GANSW717557700,39 LOCKHART STREET,0,2729,ADELONG,23,-35.31062227999996,148.06556379000006
146.918086,-36.079629,415,EMERGENCY FACILITY,"An emergency management facility from which a particular agency’s resources are commanded, coordinated and assigned to an incident or emergency",POLICING FACILITY,ALBURY POLICE STATION,OPERATIONAL,539-541 OLIVE STREET,ALBURY,NEW SOUTH WALES,2640,NSW POLICE FORCE,2017/10/05 00:00:00+00,NSW POLICE FORCE,2017/10/05 00:00:00+00,,2018/09/14 00:00:00+00,,-36.079628999999954,146.91808600000002,,,GANSW712715865,539 OLIVE STREET,2,2640,ALBURY,17,-36.07947815999995,146.9180353900001
153.436364,-28.8380769999999,416,EMERGENCY FACILITY,"An emergency management facility from which a particular agency’s resources are commanded, coordinated and assigned to an incident or emergency",POLICING FACILITY,ALSTONVILLE POLICE STATION,OPERATIONAL,2 PERRY STREET,ALSTONVILLE,NEW SOUTH WALES,2477,NSW POLICE FORCE,2017/10/05 00:00:00+00,NSW POLICE FORCE,2017/10/05 00:00:00+00,,2018/09/14 00:00:00+00,,-28.83807699999994,153.43636400000003,,,GANSW712265381,2 PERRY STREET,2,2477,ALSTONVILLE,71,-28.837433549999957,153.43634597000005
147.21858,-34.346853,417,EMERGENCY FACILITY,"An emergency management facility from which a particular agency’s resources are commanded, coordinated and assigned to an incident or emergency",POLICING FACILITY,ARIAH PARK POLICE STATION,OPERATIONAL,22 REID STREET,ARIAH PARK,NEW SOUTH WALES,2665,NSW POLICE FORCE,2017/10/05 00:00:00+00,NSW POLICE FORCE,2017/10/05 00:00:00+00,,2018/09/14 00:00:00+00,,-34.34685299999995,147.2185800000001,,,GANSW716801008,2 HOPETOUN STREET,0,2665,ARIAH PARK,13,-34.346911029999944,147.2184577600001
151.667259,-30.512579,418,EMERGENCY FACILITY,"An emergency management facility from which a particular agency’s resources are commanded, coordinated and assigned to an incident or emergency",POLICING FACILITY,ARMIDALE POLICE STATION,OPERATIONAL,96-98 FAULKNER STREET,ARMIDALE,NEW SOUTH WALES,2350,NSW POLICE FORCE,2017/10/05 00:00:00+00,NSW POLICE FORCE,2017/10/05 00:00:00+00,,2018/09/14 00:00:00+00,,-30.51257899999996,151.66725900000006,,,GANSW718437646,96-98 FAULKNER STREET,1,2350,ARMIDALE,12,-30.512677629999928,151.6671974300001
151.130231,-33.890791,419,EMERGENCY FACILITY,"An emergency management facility from which a particular agency’s resources are commanded, coordinated and assigned to an incident or emergency",POLICING FACILITY,ASHFIELD POLICE STATION,OPERATIONAL,14 VICTORIA STREET,ASHFIELD,NEW SOUTH WALES,2131,NSW POLICE FORCE,2017/10/05 00:00:00+00,NSW POLICE FORCE,2017/10/05 00:00:00+00,,2018/09/14 00:00:00+00,,-33.89079099999998,151.1302310000001,,,GANSW710942076,14 VICTORIA STREET,0,2131,ASHFIELD,682,-33.89692536999996,151.1297090700001
151.095093,-29.320484,420,EMERGENCY FACILITY,"An emergency management facility from which a particular agency’s resources are commanded, coordinated and assigned to an incident or emergency",POLICING FACILITY,ASHFORD POLICE STATION,OPERATIONAL,52 MARTYN STREET,ASHFORD,NEW SOUTH WALES,2361,NSW POLICE FORCE,2017/10/05 00:00:00+00,NSW POLICE FORCE,2017/10/05 00:00:00+00,,2018/09/14 00:00:00+00,,-29.320483999999965,151.09509300000002,,,GANSW703955780,52 MARTYN STREET,1,2361,ASHFORD,21,-29.320607549999977,151.09525621000012
151.033533,-33.852855,421,EMERGENCY FACILITY,"An emergency management facility from which a particular agency’s resources are commanded, coordinated and assigned to an incident or emergency",POLICING FACILITY,AUBURN POLICE STATION,OPERATIONAL,QUEEN STREET & SUSAN STREET,AUBURN,NEW SOUTH WALES,2144,NSW POLICE FORCE,2017/10/05 00:00:00+00,NSW POLICE FORCE,2017/10/05 00:00:00+00,,2018/09/14 00:00:00+00,,-33.85285499999998,151.03353300000003,,,GANSW703973058,34 QUEEN STREET,2,2144,AUBURN,12,-33.85288958999996,151.03340537000008
150.931743,-34.306979,422,EMERGENCY FACILITY,"An emergency management facility from which a particular agency’s resources are commanded, coordinated and assigned to an incident or emergency",POLICING FACILITY,AUSTINMER POLICE STATION,OPERATIONAL,35 MOORE STREET,AUSTINMER,NEW SOUTH WALES,2515,NSW POLICE FORCE,2017/10/05 00:00:00+00,NSW POLICE FORCE,2017/10/05 00:00:00+00,,2018/09/14 00:00:00+00,,-34.306978999999956,150.9317430000001,,,GANSW712448296,35 MOORE STREET,0,2515,AUSTINMER,10,-34.30690304999996,150.93168276000006
153.56411,-28.8723239999999,423,EMERGENCY FACILITY,"An emergency management facility from which a particular agency’s resources are commanded, coordinated and assigned to an incident or emergency",POLICING FACILITY,BALLINA POLICE STATION,OPERATIONAL,16 RIVER STREET,BALLINA,NEW SOUTH WALES,2478,NSW POLICE FORCE,2017/10/05 00:00:00+00,NSW POLICE FORCE,2017/10/05 00:00:00+00,,2018/09/14 00:00:00+00,,-28.872323999999935,153.56411000000003,,,GANSW703986401,16 RIVER STREET,0,2478,BALLINA,18,-28.872362779999946,153.5639270700001
151.177237,-33.8565359999999,424,EMERGENCY FACILITY,"An emergency management facility from which a particular agency’s resources are commanded, coordinated and assigned to an incident or emergency",POLICING FACILITY,BALMAIN POLICE STATION,OPERATIONAL,368 DARLING STREET,BALMAIN,NEW SOUTH WALES,2041,NSW POLICE FORCE,2017/10/05 00:00:00+00,NSW POLICE FORCE,2017/10/05 00:00:00+00,,2018/09/14 00:00:00+00,,-33.85653599999995,151.1772370000001,,,GANSW703997278,368 DARLING STREET,1,2041,BALMAIN,14,-33.85661621999998,151.17734672000006
143.565148,-34.641447,425,EMERGENCY FACILITY,"An emergency management facility from which a particular agency’s resources are commanded, coordinated and assigned to an incident or emergency",POLICING FACILITY,BALRANALD POLICE STATION,OPERATIONAL,76 MARKET STREET,BALRANALD,NEW SOUTH WALES,2715,NSW POLICE FORCE,2017/10/05 00:00:00+00,NSW POLICE FORCE,2017/10/05 00:00:00+00,,2018/09/14 00:00:00+00,,-34.64144699999997,143.56514800000002,,,GANSW717958580,76 MARKET STREET,2,2715,BALRANALD,39,-34.64171109999995,143.5648719400001
153.527897,-28.6856139999999,426,EMERGENCY FACILITY,"An emergency management facility from which a particular agency’s resources are commanded, coordinated and assigned to an incident or emergency",POLICING FACILITY,BANGALOW POLICE STATION,OPERATIONAL,93 BYRON STREET,BANGALOW,NEW SOUTH WALES,2479,NSW POLICE FORCE,2017/10/05 00:00:00+00,NSW POLICE FORCE,2017/10/05 00:00:00+00,,2018/09/14 00:00:00+00,,-28.68561399999993,153.52789700000005,,,GANSW715776421,93 BYRON STREET,2,2479,BANGALOW,26,-28.68546625999994,153.52769663000004
151.030899,-33.9168079999999,427,EMERGENCY FACILITY,"An emergency management facility from which a particular agency’s resources are commanded, coordinated and assigned to an incident or emergency",POLICING FACILITY,BANKSTOWN POLICE STATION,OPERATIONAL,2 MEREDITH STREET,BANKSTOWN,NEW SOUTH WALES,2200,NSW POLICE FORCE,2017/10/05 00:00:00+00,NSW POLICE FORCE,2017/10/05 00:00:00+00,,2018/09/14 00:00:00+00,,-33.916807999999946,151.0308990000001,,,GANSW720104446,2 MEREDITH STREET,0,2200,BANKSTOWN,1,-33.91680329999997,151.03089288
149.06684,-30.946992,428,EMERGENCY FACILITY,"An emergency management facility from which a particular agency’s resources are commanded, coordinated and assigned to an incident or emergency",POLICING FACILITY,BARADINE POLICE STATION,OPERATIONAL,7 DARLING STREET,BARADINE,NEW SOUTH WALES,2396,NSW POLICE FORCE,2017/10/05 00:00:00+00,NSW POLICE FORCE,2017/10/05 00:00:00+00,,2018/09/14 00:00:00+00,,-30.946991999999966,149.06684000000007,,,GANSW717948995,21 DARLING STREET,1,2396,BARADINE,11,-30.947001919999934,149.06673045000002
146.570254,-34.285926,429,EMERGENCY FACILITY,"An emergency management facility from which a particular agency’s resources are commanded, coordinated and assigned to an incident or emergency",POLICING FACILITY,BARELLAN POLICE STATION,OPERATIONAL,BENDEE STREET & MYALL STREET,BARELLAN,NEW SOUTH WALES,2665,NSW POLICE FORCE,2017/10/05 00:00:00+00,NSW POLICE FORCE,2017/10/05 00:00:00+00,,2018/09/14 00:00:00+00,,-34.28592599999996,146.5702540000001,,,GANSW717040111,70 BENDEE STREET,2,2665,BARELLAN,29,-34.28571365999994,146.5700735800001
144.129058,-35.627622,430,EMERGENCY FACILITY,"An emergency management facility from which a particular agency’s resources are commanded, coordinated and assigned to an incident or emergency",POLICING FACILITY,BARHAM POLICE STATION,OPERATIONAL,51 NOORANG STREET,BARHAM,NEW SOUTH WALES,2732,NSW POLICE FORCE,2017/10/05 00:00:00+00,NSW POLICE FORCE,2017/10/05 00:00:00+00,,2018/09/14 00:00:00+00,,-35.627621999999974,144.1290580000001,,,GANSW704025893,51 NOORONG STREET,1,2732,BARHAM,10,-35.627535189999946,144.12907331000008
147.386841,-34.143468,431,EMERGENCY FACILITY,"An emergency management facility from which a particular agency’s resources are commanded, coordinated and assigned to an incident or emergency",POLICING FACILITY,BARMEDMAN POLICE STATION,OPERATIONAL,79 QUEEN STREET,BARMEDMAN,NEW SOUTH WALES,2668,NSW POLICE FORCE,2017/10/05 00:00:00+00,NSW POLICE FORCE,2017/10/05 00:00:00+00,,2018/09/14 00:00:00+00,,-34.143467999999984,147.38684100000012,,,GANSW708525310,79 QUEEN STREET,0,2668,BARMEDMAN,22,-34.14329265999993,147.3869480300001
145.688784,-35.914121,432,EMERGENCY FACILITY,"An emergency management facility from which a particular agency’s resources are commanded, coordinated and assigned to an incident or emergency",POLICING FACILITY,BAROOGA POLICE STATION,OPERATIONAL,1 GOLF COURSE ROAD,BAROOGA,NEW SOUTH WALES,3644,NSW POLICE FORCE,2017/10/05 00:00:00+00,NSW POLICE FORCE,2017/10/05 00:00:00+00,,2018/09/14 00:00:00+00,,-35.914120999999966,145.68878400000006,,,GANSW716468459,1 GOLF COURSE ROAD,1,3644,BAROOGA,10,-35.91403503999993,145.68875188000004
150.612304,-30.3789009999999,433,EMERGENCY FACILITY,"An emergency management facility from which a particular agency’s resources are commanded, coordinated and assigned to an incident or emergency",POLICING FACILITY,BARRABA POLICE STATION,OPERATIONAL,3 MAUDE STREET,BARRABA,NEW SOUTH WALES,2347,NSW POLICE FORCE,2017/10/05 00:00:00+00,NSW POLICE FORCE,2017/10/05 00:00:00+00,,2018/09/14 00:00:00+00,,-30.378900999999928,150.6123040000001,,,GANSW704022086,3 MAUDE STREET,2,2347,BARRABA,11,-30.37899909999993,150.6122787800001
150.998366,-33.892011,434,EMERGENCY FACILITY,"An emergency management facility from which a particular agency’s resources are commanded, coordinated and assigned to an incident or emergency",POLICING FACILITY,BASS HILL POLICE STATION,OPERATIONAL,73 MARKS STREET,BASS HILL,NEW SOUTH WALES,2197,NSW POLICE FORCE,2017/10/05 00:00:00+00,NSW POLICE FORCE,2017/10/05 00:00:00+00,,2018/09/14 00:00:00+00,,-33.89201099999997,150.99836600000003,,,GANSW718563087,61 MARKS STREET,0,2197,BASS HILL,18,-33.89215718999998,150.99844378000012
150.177129,-35.708137,435,EMERGENCY FACILITY,"An emergency management facility from which a particular agency’s resources are commanded, coordinated and assigned to an incident or emergency",POLICING FACILITY,BATEMANS BAY POLICE STATION,OPERATIONAL,28 ORIENT STREET,BATEMANS BAY,NEW SOUTH WALES,2536,NSW POLICE FORCE,2017/10/05 00:00:00+00,NSW POLICE FORCE,2017/10/05 00:00:00+00,,2018/09/14 00:00:00+00,,-35.708136999999965,150.17712900000004,,,GANSW712477626,28 ORIENT STREET,0,2536,BATEMANS BAY,13,-35.70825189999994,150.17709868000009
149.577325,-33.4145609999999,436,EMERGENCY FACILITY,"An emergency management facility from which a particular agency’s resources are commanded, coordinated and assigned to an incident or emergency",POLICING FACILITY,BATHURST POLICE STATION,OPERATIONAL,139 RANKIN STREET,BATHURST,NEW SOUTH WALES,2795,NSW POLICE FORCE,2017/10/05 00:00:00+00,NSW POLICE FORCE,2017/10/05 00:00:00+00,,2018/09/14 00:00:00+00,,-33.414560999999935,149.5773250000001,,,GANSW704033952,139 RANKIN STREET,1,2795,BATHURST,44,-33.414260239999976,149.57701063000002
148.143767,-35.521509,437,EMERGENCY FACILITY,"An emergency management facility from which a particular agency’s resources are commanded, coordinated and assigned to an incident or emergency",POLICING FACILITY,BATLOW POLICE STATION,OPERATIONAL,15 BIRCH STREET,BATLOW,NEW SOUTH WALES,2730,NSW POLICE FORCE,2017/10/05 00:00:00+00,NSW POLICE FORCE,2017/10/05 00:00:00+00,,2018/09/14 00:00:00+00,,-35.52150899999998,148.14376700000003,,,GANSW708549863,15 BIRCH STREET,0,2730,BATLOW,35,-35.52123182999998,148.14357513000004
149.839944,-36.6768049999999,438,EMERGENCY FACILITY,"An emergency management facility from which a particular agency’s resources are commanded, coordinated and assigned to an incident or emergency",POLICING FACILITY,BEGA POLICE STATION,OPERATIONAL,167 AUCKLAND STREET,BEGA,NEW SOUTH WALES,2550,NSW POLICE FORCE,2017/10/05 00:00:00+00,NSW POLICE FORCE,2017/10/05 00:00:00+00,,2018/09/14 00:00:00+00,,-36.676804999999945,149.83994400000006,,,GANSW704062101,167 AUCKLAND STREET,1,2550,BEGA,17,-36.67684652999998,149.83975855000006
149.791494,-29.918528,439,EMERGENCY FACILITY,"An emergency management facility from which a particular agency’s resources are commanded, coordinated and assigned to an incident or emergency",POLICING FACILITY,BELLATA POLICE STATION,OPERATIONAL,RAILWAY PARADE,BELLATA,NEW SOUTH WALES,2397,NSW POLICE FORCE,2017/10/05 00:00:00+00,NSW POLICE FORCE,2017/10/05 00:00:00+00,,2018/09/14 00:00:00+00,,-29.91852799999998,149.79149400000006,,,GANSW718136189,24 RAILWAY PARADE,2,2397,BELLATA,16,-29.91854651999995,149.79166085000008
152.509559,-30.8193219999999,440,EMERGENCY FACILITY,"An emergency management facility from which a particular agency’s resources are commanded, coordinated and assigned to an incident or emergency",POLICING FACILITY,BELLBROOK POLICE STATION,OPERATIONAL,24-30 MAIN STREET,BELLBROOK,NEW SOUTH WALES,2440,NSW POLICE FORCE,2017/10/05 00:00:00+00,NSW POLICE FORCE,2017/10/05 00:00:00+00,,2018/09/14 00:00:00+00,,-30.819321999999943,152.50955900000008,,,GANSW716736690,24-30 MAIN STREET,0,2440,BELLBROOK,23,-30.819497809999973,152.5094264500001
152.897756,-30.4521119999999,441,EMERGENCY FACILITY,"An emergency management facility from which a particular agency’s resources are commanded, coordinated and assigned to an incident or emergency",POLICING FACILITY,BELLINGEN POLICE STATION,OPERATIONAL,47-49 HYDE STREET,BELLINGEN,NEW SOUTH WALES,2454,NSW POLICE FORCE,2017/10/05 00:00:00+00,NSW POLICE FORCE,2017/10/05 00:00:00+00,,2018/09/14 00:00:00+00,,-30.452111999999943,152.89775600000007,,,GANSW712244279,53 HYDE STREET,0,2454,BELLINGEN,25,-30.451954839999928,152.89757607
145.318379869,-42.1530810149999,442,EMERGENCY FACILITY,"An emergency management facility from which a particular agency’s resources are commanded, coordinated and assigned to an incident or emergency",POLICING FACILITY,STRAHAN POLICE STATION,OPERATIONAL,,STRAHAN,TASMANIA,7468,DPIPWE,2002/12/13 00:00:00+00,DPIPWE,2002/12/13 00:00:00+00,,2014/12/12 00:00:00+00,,-42.15308101499994,145.31837986900007,,,GATAS718291124,1-3 BEACH STREET,1,7468,STRAHAN,13,-42.15316355999994,145.31848575000004
148.074662994,-42.124566192,443,EMERGENCY FACILITY,"An emergency management facility from which a particular agency’s resources are commanded, coordinated and assigned to an incident or emergency",POLICING FACILITY,SWANSEA POLICE STATION,OPERATIONAL,,SWANSEA,TASMANIA,7190,DPIPWE,2002/11/05 00:00:00+00,DPIPWE,2002/11/05 00:00:00+00,,2014/12/12 00:00:00+00,,-42.124566191999975,148.07466299400005,,SWANSEA POLICE STATION,GATAS702314299,6 NOYES STREET,2,7190,SWANSEA,21,-42.12462141999998,148.07490861000008
147.909912461,-42.5086169809999,444,EMERGENCY FACILITY,"An emergency management facility from which a particular agency’s resources are commanded, coordinated and assigned to an incident or emergency",POLICING FACILITY,TRIABUNNA POLICE STATION,OPERATIONAL,,TRIABUNNA,TASMANIA,7190,DPIPWE,2004/04/06 00:00:00+00,DPIPWE,2004/04/06 00:00:00+00,,2014/12/12 00:00:00+00,,-42.50861698099993,147.9099124610001,,TRIABUNNA POLICE STATION,GATAS702360223,2 VICARY STREET,2,7190,TRIABUNNA,19,-42.50868716999997,147.91011661000005
146.173129172,-41.156514312,445,EMERGENCY FACILITY,"An emergency management facility from which a particular agency’s resources are commanded, coordinated and assigned to an incident or emergency",POLICING FACILITY,ULVERSTONE POLICE STATION,OPERATIONAL,,ULVERSTONE,TASMANIA,7315,DPIPWE,1999/09/22 00:00:00+00,DPIPWE,1999/09/22 00:00:00+00,,2014/12/12 00:00:00+00,,-41.156514311999956,146.17312917200002,,ULVERSTONE POLICE STATION,GATAS702354101,38 VICTORIA STREET,0,7315,ULVERSTONE,12,-41.15644652999998,146.17301836000001
146.842600363,-41.525836903,446,EMERGENCY FACILITY,"An emergency management facility from which a particular agency’s resources are commanded, coordinated and assigned to an incident or emergency",POLICING FACILITY,WESTBURY POLICE STATION,OPERATIONAL,,WESTBURY,TASMANIA,7303,DPIPWE,2002/12/13 00:00:00+00,DPIPWE,2002/12/13 00:00:00+00,,2014/12/12 00:00:00+00,,-41.52583690299997,146.8426003630001,,WESTBURY POLICE STATION,GATAS715278591,55-57 MEANDER VALLEY ROAD,1,7303,WESTBURY,24,-41.52576114999994,146.84286931000008
148.016522223,-40.120552748,447,EMERGENCY FACILITY,"An emergency management facility from which a particular agency’s resources are commanded, coordinated and assigned to an incident or emergency",POLICING FACILITY,WHITEMARK POLICE STATION,OPERATIONAL,,WHITEMARK,TASMANIA,7255,DPIPWE,2002/12/13 00:00:00+00,DPIPWE,2002/12/13 00:00:00+00,,2014/12/12 00:00:00+00,,-40.120552747999966,148.01652222300004,,WHITEMARK POLICE STATION,GATAS702332435,10 ROBERT STREET,2,7255,WHITEMARK,21,-40.12068911999995,148.01668819000008
147.238668061,-43.15967267,448,EMERGENCY FACILITY,"An emergency management facility from which a particular agency’s resources are commanded, coordinated and assigned to an incident or emergency",POLICING FACILITY,WOODBRIDGE POLICE STATION,OPERATIONAL,,WOODBRIDGE,TASMANIA,7162,DPIPWE,2002/12/13 00:00:00+00,DPIPWE,2002/12/13 00:00:00+00,,2014/12/12 00:00:00+00,,-43.15967266999996,147.2386680610001,,WOODBRIDGE POLICE STATION,GATAS702212010,3444 CHANNEL HIGHWAY,2,7162,WOODBRIDGE,6,-43.15962707999995,147.23871651000002
145.72658906,-40.9903122489999,449,EMERGENCY FACILITY,"An emergency management facility from which a particular agency’s resources are commanded, coordinated and assigned to an incident or emergency",POLICING FACILITY,WYNYARD POLICE STATION,OPERATIONAL,,WYNYARD,TASMANIA,7325,DPIPWE,2002/12/13 00:00:00+00,DPIPWE,2002/12/13 00:00:00+00,,2014/12/12 00:00:00+00,,-40.99031224899994,145.72658906000004,,,GATAS718752733,13 EXHIBITION LINK,0,7325,WYNYARD,39,-40.990463029999944,145.72700299000007
151.660332,-33.0345199999999,450,EMERGENCY FACILITY,"An emergency management facility from which a particular agency’s resources are commanded, coordinated and assigned to an incident or emergency",POLICING FACILITY,BELMONT POLICE STATION,OPERATIONAL,2-6 HERBERT STREET,BELMONT,NEW SOUTH WALES,2280,NSW POLICE FORCE,2017/10/05 00:00:00+00,NSW POLICE FORCE,2017/10/05 00:00:00+00,,2018/09/14 00:00:00+00,,-33.03451999999993,151.66033200000004,,,GANSW708572137,2-6 HERBERT STREET,2,2280,BELMONT,17,-33.03461213999998,151.66018495000003
149.572886,-36.630153,451,EMERGENCY FACILITY,"An emergency management facility from which a particular agency’s resources are commanded, coordinated and assigned to an incident or emergency",POLICING FACILITY,BEMBOKA POLICE STATION,OPERATIONAL,35-39 LOFTUS STREET,BEMBOKA,NEW SOUTH WALES,2550,NSW POLICE FORCE,2017/10/05 00:00:00+00,NSW POLICE FORCE,2017/10/05 00:00:00+00,,2018/09/14 00:00:00+00,,-36.63015299999995,149.57288600000004,,,GANSW716736322,35-39 LOFTUS STREET,1,2550,BEMBOKA,27,-36.63029764999993,149.57264249000002
151.155781,-30.87774,452,EMERGENCY FACILITY,"An emergency management facility from which a particular agency’s resources are commanded, coordinated and assigned to an incident or emergency",POLICING FACILITY,BENDEMEER POLICE STATION,OPERATIONAL,AURORA STREET & CAROLINE STREET,BENDEMEER,NEW SOUTH WALES,2355,NSW POLICE FORCE,2017/10/05 00:00:00+00,NSW POLICE FORCE,2017/10/05 00:00:00+00,,2018/09/14 00:00:00+00,,-30.87773999999996,151.15578100000005,,,GANSW708592731,157 CAROLINE STREET,1,2355,BENDEMEER,32,-30.877491499999962,151.15561624000009
151.658244,-32.8010839999999,453,EMERGENCY FACILITY,"An emergency management facility from which a particular agency’s resources are commanded, coordinated and assigned to an incident or emergency",POLICING FACILITY,BERESFIELD POLICE STATION,OPERATIONAL,8A LAWSON AVENUE,BERESFIELD,NEW SOUTH WALES,2322,NSW POLICE FORCE,2017/10/05 00:00:00+00,NSW POLICE FORCE,2017/10/05 00:00:00+00,,2018/09/14 00:00:00+00,,-32.801083999999946,151.65824400000008,,,GANSW704093522,8 LAWSON AVENUE,1,2322,BERESFIELD,14,-32.80109823999993,151.65839628000003
150.077844,-36.427763,454,EMERGENCY FACILITY,"An emergency management facility from which a particular agency’s resources are commanded, coordinated and assigned to an incident or emergency",POLICING FACILITY,BERMAGUI SOUTH POLICE STATION,OPERATIONAL,YOUNG STREET & WALLAGA STREET,BERMAGUI,NEW SOUTH WALES,2546,NSW POLICE FORCE,2017/10/05 00:00:00+00,NSW POLICE FORCE,2017/10/05 00:00:00+00,,2018/09/14 00:00:00+00,,-36.42776299999997,150.07784400000003,,,GANSW712472874,4 WALLAGA STREET,1,2546,BERMAGUI,17,-36.42766932999996,150.07770124
148.826367,-36.3626149999999,455,EMERGENCY FACILITY,"An emergency management facility from which a particular agency’s resources are commanded, coordinated and assigned to an incident or emergency",POLICING FACILITY,BERRIDALE POLICE STATION,OPERATIONAL,LOT 1 HOSKIN STREET,BERRIDALE,NEW SOUTH WALES,2628,NSW POLICE FORCE,2017/10/05 00:00:00+00,NSW POLICE FORCE,2017/10/05 00:00:00+00,,2018/09/14 00:00:00+00,,-36.36261499999995,148.82636700000012,,,GANSW704105478,1 HOSKIN STREET,2,2628,BERRIDALE,6,-36.36263151999998,148.82643570000005
145.812609,-35.658092,456,EMERGENCY FACILITY,"An emergency management facility from which a particular agency’s resources are commanded, coordinated and assigned to an incident or emergency",POLICING FACILITY,BERRIGAN POLICE STATION,OPERATIONAL,94 JERILDERIE STREET,BERRIGAN,NEW SOUTH WALES,2712,NSW POLICE FORCE,2017/10/05 00:00:00+00,NSW POLICE FORCE,2017/10/05 00:00:00+00,,2018/09/14 00:00:00+00,,-35.658091999999954,145.81260900000007,,,GANSW712785325,94 JERILDERIE STREET,0,2712,BERRIGAN,36,-35.658371589999945,145.8128119600001
150.692824,-34.777208,457,EMERGENCY FACILITY,"An emergency management facility from which a particular agency’s resources are commanded, coordinated and assigned to an incident or emergency",POLICING FACILITY,BERRY POLICE STATION,OPERATIONAL,56 VICTORIA STREET,BERRY,NEW SOUTH WALES,2535,NSW POLICE FORCE,2017/10/05 00:00:00+00,NSW POLICE FORCE,2017/10/05 00:00:00+00,,2018/09/14 00:00:00+00,,-34.77720799999997,150.6928240000001,,,GANSW704110698,56 VICTORIA STREET,1,2535,BERRY,17,-34.77735099999995,150.6928784800001
149.14893,-34.086219,458,EMERGENCY FACILITY,"An emergency management facility from which a particular agency’s resources are commanded, coordinated and assigned to an incident or emergency",POLICING FACILITY,BIGGA POLICE STATION,OPERATIONAL,CROOKWELL STREET,BIGGA,NEW SOUTH WALES,2583,NSW POLICE FORCE,2017/10/05 00:00:00+00,NSW POLICE FORCE,2017/10/05 00:00:00+00,,2018/09/14 00:00:00+00,,-34.08621899999997,149.14893000000006,,,GANSW718841116,14-16 CROOKWELL STREET,1,2583,BIGGA,28,-34.08636213999995,149.14917562000005
148.628484,-34.6703439999999,459,EMERGENCY FACILITY,"An emergency management facility from which a particular agency’s resources are commanded, coordinated and assigned to an incident or emergency",POLICING FACILITY,BINALONG POLICE STATION,OPERATIONAL,QUEEN STREET,BINALONG,NEW SOUTH WALES,2584,NSW POLICE FORCE,2017/10/05 00:00:00+00,NSW POLICE FORCE,2017/10/05 00:00:00+00,,2018/09/14 00:00:00+00,,-34.67034399999994,148.62848400000007,,,GANSW708633587,12 STEPHENS STREET,1,2584,BINALONG,7,-34.670350259999964,148.62840648000008
150.570913,-29.8672119999999,460,EMERGENCY FACILITY,"An emergency management facility from which a particular agency’s resources are commanded, coordinated and assigned to an incident or emergency",POLICING FACILITY,BINGARA POLICE STATION,OPERATIONAL,26 MAITLAND STREET,BINGARA,NEW SOUTH WALES,2404,NSW POLICE FORCE,2017/10/05 00:00:00+00,NSW POLICE FORCE,2017/10/05 00:00:00+00,,2018/09/14 00:00:00+00,,-29.867211999999938,150.57091300000002,,,GANSW704118953,26 MAITLAND STREET,2,2404,BINGARA,14,-29.86733737999998,150.57087934000003
149.378959,-31.5493939999999,461,EMERGENCY FACILITY,"An emergency management facility from which a particular agency’s resources are commanded, coordinated and assigned to an incident or emergency",POLICING FACILITY,BINNAWAY POLICE STATION,OPERATIONAL,3-5 BULLINDA STREET,BINNAWAY,NEW SOUTH WALES,2395,NSW POLICE FORCE,2017/10/05 00:00:00+00,NSW POLICE FORCE,2017/10/05 00:00:00+00,,2018/09/14 00:00:00+00,,-31.54939399999995,149.378959,,,GANSW717945324,3-5 BULLINDA STREET,0,2395,BINNAWAY,57,-31.54895702999994,149.3786348000001
150.286521,-33.635526,462,EMERGENCY FACILITY,"An emergency management facility from which a particular agency’s resources are commanded, coordinated and assigned to an incident or emergency",POLICING FACILITY,BLACKHEATH POLICE STATION,OPERATIONAL,119 WENTWORTH AVENUE,BLACKHEATH,NEW SOUTH WALES,2785,NSW POLICE FORCE,2017/10/05 00:00:00+00,NSW POLICE FORCE,2017/10/05 00:00:00+00,,2018/09/14 00:00:00+00,,-33.63552599999997,150.2865210000001,,,GANSW704126222,119 WENTWORTH STREET,1,2785,BLACKHEATH,70,-33.63489305999997,150.28650247000007
150.905206,-33.7685769999999,463,EMERGENCY FACILITY,"An emergency management facility from which a particular agency’s resources are commanded, coordinated and assigned to an incident or emergency",POLICING FACILITY,BLACKTOWN POLICE STATION,OPERATIONAL,11 KILDARE ROAD,BLACKTOWN,NEW SOUTH WALES,2148,NSW POLICE FORCE,2017/10/05 00:00:00+00,NSW POLICE FORCE,2017/10/05 00:00:00+00,,2018/09/14 00:00:00+00,,-33.76857699999994,150.90520600000002,,,GANSW704142311,11 KILDARE ROAD,1,2148,BLACKTOWN,0,-33.76857698999993,150.90520645000004
149.254087,-33.5360039999999,464,EMERGENCY FACILITY,"An emergency management facility from which a particular agency’s resources are commanded, coordinated and assigned to an incident or emergency",POLICING FACILITY,BLAYNEY POLICE STATION,OPERATIONAL,25-27 ADELAIDE STREET,BLAYNEY,NEW SOUTH WALES,2799,NSW POLICE FORCE,2017/10/05 00:00:00+00,NSW POLICE FORCE,2017/10/05 00:00:00+00,,2018/09/14 00:00:00+00,,-33.536003999999934,149.25408700000003,,,GANSW716726419,25 ADELAIDE STREET,1,2799,BLAYNEY,25,-33.535930399999984,149.25383045
150.051827,-36.091281,465,EMERGENCY FACILITY,"An emergency management facility from which a particular agency’s resources are commanded, coordinated and assigned to an incident or emergency",POLICING FACILITY,BODALLA POLICE STATION,OPERATIONAL,96-100 PRINCES HIGHWAY,BODALLA,NEW SOUTH WALES,2545,NSW POLICE FORCE,2017/10/05 00:00:00+00,NSW POLICE FORCE,2017/10/05 00:00:00+00,,2018/09/14 00:00:00+00,,-36.09128099999998,150.05182700000012,,,GANSW704159134,96-100 PRINCES HIGHWAY,0,2545,BODALLA,61,-36.09112005999998,150.05247407000002
153.610208,-28.6420469999999,466,EMERGENCY FACILITY,"An emergency management facility from which a particular agency’s resources are commanded, coordinated and assigned to an incident or emergency",POLICING FACILITY,BYRON BAY POLICE STATION,OPERATIONAL,2-4 SHIRLEY STREET,BYRON BAY,NEW SOUTH WALES,2481,NSW POLICE FORCE,2017/10/05 00:00:00+00,NSW POLICE FORCE,2017/10/05 00:00:00+00,,2018/09/14 00:00:00+00,,-28.642046999999934,153.61020800000006,,,GANSW719881032,4 BUTLER STREET,2,2481,BYRON BAY,8,-28.64206525999998,153.61012658000004
150.935181,-33.895725,467,EMERGENCY FACILITY,"An emergency management facility from which a particular agency’s resources are commanded, coordinated and assigned to an incident or emergency",POLICING FACILITY,CABRAMATTA POLICE STATION,OPERATIONAL,243-249 CABRAMATTA ROAD WEST,CABRAMATTA,NEW SOUTH WALES,2166,NSW POLICE FORCE,2017/10/05 00:00:00+00,NSW POLICE FORCE,2017/10/05 00:00:00+00,,2018/09/14 00:00:00+00,,-33.89572499999997,150.93518100000006,,,GANSW704266018,245 CABRAMATTA ROAD,1,2166,CABRAMATTA,12,-33.89561659999998,150.93519956000011
150.817238,-34.0625949999999,468,EMERGENCY FACILITY,"An emergency management facility from which a particular agency’s resources are commanded, coordinated and assigned to an incident or emergency",POLICING FACILITY,CAMPBELLTOWN POLICE STATION,OPERATIONAL,65 QUEEN STREET,CAMPBELLTOWN,NEW SOUTH WALES,2560,NSW POLICE FORCE,2017/10/05 00:00:00+00,NSW POLICE FORCE,2017/10/05 00:00:00+00,,2018/09/14 00:00:00+00,,-34.06259499999993,150.8172380000001,,,GANSW704309994,65 QUEEN STREET,2,2560,CAMPBELLTOWN,11,-34.06255644999993,150.81734439000002
151.098481,-33.9109839999999,469,EMERGENCY FACILITY,"An emergency management facility from which a particular agency’s resources are commanded, coordinated and assigned to an incident or emergency",POLICING FACILITY,CAMPSIE POLICE STATION,OPERATIONAL,58 CAMPSIE STREET,CAMPSIE,NEW SOUTH WALES,2194,NSW POLICE FORCE,2017/10/05 00:00:00+00,NSW POLICE FORCE,2017/10/05 00:00:00+00,,2018/09/14 00:00:00+00,,-33.91098399999993,151.0984810000001,,,GANSW708768055,58 CAMPSIE STREET,0,2194,CAMPSIE,25,-33.91120506999994,151.09851456
148.665045,-33.5683549999999,470,EMERGENCY FACILITY,"An emergency management facility from which a particular agency’s resources are commanded, coordinated and assigned to an incident or emergency",POLICING FACILITY,CANOWINDRA POLICE STATION,OPERATIONAL,8 GASKILL STREET,CANOWINDRA,NEW SOUTH WALES,2804,NSW POLICE FORCE,2017/10/05 00:00:00+00,NSW POLICE FORCE,2017/10/05 00:00:00+00,,2018/09/14 00:00:00+00,,-33.56835499999994,148.66504500000008,,,GANSW713036084,8 GASKILL STREET,1,2804,CANOWINDRA,14,-33.56823220999996,148.66508577000002
149.448402,-35.588117,471,EMERGENCY FACILITY,"An emergency management facility from which a particular agency’s resources are commanded, coordinated and assigned to an incident or emergency",POLICING FACILITY,CAPTAINS FLAT POLICE STATION,OPERATIONAL,178 FOXLOW STREET,CAPTAINS FLAT,NEW SOUTH WALES,2623,NSW POLICE FORCE,2017/10/05 00:00:00+00,NSW POLICE FORCE,2017/10/05 00:00:00+00,,2018/09/14 00:00:00+00,,-35.588116999999954,149.4484020000001,,,GANSW708799315,178 FOXLOW STREET,2,2623,CAPTAINS FLAT,15,-35.58822320999997,149.44830431000003
149.141224,-33.611216,472,EMERGENCY FACILITY,"An emergency management facility from which a particular agency’s resources are commanded, coordinated and assigned to an incident or emergency",POLICING FACILITY,CARCOAR POLICE STATION,OPERATIONAL,2 ICELY STREET,CARCOAR,NEW SOUTH WALES,2791,NSW POLICE FORCE,2017/10/05 00:00:00+00,NSW POLICE FORCE,2017/10/05 00:00:00+00,,2018/09/14 00:00:00+00,,-33.611215999999956,149.14122400000008,,,GANSW715621776,2 ICELY STREET,0,2791,CARCOAR,156,-33.61113809999995,149.13954582000008
147.688494,-30.4655509999999,473,EMERGENCY FACILITY,"An emergency management facility from which a particular agency’s resources are commanded, coordinated and assigned to an incident or emergency",POLICING FACILITY,CARINDA POLICE STATION,OPERATIONAL,HARE STREET,CARINDA,NEW SOUTH WALES,2831,NSW POLICE FORCE,2017/10/05 00:00:00+00,NSW POLICE FORCE,2017/10/05 00:00:00+00,,2018/09/14 00:00:00+00,,-30.465550999999948,147.6884940000001,,,GANSW718777882,6 HARE STREET,1,2831,CARINDA,86,-30.466240659999983,147.68808060000003
145.431653,-34.407958,474,EMERGENCY FACILITY,"An emergency management facility from which a particular agency’s resources are commanded, coordinated and assigned to an incident or emergency",POLICING FACILITY,CARRATHOOL POLICE STATION,OPERATIONAL,LOT 1 GLOVER STREET,CARRATHOOL,NEW SOUTH WALES,2711,NSW POLICE FORCE,2017/10/05 00:00:00+00,NSW POLICE FORCE,2017/10/05 00:00:00+00,,2018/09/14 00:00:00+00,,-34.40795799999995,145.4316530000001,,CARRATHOOL PUBLIC SCHOOL,GANSW718168433,LOT 1 GLOVER STREET,0,2711,CARRATHOOL,284,-34.40858936999996,145.43464314000005
153.047259,-28.8664239999999,475,EMERGENCY FACILITY,"An emergency management facility from which a particular agency’s resources are commanded, coordinated and assigned to an incident or emergency",POLICING FACILITY,CASINO POLICE STATION,OPERATIONAL,70 WALKER STREET,CASINO,NEW SOUTH WALES,2470,NSW POLICE FORCE,2017/10/05 00:00:00+00,NSW POLICE FORCE,2017/10/05 00:00:00+00,,2018/09/14 00:00:00+00,,-28.866423999999938,153.04725900000005,,,GANSW712298551,70 WALKER STREET,1,2470,CASINO,4,-28.866419529999973,153.04721414000005
149.981401,-32.007235,476,EMERGENCY FACILITY,"An emergency management facility from which a particular agency’s resources are commanded, coordinated and assigned to an incident or emergency",POLICING FACILITY,CASSILIS POLICE STATION,OPERATIONAL,11 BRANKSOME STREET,CASSILIS,NEW SOUTH WALES,2329,NSW POLICE FORCE,2017/10/05 00:00:00+00,NSW POLICE FORCE,2017/10/05 00:00:00+00,,2018/09/14 00:00:00+00,,-32.00723499999998,149.98140100000012,,,GANSW717324537,9-13 BRANKSOME STREET,2,2329,CASSILIS,51,-32.00757860999994,149.98176660000001
151.004233,-33.7307959999999,477,EMERGENCY FACILITY,"An emergency management facility from which a particular agency’s resources are commanded, coordinated and assigned to an incident or emergency",POLICING FACILITY,CASTLE HILL POLICE STATION,OPERATIONAL,16-22 CASTLE STREET,CASTLE HILL,NEW SOUTH WALES,2154,NSW POLICE FORCE,2017/10/05 00:00:00+00,NSW POLICE FORCE,2017/10/05 00:00:00+00,,2018/09/14 00:00:00+00,,-33.73079599999994,151.0042330000001,,,GANSW711163480,16-22 CASTLE STREET,0,2154,CASTLE HILL,23,-33.73062466999994,151.00409795000007
151.357808,-32.8321359999999,478,EMERGENCY FACILITY,"An emergency management facility from which a particular agency’s resources are commanded, coordinated and assigned to an incident or emergency",POLICING FACILITY,CESSNOCK POLICE STATION,OPERATIONAL,227 MAITLAND STREET,CESSNOCK,NEW SOUTH WALES,2325,NSW POLICE FORCE,2017/10/05 00:00:00+00,NSW POLICE FORCE,2017/10/05 00:00:00+00,,2018/09/14 00:00:00+00,,-32.832135999999934,151.3578080000001,,,GANSW717438123,227 MAITLAND ROAD,1,2325,CESSNOCK,37,-32.83193498999998,151.3581252900001
151.696852,-32.9642009999999,479,EMERGENCY FACILITY,"An emergency management facility from which a particular agency’s resources are commanded, coordinated and assigned to an incident or emergency",POLICING FACILITY,CHARLESTOWN POLICE STATION,OPERATIONAL,25-27 SMITH STREET,CHARLESTOWN,NEW SOUTH WALES,2290,NSW POLICE FORCE,2017/10/05 00:00:00+00,NSW POLICE FORCE,2017/10/05 00:00:00+00,,2018/09/14 00:00:00+00,,-32.964200999999946,151.69685200000004,,,GANSW718587905,25-27 SMITH STREET,1,2290,CHARLESTOWN,17,-32.96424731999997,151.6966809500001
151.186343,-33.796792,480,EMERGENCY FACILITY,"An emergency management facility from which a particular agency’s resources are commanded, coordinated and assigned to an incident or emergency",POLICING FACILITY,CHATSWOOD POLICE STATION,OPERATIONAL,63 ARCHER STREET,CHATSWOOD,NEW SOUTH WALES,2067,NSW POLICE FORCE,2017/10/05 00:00:00+00,NSW POLICE FORCE,2017/10/05 00:00:00+00,,2018/09/14 00:00:00+00,,-33.79679199999998,151.18634300000008,,,GANSW716852856,63 ARCHER STREET,1,2067,CHATSWOOD,50,-33.796494019999955,151.18593242000009
151.77925,-32.5854679999999,481,EMERGENCY FACILITY,"An emergency management facility from which a particular agency’s resources are commanded, coordinated and assigned to an incident or emergency",POLICING FACILITY,CLARENCE TOWN POLICE STATION,OPERATIONAL,113 PRINCE STREET,CLARENCE TOWN,NEW SOUTH WALES,2321,NSW POLICE FORCE,2017/10/05 00:00:00+00,NSW POLICE FORCE,2017/10/05 00:00:00+00,,2018/09/14 00:00:00+00,,-32.585467999999935,151.77925000000005,,,GANSW704415370,113 PRINCE STREET,1,2321,CLARENCE TOWN,0,-32.585468419999984,151.77924980000012
145.835827,-31.498849,482,EMERGENCY FACILITY,"An emergency management facility from which a particular agency’s resources are commanded, coordinated and assigned to an incident or emergency",POLICING FACILITY,COBAR POLICE STATION,OPERATIONAL,29 BARTON STREET,COBAR,NEW SOUTH WALES,2835,NSW POLICE FORCE,2017/10/05 00:00:00+00,NSW POLICE FORCE,2017/10/05 00:00:00+00,,2018/09/14 00:00:00+00,,-31.49884899999995,145.8358270000001,,,GANSW713067518,29 BARTON STREET,2,2835,COBAR,18,-31.498828629999934,145.8356405500001
149.889721,-36.38909,483,EMERGENCY FACILITY,"An emergency management facility from which a particular agency’s resources are commanded, coordinated and assigned to an incident or emergency",POLICING FACILITY,COBARGO POLICE STATION,OPERATIONAL,24-26 BERMAGUI ROAD,COBARGO,NEW SOUTH WALES,2550,NSW POLICE FORCE,2017/10/05 00:00:00+00,NSW POLICE FORCE,2017/10/05 00:00:00+00,,2018/09/14 00:00:00+00,,-36.38908999999995,149.88972100000012,,,GANSW718260553,24-28 COBARGO BERMAGUI ROAD,1,2550,COBARGO,20,-36.38909356999994,149.88993888000005
153.116839006,-30.291794664,484,EMERGENCY FACILITY,"An emergency management facility from which a particular agency’s resources are commanded, coordinated and assigned to an incident or emergency",POLICING FACILITY,COFFS HARBOUR POLICE STATION,OPERATIONAL,2 BERYL STREET,COFFS HARBOUR,NEW SOUTH WALES,2450,NSW POLICE FORCE,2017/10/05 00:00:00+00,NSW POLICE FORCE,2017/10/05 00:00:00+00,,2018/09/14 00:00:00+00,,-30.29179466399995,153.11683900600008,,,GANSW716647239,2-16 BERYL STREET,1,2450,COFFS HARBOUR,29,-30.291530799999975,153.1168191800001
145.879297,-34.8072589999999,485,EMERGENCY FACILITY,"An emergency management facility from which a particular agency’s resources are commanded, coordinated and assigned to an incident or emergency",POLICING FACILITY,COLEAMBALLY POLICE STATION,OPERATIONAL,BROLGA PLACE & KOOKABURRA AVENUE,COLEAMBALLY,NEW SOUTH WALES,2707,NSW POLICE FORCE,2017/10/05 00:00:00+00,NSW POLICE FORCE,2017/10/05 00:00:00+00,,2018/09/14 00:00:00+00,,-34.80725899999993,145.87929700000007,,,GANSW719178487,33 KOOKABURRA AVENUE,0,2707,COLEAMBALLY,57,-34.80705158999996,145.87872629000003
148.578158,-29.545137,486,EMERGENCY FACILITY,"An emergency management facility from which a particular agency’s resources are commanded, coordinated and assigned to an incident or emergency",POLICING FACILITY,COLLARENEBRI POLICE STATION,OPERATIONAL,WALGETT STREET & EARL STREET,COLLARENEBRI,NEW SOUTH WALES,2833,NSW POLICE FORCE,2017/10/05 00:00:00+00,NSW POLICE FORCE,2017/10/05 00:00:00+00,,2018/09/14 00:00:00+00,,-29.545136999999954,148.57815800000003,,,GANSW718739571,25 WALGETT STREET,1,2833,COLLARENEBRI,33,-29.544926199999964,148.57839947000002
149.43085,-34.915335,487,EMERGENCY FACILITY,"An emergency management facility from which a particular agency’s resources are commanded, coordinated and assigned to an incident or emergency",POLICING FACILITY,COLLECTOR POLICE STATION,OPERATIONAL,BOURKE STREET,COLLECTOR,NEW SOUTH WALES,2581,NSW POLICE FORCE,2017/10/05 00:00:00+00,NSW POLICE FORCE,2017/10/05 00:00:00+00,,2018/09/14 00:00:00+00,,-34.91533499999997,149.43085000000008,,,GANSW720613543,27 BOURKE STREET,0,2581,COLLECTOR,22,-34.91518475999993,149.43100735000007
152.466496,-31.605832,488,EMERGENCY FACILITY,"An emergency management facility from which a particular agency’s resources are commanded, coordinated and assigned to an incident or emergency",POLICING FACILITY,COMBOYNE POLICE STATION,OPERATIONAL,37 THONE STREET,COMBOYNE,NEW SOUTH WALES,2429,NSW POLICE FORCE,2017/10/05 00:00:00+00,NSW POLICE FORCE,2017/10/05 00:00:00+00,,2018/09/14 00:00:00+00,,-31.605831999999964,152.46649600000012,,,GANSW704453182,37 THONE STREET,2,2429,COMBOYNE,22,-31.606032119999952,152.46648073000006
147.151971,-33.088562,489,EMERGENCY FACILITY,"An emergency management facility from which a particular agency’s resources are commanded, coordinated and assigned to an incident or emergency",POLICING FACILITY,CONDOBOLIN POLICE STATION,OPERATIONAL,8  DENISON STREET,CONDOBOLIN,NEW SOUTH WALES,2877,NSW POLICE FORCE,2017/10/05 00:00:00+00,NSW POLICE FORCE,2017/10/05 00:00:00+00,,2018/09/14 00:00:00+00,,-33.08856199999997,147.15197100000012,,,GANSW708921354,29 BATHURST STREET,1,2877,CONDOBOLIN,16,-33.08853782999995,147.15179866000005
149.722103,-31.8228389999999,490,EMERGENCY FACILITY,"An emergency management facility from which a particular agency’s resources are commanded, coordinated and assigned to an incident or emergency",POLICING FACILITY,COOLAH POLICE STATION,OPERATIONAL,16 BINNIA STREET,COOLAH,NEW SOUTH WALES,2843,NSW POLICE FORCE,2017/10/05 00:00:00+00,NSW POLICE FORCE,2017/10/05 00:00:00+00,,2018/09/14 00:00:00+00,,-31.82283899999993,149.72210300000006,,,GANSW704462052,16 BINNIA STREET,2,2843,COOLAH,26,-31.82306448999998,149.72218164000003
149.122454,-36.2344469999999,491,EMERGENCY FACILITY,"An emergency management facility from which a particular agency’s resources are commanded, coordinated and assigned to an incident or emergency",POLICING FACILITY,COOMA POLICE STATION,OPERATIONAL,87 MASSIE STREET,COOMA,NEW SOUTH WALES,2630,NSW POLICE FORCE,2017/10/05 00:00:00+00,NSW POLICE FORCE,2017/10/05 00:00:00+00,,2018/09/14 00:00:00+00,,-36.23444699999993,149.12245400000006,,,GANSW712728984,22 SOHO STREET,2,2630,COOMA,19,-36.23435495999996,149.1222779200001
149.277844,-31.273605,492,EMERGENCY FACILITY,"An emergency management facility from which a particular agency’s resources are commanded, coordinated and assigned to an incident or emergency",POLICING FACILITY,COONABARABRAN POLICE STATION,OPERATIONAL,58 DALGARNO STREET,COONABARABRAN,NEW SOUTH WALES,2357,NSW POLICE FORCE,2017/10/05 00:00:00+00,NSW POLICE FORCE,2017/10/05 00:00:00+00,,2018/09/14 00:00:00+00,,-31.273604999999975,149.27784400000007,,,GANSW712107681,58 DALGARNO STREET,1,2357,COONABARABRAN,12,-31.273568049999938,149.27795833000005
148.389275,-30.954689,493,EMERGENCY FACILITY,"An emergency management facility from which a particular agency’s resources are commanded, coordinated and assigned to an incident or emergency",POLICING FACILITY,COONAMBLE POLICE STATION,OPERATIONAL,25 ABERFORD STREET,COONAMBLE,NEW SOUTH WALES,2829,NSW POLICE FORCE,2017/10/05 00:00:00+00,NSW POLICE FORCE,2017/10/05 00:00:00+00,,2018/09/14 00:00:00+00,,-30.954688999999973,148.3892750000001,,,GANSW708938475,25 ABERFORD STREET,1,2829,COONAMBLE,12,-30.954789209999944,148.3892390100001
152.613067,-31.825007,494,EMERGENCY FACILITY,"An emergency management facility from which a particular agency’s resources are commanded, coordinated and assigned to an incident or emergency",POLICING FACILITY,COOPERNOOK POLICE STATION,OPERATIONAL,HENRY STREET & MACQUARIE STREET,COOPERNOOK,NEW SOUTH WALES,2426,NSW POLICE FORCE,2017/10/05 00:00:00+00,NSW POLICE FORCE,2017/10/05 00:00:00+00,,2018/09/14 00:00:00+00,,-31.82500699999997,152.61306700000011,,,GANSW708939199,14 MACQUARIE STREET,2,2426,COOPERNOOK,11,-31.825103269999943,152.61311022000007
148.024099,-34.6402229999999,495,EMERGENCY FACILITY,"An emergency management facility from which a particular agency’s resources are commanded, coordinated and assigned to an incident or emergency",POLICING FACILITY,COOTAMUNDRA POLICE STATION,OPERATIONAL,101 COOPER STREET,COOTAMUNDRA,NEW SOUTH WALES,2590,NSW POLICE FORCE,2017/10/05 00:00:00+00,NSW POLICE FORCE,2017/10/05 00:00:00+00,,2018/09/14 00:00:00+00,,-34.640222999999935,148.0240990000001,,,GANSW713153207,101 COOPER STREET,0,2590,COOTAMUNDRA,12,-34.64021200999997,148.0239664600001
152.77673,-29.584739,496,EMERGENCY FACILITY,"An emergency management facility from which a particular agency’s resources are commanded, coordinated and assigned to an incident or emergency",POLICING FACILITY,COPMANHURST POLICE STATION,OPERATIONAL,PRESCOTT STREET,COPMANHURST,NEW SOUTH WALES,2460,NSW POLICE FORCE,2017/10/05 00:00:00+00,NSW POLICE FORCE,2017/10/05 00:00:00+00,,2018/09/14 00:00:00+00,,-29.584738999999956,152.77673000000004,,,GANSW704487495,12 PRESCOTT STREET,2,2460,COPMANHURST,32,-29.58491891999995,152.77698349000002
153.28639,-28.983955,497,EMERGENCY FACILITY,"An emergency management facility from which a particular agency’s resources are commanded, coordinated and assigned to an incident or emergency",POLICING FACILITY,CORAKI POLICE STATION,OPERATIONAL,127 RICHMOND TERRACE,CORAKI,NEW SOUTH WALES,2471,NSW POLICE FORCE,2017/10/05 00:00:00+00,NSW POLICE FORCE,2017/10/05 00:00:00+00,,2018/09/14 00:00:00+00,,-28.98395499999998,153.2863900000001,,,GANSW712264859,127 RICHMOND TERRACE,0,2471,CORAKI,11,-28.983933839999963,153.28628534000006
145.937135,-30.0903939999999,498,EMERGENCY FACILITY,"An emergency management facility from which a particular agency’s resources are commanded, coordinated and assigned to an incident or emergency",POLICING FACILITY,BOURKE POLICE STATION,OPERATIONAL,46 OXLEY STREET,BOURKE,NEW SOUTH WALES,2840,NSW POLICE FORCE,2017/10/05 00:00:00+00,NSW POLICE FORCE,2017/10/05 00:00:00+00,,2018/09/14 00:00:00+00,,-30.090393999999947,145.937135,,,GANSW716739676,46 OXLEY STREET,2,2840,BOURKE,0,-30.09039445999997,145.93713480000008
150.420925,-34.479338,499,EMERGENCY FACILITY,"An emergency management facility from which a particular agency’s resources are commanded, coordinated and assigned to an incident or emergency",POLICING FACILITY,BOWRAL POLICE STATION,OPERATIONAL,53 WINGECARRIBEE STREET,BOWRAL,NEW SOUTH WALES,2576,NSW POLICE FORCE,2017/10/05 00:00:00+00,NSW POLICE FORCE,2017/10/05 00:00:00+00,,2018/09/14 00:00:00+00,,-34.479337999999984,150.420925,,,GANSW708706404,55 WINGECARRIBEE STREET,0,2576,BOWRAL,18,-34.479426529999955,150.42108832000008
152.853362,-30.645361,500,EMERGENCY FACILITY,"An emergency management facility from which a particular agency’s resources are commanded, coordinated and assigned to an incident or emergency",POLICING FACILITY,BOWRAVILLE POLICE STATION,OPERATIONAL,25A HIGH STREET,BOWRAVILLE,NEW SOUTH WALES,2449,NSW POLICE FORCE,2017/10/05 00:00:00+00,NSW POLICE FORCE,2017/10/05 00:00:00+00,,2018/09/14 00:00:00+00,,-30.64536099999998,152.85336200000006,,,GANSW704219432,25 HIGH STREET,2,2449,BOWRAVILLE,14,-30.64528138999998,152.85348018000002
149.799441,-35.4417759999999,501,EMERGENCY FACILITY,"An emergency management facility from which a particular agency’s resources are commanded, coordinated and assigned to an incident or emergency",POLICING FACILITY,BRAIDWOOD POLICE STATION,OPERATIONAL,170 WALLACE STREET,BRAIDWOOD,NEW SOUTH WALES,2622,NSW POLICE FORCE,2017/10/05 00:00:00+00,NSW POLICE FORCE,2017/10/05 00:00:00+00,,2018/09/14 00:00:00+00,,-35.44177599999995,149.79944100000012,,,GANSW717681407,170 WALLACE STREET,1,2622,BRAIDWOOD,13,-35.441753319999975,149.79930509000008
151.352764,-32.657563,502,EMERGENCY FACILITY,"An emergency management facility from which a particular agency’s resources are commanded, coordinated and assigned to an incident or emergency",POLICING FACILITY,BRANXTON POLICE STATION,OPERATIONAL,52 CESSNOCK ROAD,BRANXTON,NEW SOUTH WALES,2335,NSW POLICE FORCE,2017/10/05 00:00:00+00,NSW POLICE FORCE,2017/10/05 00:00:00+00,,2018/09/14 00:00:00+00,,-32.65756299999998,151.3527640000001,,POLICE STATION,GANSW712091285,52 CESSNOCK ROAD,2,2335,BRANXTON,15,-32.657460139999955,151.35265733000006
146.859876,-29.9614999999999,503,EMERGENCY FACILITY,"An emergency management facility from which a particular agency’s resources are commanded, coordinated and assigned to an incident or emergency",POLICING FACILITY,BREWARRINA POLICE STATION,OPERATIONAL,96 BATHURST STREET,BREWARRINA,NEW SOUTH WALES,2839,NSW POLICE FORCE,2017/10/05 00:00:00+00,NSW POLICE FORCE,2017/10/05 00:00:00+00,,2018/09/14 00:00:00+00,,-29.961499999999944,146.8598760000001,,,GANSW718365869,96 BATHURST STREET,0,2839,BREWARRINA,0,-29.96149975999998,146.8598755700001
141.464763,-31.958495,504,EMERGENCY FACILITY,"An emergency management facility from which a particular agency’s resources are commanded, coordinated and assigned to an incident or emergency",POLICING FACILITY,BROKEN HILL POLICE STATION,OPERATIONAL,252 ARGENT STREET,BROKEN HILL,NEW SOUTH WALES,2880,NSW POLICE FORCE,2017/10/05 00:00:00+00,NSW POLICE FORCE,2017/10/05 00:00:00+00,,2018/09/14 00:00:00+00,,-31.95849499999997,141.46476300000006,,,GANSW704222571,252 ARGENT STREET,1,2880,BROKEN HILL,16,-31.958407679999937,141.46463347000008
153.551446,-28.5409129999999,505,EMERGENCY FACILITY,"An emergency management facility from which a particular agency’s resources are commanded, coordinated and assigned to an incident or emergency",POLICING FACILITY,BRUNSWICK HEADS POLICE STATION,OPERATIONAL,20 FINGAL STREET,BRUNSWICK HEADS,NEW SOUTH WALES,2483,NSW POLICE FORCE,2017/10/05 00:00:00+00,NSW POLICE FORCE,2017/10/05 00:00:00+00,,2018/09/14 00:00:00+00,,-28.540912999999932,153.55144600000006,,,GANSW712321624,20 FINGAL STREET,0,2483,BRUNSWICK HEADS,136,-28.54087568999995,153.5500556300001
153.011921,-30.219957,506,EMERGENCY FACILITY,"An emergency management facility from which a particular agency’s resources are commanded, coordinated and assigned to an incident or emergency",POLICING FACILITY,CORAMBA POLICE STATION,OPERATIONAL,71-73 GALE STREET & MAIN ROAD,CORAMBA,NEW SOUTH WALES,2450,NSW POLICE FORCE,2017/10/05 00:00:00+00,NSW POLICE FORCE,2017/10/05 00:00:00+00,,2018/09/14 00:00:00+00,,-30.219956999999965,153.01192100000003,,,GANSW704480072,71-73 GALE STREET,1,2450,CORAMBA,19,-30.21987482999998,153.01209145000007
146.389807,-35.998636,507,EMERGENCY FACILITY,"An emergency management facility from which a particular agency’s resources are commanded, coordinated and assigned to an incident or emergency",POLICING FACILITY,COROWA POLICE STATION,OPERATIONAL,15 QUEEN STREET,COROWA,NEW SOUTH WALES,2646,NSW POLICE FORCE,2017/10/05 00:00:00+00,NSW POLICE FORCE,2017/10/05 00:00:00+00,,2018/09/14 00:00:00+00,,-35.998635999999976,146.38980700000002,,,GANSW717483007,17 QUEEN STREET,0,2646,COROWA,9,-35.99868853999993,146.38972904000002
150.896506,-34.380938,508,EMERGENCY FACILITY,"An emergency management facility from which a particular agency’s resources are commanded, coordinated and assigned to an incident or emergency",POLICING FACILITY,CORRIMAL POLICE STATION,OPERATIONAL,414-416 PRINCES HIGHWAY,CORRIMAL,NEW SOUTH WALES,2518,NSW POLICE FORCE,2017/10/05 00:00:00+00,NSW POLICE FORCE,2017/10/05 00:00:00+00,,2018/09/14 00:00:00+00,,-34.38093799999996,150.89650600000004,,,GANSW706449967,412-416 PRINCES HIGHWAY,1,2518,CORRIMAL,19,-34.38096532999998,150.89671096000006
148.691029,-33.834015,509,EMERGENCY FACILITY,"An emergency management facility from which a particular agency’s resources are commanded, coordinated and assigned to an incident or emergency",POLICING FACILITY,COWRA POLICE STATION,OPERATIONAL,86-88 BRISBANE STREET,COWRA,NEW SOUTH WALES,2794,NSW POLICE FORCE,2017/10/05 00:00:00+00,NSW POLICE FORCE,2017/10/05 00:00:00+00,,2018/09/14 00:00:00+00,,-33.834014999999965,148.69102900000007,,,GANSW712995501,86 BRISBANE STREET,2,2794,COWRA,18,-33.83386238999998,148.6909750200001
152.974345,-31.188994,510,EMERGENCY FACILITY,"An emergency management facility from which a particular agency’s resources are commanded, coordinated and assigned to an incident or emergency",POLICING FACILITY,CRESCENT HEAD POLICE STATION,OPERATIONAL,17B PACIFIC STREET,CRESCENT HEAD,NEW SOUTH WALES,2440,NSW POLICE FORCE,2017/10/05 00:00:00+00,NSW POLICE FORCE,2017/10/05 00:00:00+00,,2018/09/14 00:00:00+00,,-31.18899399999998,152.97434500000008,,,GANSW708967133,17 PACIFIC STREET,2,2440,CRESCENT HEAD,11,-31.188917809999964,152.9744239700001
151.152032,-34.051285,511,EMERGENCY FACILITY,"An emergency management facility from which a particular agency’s resources are commanded, coordinated and assigned to an incident or emergency",POLICING FACILITY,CRONULLA POLICE STATION,OPERATIONAL,THE KINGSWAY & CROYDON STREET,CRONULLA,NEW SOUTH WALES,2230,NSW POLICE FORCE,2017/10/05 00:00:00+00,NSW POLICE FORCE,2017/10/05 00:00:00+00,,2018/09/14 00:00:00+00,,-34.05128499999995,151.15203200000008,,,GANSW704515456,34 KINGSWAY ,1,2230,CRONULLA,14,-34.05135562999993,151.15190346000009
149.467921,-34.456464,512,EMERGENCY FACILITY,"An emergency management facility from which a particular agency’s resources are commanded, coordinated and assigned to an incident or emergency",POLICING FACILITY,CROOKWELL POLICE STATION,OPERATIONAL,33 GOULBURN STREET,CROOKWELL,NEW SOUTH WALES,2583,NSW POLICE FORCE,2017/10/05 00:00:00+00,NSW POLICE FORCE,2017/10/05 00:00:00+00,,2018/09/14 00:00:00+00,,-34.45646399999998,149.46792100000005,,,GANSW716468490,33 GOULBURN STREET,0,2583,CROOKWELL,660,-34.46052468999994,149.47317425000006
148.740128,-33.287921,513,EMERGENCY FACILITY,"An emergency management facility from which a particular agency’s resources are commanded, coordinated and assigned to an incident or emergency",POLICING FACILITY,CUDAL POLICE STATION,OPERATIONAL,16 TOOGONG STREET,CUDAL,NEW SOUTH WALES,2864,NSW POLICE FORCE,2017/10/05 00:00:00+00,NSW POLICE FORCE,2017/10/05 00:00:00+00,,2018/09/14 00:00:00+00,,-33.28792099999998,148.74012800000003,,,GANSW716744472,16 TOOGONG STREET,0,2864,CUDAL,12,-33.288025319999974,148.7401408500001
152.211379,-32.412539,514,EMERGENCY FACILITY,"An emergency management facility from which a particular agency’s resources are commanded, coordinated and assigned to an incident or emergency",POLICING FACILITY,BULAHDELAH POLICE STATION,OPERATIONAL,12 MEAD STREET,BULAHDELAH,NEW SOUTH WALES,2423,NSW POLICE FORCE,2017/10/05 00:00:00+00,NSW POLICE FORCE,2017/10/05 00:00:00+00,,2018/09/14 00:00:00+00,,-32.41253899999998,152.21137900000008,,,GANSW712144429,12 MEADE STREET,1,2423,BULAHDELAH,40,-32.41221010999993,152.21120299000006
151.024817,-32.6563219999999,515,EMERGENCY FACILITY,"An emergency management facility from which a particular agency’s resources are commanded, coordinated and assigned to an incident or emergency",POLICING FACILITY,BULGA POLICE STATION,OPERATIONAL,2104 PUTTY ROAD,BULGA,NEW SOUTH WALES,2330,NSW POLICE FORCE,2017/10/05 00:00:00+00,NSW POLICE FORCE,2017/10/05 00:00:00+00,,2018/09/14 00:00:00+00,,-32.65632199999993,151.0248170000001,,POLICE STATION,GANSW704248543,2104 PUTTY ROAD,2,2330,BULGA,57,-32.65682104999996,151.02497146000007
150.298663,-34.65651,516,EMERGENCY FACILITY,"An emergency management facility from which a particular agency’s resources are commanded, coordinated and assigned to an incident or emergency",POLICING FACILITY,BUNDANOON POLICE STATION,OPERATIONAL,ANZAC PARADE,BUNDANOON,NEW SOUTH WALES,2578,NSW POLICE FORCE,2017/10/05 00:00:00+00,NSW POLICE FORCE,2017/10/05 00:00:00+00,,2018/09/14 00:00:00+00,,-34.65650999999997,150.29866300000003,,,GANSW712641980,3 ANZAC PARADE,2,2578,BUNDANOON,0,-34.656510399999945,150.2986632400001
151.074692,-30.171667,517,EMERGENCY FACILITY,"An emergency management facility from which a particular agency’s resources are commanded, coordinated and assigned to an incident or emergency",POLICING FACILITY,BUNDARRA POLICE STATION,OPERATIONAL,3 OLIVER STREET,BUNDARRA,NEW SOUTH WALES,2359,NSW POLICE FORCE,2017/10/05 00:00:00+00,NSW POLICE FORCE,2017/10/05 00:00:00+00,,2018/09/14 00:00:00+00,,-30.171666999999957,151.07469200000003,,,GANSW704271829,3 OLIVER STREET,1,2359,BUNDARRA,23,-30.171459349999964,151.07469091000007
149.443695,-35.25488,518,EMERGENCY FACILITY,"An emergency management facility from which a particular agency’s resources are commanded, coordinated and assigned to an incident or emergency",POLICING FACILITY,BUNGENDORE POLICE STATION,OPERATIONAL,49-51 GIBRALTAR STREET,BUNGENDORE,NEW SOUTH WALES,2621,NSW POLICE FORCE,2017/10/05 00:00:00+00,NSW POLICE FORCE,2017/10/05 00:00:00+00,,2018/09/14 00:00:00+00,,-35.25487999999996,149.44369500000005,,,GANSW717373662,47 GIBRALTAR STREET,0,2621,BUNGENDORE,10,-35.25490741999994,149.44379735000007
142.182312,-34.1701409999999,519,EMERGENCY FACILITY,"An emergency management facility from which a particular agency’s resources are commanded, coordinated and assigned to an incident or emergency",POLICING FACILITY,BURONGA POLICE STATION,OPERATIONAL,2-4 CHAPMAN STREET,BURONGA,NEW SOUTH WALES,2739,NSW POLICE FORCE,2017/10/05 00:00:00+00,NSW POLICE FORCE,2017/10/05 00:00:00+00,,2018/09/14 00:00:00+00,,-34.170140999999944,142.18231200000002,,,GANSW718149421,2 CHAPMAN STREET,1,2739,BURONGA,16,-34.17014756999998,142.18248097000003
148.965516,-30.1033659999999,520,EMERGENCY FACILITY,"An emergency management facility from which a particular agency’s resources are commanded, coordinated and assigned to an incident or emergency",POLICING FACILITY,BURREN JUNCTION POLICE STATION,OPERATIONAL,ALMA STREET,BURREN JUNCTION,NEW SOUTH WALES,2386,NSW POLICE FORCE,2017/10/05 00:00:00+00,NSW POLICE FORCE,2017/10/05 00:00:00+00,,2018/09/14 00:00:00+00,,-30.103365999999937,148.9655160000001,,,GANSW718536571,13 WATERLOO STREET,1,2386,BURREN JUNCTION,10,-30.103290079999965,148.96545321000008
151.104994,-33.87889,521,EMERGENCY FACILITY,"An emergency management facility from which a particular agency’s resources are commanded, coordinated and assigned to an incident or emergency",POLICING FACILITY,BURWOOD POLICE STATION,OPERATIONAL,9A BELMORE STREET,BURWOOD,NEW SOUTH WALES,2134,NSW POLICE FORCE,2017/10/05 00:00:00+00,NSW POLICE FORCE,2017/10/05 00:00:00+00,,2018/09/14 00:00:00+00,,-33.878889999999956,151.10499400000003,,,GANSW708744152,9 BELMORE STREET,0,2134,BURWOOD,23,-33.87891076999995,151.10524013000008
148.470074,-31.329692,522,EMERGENCY FACILITY,"An emergency management facility from which a particular agency’s resources are commanded, coordinated and assigned to an incident or emergency",POLICING FACILITY,GULARGAMBONE POLICE STATION,OPERATIONAL,45 BOURBAH STREET,GULARGAMBONE,NEW SOUTH WALES,2828,NSW POLICE FORCE,2017/10/05 00:00:00+00,NSW POLICE FORCE,2017/10/05 00:00:00+00,,2018/09/14 00:00:00+00,,-31.329691999999966,148.47007400000007,,,GANSW713029793,45 BOURBAH STREET,2,2828,GULARGAMBONE,17,-31.329824069999972,148.46998010000004
149.532298,-32.3636529999999,523,EMERGENCY FACILITY,"An emergency management facility from which a particular agency’s resources are commanded, coordinated and assigned to an incident or emergency",POLICING FACILITY,GULGONG POLICE STATION,OPERATIONAL,61 MEDLEY STREET,GULGONG,NEW SOUTH WALES,2852,NSW POLICE FORCE,2017/10/05 00:00:00+00,NSW POLICE FORCE,2017/10/05 00:00:00+00,,2018/09/14 00:00:00+00,,-32.36365299999994,149.53229800000008,,,GANSW713079964,61 MEDLEY STREET,1,2852,GULGONG,24,-32.36379125999997,149.53248870000004
148.105491,-35.0637369999999,524,EMERGENCY FACILITY,"An emergency management facility from which a particular agency’s resources are commanded, coordinated and assigned to an incident or emergency",POLICING FACILITY,GUNDAGAI POLICE STATION,OPERATIONAL,16 BYRON STREET,GUNDAGAI,NEW SOUTH WALES,2722,NSW POLICE FORCE,2017/10/05 00:00:00+00,NSW POLICE FORCE,2017/10/05 00:00:00+00,,2018/09/14 00:00:00+00,,-35.063736999999946,148.10549100000003,,,GANSW716729135,16 BYRON STREET,2,2722,GUNDAGAI,15,-35.06374940999996,148.10532754000008
150.256798,-30.9787219999999,525,EMERGENCY FACILITY,"An emergency management facility from which a particular agency’s resources are commanded, coordinated and assigned to an incident or emergency",POLICING FACILITY,GUNNEDAH POLICE STATION,OPERATIONAL,36 ABBOTT STREET,GUNNEDAH,NEW SOUTH WALES,2380,NSW POLICE FORCE,2017/10/05 00:00:00+00,NSW POLICE FORCE,2017/10/05 00:00:00+00,,2018/09/14 00:00:00+00,,-30.978721999999948,150.25679800000012,,,GANSW704894730,36 ABBOTT STREET,0,2380,GUNNEDAH,23,-30.978670939999972,150.25656475000005
151.671005,-30.222789,526,EMERGENCY FACILITY,"An emergency management facility from which a particular agency’s resources are commanded, coordinated and assigned to an incident or emergency",POLICING FACILITY,GUYRA POLICE STATION,OPERATIONAL,178-180 BRADLEY STREET,GUYRA,NEW SOUTH WALES,2365,NSW POLICE FORCE,2017/10/05 00:00:00+00,NSW POLICE FORCE,2017/10/05 00:00:00+00,,2018/09/14 00:00:00+00,,-30.222788999999977,151.67100500000004,,,GANSW715359292,178 BRADLEY STREET,2,2365,GUYRA,44,-30.222958149999954,151.67059484000004
148.971845,-30.6066039999999,527,EMERGENCY FACILITY,"An emergency management facility from which a particular agency’s resources are commanded, coordinated and assigned to an incident or emergency",POLICING FACILITY,GWABEGAR POLICE STATION,OPERATIONAL,ROSENTHAL STREET,GWABEGAR,NEW SOUTH WALES,2356,NSW POLICE FORCE,2017/10/05 00:00:00+00,NSW POLICE FORCE,2017/10/05 00:00:00+00,,2018/09/14 00:00:00+00,,-30.606603999999948,148.97184500000003,,,GANSW718244199,13 ROSENTHAL STREET,2,2356,GWABEGAR,31,-30.606379069999946,148.97202919000006
148.369562,-34.554585,528,EMERGENCY FACILITY,"An emergency management facility from which a particular agency’s resources are commanded, coordinated and assigned to an incident or emergency",POLICING FACILITY,HARDEN POLICE STATION,OPERATIONAL,5 STATION STREET,HARDEN,NEW SOUTH WALES,2587,NSW POLICE FORCE,2017/10/05 00:00:00+00,NSW POLICE FORCE,2017/10/05 00:00:00+00,,2018/09/14 00:00:00+00,,-34.554584999999975,148.3695620000001,,,GANSW712649198,5 STATION STREET,0,2587,HARDEN,229,-34.556589379999934,148.36896839000008
144.842308,-34.5088489999999,529,EMERGENCY FACILITY,"An emergency management facility from which a particular agency’s resources are commanded, coordinated and assigned to an incident or emergency",POLICING FACILITY,HAY POLICE STATION,OPERATIONAL,412 MOPPETT STREET,HAY,NEW SOUTH WALES,2711,NSW POLICE FORCE,2017/10/05 00:00:00+00,NSW POLICE FORCE,2017/10/05 00:00:00+00,,2018/09/14 00:00:00+00,,-34.50884899999994,144.84230800000012,,,GANSW716880687,412 MOPPETT STREET,0,2711,HAY,13,-34.50896364999994,144.84227178000003
151.849541,-29.4450009999999,530,EMERGENCY FACILITY,"An emergency management facility from which a particular agency’s resources are commanded, coordinated and assigned to an incident or emergency",POLICING FACILITY,DEEPWATER POLICE STATION,OPERATIONAL,GOUGH STREET & SIMPSON STREET,DEEPWATER,NEW SOUTH WALES,2371,NSW POLICE FORCE,2017/10/05 00:00:00+00,NSW POLICE FORCE,2017/10/05 00:00:00+00,,2018/09/14 00:00:00+00,,-29.445000999999934,151.84954100000004,,,GANSW709018203,55 GOUGH STREET,2,2371,DEEPWATER,34,-29.445289439999954,151.84942220000005
148.943362,-37.0432319999999,531,EMERGENCY FACILITY,"An emergency management facility from which a particular agency’s resources are commanded, coordinated and assigned to an incident or emergency",POLICING FACILITY,DELEGATE POLICE STATION,OPERATIONAL,30 BOMBALA STREET,DELEGATE,NEW SOUTH WALES,2633,NSW POLICE FORCE,2017/10/05 00:00:00+00,NSW POLICE FORCE,2017/10/05 00:00:00+00,,2018/09/14 00:00:00+00,,-37.04323199999993,148.9433620000001,,POLICE STATION,GANSW712709384,30 BOMBALA STREET,1,2633,DELEGATE,53,-37.04307113999994,148.9439260800001
150.829146,-29.654549,532,EMERGENCY FACILITY,"An emergency management facility from which a particular agency’s resources are commanded, coordinated and assigned to an incident or emergency",POLICING FACILITY,DELUNGRA POLICE STATION,OPERATIONAL,4 GUNNEE STREET,DELUNGRA,NEW SOUTH WALES,2403,NSW POLICE FORCE,2017/10/05 00:00:00+00,NSW POLICE FORCE,2017/10/05 00:00:00+00,,2018/09/14 00:00:00+00,,-29.654548999999975,150.82914600000004,,,GANSW712125722,4 GUNNEE STREET,2,2403,DELUNGRA,22,-29.654523429999983,150.82891615000005
144.963909,-35.525136,533,EMERGENCY FACILITY,"An emergency management facility from which a particular agency’s resources are commanded, coordinated and assigned to an incident or emergency",POLICING FACILITY,DENILIQUIN POLICE STATION,OPERATIONAL,7 HARDINGE STREET,DENILIQUIN,NEW SOUTH WALES,2710,NSW POLICE FORCE,2017/10/05 00:00:00+00,NSW POLICE FORCE,2017/10/05 00:00:00+00,,2018/09/14 00:00:00+00,,-35.525135999999975,144.96390900000006,,,GANSW716468805,7 HARDINGE STREET,0,2710,DENILIQUIN,861,-35.53003326999993,144.9565490000001
150.68756,-32.3938039999999,534,EMERGENCY FACILITY,"An emergency management facility from which a particular agency’s resources are commanded, coordinated and assigned to an incident or emergency",POLICING FACILITY,DENMAN POLICE STATION,OPERATIONAL,30 PALACE STREET,DENMAN,NEW SOUTH WALES,2328,NSW POLICE FORCE,2017/10/05 00:00:00+00,NSW POLICE FORCE,2017/10/05 00:00:00+00,,2018/09/14 00:00:00+00,,-32.39380399999993,150.68756000000008,,,GANSW712015436,30 PALACE STREET,2,2328,DENMAN,65,-32.394289869999966,150.68716514000005
152.709889,-30.341449,535,EMERGENCY FACILITY,"An emergency management facility from which a particular agency’s resources are commanded, coordinated and assigned to an incident or emergency",POLICING FACILITY,DORRIGO POLICE STATION,OPERATIONAL,2 BIELSDOWN STREET,DORRIGO,NEW SOUTH WALES,2453,NSW POLICE FORCE,2017/10/05 00:00:00+00,NSW POLICE FORCE,2017/10/05 00:00:00+00,,2018/09/14 00:00:00+00,,-30.341448999999955,152.7098890000001,,,GANSW704588117,2 BIELSDOWN STREET,2,2453,DORRIGO,34,-30.341161899999975,152.7097630600001
148.603664,-32.2465559999999,536,EMERGENCY FACILITY,"An emergency management facility from which a particular agency’s resources are commanded, coordinated and assigned to an incident or emergency",POLICING FACILITY,DUBBO POLICE STATION,OPERATIONAL,143 BRISBANE STREET,DUBBO,NEW SOUTH WALES,2830,NSW POLICE FORCE,2017/10/05 00:00:00+00,NSW POLICE FORCE,2017/10/05 00:00:00+00,,2018/09/14 00:00:00+00,,-32.24655599999994,148.6036640000001,,,GANSW713163565,143 BRISBANE STREET,2,2830,DUBBO,33,-32.24648025999994,148.60332371000004
151.754259,-32.4016319999999,537,EMERGENCY FACILITY,"An emergency management facility from which a particular agency’s resources are commanded, coordinated and assigned to an incident or emergency",POLICING FACILITY,DUNGOG POLICE STATION,OPERATIONAL,52 BROWN STREET,DUNGOG,NEW SOUTH WALES,2420,NSW POLICE FORCE,2017/10/05 00:00:00+00,NSW POLICE FORCE,2017/10/05 00:00:00+00,,2018/09/14 00:00:00+00,,-32.40163199999995,151.75425900000005,,,GANSW717367570,50 BROWN STREET,1,2420,DUNGOG,10,-32.40170301999996,151.7543235500001
150.817766,-34.0327,538,EMERGENCY FACILITY,"An emergency management facility from which a particular agency’s resources are commanded, coordinated and assigned to an incident or emergency",POLICING FACILITY,EAGLEVALE POLICE STATION,OPERATIONAL,GOULD ROAD & FELDSPAR ROAD,EAGLE VALE,NEW SOUTH WALES,2558,NSW POLICE FORCE,2017/10/05 00:00:00+00,NSW POLICE FORCE,2017/10/05 00:00:00+00,,2018/09/14 00:00:00+00,,-34.03269999999998,150.81776600000012,,,GANSW717427858,18 FELDSPAR ROAD,1,2558,EAGLE VALE,9,-34.03263955999995,150.81770805000008
151.551707,-32.4286739999999,539,EMERGENCY FACILITY,"An emergency management facility from which a particular agency’s resources are commanded, coordinated and assigned to an incident or emergency",POLICING FACILITY,EAST GRESFORD POLICE STATION,OPERATIONAL,14-16 DURHAM ROAD,EAST GRESFORD,NEW SOUTH WALES,2311,NSW POLICE FORCE,2017/10/05 00:00:00+00,NSW POLICE FORCE,2017/10/05 00:00:00+00,,2018/09/14 00:00:00+00,,-32.428673999999944,151.55170700000008,,,GANSW717889968,14-16 DURHAM ROAD,0,2311,EAST GRESFORD,31,-32.42843863999997,151.55188621000002
151.083683,-33.7902569999999,540,EMERGENCY FACILITY,"An emergency management facility from which a particular agency’s resources are commanded, coordinated and assigned to an incident or emergency",POLICING FACILITY,EASTWOOD POLICE STATION,OPERATIONAL,3 ETHEL STREET,EASTWOOD,NEW SOUTH WALES,2122,NSW POLICE FORCE,2017/10/05 00:00:00+00,NSW POLICE FORCE,2017/10/05 00:00:00+00,,2018/09/14 00:00:00+00,,-33.79025699999994,151.08368300000006,,,GANSW718407871,3 ETHEL STREET,0,2122,EASTWOOD,4,-33.79029038999994,151.0836906300001
149.907748,-37.0683549999999,541,EMERGENCY FACILITY,"An emergency management facility from which a particular agency’s resources are commanded, coordinated and assigned to an incident or emergency",POLICING FACILITY,EDEN POLICE STATION,OPERATIONAL,129 IMLAY STREET,EDEN,NEW SOUTH WALES,2551,NSW POLICE FORCE,2017/10/05 00:00:00+00,NSW POLICE FORCE,2017/10/05 00:00:00+00,,2018/09/14 00:00:00+00,,-37.06835499999994,149.90774800000008,,,GANSW713134865,129 IMLAY STREET,1,2551,EDEN,879,-37.06119628999994,149.9035127400001
151.225465,-33.8730849999999,542,EMERGENCY FACILITY,"An emergency management facility from which a particular agency’s resources are commanded, coordinated and assigned to an incident or emergency",POLICING FACILITY,KINGS CROSS POLICE STATION,OPERATIONAL,1-15 ELIZABETH BAY ROAD,ELIZABETH BAY,NEW SOUTH WALES,2011,NSW POLICE FORCE,2017/10/05 00:00:00+00,NSW POLICE FORCE,2017/10/05 00:00:00+00,,2018/09/14 00:00:00+00,,-33.873084999999946,151.2254650000001,,,GANSW710317171,1 ELIZABETH BAY ROAD,0,2011,ELIZABETH BAY,9,-33.87313963999998,151.22552887000006
151.59822,-29.44497,543,EMERGENCY FACILITY,"An emergency management facility from which a particular agency’s resources are commanded, coordinated and assigned to an incident or emergency",POLICING FACILITY,EMMAVILLE POLICE STATION,OPERATIONAL,88 MOORE STREET,EMMAVILLE,NEW SOUTH WALES,2371,NSW POLICE FORCE,2017/10/05 00:00:00+00,NSW POLICE FORCE,2017/10/05 00:00:00+00,,2018/09/14 00:00:00+00,,-29.444969999999955,151.59822000000008,,,GANSW717908052,88 MOORE STREET,0,2371,EMMAVILLE,28,-29.44498231999995,151.59851119000007
151.015632,-34.063258,544,EMERGENCY FACILITY,"An emergency management facility from which a particular agency’s resources are commanded, coordinated and assigned to an incident or emergency",POLICING FACILITY,ENGADINE POLICE STATION,OPERATIONAL,98-100 CALDARRA AVENUE,ENGADINE,NEW SOUTH WALES,2233,NSW POLICE FORCE,2017/10/05 00:00:00+00,NSW POLICE FORCE,2017/10/05 00:00:00+00,,2018/09/14 00:00:00+00,,-34.06325799999996,151.0156320000001,,,GANSW711657263,98-100 CALDARRA AVENUE,0,2233,ENGADINE,24,-34.06330940999993,151.01588834000006
145.845954,-29.3179069999999,545,EMERGENCY FACILITY,"An emergency management facility from which a particular agency’s resources are commanded, coordinated and assigned to an incident or emergency",POLICING FACILITY,ENNGONIA POLICE STATION,OPERATIONAL,BELALIE STREET & SHEARER STREET,ENNGONIA,NEW SOUTH WALES,2840,NSW POLICE FORCE,2017/10/05 00:00:00+00,NSW POLICE FORCE,2017/10/05 00:00:00+00,,2018/09/14 00:00:00+00,,-29.317906999999934,145.84595400000012,,,GANSW719887251,21 BELALIE STREET,1,2840,ENNGONIA,31,-29.317653389999975,145.84580906000008
151.053,-33.8151999999999,546,EMERGENCY FACILITY,"An emergency management facility from which a particular agency’s resources are commanded, coordinated and assigned to an incident or emergency",POLICING FACILITY,ERMINGTON POLICE STATION,OPERATIONAL,18 LISTER AVENUE,ERMINGTON,NEW SOUTH WALES,2115,NSW POLICE FORCE,2017/10/05 00:00:00+00,NSW POLICE FORCE,2017/10/05 00:00:00+00,,2018/09/14 00:00:00+00,,-33.81519999999995,151.0530000000001,,,GANSW710879510,18 LISTER AVENUE,1,2115,ERMINGTON,6,-33.81525400999993,151.0530153300001
148.371261,-33.428604,547,EMERGENCY FACILITY,"An emergency management facility from which a particular agency’s resources are commanded, coordinated and assigned to an incident or emergency",POLICING FACILITY,EUGOWRA POLICE STATION,OPERATIONAL,43-45 NANIMA STREET,EUGOWRA,NEW SOUTH WALES,2806,NSW POLICE FORCE,2017/10/05 00:00:00+00,NSW POLICE FORCE,2017/10/05 00:00:00+00,,2018/09/14 00:00:00+00,,-33.42860399999995,148.37126100000012,,,GANSW704715472,43-45 NANIMA STREET,0,2806,EUGOWRA,10,-33.42864535999996,148.37116388000004
142.745365,-34.575848,548,EMERGENCY FACILITY,"An emergency management facility from which a particular agency’s resources are commanded, coordinated and assigned to an incident or emergency",POLICING FACILITY,EUSTON POLICE STATION,OPERATIONAL,43 MURRAY TERRACE,EUSTON,NEW SOUTH WALES,2737,NSW POLICE FORCE,2017/10/05 00:00:00+00,NSW POLICE FORCE,2017/10/05 00:00:00+00,,2018/09/14 00:00:00+00,,-34.57584799999995,142.7453650000001,,,GANSW709133879,43 MURRAY TERRACE,2,2737,EUSTON,0,-34.57584777999995,142.74536509000006
153.428619,-29.119767,549,EMERGENCY FACILITY,"An emergency management facility from which a particular agency’s resources are commanded, coordinated and assigned to an incident or emergency",POLICING FACILITY,EVANS HEAD POLICE STATION,OPERATIONAL,TEAK STREET & CEDAR STREET,EVANS HEAD,NEW SOUTH WALES,2473,NSW POLICE FORCE,2017/10/05 00:00:00+00,NSW POLICE FORCE,2017/10/05 00:00:00+00,,2018/09/14 00:00:00+00,,-29.119766999999968,153.42861900000003,,,GANSW709132033,21 CEDAR STREET,2,2473,EVANS HEAD,14,-29.119896489999974,153.42860727000004
150.956406,-33.870106,550,EMERGENCY FACILITY,"An emergency management facility from which a particular agency’s resources are commanded, coordinated and assigned to an incident or emergency",POLICING FACILITY,FAIRFIELD POLICE STATION,OPERATIONAL,40-42 SMART STREET,FAIRFIELD,NEW SOUTH WALES,2165,NSW POLICE FORCE,2017/10/05 00:00:00+00,NSW POLICE FORCE,2017/10/05 00:00:00+00,,2018/09/14 00:00:00+00,,-33.870105999999964,150.95640600000002,,,GANSW718423918,40-42 SMART STREET,1,2165,FAIRFIELD,20,-33.86999930999997,150.9565730700001
145.576155,-35.643702,551,EMERGENCY FACILITY,"An emergency management facility from which a particular agency’s resources are commanded, coordinated and assigned to an incident or emergency",POLICING FACILITY,FINLEY POLICE STATION,OPERATIONAL,215-221 MURRAY STREET,FINLEY,NEW SOUTH WALES,2713,NSW POLICE FORCE,2017/10/05 00:00:00+00,NSW POLICE FORCE,2017/10/05 00:00:00+00,,2018/09/14 00:00:00+00,,-35.64370199999996,145.57615500000009,,,GANSW718103631,215-221 MURRAY STREET,1,2713,FINLEY,13,-35.64369869999996,145.57601693000004
151.128246,-33.8681089999999,552,EMERGENCY FACILITY,"An emergency management facility from which a particular agency’s resources are commanded, coordinated and assigned to an incident or emergency",POLICING FACILITY,FIVE DOCK POLICE STATION,OPERATIONAL,14 GARFIELD STREET,FIVE DOCK,NEW SOUTH WALES,2046,NSW POLICE FORCE,2017/10/05 00:00:00+00,NSW POLICE FORCE,2017/10/05 00:00:00+00,,2018/09/14 00:00:00+00,,-33.86810899999995,151.1282460000001,,,GANSW704743394,14 GARFIELD STREET,2,2046,FIVE DOCK,24,-33.86790159999998,151.1283107700001
148.00847,-33.3868469999999,553,EMERGENCY FACILITY,"An emergency management facility from which a particular agency’s resources are commanded, coordinated and assigned to an incident or emergency",POLICING FACILITY,FORBES POLICE STATION,OPERATIONAL,6-8 VICTORIA LANE,FORBES,NEW SOUTH WALES,2871,NSW POLICE FORCE,2017/10/05 00:00:00+00,NSW POLICE FORCE,2017/10/05 00:00:00+00,,2018/09/14 00:00:00+00,,-33.38684699999993,148.0084700000001,,,GANSW717931203,6-8 VICTORIA LANE,1,2871,FORBES,10,-33.38693489999997,148.00848657000006
151.228423,-33.749224,554,EMERGENCY FACILITY,"An emergency management facility from which a particular agency’s resources are commanded, coordinated and assigned to an incident or emergency",POLICING FACILITY,FRENCHS FOREST POLICE STATION,OPERATIONAL,137-139 FRENCHS FOREST ROAD,FRENCHS FOREST,NEW SOUTH WALES,2086,NSW POLICE FORCE,2017/10/05 00:00:00+00,NSW POLICE FORCE,2017/10/05 00:00:00+00,,2018/09/14 00:00:00+00,,-33.74922399999997,151.22842300000002,,,GANSW709190080,139 FRENCHS FOREST ROAD,1,2086,FRENCHS FOREST,21,-33.74936530999997,151.22828059000005
147.042242,-34.796303,555,EMERGENCY FACILITY,"An emergency management facility from which a particular agency’s resources are commanded, coordinated and assigned to an incident or emergency",POLICING FACILITY,GANMAIN POLICE STATION,OPERATIONAL,44 LANGHAM STREET,GANMAIN,NEW SOUTH WALES,2702,NSW POLICE FORCE,2017/10/05 00:00:00+00,NSW POLICE FORCE,2017/10/05 00:00:00+00,,2018/09/14 00:00:00+00,,-34.796302999999966,147.0422420000001,,,GANSW712790798,44 LANGHAM STREET,2,2702,GANMAIN,14,-34.79618928999997,147.04218101000004
149.636164,-29.07616,556,EMERGENCY FACILITY,"An emergency management facility from which a particular agency’s resources are commanded, coordinated and assigned to an incident or emergency",POLICING FACILITY,GARAH POLICE STATION,OPERATIONAL,BENARBA STREET & RAILWAY PARADE,GARAH,NEW SOUTH WALES,2405,NSW POLICE FORCE,2017/10/05 00:00:00+00,NSW POLICE FORCE,2017/10/05 00:00:00+00,,2018/09/14 00:00:00+00,,-29.07615999999996,149.63616400000012,,,GANSW717964148,27 RAILWAY PARADE,1,2405,GARAH,12,-29.076072989999943,149.63624362000007
148.827439,-32.399351,557,EMERGENCY FACILITY,"An emergency management facility from which a particular agency’s resources are commanded, coordinated and assigned to an incident or emergency",POLICING FACILITY,GEURIE POLICE STATION,OPERATIONAL,58 JENNINGS STREET,GEURIE,NEW SOUTH WALES,2818,NSW POLICE FORCE,2017/10/05 00:00:00+00,NSW POLICE FORCE,2017/10/05 00:00:00+00,,2018/09/14 00:00:00+00,,-32.39935099999997,148.82743900000003,,,GANSW709187902,58 JENNINGS STREET,0,2818,GEURIE,25,-32.39928636999997,148.82769717000008
148.66719,-31.7101939999999,558,EMERGENCY FACILITY,"An emergency management facility from which a particular agency’s resources are commanded, coordinated and assigned to an incident or emergency",POLICING FACILITY,GILGANDRA POLICE STATION,OPERATIONAL,12 MYRTLE STREET,GILGANDRA,NEW SOUTH WALES,2827,NSW POLICE FORCE,2017/10/05 00:00:00+00,NSW POLICE FORCE,2017/10/05 00:00:00+00,,2018/09/14 00:00:00+00,,-31.710193999999944,148.66719000000012,,,GANSW713079835,12 MYRTLE STREET,2,2827,GILGANDRA,27,-31.710018009999942,148.6669881800001
151.128962,-33.8369029999999,559,EMERGENCY FACILITY,"An emergency management facility from which a particular agency’s resources are commanded, coordinated and assigned to an incident or emergency",POLICING FACILITY,GLADESVILLE POLICE STATION,OPERATIONAL,8 VICTORIA ROAD,GLADESVILLE,NEW SOUTH WALES,2111,NSW POLICE FORCE,2017/10/05 00:00:00+00,NSW POLICE FORCE,2017/10/05 00:00:00+00,,2018/09/14 00:00:00+00,,-33.83690299999995,151.12896200000012,,,GANSW710852375,8 VICTORIA ROAD,1,2111,GLADESVILLE,10,-33.836879619999934,151.12907022000002
152.945216,-31.027188,560,EMERGENCY FACILITY,"An emergency management facility from which a particular agency’s resources are commanded, coordinated and assigned to an incident or emergency",POLICING FACILITY,GLADSTONE POLICE STATION,OPERATIONAL,2 KINCHELA STREET,GLADSTONE,NEW SOUTH WALES,2440,NSW POLICE FORCE,2017/10/05 00:00:00+00,NSW POLICE FORCE,2017/10/05 00:00:00+00,,2018/09/14 00:00:00+00,,-31.027187999999967,152.94521600000007,,,GANSW716804906,2 KINCHELA STREET,0,2440,GLADSTONE,14,-31.02710799999994,152.94510205000006
151.188415,-33.880193,561,EMERGENCY FACILITY,"An emergency management facility from which a particular agency’s resources are commanded, coordinated and assigned to an incident or emergency",POLICING FACILITY,GLEBE POLICE STATION,OPERATIONAL,1-3 TALFOURD STREET,GLEBE,NEW SOUTH WALES,2037,NSW POLICE FORCE,2017/10/05 00:00:00+00,NSW POLICE FORCE,2017/10/05 00:00:00+00,,2018/09/14 00:00:00+00,,-33.88019299999996,151.18841500000008,,,GANSW709209213,1-3 TALFOURD STREET,1,2037,GLEBE,89,-33.87958133999996,151.18779628000004
150.753439,-34.931998,562,EMERGENCY FACILITY,"An emergency management facility from which a particular agency’s resources are commanded, coordinated and assigned to an incident or emergency",POLICING FACILITY,CULBURRA POLICE STATION,OPERATIONAL,PRINCE EDWARD AVENUE,CULBURRA BEACH,NEW SOUTH WALES,2540,NSW POLICE FORCE,2017/10/05 00:00:00+00,NSW POLICE FORCE,2017/10/05 00:00:00+00,,2018/09/14 00:00:00+00,,-34.931997999999965,150.75343900000007,,,GANSW720781455,984 CULBURRA ROAD,1,2540,CULBURRA BEACH,8,-34.93192554999996,150.75341730000002
147.036534,-35.668193,563,EMERGENCY FACILITY,"An emergency management facility from which a particular agency’s resources are commanded, coordinated and assigned to an incident or emergency",POLICING FACILITY,CULCAIRN POLICE STATION,OPERATIONAL,33 BALFOUR STREET,CULCAIRN,NEW SOUTH WALES,2660,NSW POLICE FORCE,2017/10/05 00:00:00+00,NSW POLICE FORCE,2017/10/05 00:00:00+00,,2018/09/14 00:00:00+00,,-35.668192999999974,147.03653400000007,,,GANSW704537251,33 BALFOUR STREET,2,2660,CULCAIRN,24,-35.66840651999996,147.03658784000004
148.75127,-32.9297779999999,564,EMERGENCY FACILITY,"An emergency management facility from which a particular agency’s resources are commanded, coordinated and assigned to an incident or emergency",POLICING FACILITY,CUMNOCK POLICE STATION,OPERATIONAL,MCLAUGHLIN STREET,CUMNOCK,NEW SOUTH WALES,2867,NSW POLICE FORCE,2017/10/05 00:00:00+00,NSW POLICE FORCE,2017/10/05 00:00:00+00,,2018/09/14 00:00:00+00,,-32.92977799999994,148.7512700000001,,,GANSW717852128,21 MCLAUGHLAN STREET,2,2867,CUMNOCK,36,-32.93004052999993,148.7515001600001
150.264761,-31.116812,565,EMERGENCY FACILITY,"An emergency management facility from which a particular agency’s resources are commanded, coordinated and assigned to an incident or emergency",POLICING FACILITY,CURLEWIS POLICE STATION,OPERATIONAL,40 GORAN STREET,CURLEWIS,NEW SOUTH WALES,2381,NSW POLICE FORCE,2017/10/05 00:00:00+00,NSW POLICE FORCE,2017/10/05 00:00:00+00,,2018/09/14 00:00:00+00,,-31.11681199999998,150.26476100000002,,,GANSW708976994,40 GORAN STREET,1,2381,CURLEWIS,34,-31.116872499999943,150.26510987000006
150.798455,-34.495639,566,EMERGENCY FACILITY,"An emergency management facility from which a particular agency’s resources are commanded, coordinated and assigned to an incident or emergency",POLICING FACILITY,DAPTO POLICE STATION,OPERATIONAL,72 BYAMEE STREET,DAPTO,NEW SOUTH WALES,2530,NSW POLICE FORCE,2017/10/05 00:00:00+00,NSW POLICE FORCE,2017/10/05 00:00:00+00,,2018/09/14 00:00:00+00,,-34.49563899999998,150.7984550000001,,,GANSW704549538,72-74 BYAMEE STREET,2,2530,DAPTO,0,-34.49563883999997,150.79845530000011
142.044112,-34.0953689999999,567,EMERGENCY FACILITY,"An emergency management facility from which a particular agency’s resources are commanded, coordinated and assigned to an incident or emergency",POLICING FACILITY,DARETON POLICE STATION,OPERATIONAL,52 STURT PLACE,DARETON,NEW SOUTH WALES,2717,NSW POLICE FORCE,2017/10/05 00:00:00+00,NSW POLICE FORCE,2017/10/05 00:00:00+00,,2018/09/14 00:00:00+00,,-34.09536899999995,142.04411200000004,,,GANSW712820980,52 STURT PLACE,0,2717,DARETON,31,-34.09516809999997,142.04434593000008
146.000155,-34.567482,568,EMERGENCY FACILITY,"An emergency management facility from which a particular agency’s resources are commanded, coordinated and assigned to an incident or emergency",POLICING FACILITY,DARLINGTON POINT POLICE STATION,OPERATIONAL,BRIDGE STREET,DARLINGTON POINT,NEW SOUTH WALES,2706,NSW POLICE FORCE,2017/10/05 00:00:00+00,NSW POLICE FORCE,2017/10/05 00:00:00+00,,2018/09/14 00:00:00+00,,-34.567481999999984,146.00015500000006,,,GANSW712774723,6 MACLEAY STREET,2,2706,DARLINGTON POINT,18,-34.56732152999996,146.0001636600001
151.285349,-33.75244,569,EMERGENCY FACILITY,"An emergency management facility from which a particular agency’s resources are commanded, coordinated and assigned to an incident or emergency",POLICING FACILITY,DEE WHY POLICE STATION,OPERATIONAL,ST DAVIDS AVENUE & FISCHER ROAD,DEE WHY,NEW SOUTH WALES,2099,NSW POLICE FORCE,2017/10/05 00:00:00+00,NSW POLICE FORCE,2017/10/05 00:00:00+00,,2018/09/14 00:00:00+00,,-33.75243999999998,151.2853490000001,,,GANSW717174048,1 ST DAVID AVENUE,1,2099,DEE WHY,0,-33.75243974999995,151.28534939000008
151.736892,-29.736905,570,EMERGENCY FACILITY,"An emergency management facility from which a particular agency’s resources are commanded, coordinated and assigned to an incident or emergency",POLICING FACILITY,GLEN INNES POLICE STATION,OPERATIONAL,126 MEADE STREET,GLEN INNES,NEW SOUTH WALES,2370,NSW POLICE FORCE,2017/10/05 00:00:00+00,NSW POLICE FORCE,2017/10/05 00:00:00+00,,2018/09/14 00:00:00+00,,-29.73690499999998,151.736892,,,GANSW718228573,126 MEADE STREET,1,2370,GLEN INNES,45,-29.73660469999993,151.7365781100001
152.97855,-30.050782,571,EMERGENCY FACILITY,"An emergency management facility from which a particular agency’s resources are commanded, coordinated and assigned to an incident or emergency",POLICING FACILITY,GLENREAGH POLICE STATION,OPERATIONAL,CORAMBA STREET,GLENREAGH,NEW SOUTH WALES,2450,NSW POLICE FORCE,2017/10/05 00:00:00+00,NSW POLICE FORCE,2017/10/05 00:00:00+00,,2018/09/14 00:00:00+00,,-30.05078199999997,152.97855000000004,,,GANSW704819739,54 CORAMBA STREET,1,2450,GLENREAGH,14,-30.05074290999994,152.97841229000005
151.959185,-32.0042299999999,572,EMERGENCY FACILITY,"An emergency management facility from which a particular agency’s resources are commanded, coordinated and assigned to an incident or emergency",POLICING FACILITY,GLOUCESTER POLICE STATION,OPERATIONAL,8 CHURCH STREET,GLOUCESTER,NEW SOUTH WALES,2422,NSW POLICE FORCE,2017/10/05 00:00:00+00,NSW POLICE FORCE,2017/10/05 00:00:00+00,,2018/09/14 00:00:00+00,,-32.00422999999995,151.95918500000005,,,GANSW712105941,8 CHURCH STREET,1,2422,GLOUCESTER,24,-32.00443643999995,151.95927213000004
147.450934,-29.1146259999999,573,EMERGENCY FACILITY,"An emergency management facility from which a particular agency’s resources are commanded, coordinated and assigned to an incident or emergency",POLICING FACILITY,GOODOOGA POLICE STATION,OPERATIONAL,ADAM STREET,GOODOOGA,NEW SOUTH WALES,2838,NSW POLICE FORCE,2017/10/05 00:00:00+00,NSW POLICE FORCE,2017/10/05 00:00:00+00,,2018/09/14 00:00:00+00,,-29.11462599999993,147.45093400000007,,,GANSW717757941,32 ADAMS STREET,1,2838,GOODOOGA,16,-29.114498169999933,147.45085730000005
145.709344,-33.9802819999999,574,EMERGENCY FACILITY,"An emergency management facility from which a particular agency’s resources are commanded, coordinated and assigned to an incident or emergency",POLICING FACILITY,GOOLGOWI POLICE STATION,OPERATIONAL,6 STIPA STREET,GOOLGOWI,NEW SOUTH WALES,2652,NSW POLICE FORCE,2017/10/05 00:00:00+00,NSW POLICE FORCE,2017/10/05 00:00:00+00,,2018/09/14 00:00:00+00,,-33.98028199999993,145.7093440000001,,,GANSW709231617,6 STIPA STREET,2,2652,GOOLGOWI,20,-33.98021515999994,145.70954553
148.435595,-33.6152749999999,575,EMERGENCY FACILITY,"An emergency management facility from which a particular agency’s resources are commanded, coordinated and assigned to an incident or emergency",POLICING FACILITY,GOOLOOGONG POLICE STATION,OPERATIONAL,18-20 FORBES STREET,GOOLOOGONG,NEW SOUTH WALES,2805,NSW POLICE FORCE,2017/10/05 00:00:00+00,NSW POLICE FORCE,2017/10/05 00:00:00+00,,2018/09/14 00:00:00+00,,-33.61527499999994,148.43559500000003,,,GANSW713017740,22 KING STREET,2,2805,GOOLOOGONG,39,-33.61558881999997,148.43578795000008
151.152441,-33.7540319999999,576,EMERGENCY FACILITY,"An emergency management facility from which a particular agency’s resources are commanded, coordinated and assigned to an incident or emergency",POLICING FACILITY,GORDON POLICE STATION,OPERATIONAL,2 PARK AVENUE,GORDON,NEW SOUTH WALES,2072,NSW POLICE FORCE,2017/10/05 00:00:00+00,NSW POLICE FORCE,2017/10/05 00:00:00+00,,2018/09/14 00:00:00+00,,-33.75403199999994,151.15244100000007,,GORDON PRE SCHOOL CENTRE,GANSW704861370,2 PARK AVENUE,2,2072,GORDON,84,-33.753450199999975,151.1530211700001
151.341428,-33.430439,577,EMERGENCY FACILITY,"An emergency management facility from which a particular agency’s resources are commanded, coordinated and assigned to an incident or emergency",POLICING FACILITY,GOSFORD POLICE STATION,OPERATIONAL,9-11 MANN STREET,GOSFORD,NEW SOUTH WALES,2250,NSW POLICE FORCE,2017/10/05 00:00:00+00,NSW POLICE FORCE,2017/10/05 00:00:00+00,,2018/09/14 00:00:00+00,,-33.43043899999998,151.34142800000006,,,GANSW704840489,9-11 MANN STREET,1,2250,GOSFORD,61,-33.430832349999946,151.34189329000003
149.721889,-34.753543,578,EMERGENCY FACILITY,"An emergency management facility from which a particular agency’s resources are commanded, coordinated and assigned to an incident or emergency",POLICING FACILITY,GOULBURN POLICE STATION,OPERATIONAL,274 SLOANE STREET,GOULBURN,NEW SOUTH WALES,2580,NSW POLICE FORCE,2017/10/05 00:00:00+00,NSW POLICE FORCE,2017/10/05 00:00:00+00,,2018/09/14 00:00:00+00,,-34.75354299999998,149.72188900000003,,,GANSW712639684,274 SLOANE STREET,0,2580,GOULBURN,25,-34.75374107999994,149.72175742000002
152.933416,-29.693348,579,EMERGENCY FACILITY,"An emergency management facility from which a particular agency’s resources are commanded, coordinated and assigned to an incident or emergency",POLICING FACILITY,GRAFTON POLICE STATION,OPERATIONAL,2 DUKE STREET,GRAFTON,NEW SOUTH WALES,2460,NSW POLICE FORCE,2017/10/05 00:00:00+00,NSW POLICE FORCE,2017/10/05 00:00:00+00,,2018/09/14 00:00:00+00,,-29.693347999999958,152.93341600000008,,,GANSW712222416,2 DUKE STREET,2,2460,GRAFTON,92,-29.694021419999956,152.93397024000012
151.009589,-33.832194,580,EMERGENCY FACILITY,"An emergency management facility from which a particular agency’s resources are commanded, coordinated and assigned to an incident or emergency",POLICING FACILITY,GRANVILLE POLICE STATION,OPERATIONAL,2 CARLTON STREET,GRANVILLE,NEW SOUTH WALES,2142,NSW POLICE FORCE,2017/10/05 00:00:00+00,NSW POLICE FORCE,2017/10/05 00:00:00+00,,2018/09/14 00:00:00+00,,-33.83219399999996,151.00958900000012,,,GANSW704876942,2 CARLTON STREET,1,2142,GRANVILLE,30,-33.832222729999955,151.00926807000008
150.333099,-29.5826759999999,581,EMERGENCY FACILITY,"An emergency management facility from which a particular agency’s resources are commanded, coordinated and assigned to an incident or emergency",POLICING FACILITY,GRAVESEND POLICE STATION,OPERATIONAL,22-24 YAGOBIE,GRAVESEND,NEW SOUTH WALES,2401,NSW POLICE FORCE,2017/10/05 00:00:00+00,NSW POLICE FORCE,2017/10/05 00:00:00+00,,2018/09/14 00:00:00+00,,-29.582675999999935,150.33309900000006,,,GANSW717313252,22 YAGOBIE STREET,1,2401,GRAVESEND,13,-29.582653579999942,150.33323329000007
150.866113,-33.9066379999999,582,EMERGENCY FACILITY,"An emergency management facility from which a particular agency’s resources are commanded, coordinated and assigned to an incident or emergency",POLICING FACILITY,GREEN VALLEY POLICE STATION,OPERATIONAL,193-195 WILSON ROAD,GREEN VALLEY,NEW SOUTH WALES,2168,NSW POLICE FORCE,2017/10/05 00:00:00+00,NSW POLICE FORCE,2017/10/05 00:00:00+00,,2018/09/14 00:00:00+00,,-33.90663799999993,150.86611300000004,,,GANSW704882128,195 WILSON ROAD,1,2168,GREEN VALLEY,16,-33.90655899999996,150.86625930000002
148.405136,-33.996552,583,EMERGENCY FACILITY,"An emergency management facility from which a particular agency’s resources are commanded, coordinated and assigned to an incident or emergency",POLICING FACILITY,GREENETHORPE POLICE STATION,OPERATIONAL,YORK STREET & FITZROY STREET,GREENETHORPE,NEW SOUTH WALES,2809,NSW POLICE FORCE,2017/10/05 00:00:00+00,NSW POLICE FORCE,2017/10/05 00:00:00+00,,2018/09/14 00:00:00+00,,-33.99655199999995,148.40513600000008,,SHAMROCK HOTEL,GANSW716874808,1 FITZROY STREET,2,2809,GREENETHORPE,1,-33.996560459999955,148.40513592000002
146.048722,-34.2874629999999,584,EMERGENCY FACILITY,"An emergency management facility from which a particular agency’s resources are commanded, coordinated and assigned to an incident or emergency",POLICING FACILITY,GRIFFITH POLICE STATION,OPERATIONAL,41-47 RAILWAY STREET,GRIFFITH,NEW SOUTH WALES,2680,NSW POLICE FORCE,2017/10/05 00:00:00+00,NSW POLICE FORCE,2017/10/05 00:00:00+00,,2018/09/14 00:00:00+00,,-34.287462999999946,146.0487220000001,,,GANSW718421553,47 RAILWAY STREET,0,2680,GRIFFITH,18,-34.287347419999946,146.0485834200001
146.778843,-34.740197,585,EMERGENCY FACILITY,"An emergency management facility from which a particular agency’s resources are commanded, coordinated and assigned to an incident or emergency",POLICING FACILITY,GRONG GRONG POLICE STATION,OPERATIONAL,BUNGANBIL STREET,GRONG GRONG,NEW SOUTH WALES,2652,NSW POLICE FORCE,2017/10/05 00:00:00+00,NSW POLICE FORCE,2017/10/05 00:00:00+00,,2018/09/14 00:00:00+00,,-34.74019699999997,146.77884300000005,,,GANSW718555830,80 BUNGANBIL STREET,1,2652,GRONG GRONG,15,-34.74029926999998,146.77874263
150.534958,-34.7369169999999,586,EMERGENCY FACILITY,"An emergency management facility from which a particular agency’s resources are commanded, coordinated and assigned to an incident or emergency",POLICING FACILITY,KANGAROO VALLEY POLICE STATION,OPERATIONAL,175 MOSS VALE ROAD,KANGAROO VALLEY,NEW SOUTH WALES,2577,NSW POLICE FORCE,2017/10/05 00:00:00+00,NSW POLICE FORCE,2017/10/05 00:00:00+00,,2018/09/14 00:00:00+00,,-34.73691699999995,150.53495800000007,,,GANSW705051962,175 MOSS VALE ROAD,2,2577,KANGAROO VALLEY,34,-34.736614019999934,150.53497673000004
151.962362,-32.6553259999999,587,EMERGENCY FACILITY,"An emergency management facility from which a particular agency’s resources are commanded, coordinated and assigned to an incident or emergency",POLICING FACILITY,KARUAH POLICE STATION,OPERATIONAL,9 ENGEL AVENUE,KARUAH,NEW SOUTH WALES,2324,NSW POLICE FORCE,2017/10/05 00:00:00+00,NSW POLICE FORCE,2017/10/05 00:00:00+00,,2018/09/14 00:00:00+00,,-32.655325999999945,151.9623620000001,,,GANSW705044911,9 ENGEL AVENUE,2,2324,KARUAH,21,-32.65518633999994,151.96220438000012
150.310375,-33.71872,588,EMERGENCY FACILITY,"An emergency management facility from which a particular agency’s resources are commanded, coordinated and assigned to an incident or emergency",POLICING FACILITY,KATOOMBA POLICE STATION,OPERATIONAL,217 KATOOMBA STREET,KATOOMBA,NEW SOUTH WALES,2780,NSW POLICE FORCE,2017/10/05 00:00:00+00,NSW POLICE FORCE,2017/10/05 00:00:00+00,,2018/09/14 00:00:00+00,,-33.71871999999996,150.31037500000002,,,GANSW705041081,217 KATOOMBA STREET,2,2780,KATOOMBA,12,-33.71879311999993,150.31028355000012
150.855857,-34.6715419999999,589,EMERGENCY FACILITY,"An emergency management facility from which a particular agency’s resources are commanded, coordinated and assigned to an incident or emergency",POLICING FACILITY,KIAMA POLICE STATION,OPERATIONAL,32 TERRALONG STREET,KIAMA,NEW SOUTH WALES,2533,NSW POLICE FORCE,2017/10/05 00:00:00+00,NSW POLICE FORCE,2017/10/05 00:00:00+00,,2018/09/14 00:00:00+00,,-34.67154199999993,150.85585700000001,,,GANSW712444741,32 TERRALONG STREET,2,2533,KIAMA,10,-34.67157237999993,150.85576015000004
153.572211,-28.251571,590,EMERGENCY FACILITY,"An emergency management facility from which a particular agency’s resources are commanded, coordinated and assigned to an incident or emergency",POLICING FACILITY,KINGSCLIFF POLICE STATION,OPERATIONAL,156 MARINE PARADE,KINGSCLIFF,NEW SOUTH WALES,2487,NSW POLICE FORCE,2017/10/05 00:00:00+00,NSW POLICE FORCE,2017/10/05 00:00:00+00,,2018/09/14 00:00:00+00,,-28.251570999999956,153.57221100000004,,,GANSW715632532,156 MARINE PARADE,1,2487,KINGSCLIFF,68,-28.25115145999996,153.57170077000012
151.100694,-33.9419159999999,591,EMERGENCY FACILITY,"An emergency management facility from which a particular agency’s resources are commanded, coordinated and assigned to an incident or emergency",POLICING FACILITY,KINGSGROVE POLICE STATION,OPERATIONAL,14 PATERSON AVENUE,KINGSGROVE,NEW SOUTH WALES,2208,NSW POLICE FORCE,2017/10/05 00:00:00+00,NSW POLICE FORCE,2017/10/05 00:00:00+00,,2018/09/14 00:00:00+00,,-33.941915999999935,151.1006940000001,,,GANSW711476231,2 PATERSON AVENUE,2,2208,KINGSGROVE,10,-33.941829559999974,151.10069238000005
151.133775,-33.963722,592,EMERGENCY FACILITY,"An emergency management facility from which a particular agency’s resources are commanded, coordinated and assigned to an incident or emergency",POLICING FACILITY,KOGARAH POLICE STATION,OPERATIONAL,13 MONTGOMERY STREET,KOGARAH,NEW SOUTH WALES,2217,NSW POLICE FORCE,2017/10/05 00:00:00+00,NSW POLICE FORCE,2017/10/05 00:00:00+00,,2018/09/14 00:00:00+00,,-33.96372199999996,151.133775,,,GANSW718416975,13 MONTGOMERY STREET,0,2217,KOGARAH,16,-33.96384862999997,151.13368778000006
151.483058,-32.816949,593,EMERGENCY FACILITY,"An emergency management facility from which a particular agency’s resources are commanded, coordinated and assigned to an incident or emergency",POLICING FACILITY,KURRI KURRI POLICE STATION,OPERATIONAL,113 LANG STREET,KURRI KURRI,NEW SOUTH WALES,2327,NSW POLICE FORCE,2017/10/05 00:00:00+00,NSW POLICE FORCE,2017/10/05 00:00:00+00,,2018/09/14 00:00:00+00,,-32.816948999999966,151.48305800000003,,,GANSW717893816,111-113 LANG STREET,0,2327,KURRI KURRI,117,-32.81604937999998,151.48370794000004
153.004981,-28.6207009999999,594,EMERGENCY FACILITY,"An emergency management facility from which a particular agency’s resources are commanded, coordinated and assigned to an incident or emergency",POLICING FACILITY,KYOGLE POLICE STATION,OPERATIONAL,64-66 GROOM STREET,KYOGLE,NEW SOUTH WALES,2474,NSW POLICE FORCE,2017/10/05 00:00:00+00,NSW POLICE FORCE,2017/10/05 00:00:00+00,,2018/09/14 00:00:00+00,,-28.62070099999994,153.00498100000004,,,GANSW717333113,64-66 GROOM STREET,0,2474,KYOGLE,9,-28.620742449999966,153.0049074200001
146.374516,-33.299698,595,EMERGENCY FACILITY,"An emergency management facility from which a particular agency’s resources are commanded, coordinated and assigned to an incident or emergency",POLICING FACILITY,LAKE CARGELLIGO POLICE STATION,OPERATIONAL,49 CANADA STREET,LAKE CARGELLIGO,NEW SOUTH WALES,2672,NSW POLICE FORCE,2017/10/05 00:00:00+00,NSW POLICE FORCE,2017/10/05 00:00:00+00,,2018/09/14 00:00:00+00,,-33.29969799999998,146.37451600000009,,,GANSW712793811,49 CANADA STREET,0,2672,LAKE CARGELLIGO,21,-33.29951486999994,146.37447756000006
152.797025,-31.6467509999999,596,EMERGENCY FACILITY,"An emergency management facility from which a particular agency’s resources are commanded, coordinated and assigned to an incident or emergency",POLICING FACILITY,LAURIETON POLICE STATION,OPERATIONAL,101 BOLD STREET,LAURIETON,NEW SOUTH WALES,2443,NSW POLICE FORCE,2017/10/05 00:00:00+00,NSW POLICE FORCE,2017/10/05 00:00:00+00,,2018/09/14 00:00:00+00,,-31.646750999999938,152.79702500000008,,,GANSW705167192,101 BOLD STREET,2,2443,LAURIETON,12,-31.646709829999963,152.79714539000008
153.104587,-29.496232,597,EMERGENCY FACILITY,"An emergency management facility from which a particular agency’s resources are commanded, coordinated and assigned to an incident or emergency",POLICING FACILITY,LAWRENCE POLICE STATION,OPERATIONAL,RUTLAND STREET,LAWRENCE,NEW SOUTH WALES,2460,NSW POLICE FORCE,2017/10/05 00:00:00+00,NSW POLICE FORCE,2017/10/05 00:00:00+00,,2018/09/14 00:00:00+00,,-29.496231999999964,153.10458700000004,,,GANSW717965357,33-37 RUTLAND STREET,1,2460,LAWRENCE,22,-29.496427969999957,153.10456397000007
150.427078,-33.72129,598,EMERGENCY FACILITY,"An emergency management facility from which a particular agency’s resources are commanded, coordinated and assigned to an incident or emergency",POLICING FACILITY,LAWSON POLICE STATION,OPERATIONAL,305 GREAT WESTERN HIGHWAY,LAWSON,NEW SOUTH WALES,2783,NSW POLICE FORCE,2017/10/05 00:00:00+00,NSW POLICE FORCE,2017/10/05 00:00:00+00,,2018/09/14 00:00:00+00,,-33.721289999999954,150.42707800000005,,,GANSW705184361,305 GREAT WESTERN HIGHWAY,2,2783,LAWSON,13,-33.72136326999998,150.42718462000005
146.402883,-34.5544169999999,599,EMERGENCY FACILITY,"An emergency management facility from which a particular agency’s resources are commanded, coordinated and assigned to an incident or emergency",POLICING FACILITY,LEETON POLICE STATION,OPERATIONAL,24 OAK STREET,LEETON,NEW SOUTH WALES,2705,NSW POLICE FORCE,2017/10/05 00:00:00+00,NSW POLICE FORCE,2017/10/05 00:00:00+00,,2018/09/14 00:00:00+00,,-34.554416999999944,146.4028830000001,,,GANSW712789207,24 OAK STREET,0,2705,LEETON,9,-34.55444107999995,146.40298021
152.040027,-32.73182,600,EMERGENCY FACILITY,"An emergency management facility from which a particular agency’s resources are commanded, coordinated and assigned to an incident or emergency",POLICING FACILITY,LEMON TREE PASSAGE POLICE STATION,OPERATIONAL,8 COOK PARADE,LEMON TREE PASSAGE,NEW SOUTH WALES,2319,NSW POLICE FORCE,2017/10/05 00:00:00+00,NSW POLICE FORCE,2017/10/05 00:00:00+00,,2018/09/14 00:00:00+00,,-32.73181999999997,152.040027,,,GANSW715601805,8 COOK PARADE,1,2319,LEMON TREE PASSAGE,9,-32.73174014999995,152.0399965800001
147.978276,-29.4271859999999,601,EMERGENCY FACILITY,"An emergency management facility from which a particular agency’s resources are commanded, coordinated and assigned to an incident or emergency",POLICING FACILITY,LIGHTNING RIDGE POLICE STATION,OPERATIONAL,OPAL STREET & KAOLIN STREET,LIGHTNING RIDGE,NEW SOUTH WALES,2834,NSW POLICE FORCE,2017/10/05 00:00:00+00,NSW POLICE FORCE,2017/10/05 00:00:00+00,,2018/09/14 00:00:00+00,,-29.42718599999995,147.97827600000005,,,GANSW709570460,2 OPAL STREET,2,2834,LIGHTNING RIDGE,7,-29.427183239999977,147.97820329
153.278978,-28.8054119999999,602,EMERGENCY FACILITY,"An emergency management facility from which a particular agency’s resources are commanded, coordinated and assigned to an incident or emergency",POLICING FACILITY,LISMORE POLICE STATION,OPERATIONAL,5 ZADOC STREET,LISMORE,NEW SOUTH WALES,2480,NSW POLICE FORCE,2017/10/05 00:00:00+00,NSW POLICE FORCE,2017/10/05 00:00:00+00,,2018/09/14 00:00:00+00,,-28.805411999999933,153.27897800000005,,,GANSW705237008,5 ZADOC STREET,1,2480,LISMORE,25,-28.805601829999944,153.27883801000007
150.154515,-33.483125,603,EMERGENCY FACILITY,"An emergency management facility from which a particular agency’s resources are commanded, coordinated and assigned to an incident or emergency",POLICING FACILITY,LITHGOW POLICE STATION,OPERATIONAL,244-270 MORT STREET,LITHGOW,NEW SOUTH WALES,2790,NSW POLICE FORCE,2017/10/05 00:00:00+00,NSW POLICE FORCE,2017/10/05 00:00:00+00,,2018/09/14 00:00:00+00,,-33.48312499999997,150.15451500000006,,,GANSW705231948,244 MORT STREET,1,2790,LITHGOW,29,-33.48312341999997,150.1542079400001
150.925386,-33.922519,604,EMERGENCY FACILITY,"An emergency management facility from which a particular agency’s resources are commanded, coordinated and assigned to an incident or emergency",POLICING FACILITY,LIVERPOOL POLICE STATION,OPERATIONAL,33 MOORE STREET,LIVERPOOL,NEW SOUTH WALES,2170,NSW POLICE FORCE,2017/10/05 00:00:00+00,NSW POLICE FORCE,2017/10/05 00:00:00+00,,2018/09/14 00:00:00+00,,-33.922518999999966,150.92538600000012,,,GANSW717824145,33 MOORE STREET,1,2170,LIVERPOOL,6,-33.92246197999998,150.92539808000004
151.454639,-32.7014409999999,605,EMERGENCY FACILITY,"An emergency management facility from which a particular agency’s resources are commanded, coordinated and assigned to an incident or emergency",POLICING FACILITY,LOCHINVAR POLICE STATION,OPERATIONAL,24 STATION LANE,LOCHINVAR,NEW SOUTH WALES,2321,NSW POLICE FORCE,2017/10/05 00:00:00+00,NSW POLICE FORCE,2017/10/05 00:00:00+00,,2018/09/14 00:00:00+00,,-32.70144099999993,151.45463900000004,,,GANSW705257074,24 STATION LANE,2,2321,LOCHINVAR,14,-32.70147573999998,151.45478508000008
146.718207,-35.2211349999999,606,EMERGENCY FACILITY,"An emergency management facility from which a particular agency’s resources are commanded, coordinated and assigned to an incident or emergency",POLICING FACILITY,LOCKHART POLICE STATION,OPERATIONAL,59 GREEN STREET,LOCKHART,NEW SOUTH WALES,2656,NSW POLICE FORCE,2017/10/05 00:00:00+00,NSW POLICE FORCE,2017/10/05 00:00:00+00,,2018/09/14 00:00:00+00,,-35.22113499999995,146.71820700000012,,,GANSW713169381,59 GREEN STREET,1,2656,LOCKHART,17,-35.220985989999974,146.71822565000002
152.928529,-30.708628,607,EMERGENCY FACILITY,"An emergency management facility from which a particular agency’s resources are commanded, coordinated and assigned to an incident or emergency",POLICING FACILITY,MACKSVILLE POLICE STATION,OPERATIONAL,51 RIVER STREET,MACKSVILLE,NEW SOUTH WALES,2447,NSW POLICE FORCE,2017/10/05 00:00:00+00,NSW POLICE FORCE,2017/10/05 00:00:00+00,,2018/09/14 00:00:00+00,,-30.708627999999976,152.92852900000003,,,GANSW705269070,51 RIVER STREET,2,2447,MACKSVILLE,51,-30.70901546999994,152.92880762000004
153.196415,-29.4580769999999,608,EMERGENCY FACILITY,"An emergency management facility from which a particular agency’s resources are commanded, coordinated and assigned to an incident or emergency",POLICING FACILITY,MACLEAN POLICE STATION,OPERATIONAL,1 MCNAUGHTON PLACE,MACLEAN,NEW SOUTH WALES,2463,NSW POLICE FORCE,2017/10/05 00:00:00+00,NSW POLICE FORCE,2017/10/05 00:00:00+00,,2018/09/14 00:00:00+00,,-29.458076999999946,153.19641500000012,,,GANSW718646290,1 MACNAUGHTON PLACE,2,2463,MACLEAN,27,-29.458276809999973,153.1962480200001
150.890552,-33.985901,609,EMERGENCY FACILITY,"An emergency management facility from which a particular agency’s resources are commanded, coordinated and assigned to an incident or emergency",POLICING FACILITY,MACQUARIE FIELDS POLICE STATION,OPERATIONAL,10 BROOKS STREET,MACQUARIE FIELDS,NEW SOUTH WALES,2564,NSW POLICE FORCE,2017/10/05 00:00:00+00,NSW POLICE FORCE,2017/10/05 00:00:00+00,,2018/09/14 00:00:00+00,,-33.985900999999956,150.89055200000007,,,GANSW712569147,10 BROOKS STREET,1,2564,MACQUARIE FIELDS,22,-33.98571920999996,150.89047017000007
151.552932,-32.732071,610,EMERGENCY FACILITY,"An emergency management facility from which a particular agency’s resources are commanded, coordinated and assigned to an incident or emergency",POLICING FACILITY,MAITLAND POLICE STATION,OPERATIONAL,3 CAROLINE PLACE,MAITLAND,NEW SOUTH WALES,2320,NSW POLICE FORCE,2017/10/05 00:00:00+00,NSW POLICE FORCE,2017/10/05 00:00:00+00,,2018/09/14 00:00:00+00,,-32.73207099999996,151.55293200000006,,,GANSW711977389,3 CAROLINE PLACE,1,2320,MAITLAND,28,-32.73182417999993,151.55290032000005
149.071942,-33.651177,611,EMERGENCY FACILITY,"An emergency management facility from which a particular agency’s resources are commanded, coordinated and assigned to an incident or emergency",POLICING FACILITY,MANDURAMA POLICE STATION,OPERATIONAL,52 OLIVE STREET,MANDURAMA,NEW SOUTH WALES,2792,NSW POLICE FORCE,2017/10/05 00:00:00+00,NSW POLICE FORCE,2017/10/05 00:00:00+00,,2018/09/14 00:00:00+00,,-33.65117699999996,149.07194200000004,,,GANSW717504774,52 OLIVE STREET,0,2792,MANDURAMA,5,-33.65122159999993,149.07196620000002
151.284954415,-33.798125913,612,EMERGENCY FACILITY,"An emergency management facility from which a particular agency’s resources are commanded, coordinated and assigned to an incident or emergency",POLICING FACILITY,MANLY POLICE STATION,OPERATIONAL,3 BELGRAVE STREET,MANLY,NEW SOUTH WALES,2095,NSW POLICE FORCE,2017/10/05 00:00:00+00,NSW POLICE FORCE,2017/10/05 00:00:00+00,,2018/09/14 00:00:00+00,,-33.79812591299998,151.28495441500002,,,GANSW710778273,3 BELGRAVE STREET,1,2095,MANLY,82,-33.79739231999997,151.28489488000002
151.237095,-33.9411029999999,613,EMERGENCY FACILITY,"An emergency management facility from which a particular agency’s resources are commanded, coordinated and assigned to an incident or emergency",POLICING FACILITY,MAROUBRA POLICE STATION,OPERATIONAL,136 MAROUBRA ROAD,MAROUBRA,NEW SOUTH WALES,2035,NSW POLICE FORCE,2017/10/05 00:00:00+00,NSW POLICE FORCE,2017/10/05 00:00:00+00,,2018/09/14 00:00:00+00,,-33.94110299999994,151.23709500000007,,,GANSW710482680,136 MAROUBRA ROAD,1,2035,MAROUBRA,25,-33.940899299999955,151.2371979300001
151.155785,-33.909342,614,EMERGENCY FACILITY,"An emergency management facility from which a particular agency’s resources are commanded, coordinated and assigned to an incident or emergency",POLICING FACILITY,MARRICKVILLE POLICE STATION,OPERATIONAL,89-101 DESPOINTES STREET,MARRICKVILLE,NEW SOUTH WALES,2204,NSW POLICE FORCE,2017/10/05 00:00:00+00,NSW POLICE FORCE,2017/10/05 00:00:00+00,,2018/09/14 00:00:00+00,,-33.90934199999998,151.15578500000004,,,GANSW711422087,89-101 DESPOINTES STREET,2,2204,MARRICKVILLE,12,-33.909247049999976,151.15584286000012
150.007339,-34.709822,615,EMERGENCY FACILITY,"An emergency management facility from which a particular agency’s resources are commanded, coordinated and assigned to an incident or emergency",POLICING FACILITY,MARULAN POLICE STATION,OPERATIONAL,GEORGE STREET,MARULAN,NEW SOUTH WALES,2579,NSW POLICE FORCE,2017/10/05 00:00:00+00,NSW POLICE FORCE,2017/10/05 00:00:00+00,,2018/09/14 00:00:00+00,,-34.709821999999974,150.00733900000012,,,GANSW712682252,76 GEORGE STREET,0,2579,MARULAN,29,-34.709946539999976,150.0070585200001
144.901643,-35.813325,616,EMERGENCY FACILITY,"An emergency management facility from which a particular agency’s resources are commanded, coordinated and assigned to an incident or emergency",POLICING FACILITY,MATHOURA POLICE STATION,OPERATIONAL,MATHOURA STREET & LAWRENCE STREET,MATHOURA,NEW SOUTH WALES,2710,NSW POLICE FORCE,2017/10/05 00:00:00+00,NSW POLICE FORCE,2017/10/05 00:00:00+00,,2018/09/14 00:00:00+00,,-35.81332499999996,144.90164300000004,,,GANSW718009034,25 LAWRENCE STREET,0,2710,MATHOURA,23,-35.813142599999935,144.90176779000012
151.014752,-34.013815,617,EMERGENCY FACILITY,"An emergency management facility from which a particular agency’s resources are commanded, coordinated and assigned to an incident or emergency",POLICING FACILITY,MENAI POLICE STATION,OPERATIONAL,ALLISON CRESCENT,MENAI,NEW SOUTH WALES,2234,NSW POLICE FORCE,2017/10/05 00:00:00+00,NSW POLICE FORCE,2017/10/05 00:00:00+00,,2018/09/14 00:00:00+00,,-34.013814999999965,151.01475200000004,,,GANSW705325099,152-194 ALLISON CRESCENT,1,2234,MENAI,73,-34.014026899999976,151.0154952700001
150.979921,-34.190552,618,EMERGENCY FACILITY,"An emergency management facility from which a particular agency’s resources are commanded, coordinated and assigned to an incident or emergency",POLICING FACILITY,HELENSBURGH POLICE STATION,OPERATIONAL,WARATAH STREET & PARKES STREET,HELENSBURGH,NEW SOUTH WALES,2508,NSW POLICE FORCE,2017/10/05 00:00:00+00,NSW POLICE FORCE,2017/10/05 00:00:00+00,,2018/09/14 00:00:00+00,,-34.19055199999997,150.9799210000001,,,GANSW709354840,2 WARATAH STREET,2,2508,HELENSBURGH,17,-34.19045268999997,150.97978380000006
147.032266,-35.517039,619,EMERGENCY FACILITY,"An emergency management facility from which a particular agency’s resources are commanded, coordinated and assigned to an incident or emergency",POLICING FACILITY,HENTY POLICE STATION,OPERATIONAL,41 SLADEN STREET,HENTY,NEW SOUTH WALES,2658,NSW POLICE FORCE,2017/10/05 00:00:00+00,NSW POLICE FORCE,2017/10/05 00:00:00+00,,2018/09/14 00:00:00+00,,-35.517038999999954,147.03226600000005,,,GANSW712764032,41 SLADEN STREET,1,2658,HENTY,58,-35.517251649999935,147.03168382
149.414622,-33.0356899999999,620,EMERGENCY FACILITY,"An emergency management facility from which a particular agency’s resources are commanded, coordinated and assigned to an incident or emergency",POLICING FACILITY,HILL END POLICE STATION,OPERATIONAL,TAMBAROOA STREET,HILL END,NEW SOUTH WALES,2850,NSW POLICE FORCE,2017/10/05 00:00:00+00,NSW POLICE FORCE,2017/10/05 00:00:00+00,,2018/09/14 00:00:00+00,,-33.03568999999993,149.41462200000012,,,GANSW709343863,39 TAMBAROORA STREET,2,2850,HILL END,26,-33.035907349999945,149.41451131000008
145.532689,-33.4863839999999,621,EMERGENCY FACILITY,"An emergency management facility from which a particular agency’s resources are commanded, coordinated and assigned to an incident or emergency",POLICING FACILITY,HILLSTON POLICE STATION,OPERATIONAL,38 MOLESWORTH STREET,HILLSTON,NEW SOUTH WALES,2675,NSW POLICE FORCE,2017/10/05 00:00:00+00,NSW POLICE FORCE,2017/10/05 00:00:00+00,,2018/09/14 00:00:00+00,,-33.48638399999993,145.53268900000012,,,GANSW712789355,38 MOLESWORTH STREET,1,2675,HILLSTON,24,-33.48644518999998,145.5329373400001
147.311908,-35.727026,622,EMERGENCY FACILITY,"An emergency management facility from which a particular agency’s resources are commanded, coordinated and assigned to an incident or emergency",POLICING FACILITY,HOLBROOK POLICE STATION,OPERATIONAL,64 ALBURY STREET,HOLBROOK,NEW SOUTH WALES,2644,NSW POLICE FORCE,2017/10/05 00:00:00+00,NSW POLICE FORCE,2017/10/05 00:00:00+00,,2018/09/14 00:00:00+00,,-35.72702599999997,147.31190800000002,,,GANSW712697633,64 ALBURY STREET,2,2644,HOLBROOK,14,-35.727142209999954,147.31195164000007
151.097224,-33.7013239999999,623,EMERGENCY FACILITY,"An emergency management facility from which a particular agency’s resources are commanded, coordinated and assigned to an incident or emergency",POLICING FACILITY,HORNSBY POLICE STATION,OPERATIONAL,292 PACIFIC HIGHWAY,HORNSBY,NEW SOUTH WALES,2077,NSW POLICE FORCE,2017/10/05 00:00:00+00,NSW POLICE FORCE,2017/10/05 00:00:00+00,,2018/09/14 00:00:00+00,,-33.70132399999994,151.0972240000001,,,GANSW718866644,292 PEATS FERRY ROAD,1,2077,HORNSBY,24,-33.701122459999965,151.09732268000005
146.624209,-35.979118,624,EMERGENCY FACILITY,"An emergency management facility from which a particular agency’s resources are commanded, coordinated and assigned to an incident or emergency",POLICING FACILITY,HOWLONG POLICE STATION,OPERATIONAL,33 HAWKINS STREET,HOWLONG,NEW SOUTH WALES,2643,NSW POLICE FORCE,2017/10/05 00:00:00+00,NSW POLICE FORCE,2017/10/05 00:00:00+00,,2018/09/14 00:00:00+00,,-35.97911799999997,146.62420900000006,,,GANSW712732794,33 HAWKINS STREET,0,2643,HOWLONG,48,-35.978801009999984,146.62456736000001
151.101666,-33.9675119999999,625,EMERGENCY FACILITY,"An emergency management facility from which a particular agency’s resources are commanded, coordinated and assigned to an incident or emergency",POLICING FACILITY,HURSTVILLE POLICE STATION,OPERATIONAL,36-38 ORMONDE PARADE,HURSTVILLE,NEW SOUTH WALES,2220,NSW POLICE FORCE,2017/10/05 00:00:00+00,NSW POLICE FORCE,2017/10/05 00:00:00+00,,2018/09/14 00:00:00+00,,-33.96751199999994,151.10166600000002,,,GANSW719808709,36-38 ORMONDE PARADE,1,2220,HURSTVILLE,14,-33.96755694999996,151.1015273600001
142.417492,-32.393565,626,EMERGENCY FACILITY,"An emergency management facility from which a particular agency’s resources are commanded, coordinated and assigned to an incident or emergency",POLICING FACILITY,MENINDEE POLICE STATION,OPERATIONAL,38 YARTLA STREET,MENINDEE,NEW SOUTH WALES,2879,NSW POLICE FORCE,2017/10/05 00:00:00+00,NSW POLICE FORCE,2017/10/05 00:00:00+00,,2018/09/14 00:00:00+00,,-32.39356499999997,142.41749200000004,,,GANSW717724824,38 YARTLA STREET,1,2879,MENINDEE,18,-32.39341114999996,142.4174399200001
149.906206,-36.8874,627,EMERGENCY FACILITY,"An emergency management facility from which a particular agency’s resources are commanded, coordinated and assigned to an incident or emergency",POLICING FACILITY,MERIMBULA POLICE STATION,OPERATIONAL,25-27 REID STREET,MERIMBULA,NEW SOUTH WALES,2548,NSW POLICE FORCE,2017/10/05 00:00:00+00,NSW POLICE FORCE,2017/10/05 00:00:00+00,,2018/09/14 00:00:00+00,,-36.88739999999996,149.9062060000001,,,GANSW705358841,5-7 SAPPHIRE COAST DRIVE,1,2548,MERIMBULA,15,-36.88736452999996,149.90603864000002
150.355707,-32.138116,628,EMERGENCY FACILITY,"An emergency management facility from which a particular agency’s resources are commanded, coordinated and assigned to an incident or emergency",POLICING FACILITY,MERRIWA POLICE STATION,OPERATIONAL,VENNACHER STREET,MERRIWA,NEW SOUTH WALES,2329,NSW POLICE FORCE,2017/10/05 00:00:00+00,NSW POLICE FORCE,2017/10/05 00:00:00+00,,2018/09/14 00:00:00+00,,-32.13811599999997,150.35570700000005,,,GANSW718612254,22 VENNACHER STREET,1,2329,MERRIWA,10,-32.13812814999994,150.35560684000006
150.988668,-33.837441,629,EMERGENCY FACILITY,"An emergency management facility from which a particular agency’s resources are commanded, coordinated and assigned to an incident or emergency",POLICING FACILITY,MERRYLANDS POLICE STATION,OPERATIONAL,15-17 MEMORIAL AVENUE,MERRYLANDS,NEW SOUTH WALES,2160,NSW POLICE FORCE,2017/10/05 00:00:00+00,NSW POLICE FORCE,2017/10/05 00:00:00+00,,2018/09/14 00:00:00+00,,-33.837440999999956,150.98866800000008,,,GANSW711176334,15-17 MEMORIAL AVENUE,1,2160,MERRYLANDS,7,-33.837404239999955,150.98861030000012
149.164973,-35.7133699999999,630,EMERGENCY FACILITY,"An emergency management facility from which a particular agency’s resources are commanded, coordinated and assigned to an incident or emergency",POLICING FACILITY,MICHELAGO POLICE STATION,OPERATIONAL,108 RYRIE STREET,MICHELAGO,NEW SOUTH WALES,2620,NSW POLICE FORCE,2017/10/05 00:00:00+00,NSW POLICE FORCE,2017/10/05 00:00:00+00,,2018/09/14 00:00:00+00,,-35.71336999999994,149.16497300000003,,,GANSW717878972,108 RYRIE STREET,1,2620,MICHELAGO,55,-35.71296808999995,149.16461907000007
149.185181,-33.444583,631,EMERGENCY FACILITY,"An emergency management facility from which a particular agency’s resources are commanded, coordinated and assigned to an incident or emergency",POLICING FACILITY,MILLTHORPE POLICE STATION,OPERATIONAL,34 PARK STREET,MILLTHORPE,NEW SOUTH WALES,2798,NSW POLICE FORCE,2017/10/05 00:00:00+00,NSW POLICE FORCE,2017/10/05 00:00:00+00,,2018/09/14 00:00:00+00,,-33.444582999999966,149.18518100000006,,,GANSW709708098,34 PARK STREET,0,2798,MILLTHORPE,54,-33.44490328999996,149.18561664000003
151.103168,-34.03216,632,EMERGENCY FACILITY,"An emergency management facility from which a particular agency’s resources are commanded, coordinated and assigned to an incident or emergency",POLICING FACILITY,MIRANDA POLICE STATION,OPERATIONAL,1-7 WILLOCK AVENUE,MIRANDA,NEW SOUTH WALES,2228,NSW POLICE FORCE,2017/10/05 00:00:00+00,NSW POLICE FORCE,2017/10/05 00:00:00+00,,2018/09/14 00:00:00+00,,-34.032159999999976,151.1031680000001,,,GANSW717724064,1-7 WILLOCK AVENUE,0,2228,MIRANDA,12,-34.03211479999993,151.10328058000005
144.759216,-36.10975,633,EMERGENCY FACILITY,"An emergency management facility from which a particular agency’s resources are commanded, coordinated and assigned to an incident or emergency",POLICING FACILITY,MOAMA POLICE STATION,OPERATIONAL,19-21 FRANCIS STREET,MOAMA,NEW SOUTH WALES,2731,NSW POLICE FORCE,2017/10/05 00:00:00+00,NSW POLICE FORCE,2017/10/05 00:00:00+00,,2018/09/14 00:00:00+00,,-36.10974999999996,144.75921600000004,,,GANSW718009271,29 MAIDEN STREET,1,2731,MOAMA,16,-36.10988040999996,144.75929939000002
153.350859,-29.4060919999999,634,EMERGENCY FACILITY,"An emergency management facility from which a particular agency’s resources are commanded, coordinated and assigned to an incident or emergency",POLICING FACILITY,ILUKA POLICE STATION,OPERATIONAL,SPENCER STREET,ILUKA,NEW SOUTH WALES,2466,NSW POLICE FORCE,2017/10/05 00:00:00+00,NSW POLICE FORCE,2017/10/05 00:00:00+00,,2018/09/14 00:00:00+00,,-29.406091999999944,153.350859,,,GANSW717383951,50 SPENSER STREET,1,2466,ILUKA,10,-29.406174679999936,153.35081347000005
151.113332,-29.7765479999999,635,EMERGENCY FACILITY,"An emergency management facility from which a particular agency’s resources are commanded, coordinated and assigned to an incident or emergency",POLICING FACILITY,INVERELL POLICE STATION,OPERATIONAL,109 OTHO STREET,INVERELL,NEW SOUTH WALES,2360,NSW POLICE FORCE,2017/10/05 00:00:00+00,NSW POLICE FORCE,2017/10/05 00:00:00+00,,2018/09/14 00:00:00+00,,-29.776547999999934,151.113332,,,GANSW718647439,109 OTHO STREET,1,2360,INVERELL,5,-29.77657807999998,151.1132918500001
144.299917,-32.8982629999999,636,EMERGENCY FACILITY,"An emergency management facility from which a particular agency’s resources are commanded, coordinated and assigned to an incident or emergency",POLICING FACILITY,IVANHOE POLICE STATION,OPERATIONAL,COLUMBUS STREET & COOK STREET,IVANHOE,NEW SOUTH WALES,2878,NSW POLICE FORCE,2017/10/05 00:00:00+00,NSW POLICE FORCE,2017/10/05 00:00:00+00,,2018/09/14 00:00:00+00,,-32.89826299999993,144.29991700000005,,,GANSW719877346,54 COLUMBUS STREET,0,2878,IVANHOE,11,-32.89817819999996,144.29997461000005
145.732429,-35.35687,637,EMERGENCY FACILITY,"An emergency management facility from which a particular agency’s resources are commanded, coordinated and assigned to an incident or emergency",POLICING FACILITY,JERILDERIE POLICE STATION,OPERATIONAL,107 JERILDERIE STREET,JERILDERIE,NEW SOUTH WALES,2716,NSW POLICE FORCE,2017/10/05 00:00:00+00,NSW POLICE FORCE,2017/10/05 00:00:00+00,,2018/09/14 00:00:00+00,,-35.35686999999996,145.73242900000002,,POLICE STATION,GANSW717614017,107 JERILDERIE STREET,2,2716,JERILDERIE,27,-35.35664902999997,145.73254709000003
150.906783,-32.496455,638,EMERGENCY FACILITY,"An emergency management facility from which a particular agency’s resources are commanded, coordinated and assigned to an incident or emergency",POLICING FACILITY,JERRYS PLAINS POLICE STATION,OPERATIONAL,DOYLE STREET,JERRYS PLAINS,NEW SOUTH WALES,2330,NSW POLICE FORCE,2017/10/05 00:00:00+00,NSW POLICE FORCE,2017/10/05 00:00:00+00,,2018/09/14 00:00:00+00,,-32.49645499999997,150.90678300000002,,,GANSW717792861,30 DOYLE STREET,2,2330,JERRYS PLAINS,34,-32.49615752999995,150.90685523000002
148.623522,-36.4169429999999,639,EMERGENCY FACILITY,"An emergency management facility from which a particular agency’s resources are commanded, coordinated and assigned to an incident or emergency",POLICING FACILITY,JINDABYNE POLICE STATION,OPERATIONAL,16 THREDBO TERRACE,JINDABYNE,NEW SOUTH WALES,2627,NSW POLICE FORCE,2017/10/05 00:00:00+00,NSW POLICE FORCE,2017/10/05 00:00:00+00,,2018/09/14 00:00:00+00,,-36.41694299999995,148.6235220000001,,,GANSW709387862,16 THREDBO TERRACE,2,2627,JINDABYNE,13,-36.41703348999994,148.6234328800001
147.585509,-34.8719599999999,640,EMERGENCY FACILITY,"An emergency management facility from which a particular agency’s resources are commanded, coordinated and assigned to an incident or emergency",POLICING FACILITY,JUNEE POLICE STATION,OPERATIONAL,15 BELMORE STREET,JUNEE,NEW SOUTH WALES,2663,NSW POLICE FORCE,2017/10/05 00:00:00+00,NSW POLICE FORCE,2017/10/05 00:00:00+00,,2018/09/14 00:00:00+00,,-34.871959999999945,147.58550900000012,,,GANSW720080534,15 BELMORE STREET,0,2663,JUNEE,39,-34.87215182999995,147.58515353000007
149.969143,-32.857838,641,EMERGENCY FACILITY,"An emergency management facility from which a particular agency’s resources are commanded, coordinated and assigned to an incident or emergency",POLICING FACILITY,KANDOS POLICE STATION,OPERATIONAL,19 ILFORD STREET,KANDOS,NEW SOUTH WALES,2848,NSW POLICE FORCE,2017/10/05 00:00:00+00,NSW POLICE FORCE,2017/10/05 00:00:00+00,,2018/09/14 00:00:00+00,,-32.85783799999996,149.96914300000003,,,GANSW720906548,19 ILFORD ROAD,1,2848,KANDOS,11,-32.85785561999995,149.96902258000011
149.231301,-35.354609,642,EMERGENCY FACILITY,"An emergency management facility from which a particular agency’s resources are commanded, coordinated and assigned to an incident or emergency",POLICING FACILITY,QUEANBEYAN POLICE STATION,OPERATIONAL,FARRER PLACE,QUEANBEYAN,NEW SOUTH WALES,2620,NSW POLICE FORCE,2017/10/05 00:00:00+00,NSW POLICE FORCE,2017/10/05 00:00:00+00,,2018/09/14 00:00:00+00,,-35.35460899999998,149.23130100000003,,,GANSW705715921,2 FARRER PLACE,1,2620,QUEANBEYAN,11,-35.354536949999954,149.23121112
150.67926,-31.508236,643,EMERGENCY FACILITY,"An emergency management facility from which a particular agency’s resources are commanded, coordinated and assigned to an incident or emergency",POLICING FACILITY,QUIRINDI POLICE STATION,OPERATIONAL,102 HENRY STREET,QUIRINDI,NEW SOUTH WALES,2343,NSW POLICE FORCE,2017/10/05 00:00:00+00,NSW POLICE FORCE,2017/10/05 00:00:00+00,,2018/09/14 00:00:00+00,,-31.508235999999954,150.6792600000001,,,GANSW712070088,102 HENRY STREET,1,2343,QUIRINDI,38,-31.508305979999932,150.67886920000012
146.580498,-35.592857,644,EMERGENCY FACILITY,"An emergency management facility from which a particular agency’s resources are commanded, coordinated and assigned to an incident or emergency",POLICING FACILITY,RAND POLICE STATION,OPERATIONAL,KOOYONG STREET & BELAH STREET,RAND,NEW SOUTH WALES,2642,NSW POLICE FORCE,2017/10/05 00:00:00+00,NSW POLICE FORCE,2017/10/05 00:00:00+00,,2018/09/14 00:00:00+00,,-35.59285699999998,146.58049800000003,,,GANSW718095132,20 BELAH STREET,2,2642,RAND,4,-35.592889999999954,146.58047895000004
151.240947,-33.9128919999999,645,EMERGENCY FACILITY,"An emergency management facility from which a particular agency’s resources are commanded, coordinated and assigned to an incident or emergency",POLICING FACILITY,RANDWICK POLICE STATION,OPERATIONAL,196 ALISON ROAD,RANDWICK,NEW SOUTH WALES,2031,NSW POLICE FORCE,2017/10/05 00:00:00+00,NSW POLICE FORCE,2017/10/05 00:00:00+00,,2018/09/14 00:00:00+00,,-33.91289199999994,151.24094700000012,,,GANSW705792981,196 ALISON ROAD,1,2031,RANDWICK,12,-33.912814099999935,151.24104145
146.261279,-33.840741,646,EMERGENCY FACILITY,"An emergency management facility from which a particular agency’s resources are commanded, coordinated and assigned to an incident or emergency",POLICING FACILITY,RANKINS SPRINGS POLICE STATION,OPERATIONAL,NINTI STREET,RANKINS SPRINGS,NEW SOUTH WALES,2669,NSW POLICE FORCE,2017/10/05 00:00:00+00,NSW POLICE FORCE,2017/10/05 00:00:00+00,,2018/09/14 00:00:00+00,,-33.84074099999998,146.26127900000006,,,GANSW718316340,3 NINTI STREET,1,2669,RANKINS SPRINGS,8,-33.84078690999996,146.26120729000002
151.744931,-32.7632149999999,647,EMERGENCY FACILITY,"An emergency management facility from which a particular agency’s resources are commanded, coordinated and assigned to an incident or emergency",POLICING FACILITY,RAYMOND TERRACE POLICE STATION,OPERATIONAL,57 WILLIAM STREET,RAYMOND TERRACE,NEW SOUTH WALES,2324,NSW POLICE FORCE,2017/10/05 00:00:00+00,NSW POLICE FORCE,2017/10/05 00:00:00+00,,2018/09/14 00:00:00+00,,-32.763214999999946,151.74493100000007,,,GANSW717351166,55 WILLIAM STREET,1,2324,RAYMOND TERRACE,9,-32.76315211999997,151.7448691400001
151.199802,-33.8919799999999,648,EMERGENCY FACILITY,"An emergency management facility from which a particular agency’s resources are commanded, coordinated and assigned to an incident or emergency",POLICING FACILITY,REDFERN POLICE STATION,OPERATIONAL,1 LAWSON STREET,REDFERN,NEW SOUTH WALES,2016,NSW POLICE FORCE,2017/10/05 00:00:00+00,NSW POLICE FORCE,2017/10/05 00:00:00+00,,2018/09/14 00:00:00+00,,-33.89197999999993,151.1998020000001,,,GANSW717102873,1 LAWSON SQUARE,1,2016,REDFERN,13,-33.89197157999996,151.19994110000005
151.017455,-33.9519759999999,649,EMERGENCY FACILITY,"An emergency management facility from which a particular agency’s resources are commanded, coordinated and assigned to an incident or emergency",POLICING FACILITY,REVESBY POLICE STATION,OPERATIONAL,125 THE RIVER ROAD,REVESBY,NEW SOUTH WALES,2212,NSW POLICE FORCE,2017/10/05 00:00:00+00,NSW POLICE FORCE,2017/10/05 00:00:00+00,,2018/09/14 00:00:00+00,,-33.951975999999945,151.01745500000004,,,GANSW716944476,125 THE RIVER ROAD ,2,2212,REVESBY,196,-33.95021097999995,151.01762385000006
150.372941,-34.549773,650,EMERGENCY FACILITY,"An emergency management facility from which a particular agency’s resources are commanded, coordinated and assigned to an incident or emergency",POLICING FACILITY,MOSS VALE POLICE STATION,OPERATIONAL,67 ELIZABETH STREET,MOSS VALE,NEW SOUTH WALES,2577,NSW POLICE FORCE,2017/10/05 00:00:00+00,NSW POLICE FORCE,2017/10/05 00:00:00+00,,2018/09/14 00:00:00+00,,-34.54977299999996,150.37294100000008,,POLICE STATION,GANSW718407628,67 ELIZABETH STREET,2,2577,MOSS VALE,10,-34.54979098999996,150.37283414
144.03464,-35.0884829999999,651,EMERGENCY FACILITY,"An emergency management facility from which a particular agency’s resources are commanded, coordinated and assigned to an incident or emergency",POLICING FACILITY,MOULAMEIN POLICE STATION,OPERATIONAL,69 BROUGHAM STREET,MOULAMEIN,NEW SOUTH WALES,2733,NSW POLICE FORCE,2017/10/05 00:00:00+00,NSW POLICE FORCE,2017/10/05 00:00:00+00,,2018/09/14 00:00:00+00,,-35.08848299999994,144.03464000000008,,,GANSW712821253,23 BROUGHAM STREET,1,2733,MOULAMEIN,9,-35.08852092999996,144.03455034
150.823126,-33.765371,652,EMERGENCY FACILITY,"An emergency management facility from which a particular agency’s resources are commanded, coordinated and assigned to an incident or emergency",POLICING FACILITY,MT DRUITT POLICE STATION,OPERATIONAL,LUXFORD ROAD & KELLY CLOSE,MOUNT DRUITT,NEW SOUTH WALES,2770,NSW POLICE FORCE,2017/10/05 00:00:00+00,NSW POLICE FORCE,2017/10/05 00:00:00+00,,2018/09/14 00:00:00+00,,-33.76537099999996,150.82312600000012,,,GANSW709744660,27-29 LUXFORD ROAD,0,2770,MOUNT DRUITT,42,-33.76554221999993,150.82272250000005
150.255908,-33.589301,653,EMERGENCY FACILITY,"An emergency management facility from which a particular agency’s resources are commanded, coordinated and assigned to an incident or emergency",POLICING FACILITY,MT VICTORIA POLICE STATION,OPERATIONAL,32 STATION STREET,MOUNT VICTORIA,NEW SOUTH WALES,2786,NSW POLICE FORCE,2017/10/05 00:00:00+00,NSW POLICE FORCE,2017/10/05 00:00:00+00,,2018/09/14 00:00:00+00,,-33.58930099999998,150.2559080000001,,,GANSW712993560,32 STATION STREET,2,2786,MOUNT VICTORIA,38,-33.58916648999997,150.2555295100001
149.582731,-32.589886,654,EMERGENCY FACILITY,"An emergency management facility from which a particular agency’s resources are commanded, coordinated and assigned to an incident or emergency",POLICING FACILITY,MUDGEE POLICE STATION,OPERATIONAL,94 MARKET STREET,MUDGEE,NEW SOUTH WALES,2850,NSW POLICE FORCE,2017/10/05 00:00:00+00,NSW POLICE FORCE,2017/10/05 00:00:00+00,,2018/09/14 00:00:00+00,,-32.58988599999998,149.58273100000008,,,GANSW709760305,94 MARKET STREET,2,2850,MUDGEE,24,-32.58967445999997,149.58277722000003
153.499427,-28.552676,655,EMERGENCY FACILITY,"An emergency management facility from which a particular agency’s resources are commanded, coordinated and assigned to an incident or emergency",POLICING FACILITY,MULLUMBIMBY POLICE STATION,OPERATIONAL,59-61 DALLEY STREET,MULLUMBIMBY,NEW SOUTH WALES,2482,NSW POLICE FORCE,2017/10/05 00:00:00+00,NSW POLICE FORCE,2017/10/05 00:00:00+00,,2018/09/14 00:00:00+00,,-28.552675999999963,153.49942700000008,,POLICE STATION,GANSW705467384,59 DALLEY STREET,1,2482,MULLUMBIMBY,27,-28.552733789999934,153.49915557000008
146.005237,-35.98892,656,EMERGENCY FACILITY,"An emergency management facility from which a particular agency’s resources are commanded, coordinated and assigned to an incident or emergency",POLICING FACILITY,MULWALA POLICE STATION,OPERATIONAL,81 MELBOURNE STREET,MULWALA,NEW SOUTH WALES,2647,NSW POLICE FORCE,2017/10/05 00:00:00+00,NSW POLICE FORCE,2017/10/05 00:00:00+00,,2018/09/14 00:00:00+00,,-35.98891999999995,146.00523700000008,,,GANSW717378735,81 MELBOURNE STREET,0,2647,MULWALA,7,-35.98886339999996,146.00526365000007
153.397132,-28.326272,657,EMERGENCY FACILITY,"An emergency management facility from which a particular agency’s resources are commanded, coordinated and assigned to an incident or emergency",POLICING FACILITY,MURWILLUMBAH POLICE STATION,OPERATIONAL,81 MURWILLUMBAH STREET,MURWILLUMBAH,NEW SOUTH WALES,2484,NSW POLICE FORCE,2017/10/05 00:00:00+00,NSW POLICE FORCE,2017/10/05 00:00:00+00,,2018/09/14 00:00:00+00,,-28.32627199999996,153.39713200000006,,POLICE STATION,GANSW709786813,81 MURWILLUMBAH STREET,0,2484,MURWILLUMBAH,10,-28.326322749999974,153.3972132
150.889503,-32.265278,658,EMERGENCY FACILITY,"An emergency management facility from which a particular agency’s resources are commanded, coordinated and assigned to an incident or emergency",POLICING FACILITY,MUSWELLBROOK POLICE STATION,OPERATIONAL,26 WILLIAM STREET,MUSWELLBROOK,NEW SOUTH WALES,2333,NSW POLICE FORCE,2017/10/05 00:00:00+00,NSW POLICE FORCE,2017/10/05 00:00:00+00,,2018/09/14 00:00:00+00,,-32.26527799999997,150.8895030000001,,,GANSW709774526,26 WILLIAM STREET,0,2333,MUSWELLBROOK,205,-32.26582030999998,150.89158040000007
152.379331,-32.098267,659,EMERGENCY FACILITY,"An emergency management facility from which a particular agency’s resources are commanded, coordinated and assigned to an incident or emergency",POLICING FACILITY,NABIAC POLICE STATION,OPERATIONAL,70 CLARKESON STREET,NABIAC,NEW SOUTH WALES,2312,NSW POLICE FORCE,2017/10/05 00:00:00+00,NSW POLICE FORCE,2017/10/05 00:00:00+00,,2018/09/14 00:00:00+00,,-32.098266999999964,152.3793310000001,,,GANSW705473256,70 CLARKSON STREET,2,2312,NABIAC,171,-32.09841493999994,152.3811384700001
153.002177,-30.6421109999999,660,EMERGENCY FACILITY,"An emergency management facility from which a particular agency’s resources are commanded, coordinated and assigned to an incident or emergency",POLICING FACILITY,NAMBUCCA HEADS POLICE STATION,OPERATIONAL,25 BOWRA STREET,NAMBUCCA HEADS,NEW SOUTH WALES,2448,NSW POLICE FORCE,2017/10/05 00:00:00+00,NSW POLICE FORCE,2017/10/05 00:00:00+00,,2018/09/14 00:00:00+00,,-30.642110999999943,153.00217700000007,,,GANSW705467815,25 BOWRA STREET,2,2448,NAMBUCCA HEADS,12,-30.642171529999928,153.0020681100001
150.731439,-34.042334,661,EMERGENCY FACILITY,"An emergency management facility from which a particular agency’s resources are commanded, coordinated and assigned to an incident or emergency",POLICING FACILITY,NARELLAN POLICE STATION,OPERATIONAL,278 CAMDEN VALLEY WAY,NARELLAN,NEW SOUTH WALES,2567,NSW POLICE FORCE,2017/10/05 00:00:00+00,NSW POLICE FORCE,2017/10/05 00:00:00+00,,2018/09/14 00:00:00+00,,-34.04233399999998,150.73143900000002,,,GANSW716301395,278 CAMDEN VALLEY WAY,2,2567,NARELLAN,8,-34.04233403999996,150.7315263800001
150.131219,-36.21698,662,EMERGENCY FACILITY,"An emergency management facility from which a particular agency’s resources are commanded, coordinated and assigned to an incident or emergency",POLICING FACILITY,NAROOMA POLICE STATION,OPERATIONAL,98 CAMPBELL STREET,NAROOMA,NEW SOUTH WALES,2546,NSW POLICE FORCE,2017/10/05 00:00:00+00,NSW POLICE FORCE,2017/10/05 00:00:00+00,,2018/09/14 00:00:00+00,,-36.21697999999998,150.1312190000001,,,GANSW717592285,98 CAMPBELL STREET,0,2546,NAROOMA,18,-36.21713589999996,150.13117221000005
149.785759,-30.3293609999999,663,EMERGENCY FACILITY,"An emergency management facility from which a particular agency’s resources are commanded, coordinated and assigned to an incident or emergency",POLICING FACILITY,NARRABRI POLICE STATION,OPERATIONAL,52 MAITLAND STREET,NARRABRI,NEW SOUTH WALES,2390,NSW POLICE FORCE,2017/10/05 00:00:00+00,NSW POLICE FORCE,2017/10/05 00:00:00+00,,2018/09/14 00:00:00+00,,-30.32936099999995,149.7857590000001,,,GANSW705474329,52 MAITLAND STREET,2,2390,NARRABRI,18,-30.32946415999993,149.78589883000006
146.549587,-34.748795,664,EMERGENCY FACILITY,"An emergency management facility from which a particular agency’s resources are commanded, coordinated and assigned to an incident or emergency",POLICING FACILITY,NARRANDERA POLICE STATION,OPERATIONAL,129-131 LARMER STREET,NARRANDERA,NEW SOUTH WALES,2700,NSW POLICE FORCE,2017/10/05 00:00:00+00,NSW POLICE FORCE,2017/10/05 00:00:00+00,,2018/09/14 00:00:00+00,,-34.74879499999997,146.5495870000001,,,GANSW712768947,129 LARMER STREET,2,2700,NARRANDERA,17,-34.748666569999955,146.54949232
148.241384,-32.233492,665,EMERGENCY FACILITY,"An emergency management facility from which a particular agency’s resources are commanded, coordinated and assigned to an incident or emergency",POLICING FACILITY,NARROMINE POLICE STATION,OPERATIONAL,16 BURRAWAY STREET,NARROMINE,NEW SOUTH WALES,2821,NSW POLICE FORCE,2017/10/05 00:00:00+00,NSW POLICE FORCE,2017/10/05 00:00:00+00,,2018/09/14 00:00:00+00,,-32.233491999999956,148.24138400000004,,,GANSW713054227,16 BURRAWAY STREET,0,2821,NARROMINE,233,-32.23480691999998,148.24330842000006
152.141175,-32.720514,666,EMERGENCY FACILITY,"An emergency management facility from which a particular agency’s resources are commanded, coordinated and assigned to an incident or emergency",POLICING FACILITY,NELSON BAY POLICE STATION,OPERATIONAL,16-18 GOVERNMENT ROAD,NELSON BAY,NEW SOUTH WALES,2315,NSW POLICE FORCE,2017/10/05 00:00:00+00,NSW POLICE FORCE,2017/10/05 00:00:00+00,,2018/09/14 00:00:00+00,,-32.72051399999998,152.1411750000001,,,GANSW705493407,14 GOVERNMENT ROAD,1,2315,NELSON BAY,0,-32.72051419999997,152.14117548000002
151.783132,-32.930326,667,EMERGENCY FACILITY,"An emergency management facility from which a particular agency’s resources are commanded, coordinated and assigned to an incident or emergency",POLICING FACILITY,NEWCASTLE POLICE STATION,OPERATIONAL,CHURCH STREET & WATT STREET,NEWCASTLE,NEW SOUTH WALES,2300,NSW POLICE FORCE,2017/10/05 00:00:00+00,NSW POLICE FORCE,2017/10/05 00:00:00+00,,2018/09/14 00:00:00+00,,-32.93032599999998,151.78313200000002,,,GANSW717888811,1 CHURCH STREET,0,2300,NEWCASTLE,16,-32.93043977999997,151.7830289100001
151.178507,-33.8966809999999,668,EMERGENCY FACILITY,"An emergency management facility from which a particular agency’s resources are commanded, coordinated and assigned to an incident or emergency",POLICING FACILITY,NEWTOWN POLICE STATION,OPERATIONAL,222-223 AUSTRALIA STREET,NEWTOWN,NEW SOUTH WALES,2042,NSW POLICE FORCE,2017/10/05 00:00:00+00,NSW POLICE FORCE,2017/10/05 00:00:00+00,,2018/09/14 00:00:00+00,,-33.896680999999944,151.17850700000008,,,GANSW705508008,218 AUSTRALIA STREET,0,2042,NEWTOWN,22,-33.89680456999997,151.1786916100001
153.222344,-28.597551,669,EMERGENCY FACILITY,"An emergency management facility from which a particular agency’s resources are commanded, coordinated and assigned to an incident or emergency",POLICING FACILITY,NIMBIN POLICE STATION,OPERATIONAL,38 CULLEN STREET,NIMBIN,NEW SOUTH WALES,2480,NSW POLICE FORCE,2017/10/05 00:00:00+00,NSW POLICE FORCE,2017/10/05 00:00:00+00,,2018/09/14 00:00:00+00,,-28.597550999999953,153.22234400000002,,,GANSW709807358,38 CULLEN STREET,0,2480,NIMBIN,44,-28.59760358999995,153.22190237000007
149.284026,-36.512447,670,EMERGENCY FACILITY,"An emergency management facility from which a particular agency’s resources are commanded, coordinated and assigned to an incident or emergency",POLICING FACILITY,NIMMITABEL POLICE STATION,OPERATIONAL,32 BOMBALA STREET,NIMMITABEL,NEW SOUTH WALES,2631,NSW POLICE FORCE,2017/10/05 00:00:00+00,NSW POLICE FORCE,2017/10/05 00:00:00+00,,2018/09/14 00:00:00+00,,-36.51244699999995,149.28402600000004,,,GANSW716627089,32 BOMBALA STREET,2,2631,NIMMITABEL,18,-36.51245272999995,149.28382562000002
151.204789,-33.8332629999999,671,EMERGENCY FACILITY,"An emergency management facility from which a particular agency’s resources are commanded, coordinated and assigned to an incident or emergency",POLICING FACILITY,NORTH SYDNEY POLICE STATION,OPERATIONAL,273 PACIFIC HIGHWAY,NORTH SYDNEY,NEW SOUTH WALES,2060,NSW POLICE FORCE,2017/10/05 00:00:00+00,NSW POLICE FORCE,2017/10/05 00:00:00+00,,2018/09/14 00:00:00+00,,-33.83326299999993,151.20478900000012,,,GANSW710579736,273 PACIFIC HIGHWAY,2,2060,NORTH SYDNEY,18,-33.83322580999993,151.20497904
151.715652,-31.512535,672,EMERGENCY FACILITY,"An emergency management facility from which a particular agency’s resources are commanded, coordinated and assigned to an incident or emergency",POLICING FACILITY,NOWENDOC POLICE STATION,OPERATIONAL,OLD NOWENDOC ROAD,NOWENDOC,NEW SOUTH WALES,2354,NSW POLICE FORCE,2017/10/05 00:00:00+00,NSW POLICE FORCE,2017/10/05 00:00:00+00,,2018/09/14 00:00:00+00,,-31.512534999999957,151.7156520000001,,,GANSW718402075,6434 BRACKENDALE ROAD,1,2354,NOWENDOC,7,-31.51257296999995,151.71559188000003
150.601657,-34.879041,673,EMERGENCY FACILITY,"An emergency management facility from which a particular agency’s resources are commanded, coordinated and assigned to an incident or emergency",POLICING FACILITY,NOWRA POLICE STATION,OPERATIONAL,88 PLUNKETT STREET,NOWRA,NEW SOUTH WALES,2541,NSW POLICE FORCE,2017/10/05 00:00:00+00,NSW POLICE FORCE,2017/10/05 00:00:00+00,,2018/09/14 00:00:00+00,,-34.87904099999997,150.60165700000005,,,GANSW717603624,88 PLUNKETT STREET,0,2541,NOWRA,199,-34.87825792999996,150.59970411000006
151.127659,-31.4643429999999,674,EMERGENCY FACILITY,"An emergency management facility from which a particular agency’s resources are commanded, coordinated and assigned to an incident or emergency",POLICING FACILITY,NUNDLE POLICE STATION,OPERATIONAL,GILL STREET,NUNDLE,NEW SOUTH WALES,2340,NSW POLICE FORCE,2017/10/05 00:00:00+00,NSW POLICE FORCE,2017/10/05 00:00:00+00,,2018/09/14 00:00:00+00,,-31.46434299999993,151.1276590000001,,,GANSW718044110,44 JENKINS STREET,0,2340,NUNDLE,35,-31.46427755999997,151.1273038700001
146.318809,-32.064536,675,EMERGENCY FACILITY,"An emergency management facility from which a particular agency’s resources are commanded, coordinated and assigned to an incident or emergency",POLICING FACILITY,NYMAGEE POLICE STATION,OPERATIONAL,MILFORD STREET,NYMAGEE,NEW SOUTH WALES,2831,NSW POLICE FORCE,2017/10/05 00:00:00+00,NSW POLICE FORCE,2017/10/05 00:00:00+00,,2018/09/14 00:00:00+00,,-32.064535999999976,146.3188090000001,,,GANSW718728800,34 MILFORD STREET,1,2831,NYMAGEE,31,-32.06426623999994,146.31874243000004
152.725758,-29.976301,676,EMERGENCY FACILITY,"An emergency management facility from which a particular agency’s resources are commanded, coordinated and assigned to an incident or emergency",POLICING FACILITY,NYMBOIDA POLICE STATION,OPERATIONAL,ARMIDALE ROAD,NYMBOIDA,NEW SOUTH WALES,2460,NSW POLICE FORCE,2017/10/05 00:00:00+00,NSW POLICE FORCE,2017/10/05 00:00:00+00,,2018/09/14 00:00:00+00,,-29.976300999999978,152.72575800000004,,,GANSW705615043,4216 ARMIDALE ROAD,2,2460,NYMBOIDA,28,-29.976291239999966,152.7254701700001
147.19366,-31.564019,677,EMERGENCY FACILITY,"An emergency management facility from which a particular agency’s resources are commanded, coordinated and assigned to an incident or emergency",POLICING FACILITY,NYNGAN POLICE STATION,OPERATIONAL,27 TABRATONG STREET,NYNGAN,NEW SOUTH WALES,2825,NSW POLICE FORCE,2017/10/05 00:00:00+00,NSW POLICE FORCE,2017/10/05 00:00:00+00,,2018/09/14 00:00:00+00,,-31.564018999999973,147.19366000000002,,,GANSW717719735,27 TABRATONG STREET,0,2825,NYNGAN,25,-31.56380151999997,147.19373685000005
150.819868,-34.571341,678,EMERGENCY FACILITY,"An emergency management facility from which a particular agency’s resources are commanded, coordinated and assigned to an incident or emergency",POLICING FACILITY,LAKE ILLAWARRA POLICE STATION,OPERATIONAL,6 PIONEER DRIVE,OAK FLATS,NEW SOUTH WALES,2529,NSW POLICE FORCE,2017/10/05 00:00:00+00,NSW POLICE FORCE,2017/10/05 00:00:00+00,,2018/09/14 00:00:00+00,,-34.57134099999996,150.81986800000004,,,GANSW718135888,6 PIONEER DRIVE,1,2529,OAK FLATS,67,-34.57114064999996,150.81918553000003
146.166056,-35.556393,679,EMERGENCY FACILITY,"An emergency management facility from which a particular agency’s resources are commanded, coordinated and assigned to an incident or emergency",POLICING FACILITY,OAKLANDS POLICE STATION,OPERATIONAL,YOUNG STREET & COREEN STREET,OAKLANDS,NEW SOUTH WALES,2646,NSW POLICE FORCE,2017/10/05 00:00:00+00,NSW POLICE FORCE,2017/10/05 00:00:00+00,,2018/09/14 00:00:00+00,,-35.55639299999996,146.16605600000003,,,GANSW716730448,5-7 COREEN STREET,1,2646,OAKLANDS,27,-35.55618574999994,146.16621066000005
149.861842,-33.705749,680,EMERGENCY FACILITY,"An emergency management facility from which a particular agency’s resources are commanded, coordinated and assigned to an incident or emergency",POLICING FACILITY,OBERON POLICE STATION,OPERATIONAL,39 QUEEN STREET,OBERON,NEW SOUTH WALES,2787,NSW POLICE FORCE,2017/10/05 00:00:00+00,NSW POLICE FORCE,2017/10/05 00:00:00+00,,2018/09/14 00:00:00+00,,-33.70574899999997,149.86184200000002,,,GANSW718667114,39 QUEEN STREET,0,2787,OBERON,424,-33.70629780999997,149.86637267000003
149.100296,-33.281308,681,EMERGENCY FACILITY,"An emergency management facility from which a particular agency’s resources are commanded, coordinated and assigned to an incident or emergency",POLICING FACILITY,ORANGE POLICE STATION,OPERATIONAL,120 BYNG STREET,ORANGE,NEW SOUTH WALES,2800,NSW POLICE FORCE,2017/10/05 00:00:00+00,NSW POLICE FORCE,2017/10/05 00:00:00+00,,2018/09/14 00:00:00+00,,-33.28130799999997,149.10029600000007,,,GANSW705618785,120 BYNG STREET,2,2800,ORANGE,68,-33.28189391999996,149.10049602000004
148.866851,-33.087528,682,EMERGENCY FACILITY,"An emergency management facility from which a particular agency’s resources are commanded, coordinated and assigned to an incident or emergency",POLICING FACILITY,MOLONG POLICE STATION,OPERATIONAL,1 EDWARD STREET,MOLONG,NEW SOUTH WALES,2866,NSW POLICE FORCE,2017/10/05 00:00:00+00,NSW POLICE FORCE,2017/10/05 00:00:00+00,,2018/09/14 00:00:00+00,,-33.08752799999996,148.8668510000001,,,GANSW713051375,1 EDWARD STREET,1,2866,MOLONG,972,-33.09626875999993,148.86612550000007
151.302621,-33.681485,683,EMERGENCY FACILITY,"An emergency management facility from which a particular agency’s resources are commanded, coordinated and assigned to an incident or emergency",POLICING FACILITY,MONA VALE POLICE STATION,OPERATIONAL,1705-1707 PITTWATER ROAD,MONA VALE,NEW SOUTH WALES,2103,NSW POLICE FORCE,2017/10/05 00:00:00+00,NSW POLICE FORCE,2017/10/05 00:00:00+00,,2018/09/14 00:00:00+00,,-33.68148499999995,151.30262100000004,,,GANSW705392014,1705 PITTWATER ROAD,1,2103,MONA VALE,6,-33.68151601999995,151.30257447000008
151.236848,-31.922857,684,EMERGENCY FACILITY,"An emergency management facility from which a particular agency’s resources are commanded, coordinated and assigned to an incident or emergency",POLICING FACILITY,MOONAN FLAT POLICE STATION,OPERATIONAL,ELLERSTON STREET,MOONAN FLAT,NEW SOUTH WALES,2337,NSW POLICE FORCE,2017/10/05 00:00:00+00,NSW POLICE FORCE,2017/10/05 00:00:00+00,,2018/09/14 00:00:00+00,,-31.922856999999965,151.236848,,,GANSW705403928,27 ELLERSTON STREET,2,2337,MOONAN FLAT,21,-31.922894989999975,151.2366322700001
149.843292,-29.46446,685,EMERGENCY FACILITY,"An emergency management facility from which a particular agency’s resources are commanded, coordinated and assigned to an incident or emergency",POLICING FACILITY,MOREE POLICE STATION,OPERATIONAL,60-62 FROME STREET,MOREE,NEW SOUTH WALES,2400,NSW POLICE FORCE,2017/10/05 00:00:00+00,NSW POLICE FORCE,2017/10/05 00:00:00+00,,2018/09/14 00:00:00+00,,-29.464459999999974,149.84329200000002,,,GANSW712139032,60-62 FROME STREET,0,2400,MOREE,31,-29.46450724999994,149.84360262000007
151.488504,-33.1078869999999,686,EMERGENCY FACILITY,"An emergency management facility from which a particular agency’s resources are commanded, coordinated and assigned to an incident or emergency",POLICING FACILITY,MORISSET POLICE STATION,OPERATIONAL,73 DORA STREET,MORISSET,NEW SOUTH WALES,2264,NSW POLICE FORCE,2017/10/05 00:00:00+00,NSW POLICE FORCE,2017/10/05 00:00:00+00,,2018/09/14 00:00:00+00,,-33.10788699999995,151.48850400000003,,,GANSW705410129,73 DORA STREET,1,2264,MORISSET,14,-33.10775948999998,151.4885207000001
151.632907,-32.7254869999999,687,EMERGENCY FACILITY,"An emergency management facility from which a particular agency’s resources are commanded, coordinated and assigned to an incident or emergency",POLICING FACILITY,MORPETH POLICE STATION,OPERATIONAL,32 HIGH STREET,MORPETH,NEW SOUTH WALES,2321,NSW POLICE FORCE,2017/10/05 00:00:00+00,NSW POLICE FORCE,2017/10/05 00:00:00+00,,2018/09/14 00:00:00+00,,-32.72548699999993,151.63290700000005,,,GANSW705394500,32 HIGH STREET,2,2321,MORPETH,17,-32.72561332999993,151.6330114000001
150.080559,-35.9100139999999,688,EMERGENCY FACILITY,"An emergency management facility from which a particular agency’s resources are commanded, coordinated and assigned to an incident or emergency",POLICING FACILITY,MORUYA POLICE STATION,OPERATIONAL,48 QUEEN STREET,MORUYA,NEW SOUTH WALES,2537,NSW POLICE FORCE,2017/10/05 00:00:00+00,NSW POLICE FORCE,2017/10/05 00:00:00+00,,2018/09/14 00:00:00+00,,-35.91001399999993,150.0805590000001,,,GANSW709733656,48 QUEEN STREET,0,2537,MORUYA,11,-35.90992124999997,150.0805240100001
151.244264,-33.832615,689,EMERGENCY FACILITY,"An emergency management facility from which a particular agency’s resources are commanded, coordinated and assigned to an incident or emergency",POLICING FACILITY,MOSMAN POLICE STATION,OPERATIONAL,96 BRADLEYS HEAD ROAD,MOSMAN,NEW SOUTH WALES,2088,NSW POLICE FORCE,2017/10/05 00:00:00+00,NSW POLICE FORCE,2017/10/05 00:00:00+00,,2018/09/14 00:00:00+00,,-33.832614999999976,151.24426400000004,,,GANSW718402097,96 BRADLEYS HEAD ROAD,0,2088,MOSMAN,0,-33.83261460999995,151.24426356000004
151.232646,-33.8882619999999,690,EMERGENCY FACILITY,"An emergency management facility from which a particular agency’s resources are commanded, coordinated and assigned to an incident or emergency",POLICING FACILITY,PADDINGTON POLICE STATION,OPERATIONAL,16 JERSEY ROAD,PADDINGTON,NEW SOUTH WALES,2021,NSW POLICE FORCE,2017/10/05 00:00:00+00,NSW POLICE FORCE,2017/10/05 00:00:00+00,,2018/09/14 00:00:00+00,,-33.88826199999994,151.23264600000005,,,GANSW709921256,16 JERSEY ROAD,2,2021,PADDINGTON,23,-33.88806845999994,151.23255587000006
150.136566,-29.4757789999999,691,EMERGENCY FACILITY,"An emergency management facility from which a particular agency’s resources are commanded, coordinated and assigned to an incident or emergency",POLICING FACILITY,PALLAMALLAWA POLICE STATION,OPERATIONAL,GWYDIR STREET,PALLAMALLAWA,NEW SOUTH WALES,2399,NSW POLICE FORCE,2017/10/05 00:00:00+00,NSW POLICE FORCE,2017/10/05 00:00:00+00,,2018/09/14 00:00:00+00,,-29.475778999999932,150.13656600000002,,,GANSW712097764,47 WARIALDA STREET,1,2399,PALLAMALLAWA,23,-29.47595002999998,150.13670080000009
148.17698681,-33.1368787,692,EMERGENCY FACILITY,"An emergency management facility from which a particular agency’s resources are commanded, coordinated and assigned to an incident or emergency",POLICING FACILITY,PARKES POLICE STATION,OPERATIONAL,3 COURT STREET,PARKES,NEW SOUTH WALES,2870,NSW POLICE FORCE,2017/10/05 00:00:00+00,NSW POLICE FORCE,2017/10/05 00:00:00+00,,2018/09/14 00:00:00+00,,-33.136878699999954,148.17698681000002,,,GANSW716436869,3 COURT STREET,1,2870,PARKES,6,-33.136828339999965,148.1769771700001
151.002649,-33.812397,693,EMERGENCY FACILITY,"An emergency management facility from which a particular agency’s resources are commanded, coordinated and assigned to an incident or emergency",POLICING FACILITY,PARRAMATTA POLICE STATION,OPERATIONAL,95 MARSDEN STREET,PARRAMATTA,NEW SOUTH WALES,2150,NSW POLICE FORCE,2017/10/05 00:00:00+00,NSW POLICE FORCE,2017/10/05 00:00:00+00,,2018/09/14 00:00:00+00,,-33.812396999999976,151.00264900000002,,,GANSW711124934,95 MARSDEN STREET,2,2150,PARRAMATTA,38,-33.812166529999956,151.00295362000008
151.616841,-32.599724,694,EMERGENCY FACILITY,"An emergency management facility from which a particular agency’s resources are commanded, coordinated and assigned to an incident or emergency",POLICING FACILITY,PATERSON POLICE STATION,OPERATIONAL,9 CHURCH STREET,PATERSON,NEW SOUTH WALES,2421,NSW POLICE FORCE,2017/10/05 00:00:00+00,NSW POLICE FORCE,2017/10/05 00:00:00+00,,2018/09/14 00:00:00+00,,-32.59972399999998,151.61684100000002,,,GANSW709946797,9 CHURCH STREET,2,2421,PATERSON,3,-32.59971968999997,151.6168727700001
148.189735,-32.7259559999999,695,EMERGENCY FACILITY,"An emergency management facility from which a particular agency’s resources are commanded, coordinated and assigned to an incident or emergency",POLICING FACILITY,PEAK HILL POLICE STATION,OPERATIONAL,80 DERRIBONG STREET,PEAK HILL,NEW SOUTH WALES,2869,NSW POLICE FORCE,2017/10/05 00:00:00+00,NSW POLICE FORCE,2017/10/05 00:00:00+00,,2018/09/14 00:00:00+00,,-32.72595599999994,148.18973500000004,,,GANSW718275863,80 DERRIBONG STREET,0,2869,PEAK HILL,35,-32.72567952999998,148.1895568000001
150.701295,-33.7540309999999,696,EMERGENCY FACILITY,"An emergency management facility from which a particular agency’s resources are commanded, coordinated and assigned to an incident or emergency",POLICING FACILITY,PENRITH POLICE STATION,OPERATIONAL,317 HIGH STREET,PENRITH,NEW SOUTH WALES,2750,NSW POLICE FORCE,2017/10/05 00:00:00+00,NSW POLICE FORCE,2017/10/05 00:00:00+00,,2018/09/14 00:00:00+00,,-33.75403099999994,150.70129500000007,,,GANSW712836920,317 HIGH STREET,0,2750,PENRITH,28,-33.753778989999944,150.70124490000012
148.41195,-36.4052,697,EMERGENCY FACILITY,"An emergency management facility from which a particular agency’s resources are commanded, coordinated and assigned to an incident or emergency",POLICING FACILITY,PERISHER VALLEY POLICE STATION,OPERATIONAL,SKI TUBE BUILDING ROAD,PERISHER VALLEY,NEW SOUTH WALES,2627,NSW POLICE FORCE,2017/10/05 00:00:00+00,NSW POLICE FORCE,2017/10/05 00:00:00+00,,2018/09/14 00:00:00+00,,-36.40519999999998,148.41195000000005,,,GANSW719947924,9924 KOSCIUSZKO ROAD,1,2624,PERISHER VALLEY,11,-36.40519617999996,148.41182545000004
150.61222,-34.1680909999999,698,EMERGENCY FACILITY,"An emergency management facility from which a particular agency’s resources are commanded, coordinated and assigned to an incident or emergency",POLICING FACILITY,PICTON POLICE STATION,OPERATIONAL,86 ARGYLE STREET,PICTON,NEW SOUTH WALES,2571,NSW POLICE FORCE,2017/10/05 00:00:00+00,NSW POLICE FORCE,2017/10/05 00:00:00+00,,2018/09/14 00:00:00+00,,-34.16809099999995,150.6122200000001,,,GANSW712598068,86 ARGYLE STREET,2,2571,PICTON,47,-34.168389659999946,150.61257674000012
148.883648,-30.352019,699,EMERGENCY FACILITY,"An emergency management facility from which a particular agency’s resources are commanded, coordinated and assigned to an incident or emergency",POLICING FACILITY,PILLIGA POLICE STATION,OPERATIONAL,DANGAR STREET & GORDON STREET,PILLIGA,NEW SOUTH WALES,2388,NSW POLICE FORCE,2017/10/05 00:00:00+00,NSW POLICE FORCE,2017/10/05 00:00:00+00,,2018/09/14 00:00:00+00,,-30.352018999999984,148.8836480000001,,PILLIGA POLICE STATION,GANSW718225662,100 DANGAR STREET,2,2388,PILLIGA,3,-30.352002829999947,148.88362654000002
150.90223,-34.479729,700,EMERGENCY FACILITY,"An emergency management facility from which a particular agency’s resources are commanded, coordinated and assigned to an incident or emergency",POLICING FACILITY,PORT KEMBLA POLICE STATION,OPERATIONAL,24 MILITARY ROAD,PORT KEMBLA,NEW SOUTH WALES,2505,NSW POLICE FORCE,2017/10/05 00:00:00+00,NSW POLICE FORCE,2017/10/05 00:00:00+00,,2018/09/14 00:00:00+00,,-34.47972899999996,150.90223000000003,,,GANSW712314505,24 MILITARY ROAD,1,2505,PORT KEMBLA,10,-34.479645749999975,150.9022034200001
152.909649,-31.4281609999999,701,EMERGENCY FACILITY,"An emergency management facility from which a particular agency’s resources are commanded, coordinated and assigned to an incident or emergency",POLICING FACILITY,PORT MACQUARIE POLICE STATION,OPERATIONAL,2 HAY STREET,PORT MACQUARIE,NEW SOUTH WALES,2444,NSW POLICE FORCE,2017/10/05 00:00:00+00,NSW POLICE FORCE,2017/10/05 00:00:00+00,,2018/09/14 00:00:00+00,,-31.428160999999932,152.90964900000006,,,GANSW705723956,2 HAY STREET,2,2444,PORT MACQUARIE,22,-31.428336739999963,152.90976462000003
149.978605,-33.3536559999999,702,EMERGENCY FACILITY,"An emergency management facility from which a particular agency’s resources are commanded, coordinated and assigned to an incident or emergency",POLICING FACILITY,PORTLAND POLICE STATION,OPERATIONAL,LETT STREET,PORTLAND,NEW SOUTH WALES,2847,NSW POLICE FORCE,2017/10/05 00:00:00+00,NSW POLICE FORCE,2017/10/05 00:00:00+00,,2018/09/14 00:00:00+00,,-33.353655999999944,149.97860500000002,,,GANSW719157522,5 LETT STREET,1,2847,PORTLAND,32,-33.35345341999994,149.97835479000003
150.900956,-33.8618989999999,703,EMERGENCY FACILITY,"An emergency management facility from which a particular agency’s resources are commanded, coordinated and assigned to an incident or emergency",POLICING FACILITY,WETHERILL PARK POLICE STATION,OPERATIONAL,332 PRAIRIE VALE ROAD,PRAIRIEWOOD,NEW SOUTH WALES,2176,NSW POLICE FORCE,2017/10/05 00:00:00+00,NSW POLICE FORCE,2017/10/05 00:00:00+00,,2018/09/14 00:00:00+00,,-33.86189899999994,150.90095600000006,,,GANSW718499388,324 PRAIRIE VALE ROAD,0,2176,PRAIRIEWOOD,70,-33.86231282999995,150.90152738000006
150.886224,-33.726557,704,EMERGENCY FACILITY,"An emergency management facility from which a particular agency’s resources are commanded, coordinated and assigned to an incident or emergency",POLICING FACILITY,QUAKERS HILL POLICE STATION,OPERATIONAL,PEARCE ROAD & LALOR ROAD,QUAKERS HILL,NEW SOUTH WALES,2763,NSW POLICE FORCE,2017/10/05 00:00:00+00,NSW POLICE FORCE,2017/10/05 00:00:00+00,,2018/09/14 00:00:00+00,,-33.72655699999996,150.88622400000008,,,GANSW712891785,2-6 LALOR ROAD,1,2763,QUAKERS HILL,17,-33.72670378999993,150.88628152
147.791829,-34.011003,705,EMERGENCY FACILITY,"An emergency management facility from which a particular agency’s resources are commanded, coordinated and assigned to an incident or emergency",POLICING FACILITY,QUANDIALLA POLICE STATION,OPERATIONAL,THIRD STREET,QUANDIALLA,NEW SOUTH WALES,2721,NSW POLICE FORCE,2017/10/05 00:00:00+00,NSW POLICE FORCE,2017/10/05 00:00:00+00,,2018/09/14 00:00:00+00,,-34.01100299999996,147.79182900000012,,,GANSW716426351,16 THIRD STREET,0,2721,QUANDIALLA,23,-34.01097268999996,147.7920710100001
151.783456,-32.9113,706,EMERGENCY FACILITY,"An emergency management facility from which a particular agency’s resources are commanded, coordinated and assigned to an incident or emergency",POLICING FACILITY,STOCKTON POLICE STATION,OPERATIONAL,41-43 DOUGLAS STREET,STOCKTON,NEW SOUTH WALES,2295,NSW POLICE FORCE,2017/10/05 00:00:00+00,NSW POLICE FORCE,2017/10/05 00:00:00+00,,2018/09/14 00:00:00+00,,-32.91129999999998,151.78345600000011,,,GANSW711942212,41 DOUGLAS STREET,1,2295,STOCKTON,19,-32.911362149999945,151.78326692000007
151.093967,-33.8730649999999,707,EMERGENCY FACILITY,"An emergency management facility from which a particular agency’s resources are commanded, coordinated and assigned to an incident or emergency",POLICING FACILITY,STRATHFIELD POLICE STATION,OPERATIONAL,11 THE BOULEVARDE,STRATHFIELD,NEW SOUTH WALES,2135,NSW POLICE FORCE,2017/10/05 00:00:00+00,NSW POLICE FORCE,2017/10/05 00:00:00+00,,2018/09/14 00:00:00+00,,-33.87306499999994,151.09396700000002,,STRATHFIELD PLAZA,GANSW716690794,11 THE BOULEVARDE ,0,2135,STRATHFIELD,73,-33.873009269999955,151.09317719000012
151.96858,-32.4023349999999,708,EMERGENCY FACILITY,"An emergency management facility from which a particular agency’s resources are commanded, coordinated and assigned to an incident or emergency",POLICING FACILITY,STROUD POLICE STATION,OPERATIONAL,6 GIDLEY STREET,STROUD,NEW SOUTH WALES,2425,NSW POLICE FORCE,2017/10/05 00:00:00+00,NSW POLICE FORCE,2017/10/05 00:00:00+00,,2018/09/14 00:00:00+00,,-32.40233499999994,151.9685800000001,,,GANSW706003086,6 GIDLEY STREET,1,2425,STROUD,33,-32.40254434999997,151.9683318100001
149.082781,-32.8056569999999,709,EMERGENCY FACILITY,"An emergency management facility from which a particular agency’s resources are commanded, coordinated and assigned to an incident or emergency",POLICING FACILITY,STUART TOWN POLICE STATION,OPERATIONAL,MOOKERWA ROAD,STUART TOWN,NEW SOUTH WALES,2820,NSW POLICE FORCE,2017/10/05 00:00:00+00,NSW POLICE FORCE,2017/10/05 00:00:00+00,,2018/09/14 00:00:00+00,,-32.80565699999994,149.08278100000007,,,GANSW717837000,6 WELLINGTON STREET,1,2820,STUART TOWN,15,-32.805533149999974,149.0828409600001
151.213554,-33.879723,710,EMERGENCY FACILITY,"An emergency management facility from which a particular agency’s resources are commanded, coordinated and assigned to an incident or emergency",POLICING FACILITY,SURRY HILLS POLICE STATION,OPERATIONAL,151-241 GOULBURN STREET,SURRY HILLS,NEW SOUTH WALES,2010,NSW POLICE FORCE,2017/10/05 00:00:00+00,NSW POLICE FORCE,2017/10/05 00:00:00+00,,2018/09/14 00:00:00+00,,-33.879722999999956,151.21355400000004,,,GANSW706414189,151-241 GOULBURN STREET,2,2010,SURRY HILLS,51,-33.87991478999993,151.21305173000007
150.599269,-35.1556249999999,711,EMERGENCY FACILITY,"An emergency management facility from which a particular agency’s resources are commanded, coordinated and assigned to an incident or emergency",POLICING FACILITY,AFP - CT - JERVIS BAY - POLICE STATION,OPERATIONAL,13-21 NIELSON ROAD,SUSSEX INLET,NEW SOUTH WALES,2540,WWW.AFP.GOV.AU,,WWW.AFP.GOV.AU,,,2018/08/16 00:00:00+00,,-35.15562499999993,150.59926900000005,,,GANSW710244241,13-21 NIELSON ROAD,0,2540,SUSSEX INLET,8,-35.155555609999965,150.5992525700001
150.599306,-35.155605,712,EMERGENCY FACILITY,"An emergency management facility from which a particular agency’s resources are commanded, coordinated and assigned to an incident or emergency",POLICING FACILITY,SUSSEX INLET POLICE STATION,OPERATIONAL,27 BANKSIA STREET,SUSSEX INLET,NEW SOUTH WALES,2540,NSW POLICE FORCE,2017/10/05 00:00:00+00,NSW POLICE FORCE,2017/10/05 00:00:00+00,,2018/09/14 00:00:00+00,,-35.15560499999998,150.59930600000007,,,GANSW705997584,27 BANKSIA STREET,1,2540,SUSSEX INLET,3,-35.15560734999997,150.59933306000005
151.062713,-34.0322399999999,713,EMERGENCY FACILITY,"An emergency management facility from which a particular agency’s resources are commanded, coordinated and assigned to an incident or emergency",POLICING FACILITY,SUTHERLAND POLICE STATION,OPERATIONAL,113 FLORA STREET,SUTHERLAND,NEW SOUTH WALES,2232,NSW POLICE FORCE,2017/10/05 00:00:00+00,NSW POLICE FORCE,2017/10/05 00:00:00+00,,2018/09/14 00:00:00+00,,-34.032239999999945,151.06271300000003,,,GANSW711630029,113 FLORA STREET,1,2232,SUTHERLAND,12,-34.03213073999996,151.06268941000008
151.637275,-33.087125,714,EMERGENCY FACILITY,"An emergency management facility from which a particular agency’s resources are commanded, coordinated and assigned to an incident or emergency",POLICING FACILITY,SWANSEA POLICE STATION,OPERATIONAL,234 PACIFIC HIGHWAY,SWANSEA,NEW SOUTH WALES,2281,NSW POLICE FORCE,2017/10/05 00:00:00+00,NSW POLICE FORCE,2017/10/05 00:00:00+00,,2018/09/14 00:00:00+00,,-33.08712499999996,151.63727500000005,,,GANSW711824447,234 PACIFIC HIGHWAY,2,2281,SWANSEA,546,-33.09204465999994,151.63711721000004
151.203911,-33.8753129999999,715,EMERGENCY FACILITY,"An emergency management facility from which a particular agency’s resources are commanded, coordinated and assigned to an incident or emergency",POLICING FACILITY,DAY STREET POLICE STATION,OPERATIONAL,192 DAY STREET,SYDNEY,NEW SOUTH WALES,2000,NSW POLICE FORCE,2017/10/05 00:00:00+00,NSW POLICE FORCE,2017/10/05 00:00:00+00,,2018/09/14 00:00:00+00,,-33.87531299999995,151.20391100000006,,,GANSW710284277,192 DAY STREET,1,2000,SYDNEY,0,-33.87531255999994,151.20391058000007
151.210335,-33.8782449999999,716,EMERGENCY FACILITY,"An emergency management facility from which a particular agency’s resources are commanded, coordinated and assigned to an incident or emergency",POLICING FACILITY,AFP - NSW - SYDNEY OFFICE,OPERATIONAL,110 GOULBURN STREET,SYDNEY,NEW SOUTH WALES,2000,WWW.AFP.GOV.AU,,WWW.AFP.GOV.AU,,,2018/08/16 00:00:00+00,,-33.878244999999936,151.2103350000001,,,GANSW705984762,110 GOULBURN STREET,2,2000,SYDNEY,7,-33.87822709999995,151.21040213000003
152.565951,-28.8903829999999,717,EMERGENCY FACILITY,"An emergency management facility from which a particular agency’s resources are commanded, coordinated and assigned to an incident or emergency",POLICING FACILITY,TABULAM POLICE STATION,OPERATIONAL,CREEK STREET & COURT STREET,TABULAM,NEW SOUTH WALES,2469,NSW POLICE FORCE,2017/10/05 00:00:00+00,NSW POLICE FORCE,2017/10/05 00:00:00+00,,2018/09/14 00:00:00+00,,-28.89038299999993,152.56595100000004,,,GANSW718405627,1-3 CREEK STREET,1,2469,TABULAM,129,-28.889558989999955,152.5650242700001
148.29946,-35.5814139999999,718,EMERGENCY FACILITY,"An emergency management facility from which a particular agency’s resources are commanded, coordinated and assigned to an incident or emergency",POLICING FACILITY,TALBINGO POLICE STATION,OPERATIONAL,43 LAMPE STREET,TALBINGO,NEW SOUTH WALES,2720,NSW POLICE FORCE,2017/10/05 00:00:00+00,NSW POLICE FORCE,2017/10/05 00:00:00+00,,2018/09/14 00:00:00+00,,-35.58141399999994,148.29946000000007,,,GANSW718460549,43 LAMPE STREET,0,2720,TALBINGO,32,-35.581699629999946,148.29940251000005
150.932033,-31.090635,719,EMERGENCY FACILITY,"An emergency management facility from which a particular agency’s resources are commanded, coordinated and assigned to an incident or emergency",POLICING FACILITY,TAMWORTH POLICE STATION,OPERATIONAL,40-42 FITZROY STREET,TAMWORTH,NEW SOUTH WALES,2340,NSW POLICE FORCE,2017/10/05 00:00:00+00,NSW POLICE FORCE,2017/10/05 00:00:00+00,,2018/09/14 00:00:00+00,,-31.090634999999963,150.93203300000005,,,GANSW712084615,40-42 FITZROY STREET,1,2340,TAMWORTH,41,-31.090295769999955,150.93186155000012
149.649039,-35.0739609999999,720,EMERGENCY FACILITY,"An emergency management facility from which a particular agency’s resources are commanded, coordinated and assigned to an incident or emergency",POLICING FACILITY,TARAGO POLICE STATION,OPERATIONAL,BUNGENDORE ROAD,TARAGO,NEW SOUTH WALES,2580,NSW POLICE FORCE,2017/10/05 00:00:00+00,NSW POLICE FORCE,2017/10/05 00:00:00+00,,2018/09/14 00:00:00+00,,-35.07396099999994,149.64903900000002,,,GANSW717952786,85-87 GOULBURN STREET,2,2580,TARAGO,54,-35.07428431999995,149.64948461000006
149.820805,-34.4052389999999,721,EMERGENCY FACILITY,"An emergency management facility from which a particular agency’s resources are commanded, coordinated and assigned to an incident or emergency",POLICING FACILITY,TARALGA POLICE STATION,OPERATIONAL,MACARTHUR STREET,TARALGA,NEW SOUTH WALES,2580,NSW POLICE FORCE,2017/10/05 00:00:00+00,NSW POLICE FORCE,2017/10/05 00:00:00+00,,2018/09/14 00:00:00+00,,-34.40523899999994,149.82080500000006,,,GANSW717479452,8 MACARTHUR STREET,0,2580,TARALGA,37,-34.40516159999993,149.8204112400001
147.737389,-35.277595,722,EMERGENCY FACILITY,"An emergency management facility from which a particular agency’s resources are commanded, coordinated and assigned to an incident or emergency",POLICING FACILITY,TARCUTTA POLICE STATION,OPERATIONAL,CENTENARY AVENUE,TARCUTTA,NEW SOUTH WALES,2652,NSW POLICE FORCE,2017/10/05 00:00:00+00,NSW POLICE FORCE,2017/10/05 00:00:00+00,,2018/09/14 00:00:00+00,,-35.27759499999996,147.73738900000012,,,GANSW719020703,1 CENTENARY AVENUE,1,2652,TARCUTTA,18,-35.27752584999996,147.73721510000007
152.456486,-31.9128489999999,723,EMERGENCY FACILITY,"An emergency management facility from which a particular agency’s resources are commanded, coordinated and assigned to an incident or emergency",POLICING FACILITY,TAREE POLICE STATION,OPERATIONAL,83 ALBERT STREET,TAREE,NEW SOUTH WALES,2430,NSW POLICE FORCE,2017/10/05 00:00:00+00,NSW POLICE FORCE,2017/10/05 00:00:00+00,,2018/09/14 00:00:00+00,,-31.912848999999937,152.45648600000004,,,GANSW706043995,83 ALBERT STREET,1,2430,TAREE,12,-31.912844469999982,152.45661443000006
149.986573,-36.7289699999999,724,EMERGENCY FACILITY,"An emergency management facility from which a particular agency’s resources are commanded, coordinated and assigned to an incident or emergency",POLICING FACILITY,TATHRA POLICE STATION,OPERATIONAL,SNOWY MOUNTAINS HIGHWAY,TATHRA,NEW SOUTH WALES,2550,NSW POLICE FORCE,2017/10/05 00:00:00+00,NSW POLICE FORCE,2017/10/05 00:00:00+00,,2018/09/14 00:00:00+00,,-36.72896999999995,149.98657300000002,,,GANSW712490591,13 BEGA STREET,1,2550,TATHRA,18,-36.729056749999984,149.98640075000003
152.158334,-32.6648529999999,725,EMERGENCY FACILITY,"An emergency management facility from which a particular agency’s resources are commanded, coordinated and assigned to an incident or emergency",POLICING FACILITY,TEA GARDENS POLICE STATION,OPERATIONAL,51-53 MARINE DRIVE,TEA GARDENS,NEW SOUTH WALES,2324,NSW POLICE FORCE,2017/10/05 00:00:00+00,NSW POLICE FORCE,2017/10/05 00:00:00+00,,2018/09/14 00:00:00+00,,-32.66485299999994,152.15833400000008,,,GANSW717046881,51-53 MARINE DRIVE,0,2324,TEA GARDENS,25,-32.66488360999995,152.15806869000005
147.53514,-34.447081,726,EMERGENCY FACILITY,"An emergency management facility from which a particular agency’s resources are commanded, coordinated and assigned to an incident or emergency",POLICING FACILITY,TEMORA POLICE STATION,OPERATIONAL,148 DE BOOS STREET,TEMORA,NEW SOUTH WALES,2666,NSW POLICE FORCE,2017/10/05 00:00:00+00,NSW POLICE FORCE,2017/10/05 00:00:00+00,,2018/09/14 00:00:00+00,,-34.44708099999997,147.53514000000007,,,GANSW706041494,148 DE BOOS STREET,1,2666,TEMORA,17,-34.44713443999996,147.53496717000007
152.018132894,-29.0501734119999,727,EMERGENCY FACILITY,"An emergency management facility from which a particular agency’s resources are commanded, coordinated and assigned to an incident or emergency",POLICING FACILITY,TENTERFIELD POLICE STATION,OPERATIONAL,94 MOLESWORTH STREET,TENTERFIELD,NEW SOUTH WALES,2372,NSW POLICE FORCE,2017/10/05 00:00:00+00,NSW POLICE FORCE,2017/10/05 00:00:00+00,,2018/09/14 00:00:00+00,,-29.050173411999936,152.01813289400002,,,GANSW719159906,94 MOLESWORTH STREET,1,2372,TENTERFIELD,2,-29.05018665999995,152.0181379700001
151.443959,-33.4472489999999,728,EMERGENCY FACILITY,"An emergency management facility from which a particular agency’s resources are commanded, coordinated and assigned to an incident or emergency",POLICING FACILITY,TERRIGAL POLICE STATION,OPERATIONAL,13 CHURCH STREET,TERRIGAL,NEW SOUTH WALES,2260,NSW POLICE FORCE,2017/10/05 00:00:00+00,NSW POLICE FORCE,2017/10/05 00:00:00+00,,2018/09/14 00:00:00+00,,-33.44724899999994,151.44395900000006,,,GANSW711765814,13 CHURCH STREET,0,2260,TERRIGAL,0,-33.44724936999995,151.44395941000005
151.497687,-33.3452569999999,729,EMERGENCY FACILITY,"An emergency management facility from which a particular agency’s resources are commanded, coordinated and assigned to an incident or emergency",POLICING FACILITY,THE ENTRANCE POLICE STATION,OPERATIONAL,14 DENING STREET,THE ENTRANCE,NEW SOUTH WALES,2261,NSW POLICE FORCE,2017/10/05 00:00:00+00,NSW POLICE FORCE,2017/10/05 00:00:00+00,,2018/09/14 00:00:00+00,,-33.34525699999995,151.49768700000004,,,GANSW706127442,14 DENING STREET,1,2261,THE ENTRANCE,13,-33.34516606999995,151.49776728000006
150.572783,-34.0795249999999,730,EMERGENCY FACILITY,"An emergency management facility from which a particular agency’s resources are commanded, coordinated and assigned to an incident or emergency",POLICING FACILITY,THE OAKS POLICE STATION,OPERATIONAL,BURRAGORANG STREET & MERLIN STREET,THE OAKS,NEW SOUTH WALES,2570,NSW POLICE FORCE,2017/10/05 00:00:00+00,NSW POLICE FORCE,2017/10/05 00:00:00+00,,2018/09/14 00:00:00+00,,-34.07952499999993,150.57278300000007,,,GANSW713150453,57 MERLIN STREET,2,2570,THE OAKS,11,-34.07950103999997,150.57266357000003
147.116864,-35.2712299999999,731,EMERGENCY FACILITY,"An emergency management facility from which a particular agency’s resources are commanded, coordinated and assigned to an incident or emergency",POLICING FACILITY,THE ROCK POLICE STATION,OPERATIONAL,NICHOLAS STREET & EMILY STREET,THE ROCK,NEW SOUTH WALES,2655,NSW POLICE FORCE,2017/10/05 00:00:00+00,NSW POLICE FORCE,2017/10/05 00:00:00+00,,2018/09/14 00:00:00+00,,-35.271229999999946,147.11686400000008,,,GANSW716738812,94-96 NICHOLAS STREET,2,2655,THE ROCK,16,-35.27109663999994,147.11679085000003
151.208941,-33.8594699999999,732,EMERGENCY FACILITY,"An emergency management facility from which a particular agency’s resources are commanded, coordinated and assigned to an incident or emergency",POLICING FACILITY,THE ROCKS POLICE STATION,OPERATIONAL,1 GLOBE STREET,THE ROCKS,NEW SOUTH WALES,2000,NSW POLICE FORCE,2017/10/05 00:00:00+00,NSW POLICE FORCE,2017/10/05 00:00:00+00,,2018/09/14 00:00:00+00,,-33.85946999999993,151.2089410000001,,,GANSW717476899,1 GLOBE STREET,0,2000,THE ROCKS,141,-33.860556549999956,151.20814918000008
142.011138,-29.43247,733,EMERGENCY FACILITY,"An emergency management facility from which a particular agency’s resources are commanded, coordinated and assigned to an incident or emergency",POLICING FACILITY,TIBOOBURRA POLICE STATION,OPERATIONAL,BRISCOE STREET,TIBOOBURRA,NEW SOUTH WALES,2880,NSW POLICE FORCE,2017/10/05 00:00:00+00,NSW POLICE FORCE,2017/10/05 00:00:00+00,,2018/09/14 00:00:00+00,,-29.432469999999967,142.01113800000007,,POLICE STATION,GANSW718455404,29 BRISCOE STREET,1,2880,TIBOOBURRA,7,-29.432471049999947,142.01121174000002
151.211796,-29.9556719999999,734,EMERGENCY FACILITY,"An emergency management facility from which a particular agency’s resources are commanded, coordinated and assigned to an incident or emergency",POLICING FACILITY,TINGHA POLICE STATION,OPERATIONAL,OPAL STREET & RUBY STREET,TINGHA,NEW SOUTH WALES,2369,NSW POLICE FORCE,2017/10/05 00:00:00+00,NSW POLICE FORCE,2017/10/05 00:00:00+00,,2018/09/14 00:00:00+00,,-29.955671999999936,151.21179600000005,,,GANSW706081498,4-6 OPAL STREET,1,2369,TINGHA,5,-29.955642669999975,151.21183042000007
145.56764,-35.811901,735,EMERGENCY FACILITY,"An emergency management facility from which a particular agency’s resources are commanded, coordinated and assigned to an incident or emergency",POLICING FACILITY,TOCUMWAL POLICE STATION,OPERATIONAL,55 DENILIQUIN STREET,TOCUMWAL,NEW SOUTH WALES,2714,NSW POLICE FORCE,2017/10/05 00:00:00+00,NSW POLICE FORCE,2017/10/05 00:00:00+00,,2018/09/14 00:00:00+00,,-35.81190099999998,145.5676400000001,,,GANSW718558793,55 DENILIQUIN STREET,0,2714,TOCUMWAL,107,-35.81252641999998,145.56673540000008
151.593062,-33.0124339999999,736,EMERGENCY FACILITY,"An emergency management facility from which a particular agency’s resources are commanded, coordinated and assigned to an incident or emergency",POLICING FACILITY,TORONTO POLICE STATION,OPERATIONAL,97 CAREY STREET,TORONTO,NEW SOUTH WALES,2283,NSW POLICE FORCE,2017/10/05 00:00:00+00,NSW POLICE FORCE,2017/10/05 00:00:00+00,,2018/09/14 00:00:00+00,,-33.01243399999993,151.59306200000003,,,GANSW711850157,137 CARY STREET,0,2283,TORONTO,13,-33.01243257999994,151.59292385000003
147.355491,-32.244244,737,EMERGENCY FACILITY,"An emergency management facility from which a particular agency’s resources are commanded, coordinated and assigned to an incident or emergency",POLICING FACILITY,TOTTENHAM POLICE STATION,OPERATIONAL,76-78 UMANG STREET,TOTTENHAM,NEW SOUTH WALES,2873,NSW POLICE FORCE,2017/10/05 00:00:00+00,NSW POLICE FORCE,2017/10/05 00:00:00+00,,2018/09/14 00:00:00+00,,-32.24424399999998,147.35549100000003,,,GANSW715408527,76-78 UMANG STREET,0,2873,TOTTENHAM,3,-32.24425469999994,147.35552373000007
150.862260475,-33.681282639,738,EMERGENCY FACILITY,"An emergency management facility from which a particular agency’s resources are commanded, coordinated and assigned to an incident or emergency",POLICING FACILITY,RIVERSTONE POLICE STATION,OPERATIONAL,4 ELIZABETH STREET,RIVERSTONE,NEW SOUTH WALES,2765,NSW POLICE FORCE,2017/10/05 00:00:00+00,NSW POLICE FORCE,2017/10/05 00:00:00+00,,2018/09/14 00:00:00+00,,-33.68128263899996,150.86226047500008,,,GANSW705828873,4 ELIZABETH STREET,0,2765,RIVERSTONE,38,-33.681074129999956,150.86258205000001
151.051032,-33.955233,739,EMERGENCY FACILITY,"An emergency management facility from which a particular agency’s resources are commanded, coordinated and assigned to an incident or emergency",POLICING FACILITY,RIVERWOOD POLICE STATION,OPERATIONAL,SHENSTONE STREET & BELMORE STREET,RIVERWOOD,NEW SOUTH WALES,2210,NSW POLICE FORCE,2017/10/05 00:00:00+00,NSW POLICE FORCE,2017/10/05 00:00:00+00,,2018/09/14 00:00:00+00,,-33.955232999999964,151.05103200000008,,,GANSW717293404,197 BELMORE ROAD,0,2210,RIVERWOOD,10,-33.95514220999996,151.05101954000008
150.593067,-34.589037,740,EMERGENCY FACILITY,"An emergency management facility from which a particular agency’s resources are commanded, coordinated and assigned to an incident or emergency",POLICING FACILITY,ROBERTSON POLICE STATION,OPERATIONAL,HODDLE STREET,ROBERTSON,NEW SOUTH WALES,2577,NSW POLICE FORCE,2017/10/05 00:00:00+00,NSW POLICE FORCE,2017/10/05 00:00:00+00,,2018/09/14 00:00:00+00,,-34.58903699999996,150.59306700000002,,,GANSW718227442,59-61 HODDLE STREET,2,2577,ROBERTSON,12,-34.589148259999945,150.5930526400001
149.562963,-33.68978,741,EMERGENCY FACILITY,"An emergency management facility from which a particular agency’s resources are commanded, coordinated and assigned to an incident or emergency",POLICING FACILITY,ROCKLEY POLICE STATION,OPERATIONAL,CHURCH STREET,ROCKLEY,NEW SOUTH WALES,2795,NSW POLICE FORCE,2017/10/05 00:00:00+00,NSW POLICE FORCE,2017/10/05 00:00:00+00,,2018/09/14 00:00:00+00,,-33.689779999999985,149.56296300000008,,,GANSW717845271,6 CHURCH STREET,2,2795,ROCKLEY,10,-33.68984261999998,149.56288481
151.252631,-33.869841,742,EMERGENCY FACILITY,"An emergency management facility from which a particular agency’s resources are commanded, coordinated and assigned to an incident or emergency",POLICING FACILITY,ROSE BAY POLICE STATION,OPERATIONAL,1 WUNULLA ROAD,ROSE BAY,NEW SOUTH WALES,2029,NSW POLICE FORCE,2017/10/05 00:00:00+00,NSW POLICE FORCE,2017/10/05 00:00:00+00,,2018/09/14 00:00:00+00,,-33.86984099999995,151.25263100000006,,,GANSW710424312,1 WUNULLA ROAD,0,2027,POINT PIPER,304,-33.867209929999945,151.25355658000012
151.195975,-33.9245369999999,743,EMERGENCY FACILITY,"An emergency management facility from which a particular agency’s resources are commanded, coordinated and assigned to an incident or emergency",POLICING FACILITY,MASCOT POLICE STATION,OPERATIONAL,965 BOTANY ROAD,ROSEBERY,NEW SOUTH WALES,2018,NSW POLICE FORCE,2017/10/05 00:00:00+00,NSW POLICE FORCE,2017/10/05 00:00:00+00,,2018/09/14 00:00:00+00,,-33.92453699999993,151.1959750000001,,,GANSW716603672,965 BOTANY ROAD,2,2018,ROSEBERY,15,-33.92464333999993,151.19607442000006
151.10001,-33.815552,744,EMERGENCY FACILITY,"An emergency management facility from which a particular agency’s resources are commanded, coordinated and assigned to an incident or emergency",POLICING FACILITY,RYDE POLICE STATION,OPERATIONAL,808-810 VICTORIA ROAD,RYDE,NEW SOUTH WALES,2112,NSW POLICE FORCE,2017/10/05 00:00:00+00,NSW POLICE FORCE,2017/10/05 00:00:00+00,,2018/09/14 00:00:00+00,,-33.81555199999997,151.1000100000001,,,GANSW718427624,808-810 VICTORIA ROAD,0,2112,RYDE,10,-33.81561426999997,151.09993713000006
149.970167,-32.798976,745,EMERGENCY FACILITY,"An emergency management facility from which a particular agency’s resources are commanded, coordinated and assigned to an incident or emergency",POLICING FACILITY,RYLSTONE POLICE STATION,OPERATIONAL,89 LOUEE STREET,RYLSTONE,NEW SOUTH WALES,2849,NSW POLICE FORCE,2017/10/05 00:00:00+00,NSW POLICE FORCE,2017/10/05 00:00:00+00,,2018/09/14 00:00:00+00,,-32.79897599999998,149.97016700000006,,,GANSW713077083,89 LOUEE STREET,2,2849,RYLSTONE,30,-32.79873877999995,149.97001022000006
151.544506,-33.264473,746,EMERGENCY FACILITY,"An emergency management facility from which a particular agency’s resources are commanded, coordinated and assigned to an incident or emergency",POLICING FACILITY,TOUKLEY POLICE STATION,OPERATIONAL,271-273 MAIN ROAD,TOUKLEY,NEW SOUTH WALES,2263,NSW POLICE FORCE,2017/10/05 00:00:00+00,NSW POLICE FORCE,2017/10/05 00:00:00+00,,2018/09/14 00:00:00+00,,-33.26447299999995,151.54450600000007,,,GANSW718199448,271-273 MAIN ROAD,0,2263,TOUKLEY,17,-33.26459708999994,151.5443983
147.982265,-32.030943,747,EMERGENCY FACILITY,"An emergency management facility from which a particular agency’s resources are commanded, coordinated and assigned to an incident or emergency",POLICING FACILITY,TRANGIE POLICE STATION,OPERATIONAL,GREATER METRO STREET & TEMOIN STRE,TRANGIE,NEW SOUTH WALES,2823,NSW POLICE FORCE,2017/10/05 00:00:00+00,NSW POLICE FORCE,2017/10/05 00:00:00+00,,2018/09/14 00:00:00+00,,-32.03094299999998,147.9822650000001,,,GANSW713072902,9 TEMOIN STREET,2,2823,TRANGIE,37,-32.03111689999997,147.98192775000007
147.708836,-32.924619,748,EMERGENCY FACILITY,"An emergency management facility from which a particular agency’s resources are commanded, coordinated and assigned to an incident or emergency",POLICING FACILITY,TRUNDLE POLICE STATION,OPERATIONAL,4 CROFT STREET,TRUNDLE,NEW SOUTH WALES,2875,NSW POLICE FORCE,2017/10/05 00:00:00+00,NSW POLICE FORCE,2017/10/05 00:00:00+00,,2018/09/14 00:00:00+00,,-32.92461899999995,147.70883600000002,,,GANSW713097780,4 CROFT STREET,2,2875,TRUNDLE,58,-32.92509483999993,147.70908741000005
149.322835,-33.819176,749,EMERGENCY FACILITY,"An emergency management facility from which a particular agency’s resources are commanded, coordinated and assigned to an incident or emergency",POLICING FACILITY,TRUNKEY CREEK POLICE STATION,OPERATIONAL,CHURCH STREET,TRUNKEY CREEK,NEW SOUTH WALES,2795,NSW POLICE FORCE,2017/10/05 00:00:00+00,NSW POLICE FORCE,2017/10/05 00:00:00+00,,2018/09/14 00:00:00+00,,-33.81917599999997,149.32283500000005,,,GANSW716917331,27 CHURCH STREET,2,2795,TRUNKEY CREEK,10,-33.81926779999998,149.32281750000004
149.323872,-34.014101,750,EMERGENCY FACILITY,"An emergency management facility from which a particular agency’s resources are commanded, coordinated and assigned to an incident or emergency",POLICING FACILITY,TUENA POLICE STATION,OPERATIONAL,BATHURST ROAD,TUENA,NEW SOUTH WALES,2583,NSW POLICE FORCE,2017/10/05 00:00:00+00,NSW POLICE FORCE,2017/10/05 00:00:00+00,,2018/09/14 00:00:00+00,,-34.01410099999998,149.32387200000005,,,GANSW718684486,34 BATHURST STREET,1,2583,TUENA,9,-34.01403105999998,149.32383532000006
147.566747,-32.6316849999999,751,EMERGENCY FACILITY,"An emergency management facility from which a particular agency’s resources are commanded, coordinated and assigned to an incident or emergency",POLICING FACILITY,TULLAMORE POLICE STATION,OPERATIONAL,15 HAYLOCK STREET,TULLAMORE,NEW SOUTH WALES,2874,NSW POLICE FORCE,2017/10/05 00:00:00+00,NSW POLICE FORCE,2017/10/05 00:00:00+00,,2018/09/14 00:00:00+00,,-32.63168499999995,147.56674700000008,,,GANSW715455776,15 HAYLOCK STREET,1,2874,TULLAMORE,19,-32.63185398999997,147.56675803000007
146.725278787,-33.4231548669999,752,EMERGENCY FACILITY,"An emergency management facility from which a particular agency’s resources are commanded, coordinated and assigned to an incident or emergency",POLICING FACILITY,TULLIBIGEAL POLICE STATION,OPERATIONAL,9 DUNDOO STREET,TULLIBIGEAL,NEW SOUTH WALES,2669,NSW POLICE FORCE,2017/10/05 00:00:00+00,NSW POLICE FORCE,2017/10/05 00:00:00+00,,2018/09/14 00:00:00+00,,-33.42315486699994,146.7252787870001,,,GANSW712785904,9 DUNDOO STREET,2,2669,TULLIBIGEAL,26,-33.423148269999956,146.72556169000006
148.011926,-35.7765939999999,753,EMERGENCY FACILITY,"An emergency management facility from which a particular agency’s resources are commanded, coordinated and assigned to an incident or emergency",POLICING FACILITY,TUMBARUMBA POLICE STATION,OPERATIONAL,66 WINTON STREET,TUMBARUMBA,NEW SOUTH WALES,2653,NSW POLICE FORCE,2017/10/05 00:00:00+00,NSW POLICE FORCE,2017/10/05 00:00:00+00,,2018/09/14 00:00:00+00,,-35.77659399999993,148.01192600000002,,,GANSW712757231,66 WINTON STREET,1,2653,TUMBARUMBA,42,-35.77697605999998,148.01190168000005
153.10103,-30.365853,754,EMERGENCY FACILITY,"An emergency management facility from which a particular agency’s resources are commanded, coordinated and assigned to an incident or emergency",POLICING FACILITY,SAWTELL POLICE STATION,OPERATIONAL,89 FIRST AVENUE,SAWTELL,NEW SOUTH WALES,2452,NSW POLICE FORCE,2017/10/05 00:00:00+00,NSW POLICE FORCE,2017/10/05 00:00:00+00,,2018/09/14 00:00:00+00,,-30.36585299999996,153.10103000000004,,,GANSW705869986,89 FIRST AVENUE,2,2452,SAWTELL,13,-30.365801549999958,153.1009142700001
150.869451,-32.050827,755,EMERGENCY FACILITY,"An emergency management facility from which a particular agency’s resources are commanded, coordinated and assigned to an incident or emergency",POLICING FACILITY,SCONE POLICE STATION,OPERATIONAL,138 LIVERPOOL STREET,SCONE,NEW SOUTH WALES,2337,NSW POLICE FORCE,2017/10/05 00:00:00+00,NSW POLICE FORCE,2017/10/05 00:00:00+00,,2018/09/14 00:00:00+00,,-32.05082699999997,150.86945100000003,,,GANSW717707215,138 LIVERPOOL STREET,0,2337,SCONE,7,-32.050844009999935,150.86952730000007
151.173723,-32.5636029999999,756,EMERGENCY FACILITY,"An emergency management facility from which a particular agency’s resources are commanded, coordinated and assigned to an incident or emergency",POLICING FACILITY,SINGLETON POLICE STATION,OPERATIONAL,22 HUNTER STREET,SINGLETON,NEW SOUTH WALES,2330,NSW POLICE FORCE,2017/10/05 00:00:00+00,NSW POLICE FORCE,2017/10/05 00:00:00+00,,2018/09/14 00:00:00+00,,-32.563602999999944,151.1737230000001,,,GANSW705916805,22 HUNTER STREET,2,2330,SINGLETON,17,-32.56356729999993,151.1738986800001
150.639823,-30.935307,757,EMERGENCY FACILITY,"An emergency management facility from which a particular agency’s resources are commanded, coordinated and assigned to an incident or emergency",POLICING FACILITY,SOMERTON POLICE STATION,OPERATIONAL,JOSHUA STREET & BLOOMFIELD STREET,SOMERTON,NEW SOUTH WALES,2340,NSW POLICE FORCE,2017/10/05 00:00:00+00,NSW POLICE FORCE,2017/10/05 00:00:00+00,,2018/09/14 00:00:00+00,,-30.935306999999966,150.6398230000001,,,GANSW717843648,93-97 BLOOMFIELD STREET,2,2340,SOMERTON,37,-30.935615149999933,150.63967737000007
153.039001,-30.883776,758,EMERGENCY FACILITY,"An emergency management facility from which a particular agency’s resources are commanded, coordinated and assigned to an incident or emergency",POLICING FACILITY,SOUTH WEST ROCKS POLICE STATION,OPERATIONAL,3 OCEAN ROAD,SOUTH WEST ROCKS,NEW SOUTH WALES,2431,NSW POLICE FORCE,2017/10/05 00:00:00+00,NSW POLICE FORCE,2017/10/05 00:00:00+00,,2018/09/14 00:00:00+00,,-30.883775999999955,153.0390010000001,,SOUTH WEST ROCKS POLICE,GANSW705928004,3 OCEAN DRIVE,1,2431,SOUTH WEST ROCKS,17,-30.883816829999944,153.0388350500001
150.562426,-33.699428,759,EMERGENCY FACILITY,"An emergency management facility from which a particular agency’s resources are commanded, coordinated and assigned to an incident or emergency",POLICING FACILITY,SPRINGWOOD POLICE STATION,OPERATIONAL,4 JERSEYWOLD AVENUE,SPRINGWOOD,NEW SOUTH WALES,2777,NSW POLICE FORCE,2017/10/05 00:00:00+00,NSW POLICE FORCE,2017/10/05 00:00:00+00,,2018/09/14 00:00:00+00,,-33.699427999999955,150.56242600000007,,,GANSW712949319,4 JERSEYWOLD AVENUE,0,2777,SPRINGWOOD,45,-33.699467109999944,150.56194728000003
150.775614,-33.76994,760,EMERGENCY FACILITY,"An emergency management facility from which a particular agency’s resources are commanded, coordinated and assigned to an incident or emergency",POLICING FACILITY,ST MARYS POLICE STATION,OPERATIONAL,38-42 KING STREET,ST MARYS,NEW SOUTH WALES,2760,NSW POLICE FORCE,2017/10/05 00:00:00+00,NSW POLICE FORCE,2017/10/05 00:00:00+00,,2018/09/14 00:00:00+00,,-33.76993999999996,150.77561400000002,,ST MARYS POLICE STATION,GANSW716877819,38-42 KING STREET,1,2760,ST MARYS,0,-33.76994020999996,150.77561399
147.886116,-34.497294,761,EMERGENCY FACILITY,"An emergency management facility from which a particular agency’s resources are commanded, coordinated and assigned to an incident or emergency",POLICING FACILITY,STOCKINBINGAL POLICE STATION,OPERATIONAL,6 HOSKINS STREET,STOCKINBINGAL,NEW SOUTH WALES,2725,NSW POLICE FORCE,2017/10/05 00:00:00+00,NSW POLICE FORCE,2017/10/05 00:00:00+00,,2018/09/14 00:00:00+00,,-34.497293999999954,147.88611600000002,,,GANSW712795014,6 HOSKINS STREET,2,2725,STOCKINBINGAL,34,-34.497153039999944,147.8864500100001
147.738183,-33.8440439999999,762,EMERGENCY FACILITY,"An emergency management facility from which a particular agency’s resources are commanded, coordinated and assigned to an incident or emergency",POLICING FACILITY,CARAGABAL POLICE STATION,OPERATIONAL,MID WESTERN HIGHWAY,CARAGABAL,NEW SOUTH WALES,2810,NSW POLICE FORCE,2017/10/05 00:00:00+00,NSW POLICE FORCE,2017/10/05 00:00:00+00,,2018/09/14 00:00:00+00,NO GNAF POINT,-33.84404399999994,147.73818300000005,,,,,,,,,,
147.201447,-34.812828,763,EMERGENCY FACILITY,"An emergency management facility from which a particular agency’s resources are commanded, coordinated and assigned to an incident or emergency",POLICING FACILITY,COOLAMON POLICE STATION,OPERATIONAL,METHU STREET & LOUGHMAN STREET,COOLAMON,NEW SOUTH WALES,2701,NSW POLICE FORCE,2017/10/05 00:00:00+00,NSW POLICE FORCE,2017/10/05 00:00:00+00,,2018/09/14 00:00:00+00,NO GNAF POINT,-34.81282799999997,147.20144700000003,,,,,,,,,,
149.396077,-32.017838,764,EMERGENCY FACILITY,"An emergency management facility from which a particular agency’s resources are commanded, coordinated and assigned to an incident or emergency",POLICING FACILITY,DUNEDOO POLICE STATION,OPERATIONAL,10 TALLAWANG STREET,DUNEDOO,NEW SOUTH WALES,2844,NSW POLICE FORCE,2017/10/05 00:00:00+00,NSW POLICE FORCE,2017/10/05 00:00:00+00,,2018/09/14 00:00:00+00,NO GNAF POINT,-32.01783799999998,149.3960770000001,,,,,,,,,,
152.462094,-31.442782,765,EMERGENCY FACILITY,"An emergency management facility from which a particular agency’s resources are commanded, coordinated and assigned to an incident or emergency",POLICING FACILITY,ELLENBOROUGH POLICE STATION,OPERATIONAL,OLD OXLEY HIGHWAY,ELLENBOROUGH,NEW SOUTH WALES,2446,NSW POLICE FORCE,2017/10/05 00:00:00+00,NSW POLICE FORCE,2017/10/05 00:00:00+00,,2018/09/14 00:00:00+00,NO GNAF POINT,-31.442781999999966,152.4620940000001,,,,,,,,,,
152.513287,-32.182627,766,EMERGENCY FACILITY,"An emergency management facility from which a particular agency’s resources are commanded, coordinated and assigned to an incident or emergency",POLICING FACILITY,FORSTER POLICE STATION,OPERATIONAL,WEST STREET & LAKES STREET,FORSTER,NEW SOUTH WALES,2428,NSW POLICE FORCE,2017/10/05 00:00:00+00,NSW POLICE FORCE,2017/10/05 00:00:00+00,,2018/09/14 00:00:00+00,NO GNAF POINT,-32.18262699999997,152.5132870000001,,,,,,,,,,
148.160762,-33.895951,767,EMERGENCY FACILITY,"An emergency management facility from which a particular agency’s resources are commanded, coordinated and assigned to an incident or emergency",POLICING FACILITY,GRENFELL POLICE STATION,OPERATIONAL,3 CHURCH STREET,GRENFELL,NEW SOUTH WALES,2810,NSW POLICE FORCE,2017/10/05 00:00:00+00,NSW POLICE FORCE,2017/10/05 00:00:00+00,,2018/09/14 00:00:00+00,NO GNAF POINT,-33.89595099999997,148.1607620000001,,,,,,,,,,
149.266198,-34.78172,768,EMERGENCY FACILITY,"An emergency management facility from which a particular agency’s resources are commanded, coordinated and assigned to an incident or emergency",POLICING FACILITY,GUNNING POLICE STATION,OPERATIONAL,26 WARATAH STREET,GUNNING,NEW SOUTH WALES,2581,NSW POLICE FORCE,2017/10/05 00:00:00+00,NSW POLICE FORCE,2017/10/05 00:00:00+00,,2018/09/14 00:00:00+00,NO GNAF POINT,-34.78171999999995,149.26619800000003,,,,,,,,,,
150.66649,-35.034958,769,EMERGENCY FACILITY,"An emergency management facility from which a particular agency’s resources are commanded, coordinated and assigned to an incident or emergency",POLICING FACILITY,HUSKISSON POLICE STATION,OPERATIONAL,WOOLAMIA ROAD & HUSKISSON ROAD,HUSKISSON,NEW SOUTH WALES,2540,NSW POLICE FORCE,2017/10/05 00:00:00+00,NSW POLICE FORCE,2017/10/05 00:00:00+00,,2018/09/14 00:00:00+00,NO GNAF POINT,-35.03495799999996,150.66649000000007,,,,,,,,,,
148.324075,-34.8221119999999,770,EMERGENCY FACILITY,"An emergency management facility from which a particular agency’s resources are commanded, coordinated and assigned to an incident or emergency",POLICING FACILITY,JUGIONG POLICE STATION,OPERATIONAL,STAPLETON STREET & PRING STREET,JUGIONG,NEW SOUTH WALES,2726,NSW POLICE FORCE,2017/10/05 00:00:00+00,NSW POLICE FORCE,2017/10/05 00:00:00+00,,2018/09/14 00:00:00+00,NO GNAF POINT,-34.82211199999995,148.3240750000001,,,,,,,,,,
153.02192,-30.494593,771,EMERGENCY FACILITY,"An emergency management facility from which a particular agency’s resources are commanded, coordinated and assigned to an incident or emergency",POLICING FACILITY,URUNGA POLICE STATION,OPERATIONAL,BELLINGEN STREET,URUNGA,NEW SOUTH WALES,2455,NSW POLICE FORCE,2017/10/05 00:00:00+00,NSW POLICE FORCE,2017/10/05 00:00:00+00,,2018/09/14 00:00:00+00,,-30.494592999999952,153.02192000000002,,,GANSW706153105,9 MORGO STREET,2,2455,URUNGA,7,-30.494556839999973,153.0219809900001
147.371889,-35.106545,772,EMERGENCY FACILITY,"An emergency management facility from which a particular agency’s resources are commanded, coordinated and assigned to an incident or emergency",POLICING FACILITY,WAGGA WAGGA POLICE STATION,OPERATIONAL,217-219 TARCUTTA STREET,WAGGA WAGGA,NEW SOUTH WALES,2650,NSW POLICE FORCE,2017/10/05 00:00:00+00,NSW POLICE FORCE,2017/10/05 00:00:00+00,,2018/09/14 00:00:00+00,,-35.10654499999998,147.371889,,,GANSW717005033,217-219 TARCUTTA STREET,1,2650,WAGGA WAGGA,15,-35.106472459999964,147.37202476000004
151.593325,-30.9828689999999,773,EMERGENCY FACILITY,"An emergency management facility from which a particular agency’s resources are commanded, coordinated and assigned to an incident or emergency",POLICING FACILITY,WALCHA POLICE STATION,OPERATIONAL,6W APSLEY STREET,WALCHA,NEW SOUTH WALES,2354,NSW POLICE FORCE,2017/10/05 00:00:00+00,NSW POLICE FORCE,2017/10/05 00:00:00+00,,2018/09/14 00:00:00+00,,-30.982868999999937,151.59332500000005,,,GANSW717204935,4 APSLEY STREET,0,2354,WALCHA,3,-30.982864999999947,151.59329867000008
151.404466,-30.944834,774,EMERGENCY FACILITY,"An emergency management facility from which a particular agency’s resources are commanded, coordinated and assigned to an incident or emergency",POLICING FACILITY,WALCHA ROAD POLICE STATION,OPERATIONAL,MACKAY AVENUE & OXLEY HIGHWAY,WALCHA ROAD,NEW SOUTH WALES,2354,NSW POLICE FORCE,2017/10/05 00:00:00+00,NSW POLICE FORCE,2017/10/05 00:00:00+00,,2018/09/14 00:00:00+00,,-30.944833999999958,151.40446600000007,,,GANSW718461078,12 MACKAY AVENUE,0,2354,WALCHA ROAD,34,-30.944616889999963,151.4047174200001
148.117594,-30.0219999999999,775,EMERGENCY FACILITY,"An emergency management facility from which a particular agency’s resources are commanded, coordinated and assigned to an incident or emergency",POLICING FACILITY,WALGETT POLICE STATION,OPERATIONAL,57 WEE WAA STREET,WALGETT,NEW SOUTH WALES,2832,NSW POLICE FORCE,2017/10/05 00:00:00+00,NSW POLICE FORCE,2017/10/05 00:00:00+00,,2018/09/14 00:00:00+00,,-30.021999999999935,148.11759400000005,,,GANSW713016124,57 WEE WAA STREET,1,2832,WALGETT,16,-30.022087359999944,148.11773157000005
146.899732,-35.7665979999999,776,EMERGENCY FACILITY,"An emergency management facility from which a particular agency’s resources are commanded, coordinated and assigned to an incident or emergency",POLICING FACILITY,WALLA WALLA POLICE STATION,OPERATIONAL,8 WILLIAM STREET,WALLA WALLA,NEW SOUTH WALES,2659,NSW POLICE FORCE,2017/10/05 00:00:00+00,NSW POLICE FORCE,2017/10/05 00:00:00+00,,2018/09/14 00:00:00+00,,-35.76659799999993,146.89973200000009,,,GANSW712787998,8 WILLIAM STREET,1,2659,WALLA WALLA,24,-35.76648893999993,146.8995067300001
148.157894,-34.526923,777,EMERGENCY FACILITY,"An emergency management facility from which a particular agency’s resources are commanded, coordinated and assigned to an incident or emergency",POLICING FACILITY,WALLENDBEEN POLICE STATION,OPERATIONAL,13 QUEEN STREET,WALLENDBEEN,NEW SOUTH WALES,2588,NSW POLICE FORCE,2017/10/05 00:00:00+00,NSW POLICE FORCE,2017/10/05 00:00:00+00,,2018/09/14 00:00:00+00,,-34.526922999999954,148.15789400000006,,,GANSW712643258,13 QUEEN STREET,1,2588,WALLENDBEEN,77,-34.52675859999994,148.15870612000003
150.064197,-33.411846,778,EMERGENCY FACILITY,"An emergency management facility from which a particular agency’s resources are commanded, coordinated and assigned to an incident or emergency",POLICING FACILITY,WALLERAWANG POLICE STATION,OPERATIONAL,17 TWEEDIE STREET,WALLERAWANG,NEW SOUTH WALES,2845,NSW POLICE FORCE,2017/10/05 00:00:00+00,NSW POLICE FORCE,2017/10/05 00:00:00+00,,2018/09/14 00:00:00+00,,-33.41184599999997,150.06419700000004,,,GANSW713085751,17 TWEEDIE STREET,2,2845,WALLERAWANG,22,-33.41202759999993,150.0641007600001
144.149312,-29.704597,779,EMERGENCY FACILITY,"An emergency management facility from which a particular agency’s resources are commanded, coordinated and assigned to an incident or emergency",POLICING FACILITY,WANAARING POLICE STATION,OPERATIONAL,VICARY STREET,WANAARING,NEW SOUTH WALES,2840,NSW POLICE FORCE,2017/10/05 00:00:00+00,NSW POLICE FORCE,2017/10/05 00:00:00+00,,2018/09/14 00:00:00+00,,-29.70459699999998,144.149312,,,GANSW719868081,86 VICARY STREET,0,2840,WANAARING,88,-29.70513191999993,144.1499825400001
151.723946,-32.9059389999999,780,EMERGENCY FACILITY,"An emergency management facility from which a particular agency’s resources are commanded, coordinated and assigned to an incident or emergency",POLICING FACILITY,WARATAH POLICE STATION,OPERATIONAL,30 HARRIET STREET,WARATAH,NEW SOUTH WALES,2298,NSW POLICE FORCE,2017/10/05 00:00:00+00,NSW POLICE FORCE,2017/10/05 00:00:00+00,,2018/09/14 00:00:00+00,,-32.90593899999993,151.72394600000007,,,GANSW715454850,30 HARRIET STREET,2,2298,WARATAH,52,-32.905974639999954,151.7245012300001
153.463216,-28.9527189999999,781,EMERGENCY FACILITY,"An emergency management facility from which a particular agency’s resources are commanded, coordinated and assigned to an incident or emergency",POLICING FACILITY,WARDELL POLICE STATION,OPERATIONAL,CEDAR STREET & BATH STREET,WARDELL,NEW SOUTH WALES,2477,NSW POLICE FORCE,2017/10/05 00:00:00+00,NSW POLICE FORCE,2017/10/05 00:00:00+00,,2018/09/14 00:00:00+00,,-28.952718999999945,153.4632160000001,,,GANSW715431144,1 CEDAR STREET,2,2477,WARDELL,22,-28.952555679999932,153.4630920400001
150.575076,-29.541264,782,EMERGENCY FACILITY,"An emergency management facility from which a particular agency’s resources are commanded, coordinated and assigned to an incident or emergency",POLICING FACILITY,WARIALDA POLICE STATION,OPERATIONAL,HOPE STREET & STEPHEN STREET,WARIALDA,NEW SOUTH WALES,2402,NSW POLICE FORCE,2017/10/05 00:00:00+00,NSW POLICE FORCE,2017/10/05 00:00:00+00,,2018/09/14 00:00:00+00,,-29.541263999999956,150.57507600000008,,,GANSW716886665,31 STEPHEN STREET,2,2402,WARIALDA,14,-29.541348969999945,150.5751793500001
150.855963,-34.553829,783,EMERGENCY FACILITY,"An emergency management facility from which a particular agency’s resources are commanded, coordinated and assigned to an incident or emergency",POLICING FACILITY,WARILLA POLICE STATION,OPERATIONAL,3-5 LAKE ENTRANCE ROAD,WARILLA,NEW SOUTH WALES,2528,NSW POLICE FORCE,2017/10/05 00:00:00+00,NSW POLICE FORCE,2017/10/05 00:00:00+00,,2018/09/14 00:00:00+00,,-34.55382899999995,150.8559630000001,,,GANSW718770031,25 LAKE ENTRANCE ROAD,2,2528,WARILLA,10,-34.55391430999998,150.85593710000012
150.605875,-33.889799,784,EMERGENCY FACILITY,"An emergency management facility from which a particular agency’s resources are commanded, coordinated and assigned to an incident or emergency",POLICING FACILITY,WARRAGAMBA POLICE STATION,OPERATIONAL,4 THIRD STREET,WARRAGAMBA,NEW SOUTH WALES,2752,NSW POLICE FORCE,2017/10/05 00:00:00+00,NSW POLICE FORCE,2017/10/05 00:00:00+00,,2018/09/14 00:00:00+00,,-33.88979899999998,150.60587500000008,,,GANSW712874017,4 THIRD STREET,2,2752,WARRAGAMBA,16,-33.88980633999995,150.60605031000011
147.838274,-31.701964,785,EMERGENCY FACILITY,"An emergency management facility from which a particular agency’s resources are commanded, coordinated and assigned to an incident or emergency",POLICING FACILITY,WARREN POLICE STATION,OPERATIONAL,174 DUBBO STREET,WARREN,NEW SOUTH WALES,2824,NSW POLICE FORCE,2017/10/05 00:00:00+00,NSW POLICE FORCE,2017/10/05 00:00:00+00,,2018/09/14 00:00:00+00,,-31.701963999999975,147.83827400000007,,,GANSW713064184,174 DUBBO STREET,1,2824,WARREN,24,-31.70215092999996,147.83840806000012
152.731965,-31.4556949999999,786,EMERGENCY FACILITY,"An emergency management facility from which a particular agency’s resources are commanded, coordinated and assigned to an incident or emergency",POLICING FACILITY,WAUCHOPE POLICE STATION,OPERATIONAL,12 YOUNG STREET,WAUCHOPE,NEW SOUTH WALES,2446,NSW POLICE FORCE,2017/10/05 00:00:00+00,NSW POLICE FORCE,2017/10/05 00:00:00+00,,2018/09/14 00:00:00+00,,-31.455694999999935,152.73196500000006,,,GANSW712183675,12 YOUNG STREET,1,2446,WAUCHOPE,19,-31.455851619999976,152.73189781000008
151.251848,-33.8979029999999,787,EMERGENCY FACILITY,"An emergency management facility from which a particular agency’s resources are commanded, coordinated and assigned to an incident or emergency",POLICING FACILITY,WAVERLEY POLICE STATION,OPERATIONAL,153 BRONTE ROAD,WAVERLEY,NEW SOUTH WALES,2024,NSW POLICE FORCE,2017/10/05 00:00:00+00,NSW POLICE FORCE,2017/10/05 00:00:00+00,,2018/09/14 00:00:00+00,,-33.89790299999993,151.2518480000001,,,GANSW718402443,149-153 BRONTE ROAD,0,2024,WAVERLEY,16,-33.89801847999996,151.25174413000002
149.446658,-30.224574,788,EMERGENCY FACILITY,"An emergency management facility from which a particular agency’s resources are commanded, coordinated and assigned to an incident or emergency",POLICING FACILITY,WEE WAA POLICE STATION,OPERATIONAL,NELSON STREET,WEE WAA,NEW SOUTH WALES,2388,NSW POLICE FORCE,2017/10/05 00:00:00+00,NSW POLICE FORCE,2017/10/05 00:00:00+00,,2018/09/14 00:00:00+00,,-30.22457399999996,149.44665800000007,,,GANSW712112086,124 ROSE STREET,1,2388,WEE WAA,27,-30.224414599999932,149.44644846000006
148.944091,-32.5559959999999,789,EMERGENCY FACILITY,"An emergency management facility from which a particular agency’s resources are commanded, coordinated and assigned to an incident or emergency",POLICING FACILITY,WELLINGTON POLICE STATION,OPERATIONAL,5-7 MAUGHAN STREET,WELLINGTON,NEW SOUTH WALES,2820,NSW POLICE FORCE,2017/10/05 00:00:00+00,NSW POLICE FORCE,2017/10/05 00:00:00+00,,2018/09/14 00:00:00+00,,-32.555995999999936,148.94409100000007,,,GANSW717777524,21 MAUGHAN STREET,1,2820,WELLINGTON,14,-32.55610108999997,148.94400330000008
141.918699,-34.1058659999999,790,EMERGENCY FACILITY,"An emergency management facility from which a particular agency’s resources are commanded, coordinated and assigned to an incident or emergency",POLICING FACILITY,WENTWORTH POLICE STATION,OPERATIONAL,74 DARLING STREET,WENTWORTH,NEW SOUTH WALES,2648,NSW POLICE FORCE,2017/10/05 00:00:00+00,NSW POLICE FORCE,2017/10/05 00:00:00+00,,2018/09/14 00:00:00+00,,-34.105865999999935,141.91869900000006,,,GANSW706257095,76 DARLING STREET,1,2648,WENTWORTH,18,-34.10586200999995,141.91850914000008
150.972244,-33.806495,791,EMERGENCY FACILITY,"An emergency management facility from which a particular agency’s resources are commanded, coordinated and assigned to an incident or emergency",POLICING FACILITY,WENTWORTHVILLE POLICE STATION,OPERATIONAL,81 WENTWORTH AVENUE,WENTWORTHVILLE,NEW SOUTH WALES,2145,NSW POLICE FORCE,2017/10/05 00:00:00+00,NSW POLICE FORCE,2017/10/05 00:00:00+00,,2018/09/14 00:00:00+00,,-33.806494999999984,150.97224400000005,,,GANSW711072749,81 WENTWORTH AVENUE,0,2145,WENTWORTHVILLE,25,-33.80632785999995,150.97241730000007
150.648908,-31.3499629999999,792,EMERGENCY FACILITY,"An emergency management facility from which a particular agency’s resources are commanded, coordinated and assigned to an incident or emergency",POLICING FACILITY,WERRIS CREEK POLICE STATION,OPERATIONAL,72 HENRY STREET,WERRIS CREEK,NEW SOUTH WALES,2341,NSW POLICE FORCE,2017/10/05 00:00:00+00,NSW POLICE FORCE,2017/10/05 00:00:00+00,,2018/09/14 00:00:00+00,,-31.349962999999946,150.64890800000012,,POLICE STATION,GANSW706247087,72 HENRY STREET,2,2341,WERRIS CREEK,41,-31.350006029999975,150.6493356100001
152.831157,-31.079176,793,EMERGENCY FACILITY,"An emergency management facility from which a particular agency’s resources are commanded, coordinated and assigned to an incident or emergency",POLICING FACILITY,KEMPSEY POLICE STATION,OPERATIONAL,5 ELBOW STREET,WEST KEMPSEY,NEW SOUTH WALES,2440,NSW POLICE FORCE,2017/10/05 00:00:00+00,NSW POLICE FORCE,2017/10/05 00:00:00+00,,2018/09/14 00:00:00+00,,-31.07917599999996,152.83115700000008,,,GANSW718407534,5 ELBOW STREET,0,2440,WEST KEMPSEY,18,-31.079024069999946,152.83110613000008
147.204823,-33.9242619999999,794,EMERGENCY FACILITY,"An emergency management facility from which a particular agency’s resources are commanded, coordinated and assigned to an incident or emergency",POLICING FACILITY,WEST WYALONG POLICE STATION,OPERATIONAL,34 CHURCH STREET,WEST WYALONG,NEW SOUTH WALES,2671,NSW POLICE FORCE,2017/10/05 00:00:00+00,NSW POLICE FORCE,2017/10/05 00:00:00+00,,2018/09/14 00:00:00+00,,-33.92426199999994,147.20482300000003,,,GANSW712788502,34 CHURCH STREET,0,2671,WEST WYALONG,179,-33.92587776999994,147.2048100500001
146.182189,-34.520057,795,EMERGENCY FACILITY,"An emergency management facility from which a particular agency’s resources are commanded, coordinated and assigned to an incident or emergency",POLICING FACILITY,WHITTON POLICE STATION,OPERATIONAL,10-12 GOGELDRIE STREET,WHITTON,NEW SOUTH WALES,2705,NSW POLICE FORCE,2017/10/05 00:00:00+00,NSW POLICE FORCE,2017/10/05 00:00:00+00,,2018/09/14 00:00:00+00,,-34.52005699999995,146.1821890000001,,,GANSW717671344,10-12 GOGELDRIE STREET,1,2705,WHITTON,31,-34.52010026999994,146.18185987000004
143.375914,-31.560898,796,EMERGENCY FACILITY,"An emergency management facility from which a particular agency’s resources are commanded, coordinated and assigned to an incident or emergency",POLICING FACILITY,WILCANNIA POLICE STATION,OPERATIONAL,LOT 8 REID STREET,WILCANNIA,NEW SOUTH WALES,2836,NSW POLICE FORCE,2017/10/05 00:00:00+00,NSW POLICE FORCE,2017/10/05 00:00:00+00,,2018/09/14 00:00:00+00,,-31.560897999999952,143.37591400000008,,,GANSW718036715,70-72 REID STREET,2,2836,WILCANNIA,11,-31.560804219999966,143.3758891000001
150.724572,-31.6464089999999,797,EMERGENCY FACILITY,"An emergency management facility from which a particular agency’s resources are commanded, coordinated and assigned to an incident or emergency",POLICING FACILITY,WILLOW TREE POLICE STATION,OPERATIONAL,HENRY STREET & CADELL STREET,WILLOW TREE,NEW SOUTH WALES,2339,NSW POLICE FORCE,2017/10/05 00:00:00+00,NSW POLICE FORCE,2017/10/05 00:00:00+00,,2018/09/14 00:00:00+00,,-31.64640899999995,150.72457200000008,,,GANSW712083270,9 CADELL STREET,2,2339,WILLOW TREE,17,-31.646260869999935,150.72459772000002
150.816521,-33.61231,798,EMERGENCY FACILITY,"An emergency management facility from which a particular agency’s resources are commanded, coordinated and assigned to an incident or emergency",POLICING FACILITY,WINDSOR POLICE STATION,OPERATIONAL,13 MILEHAM STREET,WINDSOR,NEW SOUTH WALES,2756,NSW POLICE FORCE,2017/10/05 00:00:00+00,NSW POLICE FORCE,2017/10/05 00:00:00+00,,2018/09/14 00:00:00+00,,-33.61230999999998,150.81652100000008,,,GANSW718055530,13 MILEHAM STREET,1,2756,WINDSOR,25,-33.61215537999993,150.81632228000012
152.37507,-31.8709499999999,799,EMERGENCY FACILITY,"An emergency management facility from which a particular agency’s resources are commanded, coordinated and assigned to an incident or emergency",POLICING FACILITY,WINGHAM POLICE STATION,OPERATIONAL,6 FARQUHAR STREET,WINGHAM,NEW SOUTH WALES,2429,NSW POLICE FORCE,2017/10/05 00:00:00+00,NSW POLICE FORCE,2017/10/05 00:00:00+00,,2018/09/14 00:00:00+00,,-31.870949999999937,152.37507000000005,,,GANSW706318085,6 FARQUHAR STREET,2,2429,WINGHAM,50,-31.871396179999977,152.37509591000003
150.984898,-33.386409,800,EMERGENCY FACILITY,"An emergency management facility from which a particular agency’s resources are commanded, coordinated and assigned to an incident or emergency",POLICING FACILITY,WISEMANS FERRY POLICE STATION,OPERATIONAL,OLD NORTHERN ROAD & RIVER ROAD,WISEMANS FERRY,NEW SOUTH WALES,2775,NSW POLICE FORCE,2017/10/05 00:00:00+00,NSW POLICE FORCE,2017/10/05 00:00:00+00,,2018/09/14 00:00:00+00,,-33.38640899999996,150.98489800000004,,POLICE STATION,GANSW715651730,3031 RIVER ROAD,2,2775,WISEMANS FERRY,2,-33.38641456999994,150.9849131200001
151.140843,-32.937828,801,EMERGENCY FACILITY,"An emergency management facility from which a particular agency’s resources are commanded, coordinated and assigned to an incident or emergency",POLICING FACILITY,WOLLOMBI POLICE STATION,OPERATIONAL,2888 WOLLOMBI ROAD,WOLLOMBI,NEW SOUTH WALES,2325,NSW POLICE FORCE,2017/10/05 00:00:00+00,NSW POLICE FORCE,2017/10/05 00:00:00+00,,2018/09/14 00:00:00+00,,-32.93782799999997,151.14084300000002,,,GANSW716430556,2888 WOLLOMBI ROAD,2,2325,WOLLOMBI,29,-32.937658419999934,151.14108059000012
150.895548,-34.424337,802,EMERGENCY FACILITY,"An emergency management facility from which a particular agency’s resources are commanded, coordinated and assigned to an incident or emergency",POLICING FACILITY,WOLLONGONG POLICE STATION,OPERATIONAL,45-47 MARKET STREET,WOLLONGONG,NEW SOUTH WALES,2500,NSW POLICE FORCE,2017/10/05 00:00:00+00,NSW POLICE FORCE,2017/10/05 00:00:00+00,,2018/09/14 00:00:00+00,,-34.42433699999998,150.89554800000008,,,GANSW717378414,45-47 MARKET STREET,1,2500,WOLLONGONG,0,-34.42433748999997,150.89554785000007
148.225538,-35.3005939999999,803,EMERGENCY FACILITY,"An emergency management facility from which a particular agency’s resources are commanded, coordinated and assigned to an incident or emergency",POLICING FACILITY,TUMUT POLICE STATION,OPERATIONAL,20 WYNYARD STREET,TUMUT,NEW SOUTH WALES,2720,NSW POLICE FORCE,2017/10/05 00:00:00+00,NSW POLICE FORCE,2017/10/05 00:00:00+00,,2018/09/14 00:00:00+00,,-35.30059399999993,148.22553800000003,,,GANSW712771978,20 WYNYARD STREET,1,2720,TUMUT,48,-35.30052684999998,148.22606040000005
153.538489,-28.1797379999999,804,EMERGENCY FACILITY,"An emergency management facility from which a particular agency’s resources are commanded, coordinated and assigned to an incident or emergency",POLICING FACILITY,TWEED HEADS POLICE STATION,OPERATIONAL,52 RECREATION STREET,TWEED HEADS,NEW SOUTH WALES,2485,NSW POLICE FORCE,2017/10/05 00:00:00+00,NSW POLICE FORCE,2017/10/05 00:00:00+00,,2018/09/14 00:00:00+00,,-28.17973799999993,153.53848900000003,,,GANSW715493343,52 RECREATION STREET,1,2485,TWEED HEADS,38,-28.179938069999935,153.53880514000002
150.474961,-35.3522879999999,805,EMERGENCY FACILITY,"An emergency management facility from which a particular agency’s resources are commanded, coordinated and assigned to an incident or emergency",POLICING FACILITY,ULLADULLA POLICE STATION,OPERATIONAL,73 PRINCESS HIGHWAY,ULLADULLA,NEW SOUTH WALES,2539,NSW POLICE FORCE,2017/10/05 00:00:00+00,NSW POLICE FORCE,2017/10/05 00:00:00+00,,2018/09/14 00:00:00+00,,-35.35228799999993,150.47496100000012,,,GANSW712512234,73 PRINCES HIGHWAY,2,2539,ULLADULLA,21,-35.35228837999995,150.47473146000004
153.028499,-29.630353,806,EMERGENCY FACILITY,"An emergency management facility from which a particular agency’s resources are commanded, coordinated and assigned to an incident or emergency",POLICING FACILITY,ULMARRA POLICE STATION,OPERATIONAL,16 RIVER STREET,ULMARRA,NEW SOUTH WALES,2462,NSW POLICE FORCE,2017/10/05 00:00:00+00,NSW POLICE FORCE,2017/10/05 00:00:00+00,,2018/09/14 00:00:00+00,,-29.630352999999957,153.028499,,,GANSW706163873,16 RIVER STREET,2,2462,ULMARRA,22,-29.63038462999998,153.02871762000007
146.972036,-33.638224,807,EMERGENCY FACILITY,"An emergency management facility from which a particular agency’s resources are commanded, coordinated and assigned to an incident or emergency",POLICING FACILITY,UNGARIE POLICE STATION,OPERATIONAL,53-55 WOLLONGOUGH STREET,UNGARIE,NEW SOUTH WALES,2669,NSW POLICE FORCE,2017/10/05 00:00:00+00,NSW POLICE FORCE,2017/10/05 00:00:00+00,,2018/09/14 00:00:00+00,,-33.63822399999998,146.97203600000012,,POLICE STATION,GANSW712778611,55 WOLLONGOUGH STREET,2,2669,UNGARIE,29,-33.63800934999995,146.9722104000001
151.503365,-30.643246,808,EMERGENCY FACILITY,"An emergency management facility from which a particular agency’s resources are commanded, coordinated and assigned to an incident or emergency",POLICING FACILITY,URALLA POLICE STATION,OPERATIONAL,7 HILL STREET,URALLA,NEW SOUTH WALES,2358,NSW POLICE FORCE,2017/10/05 00:00:00+00,NSW POLICE FORCE,2017/10/05 00:00:00+00,,2018/09/14 00:00:00+00,,-30.643245999999976,151.50336500000003,,,GANSW712061320,7 HILL STREET,2,2358,URALLA,16,-30.64327358999998,151.50352842000007
146.268132,-35.332506,809,EMERGENCY FACILITY,"An emergency management facility from which a particular agency’s resources are commanded, coordinated and assigned to an incident or emergency",POLICING FACILITY,URANA POLICE STATION,OPERATIONAL,STEPHEN STREET,URANA,NEW SOUTH WALES,2645,NSW POLICE FORCE,2017/10/05 00:00:00+00,NSW POLICE FORCE,2017/10/05 00:00:00+00,,2018/09/14 00:00:00+00,,-35.33250599999997,146.26813200000004,,,GANSW718004787,9-11 WILLIAM STREET,0,2645,URANA,10,-35.33256894999994,146.2680601300001
152.546303,-28.47236,810,EMERGENCY FACILITY,"An emergency management facility from which a particular agency’s resources are commanded, coordinated and assigned to an incident or emergency",POLICING FACILITY,URBENVILLE POLICE STATION,OPERATIONAL,21 BEAURY STREET,URBENVILLE,NEW SOUTH WALES,2475,NSW POLICE FORCE,2017/10/05 00:00:00+00,NSW POLICE FORCE,2017/10/05 00:00:00+00,,2018/09/14 00:00:00+00,,-28.47235999999998,152.54630300000008,,,GANSW712274778,21 BEAURY STREET,1,2475,URBENVILLE,18,-28.472253259999945,152.54644702000007
153.344579,-29.0714629999999,811,EMERGENCY FACILITY,"An emergency management facility from which a particular agency’s resources are commanded, coordinated and assigned to an incident or emergency",POLICING FACILITY,WOODBURN POLICE STATION,OPERATIONAL,98 RIVER STREET,WOODBURN,NEW SOUTH WALES,2472,NSW POLICE FORCE,2017/10/05 00:00:00+00,NSW POLICE FORCE,2017/10/05 00:00:00+00,,2018/09/14 00:00:00+00,,-29.071462999999937,153.34457900000007,,,GANSW715567901,91 RIVER STREET,0,2472,WOODBURN,17,-29.071610499999963,153.34461140000008
152.608965,-28.3887119999999,812,EMERGENCY FACILITY,"An emergency management facility from which a particular agency’s resources are commanded, coordinated and assigned to an incident or emergency",POLICING FACILITY,WOODENBONG POLICE STATION,OPERATIONAL,UNUMGAR STREET,WOODENBONG,NEW SOUTH WALES,2476,NSW POLICE FORCE,2017/10/05 00:00:00+00,NSW POLICE FORCE,2017/10/05 00:00:00+00,,2018/09/14 00:00:00+00,,-28.38871199999994,152.608965,,,GANSW712265355,5 UNUMGAR STREET,1,2476,WOODENBONG,32,-28.38889692999993,152.60871813000006
153.196803,-30.11169,813,EMERGENCY FACILITY,"An emergency management facility from which a particular agency’s resources are commanded, coordinated and assigned to an incident or emergency",POLICING FACILITY,WOOLGOOLGA POLICE STATION,OPERATIONAL,22 BEACH STREET,WOOLGOOLGA,NEW SOUTH WALES,2456,NSW POLICE FORCE,2017/10/05 00:00:00+00,NSW POLICE FORCE,2017/10/05 00:00:00+00,,2018/09/14 00:00:00+00,,-30.111689999999953,153.19680300000005,,,GANSW706313054,22 BEACH STREET,1,2456,WOOLGOOLGA,14,-30.111725529999944,153.19666425000003
153.2629,-29.853216,814,EMERGENCY FACILITY,"An emergency management facility from which a particular agency’s resources are commanded, coordinated and assigned to an incident or emergency",POLICING FACILITY,WOOLI POLICE STATION,OPERATIONAL,MAIN STREET & OLEN CLOSE,WOOLI,NEW SOUTH WALES,2462,NSW POLICE FORCE,2017/10/05 00:00:00+00,NSW POLICE FORCE,2017/10/05 00:00:00+00,,2018/09/14 00:00:00+00,,-29.853215999999975,153.26290000000006,,,GANSW706333987,323 NORTH STREET,1,2462,WOOLI,5,-29.85326120999997,153.26290084000004
151.219013,-33.8725499999999,815,EMERGENCY FACILITY,"An emergency management facility from which a particular agency’s resources are commanded, coordinated and assigned to an incident or emergency",POLICING FACILITY,WOOLLOOMOOLOO POLICE STATION,OPERATIONAL,164 CATHEDRAL STREET,WOOLLOOMOOLOO,NEW SOUTH WALES,2011,NSW POLICE FORCE,2017/10/05 00:00:00+00,NSW POLICE FORCE,2017/10/05 00:00:00+00,,2018/09/14 00:00:00+00,,-33.87254999999993,151.21901300000002,,,GANSW710335386,164 CATHEDRAL STREET,2,2011,WOOLLOOMOOLOO,5,-33.87254195999998,151.21896302000005
151.324901,-33.486589,816,EMERGENCY FACILITY,"An emergency management facility from which a particular agency’s resources are commanded, coordinated and assigned to an incident or emergency",POLICING FACILITY,WOY WOY POLICE STATION,OPERATIONAL,49 BLACKWALL ROAD,WOY WOY,NEW SOUTH WALES,2256,NSW POLICE FORCE,2017/10/05 00:00:00+00,NSW POLICE FORCE,2017/10/05 00:00:00+00,,2018/09/14 00:00:00+00,,-33.48658899999998,151.32490100000007,,,GANSW706375999,49 BLACKWALL ROAD,2,2256,WOY WOY,18,-33.48666624999993,151.32473613000002
151.424588549,-33.2812309079999,817,EMERGENCY FACILITY,"An emergency management facility from which a particular agency’s resources are commanded, coordinated and assigned to an incident or emergency",POLICING FACILITY,WYONG POLICE STATION,OPERATIONAL,22 HELY STREET,WYONG,NEW SOUTH WALES,2259,NSW POLICE FORCE,2017/10/05 00:00:00+00,NSW POLICE FORCE,2017/10/05 00:00:00+00,,2018/09/14 00:00:00+00,,-33.28123090799994,151.42458854900008,,,GANSW718068977,22 HELY STREET,1,2259,WYONG,10,-33.28119473999993,151.42448766000007
153.357043,-29.437221,818,EMERGENCY FACILITY,"An emergency management facility from which a particular agency’s resources are commanded, coordinated and assigned to an incident or emergency",POLICING FACILITY,YAMBA POLICE STATION,OPERATIONAL,47 WOOLI STREET,YAMBA,NEW SOUTH WALES,2464,NSW POLICE FORCE,2017/10/05 00:00:00+00,NSW POLICE FORCE,2017/10/05 00:00:00+00,,2018/09/14 00:00:00+00,,-29.437220999999965,153.3570430000001,,,GANSW715581701,47 WOOLI STREET,1,2464,YAMBA,44,-29.436904669999933,153.35677108000004
148.908817,-34.840477,819,EMERGENCY FACILITY,"An emergency management facility from which a particular agency’s resources are commanded, coordinated and assigned to an incident or emergency",POLICING FACILITY,YASS POLICE STATION,OPERATIONAL,47 ROSSI STREET,YASS,NEW SOUTH WALES,2582,NSW POLICE FORCE,2017/10/05 00:00:00+00,NSW POLICE FORCE,2017/10/05 00:00:00+00,,2018/09/14 00:00:00+00,,-34.840476999999964,148.9088170000001,,,GANSW715569070,47 ROSSI STREET,1,2582,YASS,767,-34.84267096999997,148.90086583000004
146.194607,-34.2495749999999,820,EMERGENCY FACILITY,"An emergency management facility from which a particular agency’s resources are commanded, coordinated and assigned to an incident or emergency",POLICING FACILITY,YENDA POLICE STATION,OPERATIONAL,12 YENDA PLACE,YENDA,NEW SOUTH WALES,2681,NSW POLICE FORCE,2017/10/05 00:00:00+00,NSW POLICE FORCE,2017/10/05 00:00:00+00,,2018/09/14 00:00:00+00,,-34.249574999999936,146.19460700000002,,,GANSW717009140,12 YENDA PLACE,1,2681,YENDA,8,-34.24952065999997,146.1945490600001
148.65015,-32.752197,821,EMERGENCY FACILITY,"An emergency management facility from which a particular agency’s resources are commanded, coordinated and assigned to an incident or emergency",POLICING FACILITY,YEOVAL POLICE STATION,OPERATIONAL,10 CARDINGTON STREET,YEOVAL,NEW SOUTH WALES,2868,NSW POLICE FORCE,2017/10/05 00:00:00+00,NSW POLICE FORCE,2017/10/05 00:00:00+00,,2018/09/14 00:00:00+00,,-32.75219699999997,148.65015000000005,,,GANSW706356534,10 CARDINGTON STREET,2,2868,YEOVAL,19,-32.75204825999998,148.65025785000012
150.775531,-28.901011,822,EMERGENCY FACILITY,"An emergency management facility from which a particular agency’s resources are commanded, coordinated and assigned to an incident or emergency",POLICING FACILITY,YETMAN POLICE STATION,OPERATIONAL,WARIALDA STREET,YETMAN,NEW SOUTH WALES,2410,NSW POLICE FORCE,2017/10/05 00:00:00+00,NSW POLICE FORCE,2017/10/05 00:00:00+00,,2018/09/14 00:00:00+00,,-28.901010999999983,150.77553100000011,,,GANSW717350419,80 WARIALDA STREET,1,2410,YETMAN,0,-28.901011469999958,150.77553135000005
148.298193,-34.315018,823,EMERGENCY FACILITY,"An emergency management facility from which a particular agency’s resources are commanded, coordinated and assigned to an incident or emergency",POLICING FACILITY,YOUNG POLICE STATION,OPERATIONAL,30 CLOETE STREET,YOUNG,NEW SOUTH WALES,2594,NSW POLICE FORCE,2017/10/05 00:00:00+00,NSW POLICE FORCE,2017/10/05 00:00:00+00,,2018/09/14 00:00:00+00,,-34.31501799999995,148.29819300000008,,,GANSW706356456,30 CLOETE STREET,2,2594,YOUNG,25,-34.315236779999964,148.29811511000003
146.904092,-34.3565189999999,824,EMERGENCY FACILITY,"An emergency management facility from which a particular agency’s resources are commanded, coordinated and assigned to an incident or emergency",POLICING FACILITY,ARDLETHAN POLICE STATION,OPERATIONAL,52 WARRI STREET,ARDLETHAN,NEW SOUTH WALES,2665,NSW POLICE FORCE,2017/10/05 00:00:00+00,NSW POLICE FORCE,2017/10/05 00:00:00+00,,2018/09/14 00:00:00+00,NO GNAF POINT,-34.356518999999935,146.9040920000001,,,,,,,,,,
149.695718,-36.7692759999999,825,EMERGENCY FACILITY,"An emergency management facility from which a particular agency’s resources are commanded, coordinated and assigned to an incident or emergency",POLICING FACILITY,CANDELO POLICE STATION,OPERATIONAL,YOUNG STREET,CANDELO,NEW SOUTH WALES,2550,NSW POLICE FORCE,2017/10/05 00:00:00+00,NSW POLICE FORCE,2017/10/05 00:00:00+00,,2018/09/14 00:00:00+00,NO GNAF POINT,-36.769275999999934,149.69571800000006,,,,,,,,,,
149.987539,-33.146852,826,EMERGENCY FACILITY,"An emergency management facility from which a particular agency’s resources are commanded, coordinated and assigned to an incident or emergency",POLICING FACILITY,CAPERTEE POLICE STATION,OPERATIONAL,MUDGEE ROAD,CAPERTEE,NEW SOUTH WALES,2846,NSW POLICE FORCE,2017/10/05 00:00:00+00,NSW POLICE FORCE,2017/10/05 00:00:00+00,,2018/09/14 00:00:00+00,NO GNAF POINT,-33.14685199999997,149.98753900000008,,,,,,,,,,
133.880802124,-23.6983416479999,827,EMERGENCY FACILITY,"An emergency management facility from which a particular agency’s resources are commanded, coordinated and assigned to an incident or emergency",POLICING FACILITY,ALICE SPRINGS POLICE STATION,OPERATIONAL,6 PARSONS STREET,ALICE SPRINGS,NORTHERN TERRITORY,0870,"NORTHERN TERRITORY POLICE, FIR",,"NORTHERN TERRITORY POLICE, FIR",,,2016/07/27 00:00:00+00,,-23.69834164799994,133.88080212400007,,,GANT_703834264,6 PARSONS STREET,2,0870,ALICE SPRINGS,0,-23.69834161999995,133.88080206000006
136.422368,-13.8521949999999,828,EMERGENCY FACILITY,"An emergency management facility from which a particular agency’s resources are commanded, coordinated and assigned to an incident or emergency",POLICING FACILITY,ALYANGULA POLICE STATION,OPERATIONAL,11 AYAWURRA CRESCENT,ALYANGULA,NORTHERN TERRITORY,0885,"NORTHERN TERRITORY POLICE, FIR",,"NORTHERN TERRITORY POLICE, FIR",,,2016/07/27 00:00:00+00,,-13.852194999999938,136.42236800000012,,,GANT_716475002,11 AYAWARRA CRESCENT,2,0885,ALYANGULA,1,-13.85219098999994,136.42237494000005
134.918212941,-22.979194981,829,EMERGENCY FACILITY,"An emergency management facility from which a particular agency’s resources are commanded, coordinated and assigned to an incident or emergency",POLICING FACILITY,HARTS RANGE POLICE STATION,OPERATIONAL,AIRFIELD ACCESS,ATITJERE,NORTHERN TERRITORY,0872,"NORTHERN TERRITORY POLICE, FIR",,"NORTHERN TERRITORY POLICE, FIR",,,2016/07/27 00:00:00+00,,-22.979194980999978,134.9182129410001,,,GANT_717883968,40 PLENTY HIGHWAY,1,0872,HART,278,-22.98116652999994,134.91653744000007
131.025453034,-13.045568015,830,EMERGENCY FACILITY,"An emergency management facility from which a particular agency’s resources are commanded, coordinated and assigned to an incident or emergency",POLICING FACILITY,BATCHELOR POLICE STATION,OPERATIONAL,33 TARKARRI ROAD,BATCHELOR,NORTHERN TERRITORY,0845,"NORTHERN TERRITORY POLICE, FIR",,"NORTHERN TERRITORY POLICE, FIR",,,2016/07/27 00:00:00+00,,-13.045568014999958,131.02545303400007,,,GANT_703871276,33 TARKARRI ROAD,2,0845,BATCHELOR,0,-13.045567999999946,131.02545300000008
136.303914618,-16.053239006,831,EMERGENCY FACILITY,"An emergency management facility from which a particular agency’s resources are commanded, coordinated and assigned to an incident or emergency",POLICING FACILITY,BORROLOOLA POLICE STATION,OPERATIONAL,13 GARAWA STREET,BORROLOOLA,NORTHERN TERRITORY,0854,"NORTHERN TERRITORY POLICE, FIR",,"NORTHERN TERRITORY POLICE, FIR",,,2016/07/27 00:00:00+00,,-16.053239005999956,136.30391461800002,,,GANT_703870401,13 GARAWA STREET,2,0854,BORROLOOLA,156,-16.05450499999995,136.30456400000003
130.879283009,-12.3762470409999,832,EMERGENCY FACILITY,"An emergency management facility from which a particular agency’s resources are commanded, coordinated and assigned to an incident or emergency",POLICING FACILITY,CASUARINA POLICE STATION,OPERATIONAL,28 DRIPSTONE ROAD,CASUARINA,NORTHERN TERRITORY,0810,"NORTHERN TERRITORY POLICE, FIR",,"NORTHERN TERRITORY POLICE, FIR",,,2016/07/27 00:00:00+00,,-12.376247040999942,130.87928300900012,,,GANT_703827449,28 DRIPSTONE ROAD,1,0810,CASUARINA,0,-12.376246999999978,130.8792830000001
130.84014599,-12.4639929689999,833,EMERGENCY FACILITY,"An emergency management facility from which a particular agency’s resources are commanded, coordinated and assigned to an incident or emergency",POLICING FACILITY,DARWIN POLICE STATION,OPERATIONAL,UNIT 1 55 MITCHELL STREET,DARWIN CITY,NORTHERN TERRITORY,0800,"NORTHERN TERRITORY POLICE, FIR",,"NORTHERN TERRITORY POLICE, FIR",,,2016/07/27 00:00:00+00,,-12.463992968999946,130.8401459900001,,,GANT_718143592,UNIT 1 55 MITCHELL STREET,0,0800,DARWIN CITY,0,-12.46399299999996,130.84014600000012
130.877438,-12.404099,834,EMERGENCY FACILITY,"An emergency management facility from which a particular agency’s resources are commanded, coordinated and assigned to an incident or emergency",POLICING FACILITY,AFP - NT - DARWIN OFFICE,OPERATIONAL,4 PEDERSEN ROAD,EATON,NORTHERN TERRITORY,0820,WWW.AFP.GOV.AU,,WWW.AFP.GOV.AU,,,2018/08/16 00:00:00+00,,-12.404098999999974,130.8774380000001,,,GANT_717571486,1 PEDERSON ROAD,0,0820,EATON,56,-12.40456562999998,130.87724001000004
133.540661994,-17.5512550019999,835,EMERGENCY FACILITY,"An emergency management facility from which a particular agency’s resources are commanded, coordinated and assigned to an incident or emergency",POLICING FACILITY,ELLIOTT POLICE STATION,OPERATIONAL,2 MCRAE STREET,ELLIOTT,NORTHERN TERRITORY,0862,"NORTHERN TERRITORY POLICE, FIR",,"NORTHERN TERRITORY POLICE, FIR",,,2016/07/27 00:00:00+00,,-17.551255001999948,133.54066199400006,,POLICE STATION,GANT_703865479,2 MCRAE STREET,2,0862,ELLIOTT,0,-17.55125499999997,133.5406620000001
133.299885677,-25.840197955,836,EMERGENCY FACILITY,"An emergency management facility from which a particular agency’s resources are commanded, coordinated and assigned to an incident or emergency",POLICING FACILITY,KULGERA POLICE STATION,OPERATIONAL,18 STUART HIGHWAY,GHAN,NORTHERN TERRITORY,0872,"NORTHERN TERRITORY POLICE, FIR",,"NORTHERN TERRITORY POLICE, FIR",,,2016/07/27 00:00:00+00,,-25.84019795499995,133.29988567700002,,KULGERA CPA,GANT_717938756,18 STUART HIGHWAY,1,0872,GHAN,14,-25.840294579999977,133.29996818000006
131.100404039,-12.5725534379999,837,EMERGENCY FACILITY,"An emergency management facility from which a particular agency’s resources are commanded, coordinated and assigned to an incident or emergency",POLICING FACILITY,HUMPTY DOO POLICE STATION,OPERATIONAL,8 FREDS PASS ROAD,HUMPTY DOO,NORTHERN TERRITORY,0836,"NORTHERN TERRITORY POLICE, FIR",,"NORTHERN TERRITORY POLICE, FIR",,,2016/07/27 00:00:00+00,,-12.572553437999943,131.10040403900007,,,GANT_703852747,8 FREDS PASS ROAD,0,0836,HUMPTY DOO,0,-12.572553419999963,131.10040404000006
132.833535963,-12.671449998,838,EMERGENCY FACILITY,"An emergency management facility from which a particular agency’s resources are commanded, coordinated and assigned to an incident or emergency",POLICING FACILITY,JABIRU POLICE STATION,OPERATIONAL,10 TASMAN CRESCENT,JABIRU,NORTHERN TERRITORY,0886,"NORTHERN TERRITORY POLICE, FIR",,"NORTHERN TERRITORY POLICE, FIR",,,2016/07/27 00:00:00+00,,-12.671449997999957,132.83353596300003,,,GANT_703836248,10 TASMAN CRESCENT,1,0886,JABIRU,0,-12.671449999999936,132.8335360000001
130.8327641,-17.4484521489999,839,EMERGENCY FACILITY,"An emergency management facility from which a particular agency’s resources are commanded, coordinated and assigned to an incident or emergency",POLICING FACILITY,KALKARINDJI POLICE STATION,OPERATIONAL,78 BUNTINE HIGHWAY,KALKARINDJI,NORTHERN TERRITORY,0852,"NORTHERN TERRITORY POLICE, FIR",,"NORTHERN TERRITORY POLICE, FIR",,,2016/07/27 00:00:00+00,,-17.448452148999934,130.83276410000008,,,GANT_716718834,78 BUNTINE HIGHWAY,1,0852,KALKARINDJI,20,-17.448366499999963,130.83293349000007
129.083611,-24.8741669999999,840,EMERGENCY FACILITY,"An emergency management facility from which a particular agency’s resources are commanded, coordinated and assigned to an incident or emergency",POLICING FACILITY,KALTUKATJARA (DOCKER RIVER),OPERATIONAL,94 LUNGKATA ROAD,KALTUKATJARA,NORTHERN TERRITORY,0872,"NORTHERN TERRITORY POLICE, FIR",,"NORTHERN TERRITORY POLICE, FIR",,,2016/07/27 00:00:00+00,,-24.874166999999943,129.08361100000002,,,GANT_718290687,1  ,0,0872,KALTUKATJARA,15,-24.874152659999936,129.08346775000007
132.284986018,-14.4714640139999,841,EMERGENCY FACILITY,"An emergency management facility from which a particular agency’s resources are commanded, coordinated and assigned to an incident or emergency",POLICING FACILITY,KATHERINE POLICE STATION,OPERATIONAL,58 ACACIA DRIVE,KATHERINE EAST,NORTHERN TERRITORY,0850,"NORTHERN TERRITORY POLICE, FIR",,"NORTHERN TERRITORY POLICE, FIR",,,2016/07/27 00:00:00+00,,-14.471464013999935,132.28498601800004,,,GANT_703850959,58 ACACIA DRIVE,0,0850,KATHERINE EAST,0,-14.471463999999969,132.28498600000012
129.383340319,-23.274999753,842,EMERGENCY FACILITY,"An emergency management facility from which a particular agency’s resources are commanded, coordinated and assigned to an incident or emergency",POLICING FACILITY,KINTORE POLICE STATION,OPERATIONAL,13 MIYARRPA STREET,KINTORE,NORTHERN TERRITORY,0872,"NORTHERN TERRITORY POLICE, FIR",,"NORTHERN TERRITORY POLICE, FIR",,,2016/07/27 00:00:00+00,,-23.274999752999975,129.383340319,,,GANT_718290770,13 MIYARRPA STREET,1,0872,KINTORE,41,-23.274691639999958,129.38311991000012
130.926528045,-12.4147260029999,843,EMERGENCY FACILITY,"An emergency management facility from which a particular agency’s resources are commanded, coordinated and assigned to an incident or emergency",POLICING FACILITY,PETER MCAULAY CENTRE,OPERATIONAL,814 MCMILLANS ROAD,KNUCKEY LAGOON,NORTHERN TERRITORY,0828,"NORTHERN TERRITORY POLICE, FIR",,"NORTHERN TERRITORY POLICE, FIR",,,2016/07/27 00:00:00+00,,-12.414726002999942,130.92652804500005,,,GANT_703831606,814 MCMILLANS ROAD,1,0828,KNUCKEY LAGOON,0,-12.414725999999973,130.92652800000008
133.065394341,-14.922180587,844,EMERGENCY FACILITY,"An emergency management facility from which a particular agency’s resources are commanded, coordinated and assigned to an incident or emergency",POLICING FACILITY,MATARANKA POLICE STATION,OPERATIONAL,2 ROPER TERRACE,MATARANKA,NORTHERN TERRITORY,0852,"NORTHERN TERRITORY POLICE, FIR",,"NORTHERN TERRITORY POLICE, FIR",,,2016/07/27 00:00:00+00,,-14.922180586999957,133.06539434100011,,,GANT_716697866,2 ROPER TERRACE,2,0852,MATARANKA,2,-14.92217747999996,133.0653744000001
130.689664406,-13.750140631,845,EMERGENCY FACILITY,"An emergency management facility from which a particular agency’s resources are commanded, coordinated and assigned to an incident or emergency",POLICING FACILITY,DALY RIVER POLICE STATION,OPERATIONAL,7894 DALY RIVER ROAD,NAUIYU,NORTHERN TERRITORY,0822,"NORTHERN TERRITORY POLICE, FIR",,"NORTHERN TERRITORY POLICE, FIR",,,2016/07/27 00:00:00+00,,-13.750140630999965,130.68966440600002,,,GANT_717883430,7894 DALY RIVER ROAD,0,0822,NAUIYU,1920,-13.757236929999976,130.70586706000006
136.787009127,-12.1854041519999,846,EMERGENCY FACILITY,"An emergency management facility from which a particular agency’s resources are commanded, coordinated and assigned to an incident or emergency",POLICING FACILITY,NHULUNBUY POLICE STATION AND COURT HOUSE,OPERATIONAL,18 MATTHEW FLINDERS WAY,NHULUNBUY,NORTHERN TERRITORY,0880,"NORTHERN TERRITORY POLICE, FIR",,"NORTHERN TERRITORY POLICE, FIR",,,2016/07/27 00:00:00+00,,-12.185404151999933,136.78700912700003,,,GANT_715275447,18 MATTHEW FLINDERS WAY,1,0880,NHULUNBUY,0,-12.185404199999937,136.78700832000004
130.850397975,-12.3870750369999,847,EMERGENCY FACILITY,"An emergency management facility from which a particular agency’s resources are commanded, coordinated and assigned to an incident or emergency",POLICING FACILITY,NIGHTCLIFF POLICE STATION,OPERATIONAL,10 PAVONIA PLACE,NIGHTCLIFF,NORTHERN TERRITORY,0810,"NORTHERN TERRITORY POLICE, FIR",,"NORTHERN TERRITORY POLICE, FIR",,,2016/07/27 00:00:00+00,,-12.387075036999931,130.85039797500008,,,GANT_703868192,10 PAVONIA PLACE,1,0810,NIGHTCLIFF,0,-12.387074999999982,130.85039800000004
130.553200001,-22.650500047,848,EMERGENCY FACILITY,"An emergency management facility from which a particular agency’s resources are commanded, coordinated and assigned to an incident or emergency",POLICING FACILITY,NYIRRIPI POLICE STATION,OPERATIONAL,6 CHURCH STREET,NYIRRIPI,NORTHERN TERRITORY,0872,"NORTHERN TERRITORY POLICE, FIR",,"NORTHERN TERRITORY POLICE, FIR",,,2016/07/27 00:00:00+00,,-22.65050004699998,130.55320000100005,,,GANT_718082699,6 CHURCH STREET,1,0872,NYIRRIPI,14,-22.650595099999975,130.55328884000005
130.982488914,-12.4793224069999,849,EMERGENCY FACILITY,"An emergency management facility from which a particular agency’s resources are commanded, coordinated and assigned to an incident or emergency",POLICING FACILITY,PALMERSTON POLICE STATION,OPERATIONAL,4 FIVEASH LANE,PALMERSTON CITY,NORTHERN TERRITORY,0830,"NORTHERN TERRITORY POLICE, FIR",,"NORTHERN TERRITORY POLICE, FIR",,,2016/07/27 00:00:00+00,,-12.479322406999927,130.9824889140001,,,GANT_703864866,4 FIVEASH LANE,0,0830,PALMERSTON CITY,0,-12.47932241999996,130.98248892000004
131.911110767,-23.2033681569999,850,EMERGENCY FACILITY,"An emergency management facility from which a particular agency’s resources are commanded, coordinated and assigned to an incident or emergency",POLICING FACILITY,PAPUNYA POLICE STATION,OPERATIONAL,2 TAKULU ROAD,PAPUNYA,NORTHERN TERRITORY,0872,"NORTHERN TERRITORY POLICE, FIR",,"NORTHERN TERRITORY POLICE, FIR",,,2016/07/27 00:00:00+00,,-23.203368156999943,131.91111076700008,,,GANT_718142127,2 TAKULU ROAD,1,0872,PAPUNYA,79,-23.203113919999964,131.91039417000002
130.84389,-12.431389,851,EMERGENCY FACILITY,"An emergency management facility from which a particular agency’s resources are commanded, coordinated and assigned to an incident or emergency",POLICING FACILITY,PARAP,OPERATIONAL,VINY LANE,PARAP,NORTHERN TERRITORY,0820,"NORTHERN TERRITORY POLICE, FIR",,"NORTHERN TERRITORY POLICE, FIR",,,2016/07/27 00:00:00+00,,-12.431388999999967,130.8438900000001,,,GANT_702987194,14 VIMY LANE,0,0820,PARAP,7,-12.43135499999994,130.8439448800001
131.837076973,-13.8238890219999,852,EMERGENCY FACILITY,"An emergency management facility from which a particular agency’s resources are commanded, coordinated and assigned to an incident or emergency",POLICING FACILITY,PINE CREEK POLICE STATION,OPERATIONAL,19 RAILWAY TERRACE,PINE CREEK,NORTHERN TERRITORY,0847,"NORTHERN TERRITORY POLICE, FIR",,"NORTHERN TERRITORY POLICE, FIR",,,2016/07/27 00:00:00+00,,-13.823889021999946,131.83707697300008,,,GANT_703862709,19 RAILWAY TERRACE,1,0847,PINE CREEK,0,-13.823888999999951,131.83707700000002
137.488702216,-20.024080532,853,EMERGENCY FACILITY,"An emergency management facility from which a particular agency’s resources are commanded, coordinated and assigned to an incident or emergency",POLICING FACILITY,AVON DOWNS POLICE STATION,OPERATIONAL,BARKLY HIGHWAY,RANKEN,NORTHERN TERRITORY,4825,"NORTHERN TERRITORY POLICE, FIR",,"NORTHERN TERRITORY POLICE, FIR",,,2016/07/27 00:00:00+00,,-20.02408053199997,137.4887022160001,,,GANT_717938188,19079 BARKLY HIGHWAY,0,4825,RANKEN,67,-20.02354467999993,137.48899401000006
134.189872028,-19.6473060349999,854,EMERGENCY FACILITY,"An emergency management facility from which a particular agency’s resources are commanded, coordinated and assigned to an incident or emergency",POLICING FACILITY,TENNANT CREEK POLICE STATION,OPERATIONAL,51 PATERSON STREET,TENNANT CREEK,NORTHERN TERRITORY,0860,"NORTHERN TERRITORY POLICE, FIR",,"NORTHERN TERRITORY POLICE, FIR",,,2016/07/27 00:00:00+00,,-19.64730603499993,134.18987202800008,,,GANT_703857470,51 PATERSON STREET,2,0860,TENNANT CREEK,0,-19.647305999999958,134.18987200000004
148.126005,-36.2162109999999,855,EMERGENCY FACILITY,"An emergency management facility from which a particular agency’s resources are commanded, coordinated and assigned to an incident or emergency",POLICING FACILITY,KHANCOBAN POLICE STATION,OPERATIONAL,MITCHELL AVENUE,KHANCOBAN,NEW SOUTH WALES,2642,NSW POLICE FORCE,2017/10/05 00:00:00+00,NSW POLICE FORCE,2017/10/05 00:00:00+00,,2018/09/14 00:00:00+00,NO GNAF POINT,-36.21621099999993,148.12600500000008,,,,,,,,,,
148.556446,-34.038148,856,EMERGENCY FACILITY,"An emergency management facility from which a particular agency’s resources are commanded, coordinated and assigned to an incident or emergency",POLICING FACILITY,KOORAWATHA POLICE STATION,OPERATIONAL,CAMPBELL STREET,KOORAWATHA,NEW SOUTH WALES,2807,NSW POLICE FORCE,2017/10/05 00:00:00+00,NSW POLICE FORCE,2017/10/05 00:00:00+00,,2018/09/14 00:00:00+00,NO GNAF POINT,-34.03814799999998,148.55644600000005,,,,,,,,,,
151.052766,-31.061297,857,EMERGENCY FACILITY,"An emergency management facility from which a particular agency’s resources are commanded, coordinated and assigned to an incident or emergency",POLICING FACILITY,KOOTINGAL POLICE STATION,OPERATIONAL,DENMAN AVENUE,KOOTINGAL,NEW SOUTH WALES,2352,NSW POLICE FORCE,2017/10/05 00:00:00+00,NSW POLICE FORCE,2017/10/05 00:00:00+00,,2018/09/14 00:00:00+00,NO GNAF POINT,-31.061296999999968,151.05276600000002,,,,,,,,,,
159.066295,-31.526824,858,EMERGENCY FACILITY,"An emergency management facility from which a particular agency’s resources are commanded, coordinated and assigned to an incident or emergency",POLICING FACILITY,LORD HOWE ISLAND POLICE STATION,OPERATIONAL,TC DOUGLAS DRIVE,LORD HOWE ISLAND,NEW SOUTH WALES,2898,NSW POLICE FORCE,2017/10/05 00:00:00+00,NSW POLICE FORCE,2017/10/05 00:00:00+00,,2018/09/14 00:00:00+00,NO GNAF POINT,-31.526823999999976,159.06629500000008,,,,,,,,,,
148.69404,-33.1837649999999,859,EMERGENCY FACILITY,"An emergency management facility from which a particular agency’s resources are commanded, coordinated and assigned to an incident or emergency",POLICING FACILITY,MANILDRA POLICE STATION,OPERATIONAL,LOFTUS STREET,MANILDRA,NEW SOUTH WALES,2865,NSW POLICE FORCE,2017/10/05 00:00:00+00,NSW POLICE FORCE,2017/10/05 00:00:00+00,,2018/09/14 00:00:00+00,NO GNAF POINT,-33.18376499999994,148.6940400000001,,,,,,,,,,
150.720959,-30.750233,860,EMERGENCY FACILITY,"An emergency management facility from which a particular agency’s resources are commanded, coordinated and assigned to an incident or emergency",POLICING FACILITY,MANILLA POLICE STATION,OPERATIONAL,63 MANILLA STREET,MANILLA,NEW SOUTH WALES,2346,NSW POLICE FORCE,2017/10/05 00:00:00+00,NSW POLICE FORCE,2017/10/05 00:00:00+00,,2018/09/14 00:00:00+00,NO GNAF POINT,-30.75023299999998,150.7209590000001,,,,,,,,,,
151.165131,-33.935354,861,EMERGENCY FACILITY,"An emergency management facility from which a particular agency’s resources are commanded, coordinated and assigned to an incident or emergency",POLICING FACILITY,AFP - NSW - CENTRAL TERRACE BUILDING,OPERATIONAL,LEVEL 3 CENTRAL TERRACE BUILDING -,MASCOT,NEW SOUTH WALES,2020,WWW.AFP.GOV.AU,,WWW.AFP.GOV.AU,,,2018/08/16 00:00:00+00,NO GNAF POINT,-33.93535399999996,151.1651310000001,,,,,,,,,,
149.117524,-31.822891,862,EMERGENCY FACILITY,"An emergency management facility from which a particular agency’s resources are commanded, coordinated and assigned to an incident or emergency",POLICING FACILITY,MENDOORAN POLICE STATION,OPERATIONAL,1 YALCOGRIN STREET,MENDOORAN,NEW SOUTH WALES,2842,NSW POLICE FORCE,2017/10/05 00:00:00+00,NSW POLICE FORCE,2017/10/05 00:00:00+00,,2018/09/14 00:00:00+00,NO GNAF POINT,-31.82289099999997,149.11752400000012,,,,,,,,,,
148.985954,-28.9766309999999,863,EMERGENCY FACILITY,"An emergency management facility from which a particular agency’s resources are commanded, coordinated and assigned to an incident or emergency",POLICING FACILITY,MUNGINDI POLICE STATION,OPERATIONAL,146 GEORGE STREET,MUNGINDI,NEW SOUTH WALES,2406,NSW POLICE FORCE,2017/10/05 00:00:00+00,NSW POLICE FORCE,2017/10/05 00:00:00+00,,2018/09/14 00:00:00+00,NO GNAF POINT,-28.97663099999994,148.9859540000001,,,,,,,,,,
133.412919838,-22.1298153939999,864,EMERGENCY FACILITY,"An emergency management facility from which a particular agency’s resources are commanded, coordinated and assigned to an incident or emergency",POLICING FACILITY,TI TREE POLICE STATION,OPERATIONAL,30 SPENCER STREET,TI TREE,NORTHERN TERRITORY,0872,"NORTHERN TERRITORY POLICE, FIR",,"NORTHERN TERRITORY POLICE, FIR",,,2016/07/27 00:00:00+00,,-22.129815393999934,133.4129198380001,,,GANT_715275764,30 SPENCER STREET,2,0872,TI TREE,71,-22.12917209999995,133.4129671400001
130.476060698,-15.646723965,865,EMERGENCY FACILITY,"An emergency management facility from which a particular agency’s resources are commanded, coordinated and assigned to an incident or emergency",POLICING FACILITY,TIMBER CREEK POLICE STATION,OPERATIONAL,244 VICTORIA HIGHWAY,TIMBER CREEK,NORTHERN TERRITORY,0852,"NORTHERN TERRITORY POLICE, FIR",,"NORTHERN TERRITORY POLICE, FIR",,,2016/07/27 00:00:00+00,,-15.646723964999978,130.47606069800008,,,GANT_717884668,244 VICTORIA HIGHWAY,1,0852,TIMBER CREEK,0,-15.646724769999935,130.47606058000008
136.811100815,-13.859699954,866,EMERGENCY FACILITY,"An emergency management facility from which a particular agency’s resources are commanded, coordinated and assigned to an incident or emergency",POLICING FACILITY,UMBAKUMBA POLICE STATION,OPERATIONAL,2 MIYABAMA STREET,UMBAKUMBA,NORTHERN TERRITORY,0822,"NORTHERN TERRITORY POLICE, FIR",,"NORTHERN TERRITORY POLICE, FIR",,,2016/07/27 00:00:00+00,,-13.85969995399995,136.81110081500003,,,GANT_720496742,2 MIYABAMA STREET,0,0822,UMBAKUMBA,60,-13.85920772999998,136.81085871000005
133.386099994,-11.650000059,867,EMERGENCY FACILITY,"An emergency management facility from which a particular agency’s resources are commanded, coordinated and assigned to an incident or emergency",POLICING FACILITY,WARRUWI POLICE STATION,OPERATIONAL,,WARRUWI,NORTHERN TERRITORY,0822,"NORTHERN TERRITORY POLICE, FIR",,"NORTHERN TERRITORY POLICE, FIR",,,2016/07/27 00:00:00+00,,-11.650000058999979,133.38609999400012,,GOULBURN ISLAND CPA,GANT_718879246,LOT 53 WARRUWI INTERNAL ,0,0822,WARRUWI,384,-11.649143799999933,133.3895130300001
130.986913971,-25.237663988,868,EMERGENCY FACILITY,"An emergency management facility from which a particular agency’s resources are commanded, coordinated and assigned to an incident or emergency",POLICING FACILITY,YULARA POLICE STATION,OPERATIONAL,207 YULARA DRIVE,YULARA,NORTHERN TERRITORY,0872,"NORTHERN TERRITORY POLICE, FIR",,"NORTHERN TERRITORY POLICE, FIR",,,2016/07/27 00:00:00+00,,-25.23766398799995,130.98691397100004,,,GANT_703848163,207 YULARA DRIVE,1,0872,YULARA,0,-25.23766399999994,130.98691400000007
134.402904,-21.003036,869,EMERGENCY FACILITY,"An emergency management facility from which a particular agency’s resources are commanded, coordinated and assigned to an incident or emergency",POLICING FACILITY,ALI CURUNG POLICE STATION,OPERATIONAL,5 WARLPIRI STREET,ALI CURUNG,NORTHERN TERRITORY,0872,"NORTHERN TERRITORY POLICE, FIR",,"NORTHERN TERRITORY POLICE, FIR",,,2016/07/27 00:00:00+00,NO GNAF POINT,-21.003035999999952,134.40290400000004,,,,,,,,,,
137.847503115,-20.984199872,870,EMERGENCY FACILITY,"An emergency management facility from which a particular agency’s resources are commanded, coordinated and assigned to an incident or emergency",POLICING FACILITY,ALPURRURULAM POLICE STATION,OPERATIONAL,ANTYIPER STREET,ALPURRURULAM,NORTHERN TERRITORY,4825,"NORTHERN TERRITORY POLICE, FIR",,"NORTHERN TERRITORY POLICE, FIR",,,2016/07/27 00:00:00+00,NO GNAF POINT,-20.984199871999976,137.8475031150001,,,,,,,,,,
136.460600657,-13.9822,871,EMERGENCY FACILITY,"An emergency management facility from which a particular agency’s resources are commanded, coordinated and assigned to an incident or emergency",POLICING FACILITY,ANGURUGU POLICE STATION,OPERATIONAL,,ANGURUGU,NORTHERN TERRITORY,0822,"NORTHERN TERRITORY POLICE, FIR",,"NORTHERN TERRITORY POLICE, FIR",,,2016/07/27 00:00:00+00,NO GNAF POINT,-13.982199999999978,136.4606006570001,,,,,,,,,,
150.830346,-31.7637559999999,872,EMERGENCY FACILITY,"An emergency management facility from which a particular agency’s resources are commanded, coordinated and assigned to an incident or emergency",POLICING FACILITY,MURRURUNDI POLICE STATION,OPERATIONAL,MURALLA STREET & LIVERPOOL TERRACE,MURRURUNDI,NEW SOUTH WALES,2338,NSW POLICE FORCE,2017/10/05 00:00:00+00,NSW POLICE FORCE,2017/10/05 00:00:00+00,,2018/09/14 00:00:00+00,NO GNAF POINT,-31.763755999999944,150.83034600000008,,,,,,,,,,
167.957499,-29.0312059999999,873,EMERGENCY FACILITY,"An emergency management facility from which a particular agency’s resources are commanded, coordinated and assigned to an incident or emergency",POLICING FACILITY,AFP - NSW - NORFOLK ISLAND - POLICE STATION,OPERATIONAL,CNR J E ROAD & NEW CASCADE ROAD,NORFOLK ISLAND,NEW SOUTH WALES,2899,WWW.AFP.GOV.AU,,WWW.AFP.GOV.AU,,,2018/08/16 00:00:00+00,NO GNAF POINT,-29.03120599999994,167.9574990000001,,,,,,,,,,
146.880757,-33.9945529999999,874,EMERGENCY FACILITY,"An emergency management facility from which a particular agency’s resources are commanded, coordinated and assigned to an incident or emergency",POLICING FACILITY,TALLIMBA POLICE STATION,OPERATIONAL,MAIN STREET,TALLIMBA,NEW SOUTH WALES,2669,NSW POLICE FORCE,2017/10/05 00:00:00+00,NSW POLICE FORCE,2017/10/05 00:00:00+00,,2018/09/14 00:00:00+00,NO GNAF POINT,-33.99455299999994,146.88075700000002,,,,,,,,,,
149.829024,-31.3485269999999,875,EMERGENCY FACILITY,"An emergency management facility from which a particular agency’s resources are commanded, coordinated and assigned to an incident or emergency",POLICING FACILITY,TAMBAR SPRINGS POLICE STATION,OPERATIONAL,TAMBA STREET,TAMBAR SPRINGS,NEW SOUTH WALES,2381,NSW POLICE FORCE,2017/10/05 00:00:00+00,NSW POLICE FORCE,2017/10/05 00:00:00+00,,2018/09/14 00:00:00+00,NO GNAF POINT,-31.348526999999933,149.82902400000012,,,,,,,,,,
148.30385,-36.5039169999999,876,EMERGENCY FACILITY,"An emergency management facility from which a particular agency’s resources are commanded, coordinated and assigned to an incident or emergency",POLICING FACILITY,THREDBO VILLAGE POLICE STATION,OPERATIONAL,OLD POST OFFICE - THREDBO VILLAGE,THREDBO,NEW SOUTH WALES,2625,NSW POLICE FORCE,2017/10/05 00:00:00+00,NSW POLICE FORCE,2017/10/05 00:00:00+00,,2018/09/14 00:00:00+00,NO GNAF POINT,-36.503916999999944,148.30385,,,,,,,,,,
148.910372,-31.4390739999999,877,EMERGENCY FACILITY,"An emergency management facility from which a particular agency’s resources are commanded, coordinated and assigned to an incident or emergency",POLICING FACILITY,TOORAWEENAH POLICE STATION,OPERATIONAL,AIMEE STREET & BRIDGE STREET,TOORAWEENAH,NEW SOUTH WALES,2817,NSW POLICE FORCE,2017/10/05 00:00:00+00,NSW POLICE FORCE,2017/10/05 00:00:00+00,,2018/09/14 00:00:00+00,NO GNAF POINT,-31.43907399999995,148.91037200000005,,,,,,,,,,
146.6203,-33.8754979999999,878,EMERGENCY FACILITY,"An emergency management facility from which a particular agency’s resources are commanded, coordinated and assigned to an incident or emergency",POLICING FACILITY,WEETHALLE POLICE STATION,OPERATIONAL,COW STREET & RAILWAY STREET,WEETHALLE,NEW SOUTH WALES,2669,NSW POLICE FORCE,2017/10/05 00:00:00+00,NSW POLICE FORCE,2017/10/05 00:00:00+00,,2018/09/14 00:00:00+00,NO GNAF POINT,-33.875497999999936,146.62030000000004,,,,,,,,,,
148.847442,-33.746816,879,EMERGENCY FACILITY,"An emergency management facility from which a particular agency’s resources are commanded, coordinated and assigned to an incident or emergency",POLICING FACILITY,WOODSTOCK POLICE STATION,OPERATIONAL,PARKES STREET & BELMORE STREET,WOODSTOCK,NEW SOUTH WALES,2793,NSW POLICE FORCE,2017/10/05 00:00:00+00,NSW POLICE FORCE,2017/10/05 00:00:00+00,,2018/09/14 00:00:00+00,NO GNAF POINT,-33.74681599999997,148.84744200000011,,,,,,,,,,
131.104664989,-13.237805968,880,EMERGENCY FACILITY,"An emergency management facility from which a particular agency’s resources are commanded, coordinated and assigned to an incident or emergency",POLICING FACILITY,ADELAIDE RIVER POLICE STATION,OPERATIONAL,122 STUART HIGHWAY,ADELAIDE RIVER,NORTHERN TERRITORY,0846,"NORTHERN TERRITORY POLICE, FIR",,"NORTHERN TERRITORY POLICE, FIR",,,2016/07/27 00:00:00+00,,-13.237805967999975,131.10466498900007,,,GANT_703845849,122 STUART HIGHWAY,1,0846,ADELAIDE RIVER,0,-13.237805999999978,131.10466500000007
138.41160618,-34.1459019449999,881,EMERGENCY FACILITY,"An emergency management facility from which a particular agency’s resources are commanded, coordinated and assigned to an incident or emergency",POLICING FACILITY,BALAKLAVA POLICE STATION,OPERATIONAL,EDITH TERRACE,BALAKLAVA,SOUTH AUSTRALIA,5461,HTTP://WWW.POLICE.SA.GOV.AU,,HTTP://WWW.POLICE.SA.GOV.AU,,,2018/08/18 00:00:00+00,,-34.145901944999935,138.41160618000004,,,GASA_423421966,2 EDITH TERRACE,1,5461,BALAKLAVA,3,-34.14592474999995,138.41160337000008
140.466299411,-34.2517951839999,882,EMERGENCY FACILITY,"An emergency management facility from which a particular agency’s resources are commanded, coordinated and assigned to an incident or emergency",POLICING FACILITY,BARMERA POLICE STATION,OPERATIONAL,LOT 89 SCOTT AVENUE,BARMERA,SOUTH AUSTRALIA,5345,HTTP://WWW.POLICE.SA.GOV.AU,,HTTP://WWW.POLICE.SA.GOV.AU,,,2018/08/18 00:00:00+00,,-34.251795183999945,140.46629941100002,,BARMERA POLICE STATION,GASA_417046515,5 SCOTT AVENUE,1,5345,BARMERA,1,-34.25179223999993,140.4663039400001
140.011107249,-37.4799343719999,883,EMERGENCY FACILITY,"An emergency management facility from which a particular agency’s resources are commanded, coordinated and assigned to an incident or emergency",POLICING FACILITY,BEACHPORT POLICE STATION,OPERATIONAL,27 RAILWAY TERRACE,BEACHPORT,SOUTH AUSTRALIA,5280,HTTP://WWW.POLICE.SA.GOV.AU,,HTTP://WWW.POLICE.SA.GOV.AU,,,2018/08/18 00:00:00+00,,-37.479934371999946,140.01110724900002,,,GASA_417036780,27 RAILWAY TERRACE,2,5280,BEACHPORT,12,-37.48003979999993,140.01112311000009
138.564888934,-35.017572604,884,EMERGENCY FACILITY,"An emergency management facility from which a particular agency’s resources are commanded, coordinated and assigned to an incident or emergency",POLICING FACILITY,STURT POLICE STATION,OPERATIONAL,333 STURT ROAD,BEDFORD PARK,SOUTH AUSTRALIA,5042,HTTP://WWW.POLICE.SA.GOV.AU,,HTTP://WWW.POLICE.SA.GOV.AU,,,2018/08/18 00:00:00+00,,-35.01757260399995,138.564888934,,STURT POLICE STATION,GASA_415122172,333 STURT ROAD,2,5042,BEDFORD PARK,0,-35.01757259999994,138.56488893000005
140.603328816,-34.28524493,885,EMERGENCY FACILITY,"An emergency management facility from which a particular agency’s resources are commanded, coordinated and assigned to an incident or emergency",POLICING FACILITY,BERRI POLICE STATION,OPERATIONAL,LOT 2 AHERN STREET,BERRI,SOUTH AUSTRALIA,5343,HTTP://WWW.POLICE.SA.GOV.AU,,HTTP://WWW.POLICE.SA.GOV.AU,,,2018/08/18 00:00:00+00,,-34.285244929999976,140.60332881600004,,,GASA_424151566,LOT 2 AHERN STREET,-1,5343,BERRI,1,-34.285235399999976,140.6033306500001
138.692614454,-34.685470837,886,EMERGENCY FACILITY,"An emergency management facility from which a particular agency’s resources are commanded, coordinated and assigned to an incident or emergency",POLICING FACILITY,BLAKEVIEW POLICE STATION,OPERATIONAL,LOT 70 MAIN NORTH ROAD,BLAKEVIEW,SOUTH AUSTRALIA,5114,HTTP://WWW.POLICE.SA.GOV.AU,,HTTP://WWW.POLICE.SA.GOV.AU,,,2018/08/18 00:00:00+00,,-34.68547083699997,138.69261445400002,,,GASA_424187952,LOT 70 MAIN NORTH ROAD,-1,5114,BLAKEVIEW,12,-34.68556352999997,138.69268575
139.603928684,-34.351027073,887,EMERGENCY FACILITY,"An emergency management facility from which a particular agency’s resources are commanded, coordinated and assigned to an incident or emergency",POLICING FACILITY,BLANCHETOWN POLICE STATION,OPERATIONAL,3658 MURRAYLANDS ROAD,BLANCHETOWN,SOUTH AUSTRALIA,5357,HTTP://WWW.POLICE.SA.GOV.AU,,HTTP://WWW.POLICE.SA.GOV.AU,,,2018/08/18 00:00:00+00,,-34.351027072999955,139.60392868400004,,,GASA_424704963,3658 MURRAYLANDS ROAD,1,5357,BLANCHETOWN,43,-34.35075324999997,139.60426266000002
130.633096979,-18.3354009999999,888,EMERGENCY FACILITY,"An emergency management facility from which a particular agency’s resources are commanded, coordinated and assigned to an incident or emergency",POLICING FACILITY,LAJAMANU POLICE STATION,OPERATIONAL,KIWINYI CRESCENT,LAJAMANU,NORTHERN TERRITORY,0852,"NORTHERN TERRITORY POLICE, FIR",,"NORTHERN TERRITORY POLICE, FIR",,,2016/07/27 00:00:00+00,NO GNAF POINT,-18.335400999999933,130.63309697900002,,,,,,,,,,
134.223502985,-12.0504050929999,889,EMERGENCY FACILITY,"An emergency management facility from which a particular agency’s resources are commanded, coordinated and assigned to an incident or emergency",POLICING FACILITY,MANINGRIDA POLICE STATION,OPERATIONAL,,MANINGRIDA,NORTHERN TERRITORY,0822,"NORTHERN TERRITORY POLICE, FIR",,"NORTHERN TERRITORY POLICE, FIR",,,2016/07/27 00:00:00+00,NO GNAF POINT,-12.050405092999938,134.2235029850001,,,,,,,,,,
130.673771,-11.4213339999999,890,EMERGENCY FACILITY,"An emergency management facility from which a particular agency’s resources are commanded, coordinated and assigned to an incident or emergency",POLICING FACILITY,MILIKAPITI,OPERATIONAL,LOT 248 MILIKAPITI STREET,MILIKAPITI,NORTHERN TERRITORY,0822,"NORTHERN TERRITORY POLICE, FIR",,"NORTHERN TERRITORY POLICE, FIR",,,2016/07/27 00:00:00+00,NO GNAF POINT,-11.421333999999945,130.6737710000001,,,,,,,,,,
134.919107258,-12.106356255,891,EMERGENCY FACILITY,"An emergency management facility from which a particular agency’s resources are commanded, coordinated and assigned to an incident or emergency",POLICING FACILITY,MILINGIMBI,OPERATIONAL,54 MEWA ROAD,MILINGIMBI,NORTHERN TERRITORY,0822,"NORTHERN TERRITORY POLICE, FIR",,"NORTHERN TERRITORY POLICE, FIR",,,2016/07/27 00:00:00+00,NO GNAF POINT,-12.10635625499998,134.91910725800005,,,,,,,,,,
134.082100037,-15.2216000139999,892,EMERGENCY FACILITY,"An emergency management facility from which a particular agency’s resources are commanded, coordinated and assigned to an incident or emergency",POLICING FACILITY,MINYERRI POLICE STATION,OPERATIONAL,,MINIYERI,NORTHERN TERRITORY,0852,"NORTHERN TERRITORY POLICE, FIR",,"NORTHERN TERRITORY POLICE, FIR",,,2016/07/27 00:00:00+00,NO GNAF POINT,-15.221600013999932,134.08210003700003,,,,,,,,,,
132.578599996,-11.150700178,893,EMERGENCY FACILITY,"An emergency management facility from which a particular agency’s resources are commanded, coordinated and assigned to an incident or emergency",POLICING FACILITY,MINJILANG POLICE STATION,OPERATIONAL,YINGTON STREET,MINJILANG,NORTHERN TERRITORY,0822,"NORTHERN TERRITORY POLICE, FIR",,"NORTHERN TERRITORY POLICE, FIR",,,2016/07/27 00:00:00+00,NO GNAF POINT,-11.150700177999965,132.5785999960001,,,,,,,,,,
131.065142,-25.3515229999999,894,EMERGENCY FACILITY,"An emergency management facility from which a particular agency’s resources are commanded, coordinated and assigned to an incident or emergency",POLICING FACILITY,MUTITJULU POLICE STATION,OPERATIONAL,LOT 74,MUTITJULU,NORTHERN TERRITORY,0872,"NORTHERN TERRITORY POLICE, FIR",,"NORTHERN TERRITORY POLICE, FIR",,,2016/07/27 00:00:00+00,NO GNAF POINT,-25.35152299999993,131.06514200000004,,,,,,,,,,
134.727936533,-14.729032779,895,EMERGENCY FACILITY,"An emergency management facility from which a particular agency’s resources are commanded, coordinated and assigned to an incident or emergency",POLICING FACILITY,NGUKURR POLICE STATION,OPERATIONAL,JAMUNBUK STREET,NGUKURR,NORTHERN TERRITORY,0852,"NORTHERN TERRITORY POLICE, FIR",,"NORTHERN TERRITORY POLICE, FIR",,,2016/07/27 00:00:00+00,NO GNAF POINT,-14.729032778999965,134.72793653300005,,,,,,,,,,
135.740600252,-14.279100022,896,EMERGENCY FACILITY,"An emergency management facility from which a particular agency’s resources are commanded, coordinated and assigned to an incident or emergency",POLICING FACILITY,NUMBULWAR POLICE STATION,OPERATIONAL,,NUMBULWAR,NORTHERN TERRITORY,0822,"NORTHERN TERRITORY POLICE, FIR",,"NORTHERN TERRITORY POLICE, FIR",,,2016/07/27 00:00:00+00,NO GNAF POINT,-14.279100021999966,135.74060025200004,,,,,,,,,,
130.071386403,-14.148289145,897,EMERGENCY FACILITY,"An emergency management facility from which a particular agency’s resources are commanded, coordinated and assigned to an incident or emergency",POLICING FACILITY,PEPPIMENARTI POLICE STATION,OPERATIONAL,,PEPPIMENARTI,NORTHERN TERRITORY,0822,"NORTHERN TERRITORY POLICE, FIR",,"NORTHERN TERRITORY POLICE, FIR",,,2016/07/27 00:00:00+00,NO GNAF POINT,-14.148289144999978,130.07138640300002,,,,,,,,,,
130.418332203,-11.406331499,898,EMERGENCY FACILITY,"An emergency management facility from which a particular agency’s resources are commanded, coordinated and assigned to an incident or emergency",POLICING FACILITY,PIRLANGIMPI POLICE STATION,OPERATIONAL,,PIRLANGIMPI,NORTHERN TERRITORY,0822,"NORTHERN TERRITORY POLICE, FIR",,"NORTHERN TERRITORY POLICE, FIR",,,2016/07/27 00:00:00+00,NO GNAF POINT,-11.406331498999975,130.4183322030001,,,,,,,,,,
134.930001229,-12.3277379519999,899,EMERGENCY FACILITY,"An emergency management facility from which a particular agency’s resources are commanded, coordinated and assigned to an incident or emergency",POLICING FACILITY,RAMINGINING POLICE STATION,OPERATIONAL,DUNGANDA CRESENT,RAMINGINING,NORTHERN TERRITORY,0822,"NORTHERN TERRITORY POLICE, FIR",,"NORTHERN TERRITORY POLICE, FIR",,,2016/07/27 00:00:00+00,NO GNAF POINT,-12.32773795199995,134.93000122900003,,,,,,,,,,
134.774800103,-22.0878000239999,900,EMERGENCY FACILITY,"An emergency management facility from which a particular agency’s resources are commanded, coordinated and assigned to an incident or emergency",POLICING FACILITY,ARLPARRA POLICE STATION,OPERATIONAL,,SANDOVER,NORTHERN TERRITORY,0872,"NORTHERN TERRITORY POLICE, FIR",,"NORTHERN TERRITORY POLICE, FIR",,,2016/07/27 00:00:00+00,NO GNAF POINT,-22.087800023999932,134.77480010300008,,,,,,,,,,
134.36656051,-24.116769926,901,EMERGENCY FACILITY,"An emergency management facility from which a particular agency’s resources are commanded, coordinated and assigned to an incident or emergency",POLICING FACILITY,SANTA TERESA POLICE STATION,OPERATIONAL,,SANTA TERESA,NORTHERN TERRITORY,0872,"NORTHERN TERRITORY POLICE, FIR",,"NORTHERN TERRITORY POLICE, FIR",,,2016/07/27 00:00:00+00,NO GNAF POINT,-24.11676992599996,134.3665605100001,,,,,,,,,,
134.07556,-24.671389,902,EMERGENCY FACILITY,"An emergency management facility from which a particular agency’s resources are commanded, coordinated and assigned to an incident or emergency",POLICING FACILITY,TITJIKALA,OPERATIONAL,LOT 92 NGINTAKA ROAD,TITJIKALA,NORTHERN TERRITORY,0872,"NORTHERN TERRITORY POLICE, FIR",,"NORTHERN TERRITORY POLICE, FIR",,,2016/07/27 00:00:00+00,NO GNAF POINT,-24.671388999999976,134.0755600000001,,,,,,,,,,
129.521089493,-14.240140347,903,EMERGENCY FACILITY,"An emergency management facility from which a particular agency’s resources are commanded, coordinated and assigned to an incident or emergency",POLICING FACILITY,WADEYE (PORT KEATS) POLICE STATION,OPERATIONAL,,WADEYE,NORTHERN TERRITORY,0822,"NORTHERN TERRITORY POLICE, FIR",,"NORTHERN TERRITORY POLICE, FIR",,,2016/07/27 00:00:00+00,NO GNAF POINT,-14.240140346999965,129.5210894930001,,,,,,,,,,
132.613899949,-21.2445000559999,904,EMERGENCY FACILITY,"An emergency management facility from which a particular agency’s resources are commanded, coordinated and assigned to an incident or emergency",POLICING FACILITY,WILLOWRA POLICE STATION,OPERATIONAL,LANDER RIVER ROAD,WILLOWRA,NORTHERN TERRITORY,0872,"NORTHERN TERRITORY POLICE, FIR",,"NORTHERN TERRITORY POLICE, FIR",,,2016/07/27 00:00:00+00,NO GNAF POINT,-21.244500055999936,132.61389994900003,,,,,,,,,,
130.638611111,-11.7597221999999,905,EMERGENCY FACILITY,"An emergency management facility from which a particular agency’s resources are commanded, coordinated and assigned to an incident or emergency",POLICING FACILITY,WURRUMIYANGA POLICE STATION,OPERATIONAL,PUTI DRIVE,WURRUMIYANGA,NORTHERN TERRITORY,0822,"NORTHERN TERRITORY POLICE, FIR",,"NORTHERN TERRITORY POLICE, FIR",,,2016/07/27 00:00:00+00,NO GNAF POINT,-11.759722199999942,130.63861111100005,,,,,,,,,,
130.88329999,-16.44440006,906,EMERGENCY FACILITY,"An emergency management facility from which a particular agency’s resources are commanded, coordinated and assigned to an incident or emergency",POLICING FACILITY,YARRALIN POLICE STATION,OPERATIONAL,,YARRALIN,NORTHERN TERRITORY,0852,"NORTHERN TERRITORY POLICE, FIR",,"NORTHERN TERRITORY POLICE, FIR",,,2016/07/27 00:00:00+00,NO GNAF POINT,-16.444400059999964,130.88329999000007,,,,,,,,,,
131.800831828,-22.2553047979999,907,EMERGENCY FACILITY,"An emergency management facility from which a particular agency’s resources are commanded, coordinated and assigned to an incident or emergency",POLICING FACILITY,YUENDUMU POLICE STATION,OPERATIONAL,,YUENDUMU,NORTHERN TERRITORY,0872,"NORTHERN TERRITORY POLICE, FIR",,"NORTHERN TERRITORY POLICE, FIR",,,2016/07/27 00:00:00+00,NO GNAF POINT,-22.25530479799994,131.800831828,,,,,,,,,,
149.137604,-35.3099389999999,908,EMERGENCY FACILITY,"An emergency management facility from which a particular agency’s resources are commanded, coordinated and assigned to an incident or emergency",POLICING FACILITY,AFP - ACT - BARTON POLICE COLLEGE,OPERATIONAL,9 BRISBANE AVENUE,BARTON,AUSTRALIAN CAPITAL TERRITORY,2600,WWW.AFP.GOV.AU,,WWW.AFP.GOV.AU,,,2018/08/16 00:00:00+00,,-35.30993899999993,149.137604,,AUSTRALIAN FEDERAL POLICE COLLEGE,GAACT714875372,9 BRISBANE AVENUE,2,2600,BARTON,0,-35.30993948999998,149.13760373000002
149.135614,-35.304814,909,EMERGENCY FACILITY,"An emergency management facility from which a particular agency’s resources are commanded, coordinated and assigned to an incident or emergency",POLICING FACILITY,AFP - ACT NHQ - EDMUND BARTON BUILDING,OPERATIONAL,47 KINGS AVENUE,BARTON,AUSTRALIAN CAPITAL TERRITORY,2600,WWW.AFP.GOV.AU,,WWW.AFP.GOV.AU,,,2018/08/16 00:00:00+00,,-35.304813999999965,149.13561400000003,,NATIONAL LAND,GAACT714879111,47 KINGS AVENUE,1,2600,BARTON,64,-35.30429154999996,149.13532610000004
149.06698876,-35.2447842089999,910,EMERGENCY FACILITY,"An emergency management facility from which a particular agency’s resources are commanded, coordinated and assigned to an incident or emergency",POLICING FACILITY,BELCONNEN POLICE STATION,OPERATIONAL,CNR BENJAMIN WAY & MARKET STREET,BELCONNEN,AUSTRALIAN CAPITAL TERRITORY,2617,ACT EMERGENCY SERVICES AGENCY,,ACT EMERGENCY SERVICES AGENCY,,,2018/05/31 00:00:00+00,,-35.24478420899993,149.06698876000007,,BELCONNEN POLICE STATION,GAACT718334115,100 BENJAMIN WAY,0,2617,BELCONNEN,18,-35.244759639999984,149.06718090000004
149.066727928,-35.243309993,911,EMERGENCY FACILITY,"An emergency management facility from which a particular agency’s resources are commanded, coordinated and assigned to an incident or emergency",POLICING FACILITY,REGIONAL HEADQUARTERS (WINCHESTER POLICE CENTRE),OPERATIONAL,CNR COLLEGE STREET & BENJAMIN WAY,BELCONNEN,AUSTRALIAN CAPITAL TERRITORY,2617,ACT EMERGENCY SERVICES AGENCY,,ACT EMERGENCY SERVICES AGENCY,,,2018/05/31 00:00:00+00,,-35.24330999299997,149.0667279280001,,BELCONNEN POLICE STATION,GAACT718334115,100 BENJAMIN WAY,0,2617,BELCONNEN,166,-35.244759639999984,149.06718090000004
149.067021,-35.244636,912,EMERGENCY FACILITY,"An emergency management facility from which a particular agency’s resources are commanded, coordinated and assigned to an incident or emergency",POLICING FACILITY,AFP - ACT - BELCONNEN POLICE STATION,OPERATIONAL,BENJAMIN WAY,BELCONNEN,AUSTRALIAN CAPITAL TERRITORY,2617,WWW.AFP.GOV.AU,,WWW.AFP.GOV.AU,,,2018/08/16 00:00:00+00,,-35.24463599999996,149.06702100000007,,BELCONNEN POLICE STATION,GAACT718334115,100 BENJAMIN WAY,0,2617,BELCONNEN,20,-35.244759639999984,149.06718090000004
149.066337,-35.244066,913,EMERGENCY FACILITY,"An emergency management facility from which a particular agency’s resources are commanded, coordinated and assigned to an incident or emergency",POLICING FACILITY,AFP - ACT - WINCHESTER CENTRE,OPERATIONAL,CNR BENJAMIN WAY & COLLEGE STREET,BELCONNEN,AUSTRALIAN CAPITAL TERRITORY,2617,WWW.AFP.GOV.AU,,WWW.AFP.GOV.AU,,,2018/08/16 00:00:00+00,,-35.244065999999975,149.0663370000001,,BELCONNEN POLICE STATION,GAACT718334115,100 BENJAMIN WAY,0,2617,BELCONNEN,109,-35.244759639999984,149.06718090000004
149.188067,-35.310236,914,EMERGENCY FACILITY,"An emergency management facility from which a particular agency’s resources are commanded, coordinated and assigned to an incident or emergency",POLICING FACILITY,AFP - ACT AVIATION - CANBERRA AIRPORT,OPERATIONAL,39 BRINDABELLA CIRCUIT,CANBERRA AIRPORT,AUSTRALIAN CAPITAL TERRITORY,2609,WWW.AFP.GOV.AU,,WWW.AFP.GOV.AU,,,2018/08/16 00:00:00+00,,-35.310235999999975,149.18806700000005,,,GAACT718741449,39 BRINDABELLA CIRCUIT,1,2609,CANBERRA AIRPORT,18,-35.31036874999995,149.18818725000006
149.12622,-35.2808909999999,915,EMERGENCY FACILITY,"An emergency management facility from which a particular agency’s resources are commanded, coordinated and assigned to an incident or emergency",POLICING FACILITY,AFP - ACT - CITY POLICE STATION,OPERATIONAL,18 LONDON CIRCUIT,CITY,AUSTRALIAN CAPITAL TERRITORY,2601,WWW.AFP.GOV.AU,,WWW.AFP.GOV.AU,,,2018/08/16 00:00:00+00,,-35.28089099999994,149.1262200000001,,POLICE STATION,GAACT714873042,18 LONDON CIRCUIT,1,2601,CITY,1,-35.280886979999934,149.12622398000008
149.126224009,-35.280886993,916,EMERGENCY FACILITY,"An emergency management facility from which a particular agency’s resources are commanded, coordinated and assigned to an incident or emergency",POLICING FACILITY,CITY POLICE STATION,OPERATIONAL,16 LONDON CIRCUIT,CITY,AUSTRALIAN CAPITAL TERRITORY,2601,ACT EMERGENCY SERVICES AGENCY,,ACT EMERGENCY SERVICES AGENCY,,,2018/05/31 00:00:00+00,,-35.28088699299997,149.1262240090001,,POLICE STATION,GAACT714873041,16 LONDON CIRCUIT,1,2601,CITY,14,-35.28098764999993,149.12613866000004
149.070073,-35.4181209999999,917,EMERGENCY FACILITY,"An emergency management facility from which a particular agency’s resources are commanded, coordinated and assigned to an incident or emergency",POLICING FACILITY,AFP - ACT - TUGGERANONG POLICE STATION,OPERATIONAL,269 ANKETELL STREET,GREENWAY,AUSTRALIAN CAPITAL TERRITORY,2900,WWW.AFP.GOV.AU,,WWW.AFP.GOV.AU,,,2018/08/16 00:00:00+00,,-35.41812099999993,149.0700730000001,,POLICE STATION,GAACT714923707,269 ANKETELL STREET,1,2900,GREENWAY,43,-35.41850989999995,149.07008070000006
149.070081045,-35.4185100359999,918,EMERGENCY FACILITY,"An emergency management facility from which a particular agency’s resources are commanded, coordinated and assigned to an incident or emergency",POLICING FACILITY,TUGGERANONG POLICE STATION,OPERATIONAL,269 ANKETELL STREET,GREENWAY,AUSTRALIAN CAPITAL TERRITORY,2900,ACT EMERGENCY SERVICES AGENCY,,ACT EMERGENCY SERVICES AGENCY,,,2018/05/31 00:00:00+00,,-35.41851003599993,149.07008104500005,,POLICE STATION,GAACT714923707,269 ANKETELL STREET,1,2900,GREENWAY,0,-35.41850989999995,149.07008070000006
149.132259,-35.1826349999999,919,EMERGENCY FACILITY,"An emergency management facility from which a particular agency’s resources are commanded, coordinated and assigned to an incident or emergency",POLICING FACILITY,GUNGAHLIN POLICE STATION,OPERATIONAL,31 ANTHONY ROLFE AVENUE,GUNGAHLIN,AUSTRALIAN CAPITAL TERRITORY,2912,ACT EMERGENCY SERVICES AGENCY,,ACT EMERGENCY SERVICES AGENCY,,,2018/05/31 00:00:00+00,,-35.18263499999995,149.1322590000001,,AMBULANCE STATION,GAACT715320316,31 ANTHONY ROLFE AVENUE,1,2912,GUNGAHLIN,0,-35.18263450999996,149.1322586000001
132.786131431,-14.5277234659999,920,EMERGENCY FACILITY,"An emergency management facility from which a particular agency’s resources are commanded, coordinated and assigned to an incident or emergency",POLICING FACILITY,MARANBOY POLICE STATION,OPERATIONAL,CENTRAL ARNHEM ROAD,BESWICK CREEK,NORTHERN TERRITORY,0852,"NORTHERN TERRITORY POLICE, FIR",,"NORTHERN TERRITORY POLICE, FIR",,,2016/07/27 00:00:00+00,NO GNAF POINT,-14.52772346599994,132.78613143100006,,,,,,,,,,
134.334748,-13.666171,921,EMERGENCY FACILITY,"An emergency management facility from which a particular agency’s resources are commanded, coordinated and assigned to an incident or emergency",POLICING FACILITY,BULMAN POLICE STATION,OPERATIONAL,,BULMAN WEEMOL,NORTHERN TERRITORY,0852,"NORTHERN TERRITORY POLICE, FIR",,"NORTHERN TERRITORY POLICE, FIR",,,2016/07/27 00:00:00+00,NO GNAF POINT,-13.666170999999963,134.3347480000001,,,,,,,,,,
132.906950786,-23.709166156,922,EMERGENCY FACILITY,"An emergency management facility from which a particular agency’s resources are commanded, coordinated and assigned to an incident or emergency",POLICING FACILITY,HERMANNSBURG POLICE STATION,OPERATIONAL,,BURT PLAIN,NORTHERN TERRITORY,0872,"NORTHERN TERRITORY POLICE, FIR",,"NORTHERN TERRITORY POLICE, FIR",,,2016/07/27 00:00:00+00,NO GNAF POINT,-23.70916615599998,132.90695078600004,,,,,,,,,,
134.577900082,-25.582100032,923,EMERGENCY FACILITY,"An emergency management facility from which a particular agency’s resources are commanded, coordinated and assigned to an incident or emergency",POLICING FACILITY,FINKE POLICE STATION,OPERATIONAL,FINKE COMMON,FINKE,NORTHERN TERRITORY,0872,"NORTHERN TERRITORY POLICE, FIR",,"NORTHERN TERRITORY POLICE, FIR",,,2016/07/27 00:00:00+00,NO GNAF POINT,-25.58210003199997,134.57790008200004,,,,,,,,,,
135.566354551,-12.023433683,924,EMERGENCY FACILITY,"An emergency management facility from which a particular agency’s resources are commanded, coordinated and assigned to an incident or emergency",POLICING FACILITY,GALIWINKU POLICE STATION,OPERATIONAL,,GALIWINKU,NORTHERN TERRITORY,0822,"NORTHERN TERRITORY POLICE, FIR",,"NORTHERN TERRITORY POLICE, FIR",,,2016/07/27 00:00:00+00,NO GNAF POINT,-12.02343368299995,135.56635455100002,,,,,,,,,,
135.807,-12.4999999999999,925,EMERGENCY FACILITY,"An emergency management facility from which a particular agency’s resources are commanded, coordinated and assigned to an incident or emergency",POLICING FACILITY,GAPUWIYAK,OPERATIONAL,194 GAPUWIYAK COMMON,GAPUWIYAK,NORTHERN TERRITORY,0880,"NORTHERN TERRITORY POLICE, FIR",,"NORTHERN TERRITORY POLICE, FIR",,,2016/07/27 00:00:00+00,NO GNAF POINT,-12.499999999999943,135.80700000000002,,,,,,,,,,
133.054234739,-12.324699811,926,EMERGENCY FACILITY,"An emergency management facility from which a particular agency’s resources are commanded, coordinated and assigned to an incident or emergency",POLICING FACILITY,GUNBALANYA (OENPELLI) POLICE STATION,OPERATIONAL,,GUNBALANYA,NORTHERN TERRITORY,0822,"NORTHERN TERRITORY POLICE, FIR",,"NORTHERN TERRITORY POLICE, FIR",,,2016/07/27 00:00:00+00,NO GNAF POINT,-12.32469981099996,133.0542347390001,,,,,,,,,,
131.88055078,-23.449937775,927,EMERGENCY FACILITY,"An emergency management facility from which a particular agency’s resources are commanded, coordinated and assigned to an incident or emergency",POLICING FACILITY,HAASTS BLUFF POLICE STATION,OPERATIONAL,LOT 73,HAASTS BLUFF,NORTHERN TERRITORY,0872,"NORTHERN TERRITORY POLICE, FIR",,"NORTHERN TERRITORY POLICE, FIR",,,2016/07/27 00:00:00+00,NO GNAF POINT,-23.449937774999967,131.88055078000002,,,,,,,,,,
132.569999942,-25.127200027,928,EMERGENCY FACILITY,"An emergency management facility from which a particular agency’s resources are commanded, coordinated and assigned to an incident or emergency",POLICING FACILITY,IMANPA POLICE STATION,OPERATIONAL,WATERHOLE ROAD,IMANPA,NORTHERN TERRITORY,0872,"NORTHERN TERRITORY POLICE, FIR",,"NORTHERN TERRITORY POLICE, FIR",,,2016/07/27 00:00:00+00,NO GNAF POINT,-25.127200026999958,132.5699999420001,,,,,,,,,,
149.132694,-35.18274,929,EMERGENCY FACILITY,"An emergency management facility from which a particular agency’s resources are commanded, coordinated and assigned to an incident or emergency",POLICING FACILITY,AFP - ACT - GUNGAHLIN POLICE STATION,OPERATIONAL,31 ANTHONY ROLFE AVENUE,GUNGAHLIN,AUSTRALIAN CAPITAL TERRITORY,2912,WWW.AFP.GOV.AU,,WWW.AFP.GOV.AU,,,2018/08/16 00:00:00+00,,-35.18273999999997,149.13269400000001,,AMBULANCE STATION,GAACT715320316,31 ANTHONY ROLFE AVENUE,1,2912,GUNGAHLIN,41,-35.18263450999996,149.1322586000001
149.194306,-35.2445509999999,930,EMERGENCY FACILITY,"An emergency management facility from which a particular agency’s resources are commanded, coordinated and assigned to an incident or emergency",POLICING FACILITY,AFP - ACT - MAJURA POLICE COMPLEX,OPERATIONAL,TAMBREET STREET,MAJURA,AUSTRALIAN CAPITAL TERRITORY,2609,WWW.AFP.GOV.AU,,WWW.AFP.GOV.AU,,,2018/08/16 00:00:00+00,,-35.244550999999944,149.1943060000001,,,GAACT716974975,10 TAMBREET STREET,1,2609,MAJURA,55,-35.24424186999994,149.19383687000004
149.142186,-35.2098339999999,931,EMERGENCY FACILITY,"An emergency management facility from which a particular agency’s resources are commanded, coordinated and assigned to an incident or emergency",POLICING FACILITY,AFP - ACT - EXHIBIT MANAGEMENT CENTRE AND FIREARMS REGISTRY,OPERATIONAL,86 VICAR STREET,MITCHELL,AUSTRALIAN CAPITAL TERRITORY,2911,WWW.AFP.GOV.AU,,WWW.AFP.GOV.AU,,,2018/08/16 00:00:00+00,,-35.209833999999944,149.14218600000004,,,GAACT714851833,86 VICARS STREET,1,2911,MITCHELL,129,-35.20979984999997,149.1407677100001
149.088642,-35.3453499999999,932,EMERGENCY FACILITY,"An emergency management facility from which a particular agency’s resources are commanded, coordinated and assigned to an incident or emergency",POLICING FACILITY,AFP - ACT - WODEN POLICE STATION,OPERATIONAL,35 CALLAM STREET,PHILLIP,AUSTRALIAN CAPITAL TERRITORY,2606,WWW.AFP.GOV.AU,,WWW.AFP.GOV.AU,,,2018/08/16 00:00:00+00,,-35.34534999999994,149.08864200000005,,POLICE STATION,GAACT716581738,35 CALLAM STREET,1,2606,PHILLIP,3,-35.34532305999994,149.08863227000006
149.088660533,-35.345341415,933,EMERGENCY FACILITY,"An emergency management facility from which a particular agency’s resources are commanded, coordinated and assigned to an incident or emergency",POLICING FACILITY,WODEN POLICE STATION,OPERATIONAL,35 CALLAM STREET,PHILLIP,AUSTRALIAN CAPITAL TERRITORY,2606,ACT EMERGENCY SERVICES AGENCY,,ACT EMERGENCY SERVICES AGENCY,,,2018/05/31 00:00:00+00,,-35.34534141499995,149.08866053300005,,POLICE STATION,GAACT716581738,35 CALLAM STREET,1,2606,PHILLIP,3,-35.34532305999994,149.08863227000006
149.099754113,-35.29883441,934,EMERGENCY FACILITY,"An emergency management facility from which a particular agency’s resources are commanded, coordinated and assigned to an incident or emergency",POLICING FACILITY,ACT WATER POLICE,OPERATIONAL,16 ALEXANDRINA DRIVE,YARRALUMLA,AUSTRALIAN CAPITAL TERRITORY,2600,ACT EMERGENCY SERVICES AGENCY,,ACT EMERGENCY SERVICES AGENCY,,,2018/05/31 00:00:00+00,,-35.298834409999984,149.09975411300002,,WATER POLICE,GAACT714898557,16 ALEXANDRINA DRIVE,2,2600,YARRALUMLA,38,-35.299015879999956,149.09940100000006
138.598360209,-34.9228324339999,935,EMERGENCY FACILITY,"An emergency management facility from which a particular agency’s resources are commanded, coordinated and assigned to an incident or emergency",POLICING FACILITY,HINDLEY STREET POLICE STATION,OPERATIONAL,30 HINDLEY STREET,ADELAIDE,SOUTH AUSTRALIA,5000,HTTP://WWW.POLICE.SA.GOV.AU,,HTTP://WWW.POLICE.SA.GOV.AU,,,2018/08/18 00:00:00+00,,-34.92283243399993,138.59836020900002,,,GASA_415485838,30 HINDLEY STREET,1,5000,ADELAIDE,20,-34.92268455999994,138.59823142000005
138.602997847,-34.928064311,936,EMERGENCY FACILITY,"An emergency management facility from which a particular agency’s resources are commanded, coordinated and assigned to an incident or emergency",POLICING FACILITY,ADELAIDE POLICE STATION,OPERATIONAL,44-64 WAKEFIELD STREET,ADELAIDE,SOUTH AUSTRALIA,5000,HTTP://WWW.POLICE.SA.GOV.AU,,HTTP://WWW.POLICE.SA.GOV.AU,,,2018/08/18 00:00:00+00,,-34.92806431099996,138.6029978470001,,,GASA_422370044,44-72 WAKEFIELD STREET,0,5000,ADELAIDE,14,-34.928178609999975,138.60292532000005
138.597456,-34.924905,937,EMERGENCY FACILITY,"An emergency management facility from which a particular agency’s resources are commanded, coordinated and assigned to an incident or emergency",POLICING FACILITY,AFP - SA - ADELAIDE OFFICE,OPERATIONAL,LEVEL 8 - 55 CURRIE STREET,ADELAIDE,SOUTH AUSTRALIA,5000,WWW.AFP.GOV.AU,,WWW.AFP.GOV.AU,,,2018/08/16 00:00:00+00,,-34.92490499999997,138.59745600000008,,,GASA_424434529,55 CURRIE STREET,0,5000,ADELAIDE,31,-34.92491972999994,138.5971196900001
138.604952984,-34.92951256,938,EMERGENCY FACILITY,"An emergency management facility from which a particular agency’s resources are commanded, coordinated and assigned to an incident or emergency",POLICING FACILITY,STATE HEADQUARTERS,OPERATIONAL,110-118 ANGAS STREET,ADELAIDE,SOUTH AUSTRALIA,5000,HTTP://WWW.POLICE.SA.GOV.AU,,HTTP://WWW.POLICE.SA.GOV.AU,,,2018/08/18 00:00:00+00,,-34.92951255999998,138.60495298400008,,,GASA_718981021,110-132 ANGAS STREET,0,5000,ADELAIDE,37,-34.929457139999954,138.6053504900001
138.541696,-34.933802,939,EMERGENCY FACILITY,"An emergency management facility from which a particular agency’s resources are commanded, coordinated and assigned to an incident or emergency",POLICING FACILITY,AFP - SA AVIATION - ADELAIDE AIRPORT,OPERATIONAL,SIR RICHARD WILLIAMS AVENUE,ADELAIDE AIRPORT,SOUTH AUSTRALIA,5950,WWW.AFP.GOV.AU,,WWW.AFP.GOV.AU,,,2018/08/16 00:00:00+00,,-34.93380199999996,138.54169600000012,,,GASA_422047023,1 CORBETT COURT,0,5950,ADELAIDE AIRPORT,83,-34.93408963999997,138.54253528000004
138.460341166,-35.274692261,940,EMERGENCY FACILITY,"An emergency management facility from which a particular agency’s resources are commanded, coordinated and assigned to an incident or emergency",POLICING FACILITY,ALDINGA POLICE STATION,OPERATIONAL,LOT 34 MCRAE STREET,ALDINGA BEACH,SOUTH AUSTRALIA,5173,HTTP://WWW.POLICE.SA.GOV.AU,,HTTP://WWW.POLICE.SA.GOV.AU,,,2018/08/18 00:00:00+00,,-35.274692260999984,138.46034116600003,,,GASA_424191274,LOT 34 MCRAE STREET,-1,5173,ALDINGA BEACH,4,-35.27465935999993,138.46034858000007
137.163028933,-30.451353417,941,EMERGENCY FACILITY,"An emergency management facility from which a particular agency’s resources are commanded, coordinated and assigned to an incident or emergency",POLICING FACILITY,ANDAMOOKA POLICE STATION,OPERATIONAL,PT LT 565 OPAL CREEK BLVD,ANDAMOOKA,SOUTH AUSTRALIA,5722,HTTP://WWW.POLICE.SA.GOV.AU,,HTTP://WWW.POLICE.SA.GOV.AU,,,2018/08/18 00:00:00+00,,-30.45135341699995,137.16302893300008,,,GASA_425393369,LOT 565 OPAL CREEK BOULEVARD,1,5722,ANDAMOOKA,11,-30.451367079999955,137.1631418600001
137.916882214,-34.422415682,942,EMERGENCY FACILITY,"An emergency management facility from which a particular agency’s resources are commanded, coordinated and assigned to an incident or emergency",POLICING FACILITY,ARDROSSAN POLICE STATION,OPERATIONAL,6 FOURTH STREET,ARDROSSAN,SOUTH AUSTRALIA,5571,HTTP://WWW.POLICE.SA.GOV.AU,,HTTP://WWW.POLICE.SA.GOV.AU,,,2018/08/18 00:00:00+00,,-34.42241568199995,137.9168822140001,,ARDROSSAN POLICE STATION,GASA_415708884,6 FOURTH STREET,2,5571,ARDROSSAN,0,-34.42241567999997,137.91688221000004
145.111642,-17.1512359999999,943,EMERGENCY FACILITY,"An emergency management facility from which a particular agency’s resources are commanded, coordinated and assigned to an incident or emergency",POLICING FACILITY,DIMBULAH STATION,OPERATIONAL,,DIMBULAH,QUEENSLAND,4872,HTTP://DATA.QLD.GOV.AU,,HTTP://DATA.QLD.GOV.AU,,,2018/07/04 00:00:00+00,,-17.151235999999926,145.11164200000007,,,GAQLD155256910,13 HAMBLING STREET,1,4872,DIMBULAH,10,-17.15117012999997,145.1117066700001
138.829492,-17.938773,944,EMERGENCY FACILITY,"An emergency management facility from which a particular agency’s resources are commanded, coordinated and assigned to an incident or emergency",POLICING FACILITY,DOOMADGEE STATION,OPERATIONAL,,DOOMADGEE,QUEENSLAND,4830,HTTP://DATA.QLD.GOV.AU,,HTTP://DATA.QLD.GOV.AU,,,2018/07/04 00:00:00+00,,-17.93877299999997,138.82949200000007,,,GAQLD719332238,LOT 116 GOODEEDAWA ROAD,0,4830,DOOMADGEE,60,-17.938611839999965,138.82895615000007
137.745128519,-35.084544523,945,EMERGENCY FACILITY,"An emergency management facility from which a particular agency’s resources are commanded, coordinated and assigned to an incident or emergency",POLICING FACILITY,EDITHBURGH POLICE STATION,OPERATIONAL,20 EDITH STREET,EDITHBURGH,SOUTH AUSTRALIA,5583,HTTP://WWW.POLICE.SA.GOV.AU,,HTTP://WWW.POLICE.SA.GOV.AU,,,2018/08/18 00:00:00+00,,-35.08454452299998,137.7451285190001,,EDITHBURGH POLICE STATION,GASA_423696695,20 EDITH STREET,1,5583,EDITHBURGH,9,-35.08447359999997,137.74516638000011
138.670705705,-34.715460439,946,EMERGENCY FACILITY,"An emergency management facility from which a particular agency’s resources are commanded, coordinated and assigned to an incident or emergency",POLICING FACILITY,ELIZABETH POLICE STATION,OPERATIONAL,17-19 FROBISHER ROAD,ELIZABETH,SOUTH AUSTRALIA,5112,HTTP://WWW.POLICE.SA.GOV.AU,,HTTP://WWW.POLICE.SA.GOV.AU,,,2018/08/18 00:00:00+00,,-34.71546043899997,138.67070570500005,,,GASA_425437804,17-19 FROBISHER ROAD,0,5112,ELIZABETH,0,-34.715460449999966,138.67070566000007
134.887638722,-33.6478485819999,947,EMERGENCY FACILITY,"An emergency management facility from which a particular agency’s resources are commanded, coordinated and assigned to an incident or emergency",POLICING FACILITY,ELLISTON POLICE STATION,OPERATIONAL,23 BEACH TERRACE,ELLISTON,SOUTH AUSTRALIA,5670,HTTP://WWW.POLICE.SA.GOV.AU,,HTTP://WWW.POLICE.SA.GOV.AU,,,2018/08/18 00:00:00+00,,-33.64784858199994,134.88763872200002,,,GASA_415701180,23 BEACH TERRACE,1,5670,ELLISTON,16,-33.64796430999996,134.8875443500001
139.08516162,-34.172308662,948,EMERGENCY FACILITY,"An emergency management facility from which a particular agency’s resources are commanded, coordinated and assigned to an incident or emergency",POLICING FACILITY,EUDUNDA POLICE STATION,OPERATIONAL,6 WEIGALL STREET,EUDUNDA,SOUTH AUSTRALIA,5374,HTTP://WWW.POLICE.SA.GOV.AU,,HTTP://WWW.POLICE.SA.GOV.AU,,,2018/08/18 00:00:00+00,,-34.17230866199998,139.08516162,,,GASA_415552912,6 WEIGALL STREET,2,5374,EUDUNDA,26,-34.17251041999998,139.08529662
138.656340296,-34.9049919679999,949,EMERGENCY FACILITY,"An emergency management facility from which a particular agency’s resources are commanded, coordinated and assigned to an incident or emergency",POLICING FACILITY,FIRLE POLICE STATION,OPERATIONAL,171 GLYNBURN ROAD,FIRLE,SOUTH AUSTRALIA,5070,HTTP://WWW.POLICE.SA.GOV.AU,,HTTP://WWW.POLICE.SA.GOV.AU,,,2018/08/18 00:00:00+00,,-34.90499196799993,138.65634029600005,,,GASA_415073752,171 GLYNBURN ROAD,1,5070,FIRLE,9,-34.90492521999994,138.65627889000007
138.811240978,-34.4546067749999,950,EMERGENCY FACILITY,"An emergency management facility from which a particular agency’s resources are commanded, coordinated and assigned to an incident or emergency",POLICING FACILITY,FREELING POLICE STATION,OPERATIONAL,PT LT 45 HANSON STREET,FREELING,SOUTH AUSTRALIA,5372,HTTP://WWW.POLICE.SA.GOV.AU,,HTTP://WWW.POLICE.SA.GOV.AU,,,2018/08/18 00:00:00+00,,-34.454606774999945,138.81124097800011,,,GASA_425456746,20 HANSON STREET,2,5372,FREELING,31,-34.45461373999996,138.81157883000003
139.851996449,-36.82851528,951,EMERGENCY FACILITY,"An emergency management facility from which a particular agency’s resources are commanded, coordinated and assigned to an incident or emergency",POLICING FACILITY,KINGSTON SE POLICE STATION,OPERATIONAL,COOKE STREET,KINGSTON SE,SOUTH AUSTRALIA,5275,HTTP://WWW.POLICE.SA.GOV.AU,,HTTP://WWW.POLICE.SA.GOV.AU,,,2018/08/18 00:00:00+00,,-36.828515279999976,139.851996449,,,GASA_424641070,LOT 1 COOKE STREET,0,5275,KINGSTON SE,46,-36.828251309999985,139.8515961600001
140.513717794,-35.330213762,952,EMERGENCY FACILITY,"An emergency management facility from which a particular agency’s resources are commanded, coordinated and assigned to an incident or emergency",POLICING FACILITY,LAMEROO POLICE STATION,OPERATIONAL,PT LT 103 RAILWAY NORTH TERRACE,LAMEROO,SOUTH AUSTRALIA,5302,HTTP://WWW.POLICE.SA.GOV.AU,,HTTP://WWW.POLICE.SA.GOV.AU,,,2018/08/18 00:00:00+00,,-35.33021376199997,140.51371779400006,,,GASA_425583557,LOT 103 RAILWAY TERRACE,-1,5302,LAMEROO,0,-35.330211599999984,140.5137137800001
138.397075769,-30.5875404559999,953,EMERGENCY FACILITY,"An emergency management facility from which a particular agency’s resources are commanded, coordinated and assigned to an incident or emergency",POLICING FACILITY,LEIGHCREEK POLICE STATION,OPERATIONAL,COOLABAH STREET,LEIGH CREEK,SOUTH AUSTRALIA,5731,HTTP://WWW.POLICE.SA.GOV.AU,,HTTP://WWW.POLICE.SA.GOV.AU,,,2018/08/18 00:00:00+00,,-30.587540455999942,138.39707576900003,,,GASA_719513189,18 COOLABAH STREET,0,5731,LEIGH CREEK,0,-30.587540459999957,138.39707577000001
135.753029789,-33.5653650899999,954,EMERGENCY FACILITY,"An emergency management facility from which a particular agency’s resources are commanded, coordinated and assigned to an incident or emergency",POLICING FACILITY,LOCK POLICE STATION,OPERATIONAL,2 NORTH TERRACE,LOCK,SOUTH AUSTRALIA,5633,HTTP://WWW.POLICE.SA.GOV.AU,,HTTP://WWW.POLICE.SA.GOV.AU,,,2018/08/18 00:00:00+00,,-33.56536508999994,135.75302978900004,,,GASA_415744119,2 NORTH TERRACE,0,5633,LOCK,2,-33.56538009999997,135.75304075000008
140.568783781,-34.451282748,955,EMERGENCY FACILITY,"An emergency management facility from which a particular agency’s resources are commanded, coordinated and assigned to an incident or emergency",POLICING FACILITY,LOXTON POLICE STATION,OPERATIONAL,LOT 1 DRABSCH STREET,LOXTON,SOUTH AUSTRALIA,5333,HTTP://WWW.POLICE.SA.GOV.AU,,HTTP://WWW.POLICE.SA.GOV.AU,,,2018/08/18 00:00:00+00,,-34.45128274799998,140.5687837810001,,,GASA_424167524,LOT 1 DRABSCH STREET,-1,5333,LOXTON,1,-34.451293489999955,140.5687781700001
140.369201052,-36.972702434,956,EMERGENCY FACILITY,"An emergency management facility from which a particular agency’s resources are commanded, coordinated and assigned to an incident or emergency",POLICING FACILITY,LUCINDALE POLICE STATION,OPERATIONAL,LOT 105 MUSGRAVE AVENUE,LUCINDALE,SOUTH AUSTRALIA,5272,HTTP://WWW.POLICE.SA.GOV.AU,,HTTP://WWW.POLICE.SA.GOV.AU,,,2018/08/18 00:00:00+00,,-36.972702433999984,140.3692010520001,,,GASA_424194509,LOT 105 MUSGRAVE AVENUE,-1,5272,LUCINDALE,19,-36.97281915999997,140.36936398000012
137.672718354,-34.3741324969999,957,EMERGENCY FACILITY,"An emergency management facility from which a particular agency’s resources are commanded, coordinated and assigned to an incident or emergency",POLICING FACILITY,MAITLAND POLICE STATION,OPERATIONAL,26 ELIZABETH STREET,MAITLAND,SOUTH AUSTRALIA,5573,HTTP://WWW.POLICE.SA.GOV.AU,,HTTP://WWW.POLICE.SA.GOV.AU,,,2018/08/18 00:00:00+00,,-34.37413249699995,137.67271835400004,,MAITLAND POLICE STATION,GASA_422058743,26 ELIZABETH STREET,1,5573,MAITLAND,98,-34.374690999999984,137.6735432600001
148.945598,-21.1446319999999,958,EMERGENCY FACILITY,"An emergency management facility from which a particular agency’s resources are commanded, coordinated and assigned to an incident or emergency",POLICING FACILITY,MARIAN STATION,OPERATIONAL,,MARIAN,QUEENSLAND,4753,HTTP://DATA.QLD.GOV.AU,,HTTP://DATA.QLD.GOV.AU,,,2018/07/04 00:00:00+00,,-21.144631999999945,148.94559800000002,,,GAQLD162421967,330 ANZAC AVENUE,1,4753,MARIAN,27,-21.14439361999996,148.9456697600001
149.891014,-22.8132009999999,959,EMERGENCY FACILITY,"An emergency management facility from which a particular agency’s resources are commanded, coordinated and assigned to an incident or emergency",POLICING FACILITY,MARLBOROUGH STATION,OPERATIONAL,,MARLBOROUGH,QUEENSLAND,4705,HTTP://DATA.QLD.GOV.AU,,HTTP://DATA.QLD.GOV.AU,,,2018/07/04 00:00:00+00,,-22.813200999999935,149.89101400000004,,,GAQLD425039084,18 MILMAN STREET,2,4705,MARLBOROUGH,5,-22.813241709999943,149.89103337000006
150.70677,-23.6785859999999,960,EMERGENCY FACILITY,"An emergency management facility from which a particular agency’s resources are commanded, coordinated and assigned to an incident or emergency",POLICING FACILITY,MARMOR STATION,OPERATIONAL,,MARMOR,QUEENSLAND,4702,HTTP://DATA.QLD.GOV.AU,,HTTP://DATA.QLD.GOV.AU,,,2018/07/04 00:00:00+00,,-23.67858599999994,150.70677000000012,,,GAQLD158240984,27 ROGERS STREET,2,4702,MARMOR,9,-23.67865772999994,150.70681833000003
153.092008,-26.6547449999999,961,EMERGENCY FACILITY,"An emergency management facility from which a particular agency’s resources are commanded, coordinated and assigned to an incident or emergency",POLICING FACILITY,MAROOCHYDORE STATION,OPERATIONAL,,MAROOCHYDORE,QUEENSLAND,4558,HTTP://DATA.QLD.GOV.AU,,HTTP://DATA.QLD.GOV.AU,,,2018/07/04 00:00:00+00,,-26.654744999999934,153.09200800000008,,,GAQLD156800200,13-23 CORNMEAL PARADE,1,4558,MAROOCHYDORE,20,-26.654831179999974,153.09183258000007
152.700619,-25.53734,962,EMERGENCY FACILITY,"An emergency management facility from which a particular agency’s resources are commanded, coordinated and assigned to an incident or emergency",POLICING FACILITY,MARYBOROUGH STATION,OPERATIONAL,,MARYBOROUGH,QUEENSLAND,4650,HTTP://DATA.QLD.GOV.AU,,HTTP://DATA.QLD.GOV.AU,,,2018/07/04 00:00:00+00,,-25.537339999999972,152.70061900000007,,,GAQLD425348973,204 LENNOX STREET,1,4650,MARYBOROUGH,4,-25.53732857999995,152.70065446
145.400484,-20.5249659999999,963,EMERGENCY FACILITY,"An emergency management facility from which a particular agency’s resources are commanded, coordinated and assigned to an incident or emergency",POLICING FACILITY,PENTLAND STATION,OPERATIONAL,,PENTLAND,QUEENSLAND,4816,HTTP://DATA.QLD.GOV.AU,,HTTP://DATA.QLD.GOV.AU,,,2018/07/04 00:00:00+00,,-20.52496599999995,145.40048400000012,,,GAQLD425344624,35 PATERSON STREET,0,4816,PENTLAND,35,-20.525173689999974,145.40023344000008
152.975333,-27.271225,964,EMERGENCY FACILITY,"An emergency management facility from which a particular agency’s resources are commanded, coordinated and assigned to an incident or emergency",POLICING FACILITY,PETRIE STATION,OPERATIONAL,,PETRIE,QUEENSLAND,4502,HTTP://DATA.QLD.GOV.AU,,HTTP://DATA.QLD.GOV.AU,,,2018/07/04 00:00:00+00,,-27.27122499999996,152.9753330000001,,PETRIE POLICE STATION,GAQLD160980844,1 OLD DAYBORO ROAD,0,4502,PETRIE,54,-27.27169110999995,152.97517115000005
146.839683,-19.177207,965,EMERGENCY FACILITY,"An emergency management facility from which a particular agency’s resources are commanded, coordinated and assigned to an incident or emergency",POLICING FACILITY,MAGNETIC ISLAND STATION,OPERATIONAL,,PICNIC BAY,QUEENSLAND,4819,HTTP://DATA.QLD.GOV.AU,,HTTP://DATA.QLD.GOV.AU,,,2018/07/04 00:00:00+00,,-19.177206999999953,146.83968300000004,,,GAQLD162477094,54 PICNIC STREET,0,4819,PICNIC BAY,0,-19.17720713999995,146.8396829300001
138.745591611,-34.595919774,966,EMERGENCY FACILITY,"An emergency management facility from which a particular agency’s resources are commanded, coordinated and assigned to an incident or emergency",POLICING FACILITY,GAWLER POLICE STATION,OPERATIONAL,25 COWAN STREET,GAWLER,SOUTH AUSTRALIA,5118,HTTP://WWW.POLICE.SA.GOV.AU,,HTTP://WWW.POLICE.SA.GOV.AU,,,2018/08/18 00:00:00+00,,-34.59591977399998,138.745591611,,,GASA_425296925,25 COWAN STREET,0,5118,GAWLER,0,-34.59591727999998,138.7455923000001
153.069936,-26.712886,967,EMERGENCY FACILITY,"An emergency management facility from which a particular agency’s resources are commanded, coordinated and assigned to an incident or emergency",POLICING FACILITY,SIPPY DOWNS STATION,OPERATIONAL,,SIPPY DOWNS,QUEENSLAND,4556,HTTP://DATA.QLD.GOV.AU,,HTTP://DATA.QLD.GOV.AU,,,2018/07/04 00:00:00+00,,-26.71288599999997,153.0699360000001,,,GAQLD163146168,205 SIPPY DOWNS DRIVE,1,4556,SIPPY DOWNS,3,-26.712886959999935,153.06991109000012
145.691828,-16.823314,968,EMERGENCY FACILITY,"An emergency management facility from which a particular agency’s resources are commanded, coordinated and assigned to an incident or emergency",POLICING FACILITY,SMITHFIELD STATION,OPERATIONAL,,SMITHFIELD,QUEENSLAND,4878,HTTP://DATA.QLD.GOV.AU,,HTTP://DATA.QLD.GOV.AU,,,2018/07/04 00:00:00+00,,-16.823313999999982,145.6918280000001,,,GAQLD163013552,1117-1119 CAPTAIN COOK HIGHWAY,2,4878,SMITHFIELD,2,-16.823303479999936,145.69183765000002
153.019687,-27.4777539999999,969,EMERGENCY FACILITY,"An emergency management facility from which a particular agency’s resources are commanded, coordinated and assigned to an incident or emergency",POLICING FACILITY,SOUTHBANK STATION,OPERATIONAL,,SOUTH BRISBANE,QUEENSLAND,4101,HTTP://DATA.QLD.GOV.AU,,HTTP://DATA.QLD.GOV.AU,,,2018/07/04 00:00:00+00,,-27.477753999999948,153.0196870000001,,,GAQLD162894582,17 GLENELG STREET,0,4101,SOUTH BRISBANE,188,-27.476432989999978,153.01849274000006
152.171063,-24.9329759999999,970,EMERGENCY FACILITY,"An emergency management facility from which a particular agency’s resources are commanded, coordinated and assigned to an incident or emergency",POLICING FACILITY,SOUTH KOLAN STATION,OPERATIONAL,,SOUTH KOLAN,QUEENSLAND,4670,HTTP://DATA.QLD.GOV.AU,,HTTP://DATA.QLD.GOV.AU,,,2018/07/04 00:00:00+00,,-24.93297599999994,152.17106300000012,,,GAQLD158621987,2351 GIN GIN ROAD,2,4670,SOUTH KOLAN,14,-24.932846619999964,152.17105378000008
153.413537,-27.967055,971,EMERGENCY FACILITY,"An emergency management facility from which a particular agency’s resources are commanded, coordinated and assigned to an incident or emergency",POLICING FACILITY,SOUTHPORT STATION,OPERATIONAL,,SOUTHPORT,QUEENSLAND,4215,HTTP://DATA.QLD.GOV.AU,,HTTP://DATA.QLD.GOV.AU,,,2018/07/04 00:00:00+00,,-27.96705499999996,153.41353700000002,,,GAQLD162547385,96-98 SCARBOROUGH STREET,0,4215,SOUTHPORT,30,-27.96686791999997,153.41331714000012
148.087378,-24.114992,972,EMERGENCY FACILITY,"An emergency management facility from which a particular agency’s resources are commanded, coordinated and assigned to an incident or emergency",POLICING FACILITY,SPRINGSURE STATION,OPERATIONAL,,SPRINGSURE,QUEENSLAND,4722,HTTP://DATA.QLD.GOV.AU,,HTTP://DATA.QLD.GOV.AU,,,2018/07/04 00:00:00+00,,-24.114991999999972,148.08737800000006,,,GAQLD161741151,1 SPRING STREET,-1,4722,SPRINGSURE,52,-24.11455499999994,148.08719808000012
153.131604,-27.6290299999999,973,EMERGENCY FACILITY,"An emergency management facility from which a particular agency’s resources are commanded, coordinated and assigned to an incident or emergency",POLICING FACILITY,SPRINGWOOD STATION,OPERATIONAL,,SPRINGWOOD,QUEENSLAND,4127,HTTP://DATA.QLD.GOV.AU,,HTTP://DATA.QLD.GOV.AU,,,2018/07/04 00:00:00+00,,-27.629029999999943,153.13160400000004,,,GAQLD162830565,3440 PACIFIC HIGHWAY,2,4127,SPRINGWOOD,6,-27.62900647999993,153.13155430000006
145.923357,-17.9359489999999,974,EMERGENCY FACILITY,"An emergency management facility from which a particular agency’s resources are commanded, coordinated and assigned to an incident or emergency",POLICING FACILITY,TULLY STATION,OPERATIONAL,,TULLY,QUEENSLAND,4854,HTTP://DATA.QLD.GOV.AU,,HTTP://DATA.QLD.GOV.AU,,,2018/07/04 00:00:00+00,,-17.935948999999937,145.923357,,,GAQLD158818693,42 BRYANT STREET,2,4854,TULLY,25,-17.93598068999995,145.92312818000005
153.084093,-27.561437,975,EMERGENCY FACILITY,"An emergency management facility from which a particular agency’s resources are commanded, coordinated and assigned to an incident or emergency",POLICING FACILITY,UPPER MOUNT GRAVATT STATION,OPERATIONAL,,UPPER MOUNT GRAVATT,QUEENSLAND,4122,HTTP://DATA.QLD.GOV.AU,,HTTP://DATA.QLD.GOV.AU,,,2018/07/04 00:00:00+00,,-27.561436999999955,153.08409300000005,,,GAQLD162909517,35 PALMDALE LANE,0,4122,UPPER MOUNT GRAVATT,22,-27.561300539999934,153.0842597300001
149.065666,-21.159937,976,EMERGENCY FACILITY,"An emergency management facility from which a particular agency’s resources are commanded, coordinated and assigned to an incident or emergency",POLICING FACILITY,WALKERSTON STATION,OPERATIONAL,,WALKERSTON,QUEENSLAND,4751,HTTP://DATA.QLD.GOV.AU,,HTTP://DATA.QLD.GOV.AU,,,2018/07/04 00:00:00+00,,-21.159936999999957,149.06566600000008,,,GAQLD160995791,1 DUTTON STREET,2,4751,WALKERSTON,3,-21.15992910999995,149.06563831000005
151.931932,-28.920667,977,EMERGENCY FACILITY,"An emergency management facility from which a particular agency’s resources are commanded, coordinated and assigned to an incident or emergency",POLICING FACILITY,WALLANGARRA STATION,OPERATIONAL,,WALLANGARRA,QUEENSLAND,4383,HTTP://DATA.QLD.GOV.AU,,HTTP://DATA.QLD.GOV.AU,,,2018/07/04 00:00:00+00,,-28.92066699999998,151.93193200000007,,,GAQLD155934366,45 MERINDA STREET,2,4383,WALLANGARRA,38,-28.920700649999958,151.93154814000002
149.187851,-26.5848319999999,978,EMERGENCY FACILITY,"An emergency management facility from which a particular agency’s resources are commanded, coordinated and assigned to an incident or emergency",POLICING FACILITY,WALLUMBILLA STATION,OPERATIONAL,,WALLUMBILLA,QUEENSLAND,4428,HTTP://DATA.QLD.GOV.AU,,HTTP://DATA.QLD.GOV.AU,,,2018/07/04 00:00:00+00,,-26.58483199999995,149.18785100000002,,,GAQLD161365772,15 COLLEGE STREET,2,4428,WALLUMBILLA,16,-26.584958619999952,149.18778128000008
149.96042,-26.1210149999999,979,EMERGENCY FACILITY,"An emergency management facility from which a particular agency’s resources are commanded, coordinated and assigned to an incident or emergency",POLICING FACILITY,WANDOAN STATION,OPERATIONAL,,WANDOAN,QUEENSLAND,4419,HTTP://DATA.QLD.GOV.AU,,HTTP://DATA.QLD.GOV.AU,,,2018/07/04 00:00:00+00,,-26.121014999999943,149.9604200000001,,,GAQLD155937601,47 ROYD STREET,1,4419,WANDOAN,18,-26.12092378999995,149.9605740500001
152.031504,-28.214235,980,EMERGENCY FACILITY,"An emergency management facility from which a particular agency’s resources are commanded, coordinated and assigned to an incident or emergency",POLICING FACILITY,WARWICK STATION,OPERATIONAL,,WARWICK,QUEENSLAND,4370,HTTP://DATA.QLD.GOV.AU,,HTTP://DATA.QLD.GOV.AU,,,2018/07/04 00:00:00+00,,-28.214234999999974,152.03150400000004,,POLICE WARWICK STATI,GAQLD155949422,86 FITZROY STREET,2,4370,WARWICK,17,-28.214279749999946,152.0313405500001
139.181799,-16.665608,981,EMERGENCY FACILITY,"An emergency management facility from which a particular agency’s resources are commanded, coordinated and assigned to an incident or emergency",POLICING FACILITY,MORNINGTON ISLAND STATION,OPERATIONAL,,WELLESLEY ISLANDS,QUEENSLAND,4892,HTTP://DATA.QLD.GOV.AU,,HTTP://DATA.QLD.GOV.AU,,,2018/07/04 00:00:00+00,,-16.665607999999963,139.18179900000007,,,GAQLD719138755,LOT 152 LARDIL STREET,0,4892,WELLESLEY ISLANDS,25,-16.665825609999956,139.1818460300001
151.633788,-27.715409,982,EMERGENCY FACILITY,"An emergency management facility from which a particular agency’s resources are commanded, coordinated and assigned to an incident or emergency",POLICING FACILITY,PITTSWORTH STATION,OPERATIONAL,,PITTSWORTH,QUEENSLAND,4356,HTTP://DATA.QLD.GOV.AU,,HTTP://DATA.QLD.GOV.AU,,,2018/07/04 00:00:00+00,,-27.715408999999966,151.6337880000001,,,GAQLD157019551,77 YANDILLA STREET,2,4356,PITTSWORTH,6,-27.715431329999944,151.63373457000012
152.853944,-26.363492,983,EMERGENCY FACILITY,"An emergency management facility from which a particular agency’s resources are commanded, coordinated and assigned to an incident or emergency",POLICING FACILITY,POMONA STATION,OPERATIONAL,,POMONA,QUEENSLAND,4568,HTTP://DATA.QLD.GOV.AU,,HTTP://DATA.QLD.GOV.AU,,,2018/07/04 00:00:00+00,,-26.36349199999995,152.85394400000007,,POLICE RES,GAQLD158530695,22 RED STREET,2,4568,POMONA,18,-26.36338786999994,152.85407829000007
145.462659,-16.4794449999999,984,EMERGENCY FACILITY,"An emergency management facility from which a particular agency’s resources are commanded, coordinated and assigned to an incident or emergency",POLICING FACILITY,PORT DOUGLAS STATION,OPERATIONAL,,PORT DOUGLAS,QUEENSLAND,4877,HTTP://DATA.QLD.GOV.AU,,HTTP://DATA.QLD.GOV.AU,,,2018/07/04 00:00:00+00,,-16.47944499999994,145.46265900000003,,PORT DOUGLAS POLICE STATION,GAQLD162096927,21-31 WHARF STREET,0,4877,PORT DOUGLAS,12,-16.479341889999944,145.46268479000003
144.599722,-20.869456,985,EMERGENCY FACILITY,"An emergency management facility from which a particular agency’s resources are commanded, coordinated and assigned to an incident or emergency",POLICING FACILITY,PRAIRIE STATION,OPERATIONAL,,PRAIRIE,QUEENSLAND,4816,HTTP://DATA.QLD.GOV.AU,,HTTP://DATA.QLD.GOV.AU,,,2018/07/04 00:00:00+00,,-20.869455999999957,144.59972200000004,,,GAQLD162131780,1 CHISOLM STREET,2,4821,PRAIRIE,49,-20.86970255999995,144.59933146000003
148.581246,-20.401061,986,EMERGENCY FACILITY,"An emergency management facility from which a particular agency’s resources are commanded, coordinated and assigned to an incident or emergency",POLICING FACILITY,PROSERPINE STATION,OPERATIONAL,,PROSERPINE,QUEENSLAND,4800,HTTP://DATA.QLD.GOV.AU,,HTTP://DATA.QLD.GOV.AU,,,2018/07/04 00:00:00+00,,-20.40106099999997,148.58124600000008,,,GAQLD160955863,18 MILL STREET,2,4800,PROSERPINE,3,-20.40103555999997,148.58124276
115.635006568,-33.326048655,987,EMERGENCY FACILITY,"An emergency management facility from which a particular agency’s resources are commanded, coordinated and assigned to an incident or emergency",POLICING FACILITY,BUNBURY POLICE STATION,OPERATIONAL,76 WITTENOOM STREET,BUNBURY,WESTERN AUSTRALIA,6230,HTTPS://CATALOGUE.DATA.WA.GOV.AU/DATASET/WA-POLICE-STATIONS,,HTTPS://CATALOGUE.DATA.WA.GOV.AU/DATASET/WA-POLICE-STATIONS,,,2018/08/15 00:00:00+00,,-33.326048654999965,115.63500656800011,,POLICE STATION,GAWA_718222835,76 WITTENOOM STREET,1,6230,BUNBURY,28,-33.326298529999974,115.63500806000002
115.34669079,-33.648109785,988,EMERGENCY FACILITY,"An emergency management facility from which a particular agency’s resources are commanded, coordinated and assigned to an incident or emergency",POLICING FACILITY,BUSSELTON POLICE STATION,OPERATIONAL,20 STANLEY STREET,BUSSELTON,WESTERN AUSTRALIA,6280,HTTPS://CATALOGUE.DATA.WA.GOV.AU/DATASET/WA-POLICE-STATIONS,,HTTPS://CATALOGUE.DATA.WA.GOV.AU/DATASET/WA-POLICE-STATIONS,,,2018/08/15 00:00:00+00,,-33.648109784999974,115.34669079000003,,,GAWA_162594846,20 STANLEY STREET,1,6280,BUSSELTON,34,-33.647809999999936,115.34678000000008
148.583487,-28.033399,989,EMERGENCY FACILITY,"An emergency management facility from which a particular agency’s resources are commanded, coordinated and assigned to an incident or emergency",POLICING FACILITY,SAINT GEORGE STATION,OPERATIONAL,,ST GEORGE,QUEENSLAND,4487,HTTP://DATA.QLD.GOV.AU,,HTTP://DATA.QLD.GOV.AU,,,2018/07/04 00:00:00+00,,-28.033398999999974,148.5834870000001,,,GAQLD159955362,42 SAINT GEORGES TERRACE,0,4487,ST GEORGE,21,-28.033571049999978,148.58357817
138.04221161,-32.3453617819999,990,EMERGENCY FACILITY,"An emergency management facility from which a particular agency’s resources are commanded, coordinated and assigned to an incident or emergency",POLICING FACILITY,QUORN POLICE STATION,OPERATIONAL,22 RAILWAY TERRACE,QUORN,SOUTH AUSTRALIA,5433,HTTP://WWW.POLICE.SA.GOV.AU,,HTTP://WWW.POLICE.SA.GOV.AU,,,2018/08/18 00:00:00+00,,-32.34536178199994,138.0422116100001,,,GASA_415716070,22 RAILWAY TERRACE,2,5433,QUORN,11,-32.345310419999976,138.04230731000007
140.749898637,-34.170118287,991,EMERGENCY FACILITY,"An emergency management facility from which a particular agency’s resources are commanded, coordinated and assigned to an incident or emergency",POLICING FACILITY,RENMARK POLICE STATION,OPERATIONAL,RAL RAL AVENUE,RENMARK,SOUTH AUSTRALIA,5341,HTTP://WWW.POLICE.SA.GOV.AU,,HTTP://WWW.POLICE.SA.GOV.AU,,,2018/08/18 00:00:00+00,,-34.17011828699998,140.74989863700011,,,GASA_719776344,44 RAL RAL AVENUE,0,5341,RENMARK,4,-34.17008427999997,140.7499152700001
138.748144999,-34.158245736,992,EMERGENCY FACILITY,"An emergency management facility from which a particular agency’s resources are commanded, coordinated and assigned to an incident or emergency",POLICING FACILITY,RIVERTON POLICE STATION,OPERATIONAL,30 TORRENS ROAD,RIVERTON,SOUTH AUSTRALIA,5412,HTTP://WWW.POLICE.SA.GOV.AU,,HTTP://WWW.POLICE.SA.GOV.AU,,,2018/08/18 00:00:00+00,,-34.15824573599997,138.74814499900003,,RIVERTON POLICE STATION,GASA_415523568,30 TORRENS ROAD,2,5412,RIVERTON,0,-34.158245739999984,138.74814500000002
139.759654304,-37.166268352,993,EMERGENCY FACILITY,"An emergency management facility from which a particular agency’s resources are commanded, coordinated and assigned to an incident or emergency",POLICING FACILITY,ROBE POLICE STATION,OPERATIONAL,16-18 LORD SYLEHAM STREET,ROBE,SOUTH AUSTRALIA,5276,HTTP://WWW.POLICE.SA.GOV.AU,,HTTP://WWW.POLICE.SA.GOV.AU,,,2018/08/18 00:00:00+00,,-37.166268351999975,139.75965430400004,,,GASA_424957988,16-18 LORD SYLEHAM STREET,1,5276,ROBE,2,-37.16627098999993,139.75967959000002
136.892365025,-30.561779799,994,EMERGENCY FACILITY,"An emergency management facility from which a particular agency’s resources are commanded, coordinated and assigned to an incident or emergency",POLICING FACILITY,ROXBY DOWNS POLICE STATION,OPERATIONAL,7-11 BURGOYNE STREET,ROXBY DOWNS,SOUTH AUSTRALIA,5725,HTTP://WWW.POLICE.SA.GOV.AU,,HTTP://WWW.POLICE.SA.GOV.AU,,,2018/08/18 00:00:00+00,,-30.561779798999964,136.89236502500012,,POLICE STATION,GASA_425137357,7-11 BURGOYNE STREET,1,5725,ROXBY DOWNS,3,-30.561802899999975,136.89237145000004
138.647478814,-34.764456281,995,EMERGENCY FACILITY,"An emergency management facility from which a particular agency’s resources are commanded, coordinated and assigned to an incident or emergency",POLICING FACILITY,SALISBURY POLICE STATION,OPERATIONAL,24 MARY STREET,SALISBURY,SOUTH AUSTRALIA,5108,HTTP://WWW.POLICE.SA.GOV.AU,,HTTP://WWW.POLICE.SA.GOV.AU,,,2018/08/18 00:00:00+00,,-34.76445628099998,138.647478814,,,GASA_416826475,24 MARY STREET,1,5108,SALISBURY,1,-34.76445894999995,138.6474712900001
133.30936544,-26.966653997,996,EMERGENCY FACILITY,"An emergency management facility from which a particular agency’s resources are commanded, coordinated and assigned to an incident or emergency",POLICING FACILITY,INDULKANA POLICE STATION,OPERATIONAL,,IWANTJA,SOUTH AUSTRALIA,5724,HTTP://WWW.POLICE.SA.GOV.AU,,HTTP://WWW.POLICE.SA.GOV.AU,,,2018/08/18 00:00:00+00,NO GNAF POINT,-26.96665399699998,133.30936544000008,,,,,,,,,,
138.861046129,-35.0666744019999,997,EMERGENCY FACILITY,"An emergency management facility from which a particular agency’s resources are commanded, coordinated and assigned to an incident or emergency",POLICING FACILITY,MOUNT BARKER POLICE STATION,OPERATIONAL,LOT 50 MACLAREN STREET,MOUNT BARKER,SOUTH AUSTRALIA,5251,HTTP://WWW.POLICE.SA.GOV.AU,,HTTP://WWW.POLICE.SA.GOV.AU,,,2018/08/18 00:00:00+00,NO GNAF POINT,-35.06667440199993,138.8610461290001,,,,,,,,,,
140.001684385,-32.431519524,998,EMERGENCY FACILITY,"An emergency management facility from which a particular agency’s resources are commanded, coordinated and assigned to an incident or emergency",POLICING FACILITY,MANNAHILL POLICE STATION,OPERATIONAL,RAILWAY TERRACE,MUTOOROO,SOUTH AUSTRALIA,5440,HTTP://WWW.POLICE.SA.GOV.AU,,HTTP://WWW.POLICE.SA.GOV.AU,,,2018/08/18 00:00:00+00,NO GNAF POINT,-32.43151952399995,140.0016843850001,,,,,,,,,,
129.168505855,-26.161710473,999,EMERGENCY FACILITY,"An emergency management facility from which a particular agency’s resources are commanded, coordinated and assigned to an incident or emergency",POLICING FACILITY,PIPALYATJARA POLICE STATION,OPERATIONAL,GUNBARREL HIGHWAY,PIPALYATJARA,SOUTH AUSTRALIA,0872,HTTP://WWW.POLICE.SA.GOV.AU,,HTTP://WWW.POLICE.SA.GOV.AU,,,2018/08/18 00:00:00+00,NO GNAF POINT,-26.16171047299997,129.16850585500003,,,,,,,,,,
132.139147588,-26.280230219,1000,EMERGENCY FACILITY,"An emergency management facility from which a particular agency’s resources are commanded, coordinated and assigned to an incident or emergency",POLICING FACILITY,ERNABELLA POLICE STATION,OPERATIONAL,ERNABELLA AVE,PUKATJA,SOUTH AUSTRALIA,0872,HTTP://WWW.POLICE.SA.GOV.AU,,HTTP://WWW.POLICE.SA.GOV.AU,,,2018/08/18 00:00:00+00,NO GNAF POINT,-26.280230218999975,132.13914758800001,,,,,,,,,,
136.827667138,-31.200538534,1001,EMERGENCY FACILITY,"An emergency management facility from which a particular agency’s resources are commanded, coordinated and assigned to an incident or emergency",POLICING FACILITY,WOOMERA POLICE STATION,OPERATIONAL,KOTARA CRESCENT,WOOMERA,SOUTH AUSTRALIA,5720,HTTP://WWW.POLICE.SA.GOV.AU,,HTTP://WWW.POLICE.SA.GOV.AU,,,2018/08/18 00:00:00+00,NO GNAF POINT,-31.200538533999975,136.82766713800004,,,,,,,,,,
153.026536,-27.588198,1002,EMERGENCY FACILITY,"An emergency management facility from which a particular agency’s resources are commanded, coordinated and assigned to an incident or emergency",POLICING FACILITY,ACACIA RIDGE STATION,OPERATIONAL,,ACACIA RIDGE,QUEENSLAND,4110,HTTP://DATA.QLD.GOV.AU,,HTTP://DATA.QLD.GOV.AU,,,2018/07/04 00:00:00+00,,-27.588197999999977,153.02653600000008,,,GAQLD159307709,7-9 CHARDEAN STREET,0,4110,ACACIA RIDGE,0,-27.588197529999945,153.02653643000008
144.597491,-25.9108189999999,1003,EMERGENCY FACILITY,"An emergency management facility from which a particular agency’s resources are commanded, coordinated and assigned to an incident or emergency",POLICING FACILITY,ADAVALE STATION,OPERATIONAL,,ADAVALE,QUEENSLAND,4474,HTTP://DATA.QLD.GOV.AU,,HTTP://DATA.QLD.GOV.AU,,,2018/07/04 00:00:00+00,,-25.910818999999947,144.5974910000001,,,GAQLD163148514,2454 SHEPHERD STREET,0,4474,ADAVALE,2,-25.910828549999962,144.59748003000004
124.149950836,-18.040509566,1004,EMERGENCY FACILITY,"An emergency management facility from which a particular agency’s resources are commanded, coordinated and assigned to an incident or emergency",POLICING FACILITY,LOOMA MFPF,OPERATIONAL,LOT 75 MYROODAH-LULUIGUI ROAD,CAMBALLIN,WESTERN AUSTRALIA,6728,HTTPS://CATALOGUE.DATA.WA.GOV.AU/DATASET/WA-POLICE-STATIONS,,HTTPS://CATALOGUE.DATA.WA.GOV.AU/DATASET/WA-POLICE-STATIONS,,,2018/08/15 00:00:00+00,MULTI FUNCTIONAL POLICE FACILITY,-18.04050956599997,124.14995083600002,,,GAWA_718341600,LOT 75 MYROODAH-LULUIGUI ROAD,1,6728,CAMBALLIN,3243,-18.050613359999943,124.12119572000006
115.936727777,-32.0628157799999,1005,EMERGENCY FACILITY,"An emergency management facility from which a particular agency’s resources are commanded, coordinated and assigned to an incident or emergency",POLICING FACILITY,CANNING VALE POLICE STATION,OPERATIONAL,449 NICHOLSON ROAD,CANNING VALE,WESTERN AUSTRALIA,6155,HTTPS://CATALOGUE.DATA.WA.GOV.AU/DATASET/WA-POLICE-STATIONS,,HTTPS://CATALOGUE.DATA.WA.GOV.AU/DATASET/WA-POLICE-STATIONS,,,2018/08/15 00:00:00+00,,-32.06281577999994,115.9367277770001,,CANNING VALE POLICE STATION,GAWA_162761824,449 NICHOLSON ROAD,1,6155,CANNING VALE,0,-32.06281577999994,115.93672778000007
115.931247101,-32.017076265,1006,EMERGENCY FACILITY,"An emergency management facility from which a particular agency’s resources are commanded, coordinated and assigned to an incident or emergency",POLICING FACILITY,CANNINGTON POLICE STATION,OPERATIONAL,1325 ALBANY HIGHWAY,CANNINGTON,WESTERN AUSTRALIA,6107,HTTPS://CATALOGUE.DATA.WA.GOV.AU/DATASET/WA-POLICE-STATIONS,,HTTPS://CATALOGUE.DATA.WA.GOV.AU/DATASET/WA-POLICE-STATIONS,,,2018/08/15 00:00:00+00,,-32.01707626499996,115.93124710100005,,CANNINGTON POLICE STATION,GAWA_147557428,1325 ALBANY HIGHWAY,1,6107,CANNINGTON,12,-32.01699863999994,115.93116602000009
115.889723015,-29.6877702529999,1007,EMERGENCY FACILITY,"An emergency management facility from which a particular agency’s resources are commanded, coordinated and assigned to an incident or emergency",POLICING FACILITY,CARNAMAH POLICE STATION,OPERATIONAL,34 MACPHERSON STREET,CARNAMAH,WESTERN AUSTRALIA,6517,HTTPS://CATALOGUE.DATA.WA.GOV.AU/DATASET/WA-POLICE-STATIONS,,HTTPS://CATALOGUE.DATA.WA.GOV.AU/DATASET/WA-POLICE-STATIONS,,,2018/08/15 00:00:00+00,,-29.68777025299994,115.88972301500007,,CARNAMAH POLICE STATION,GAWA_147120938,34 MACPHERSON STREET,1,6517,CARNAMAH,0,-29.687769999999944,115.88972000000001
149.414646,-21.908714,1008,EMERGENCY FACILITY,"An emergency management facility from which a particular agency’s resources are commanded, coordinated and assigned to an incident or emergency",POLICING FACILITY,CARMILA STATION,OPERATIONAL,,CARMILA,QUEENSLAND,4739,HTTP://DATA.QLD.GOV.AU,,HTTP://DATA.QLD.GOV.AU,,,2018/07/04 00:00:00+00,,-21.908713999999975,149.41464600000006,,,GAQLD425058448,40 MUSIC STREET,1,4739,CARMILA,76,-21.90937581999998,149.41482137000003
153.014549,-27.350921,1009,EMERGENCY FACILITY,"An emergency management facility from which a particular agency’s resources are commanded, coordinated and assigned to an incident or emergency",POLICING FACILITY,CARSELDINE STATION,OPERATIONAL,,CARSELDINE,QUEENSLAND,4034,HTTP://DATA.QLD.GOV.AU,,HTTP://DATA.QLD.GOV.AU,,,2018/07/04 00:00:00+00,,-27.35092099999997,153.0145490000001,,,GAQLD155155923,1615 GYMPIE ROAD,1,4034,CARSELDINE,6,-27.350876639999967,153.01458380000008
151.191546,-27.532432,1010,EMERGENCY FACILITY,"An emergency management facility from which a particular agency’s resources are commanded, coordinated and assigned to an incident or emergency",POLICING FACILITY,CECIL PLAINS STATION,OPERATIONAL,,CECIL PLAINS,QUEENSLAND,4407,HTTP://DATA.QLD.GOV.AU,,HTTP://DATA.QLD.GOV.AU,,,2018/07/04 00:00:00+00,,-27.53243199999997,151.19154600000002,,,GAQLD155157052,54 TAYLOR STREET,2,4407,CECIL PLAINS,23,-27.53257980999996,151.19171499000004
138.214331714,-33.782784104,1011,EMERGENCY FACILITY,"An emergency management facility from which a particular agency’s resources are commanded, coordinated and assigned to an incident or emergency",POLICING FACILITY,SNOWTOWN POLICE STATION,OPERATIONAL,40 RAILWAY EAST TERRACE,SNOWTOWN,SOUTH AUSTRALIA,5520,HTTP://WWW.POLICE.SA.GOV.AU,,HTTP://WWW.POLICE.SA.GOV.AU,,,2018/08/18 00:00:00+00,,-33.78278410399997,138.21433171400008,,,GASA_417083103,40 RAILWAY TERRACE,2,5520,SNOWTOWN,1,-33.78278623999995,138.2143250900001
151.914774,-27.599841,1012,EMERGENCY FACILITY,"An emergency management facility from which a particular agency’s resources are commanded, coordinated and assigned to an incident or emergency",POLICING FACILITY,DRAYTON STATION,OPERATIONAL,,DRAYTON,QUEENSLAND,4350,HTTP://DATA.QLD.GOV.AU,,HTTP://DATA.QLD.GOV.AU,,,2018/07/04 00:00:00+00,,-27.59984099999997,151.91477400000008,,POLICE,GAQLD162126028,35-37 BRISBANE STREET,1,4350,DRAYTON,1,-27.59984684999995,151.91477386000008
149.66956,-23.7117949999999,1013,EMERGENCY FACILITY,"An emergency management facility from which a particular agency’s resources are commanded, coordinated and assigned to an incident or emergency",POLICING FACILITY,DUARINGA STATION,OPERATIONAL,,DUARINGA,QUEENSLAND,4712,HTTP://DATA.QLD.GOV.AU,,HTTP://DATA.QLD.GOV.AU,,,2018/07/04 00:00:00+00,,-23.71179499999994,149.66956000000005,,,GAQLD161370438,17 OLGA STREET,2,4712,DUARINGA,44,-23.711697499999957,149.66914695000003
153.402746,-27.5023179999999,1014,EMERGENCY FACILITY,"An emergency management facility from which a particular agency’s resources are commanded, coordinated and assigned to an incident or emergency",POLICING FACILITY,DUNWICH STATION,OPERATIONAL,,DUNWICH,QUEENSLAND,4183,HTTP://DATA.QLD.GOV.AU,,HTTP://DATA.QLD.GOV.AU,,,2018/07/04 00:00:00+00,,-27.502317999999946,153.4027460000001,,,GAQLD157871731,2 BAYLY STREET,0,4183,DUNWICH,4,-27.50229380999997,153.4027212100001
153.028251,-27.494345,1015,EMERGENCY FACILITY,"An emergency management facility from which a particular agency’s resources are commanded, coordinated and assigned to an incident or emergency",POLICING FACILITY,DUTTON PARK STATION,OPERATIONAL,,DUTTON PARK,QUEENSLAND,4102,HTTP://DATA.QLD.GOV.AU,,HTTP://DATA.QLD.GOV.AU,,,2018/07/04 00:00:00+00,,-27.494344999999953,153.02825100000007,,,GAQLD163292383,120 ANNERLEY ROAD,1,4102,DUTTON PARK,17,-27.49428697999997,153.02841105000005
148.348961,-22.5859419999999,1016,EMERGENCY FACILITY,"An emergency management facility from which a particular agency’s resources are commanded, coordinated and assigned to an incident or emergency",POLICING FACILITY,DYSART STATION,OPERATIONAL,,DYSART,QUEENSLAND,4745,HTTP://DATA.QLD.GOV.AU,,HTTP://DATA.QLD.GOV.AU,,,2018/07/04 00:00:00+00,,-22.585941999999932,148.34896100000003,,,GAQLD162362055,43 QUEEN ELIZABETH DRIVE,2,4745,DYSART,2,-22.58595527999995,148.34894812000005
145.744687,-17.0211909999999,1017,EMERGENCY FACILITY,"An emergency management facility from which a particular agency’s resources are commanded, coordinated and assigned to an incident or emergency",POLICING FACILITY,EDMONTON STATION,OPERATIONAL,,EDMONTON,QUEENSLAND,4869,HTTP://DATA.QLD.GOV.AU,,HTTP://DATA.QLD.GOV.AU,,,2018/07/04 00:00:00+00,,-17.02119099999993,145.7446870000001,,,GAQLD156550046,103 BRUCE HIGHWAY,2,4869,EDMONTON,21,-17.021050979999927,145.74481857000012
151.121476,-25.368758,1018,EMERGENCY FACILITY,"An emergency management facility from which a particular agency’s resources are commanded, coordinated and assigned to an incident or emergency",POLICING FACILITY,EIDSVOLD STATION,OPERATIONAL,,EIDSVOLD,QUEENSLAND,4627,HTTP://DATA.QLD.GOV.AU,,HTTP://DATA.QLD.GOV.AU,,,2018/07/04 00:00:00+00,,-25.368757999999957,151.12147600000003,,,GAQLD160924686,24 MORETON STREET,1,4627,EIDSVOLD,13,-25.36882965999996,151.12137257000006
150.286069,-24.1460949999999,1019,EMERGENCY FACILITY,"An emergency management facility from which a particular agency’s resources are commanded, coordinated and assigned to an incident or emergency",POLICING FACILITY,GOOVIGEN STATION,OPERATIONAL,,GOOVIGEN,QUEENSLAND,4702,HTTP://DATA.QLD.GOV.AU,,HTTP://DATA.QLD.GOV.AU,,,2018/07/04 00:00:00+00,,-24.146094999999946,150.2860690000001,,,GAQLD720668515,3 STONE CRESCENT,0,4702,GOOVIGEN,6,-24.14606931999998,150.28611765000005
145.786519,-17.0937,1020,EMERGENCY FACILITY,"An emergency management facility from which a particular agency’s resources are commanded, coordinated and assigned to an incident or emergency",POLICING FACILITY,GORDONVALE STATION,OPERATIONAL,,GORDONVALE,QUEENSLAND,4865,HTTP://DATA.QLD.GOV.AU,,HTTP://DATA.QLD.GOV.AU,,,2018/07/04 00:00:00+00,,-17.093699999999956,145.7865190000001,,,GAQLD162359374,95 NORMAN STREET,0,4865,GORDONVALE,3,-17.093676649999964,145.78650334000008
150.456444,-23.44048,1021,EMERGENCY FACILITY,"An emergency management facility from which a particular agency’s resources are commanded, coordinated and assigned to an incident or emergency",POLICING FACILITY,GRACEMERE STATION,OPERATIONAL,,GRACEMERE,QUEENSLAND,4702,HTTP://DATA.QLD.GOV.AU,,HTTP://DATA.QLD.GOV.AU,,,2018/07/04 00:00:00+00,,-23.44047999999998,150.45644400000003,,,GAQLD160357798,1 RANGER STREET,1,4702,GRACEMERE,16,-23.440595489999964,150.45653517000005
144.980525,-19.0007199999999,1022,EMERGENCY FACILITY,"An emergency management facility from which a particular agency’s resources are commanded, coordinated and assigned to an incident or emergency",POLICING FACILITY,GREENVALE STATION,OPERATIONAL,,GREENVALE,QUEENSLAND,4816,HTTP://DATA.QLD.GOV.AU,,HTTP://DATA.QLD.GOV.AU,,,2018/07/04 00:00:00+00,,-19.000719999999944,144.98052500000006,,,GAQLD155367513,10 BANKSIA COURT,2,4816,GREENVALE,12,-19.000819589999935,144.98047157000008
152.659883,-26.1865319999999,1023,EMERGENCY FACILITY,"An emergency management facility from which a particular agency’s resources are commanded, coordinated and assigned to an incident or emergency",POLICING FACILITY,GYMPIE STATION,OPERATIONAL,,GYMPIE,QUEENSLAND,4570,HTTP://DATA.QLD.GOV.AU,,HTTP://DATA.QLD.GOV.AU,,,2018/07/04 00:00:00+00,,-26.186531999999943,152.65988300000004,,,GAQLD158030088,38 CHANNON STREET,1,4570,GYMPIE,54,-26.18672147999996,152.65938473000006
146.28527,-18.5824989999999,1024,EMERGENCY FACILITY,"An emergency management facility from which a particular agency’s resources are commanded, coordinated and assigned to an incident or emergency",POLICING FACILITY,HALIFAX STATION,OPERATIONAL,,HALIFAX,QUEENSLAND,4850,HTTP://DATA.QLD.GOV.AU,,HTTP://DATA.QLD.GOV.AU,,,2018/07/04 00:00:00+00,,-18.582498999999927,146.28527000000008,,,GAQLD156629638,3 RIVER AVENUE,1,4850,HALIFAX,6,-18.582446279999942,146.2852576900001
152.662755,-27.807426,1025,EMERGENCY FACILITY,"An emergency management facility from which a particular agency’s resources are commanded, coordinated and assigned to an incident or emergency",POLICING FACILITY,HARRISVILLE STATION,OPERATIONAL,,HARRISVILLE,QUEENSLAND,4307,HTTP://DATA.QLD.GOV.AU,,HTTP://DATA.QLD.GOV.AU,,,2018/07/04 00:00:00+00,,-27.807425999999964,152.66275500000006,,,GAQLD161748539,13 CHURCH STREET,2,4307,HARRISVILLE,20,-27.80759998999997,152.66272645000004
152.12512,-27.550781,1026,EMERGENCY FACILITY,"An emergency management facility from which a particular agency’s resources are commanded, coordinated and assigned to an incident or emergency",POLICING FACILITY,HELIDON STATION,OPERATIONAL,,HELIDON,QUEENSLAND,4344,HTTP://DATA.QLD.GOV.AU,,HTTP://DATA.QLD.GOV.AU,,,2018/07/04 00:00:00+00,,-27.550780999999972,152.12512000000004,,,GAQLD158012157,19 TURNER STREET,1,4344,HELIDON,0,-27.550780989999964,152.12512044000005
146.238334,-26.401596,1027,EMERGENCY FACILITY,"An emergency management facility from which a particular agency’s resources are commanded, coordinated and assigned to an incident or emergency",POLICING FACILITY,CHARLEVILLE STATION,OPERATIONAL,,CHARLEVILLE,QUEENSLAND,4470,HTTP://DATA.QLD.GOV.AU,,HTTP://DATA.QLD.GOV.AU,,,2018/07/04 00:00:00+00,,-26.401595999999984,146.238334,,,GAQLD719331352,47-59 ALFRED STREET,0,4470,CHARLEVILLE,21,-26.40151007999998,146.2385187000001
146.25946,-20.075885,1028,EMERGENCY FACILITY,"An emergency management facility from which a particular agency’s resources are commanded, coordinated and assigned to an incident or emergency",POLICING FACILITY,CHARTERS TOWERS STATION,OPERATIONAL,,CHARTERS TOWERS CITY,QUEENSLAND,4820,HTTP://DATA.QLD.GOV.AU,,HTTP://DATA.QLD.GOV.AU,,,2018/07/04 00:00:00+00,,-20.07588499999997,146.2594600000001,,,GAQLD719338580,51 GILL STREET,0,4820,CHARTERS TOWERS CITY,17,-20.07603131999997,146.25942478000002
151.956344,-26.290175,1029,EMERGENCY FACILITY,"An emergency management facility from which a particular agency’s resources are commanded, coordinated and assigned to an incident or emergency",POLICING FACILITY,CHERBOURG STATION,OPERATIONAL,,CHERBOURG,QUEENSLAND,4605,HTTP://DATA.QLD.GOV.AU,,HTTP://DATA.QLD.GOV.AU,,,2018/07/04 00:00:00+00,,-26.290174999999977,151.95634400000006,,,GAQLD160225357,11 FISHER STREET,1,4605,CHERBOURG,12,-26.290178349999962,151.95622020000008
152.276472,-25.2375499999999,1030,EMERGENCY FACILITY,"An emergency management facility from which a particular agency’s resources are commanded, coordinated and assigned to an incident or emergency",POLICING FACILITY,CHILDERS STATION,OPERATIONAL,,CHILDERS,QUEENSLAND,4660,HTTP://DATA.QLD.GOV.AU,,HTTP://DATA.QLD.GOV.AU,,,2018/07/04 00:00:00+00,,-25.237549999999942,152.276472,,,GAQLD156435602,28 MACROSSAN STREET,1,4660,CHILDERS,4,-25.237561209999967,152.27650915000004
144.521434,-17.154851,1031,EMERGENCY FACILITY,"An emergency management facility from which a particular agency’s resources are commanded, coordinated and assigned to an incident or emergency",POLICING FACILITY,CHILLAGOE STATION,OPERATIONAL,,CHILLAGOE,QUEENSLAND,4871,HTTP://DATA.QLD.GOV.AU,,HTTP://DATA.QLD.GOV.AU,,,2018/07/04 00:00:00+00,,-17.15485099999995,144.5214340000001,,,GAQLD719140957,16-18 KING STREET,0,4871,CHILLAGOE,19,-17.154915759999938,144.5212726000001
141.289845,-21.2729439999999,1032,EMERGENCY FACILITY,"An emergency management facility from which a particular agency’s resources are commanded, coordinated and assigned to an incident or emergency",POLICING FACILITY,MCKINLAY STATION,OPERATIONAL,,MCKINLAY,QUEENSLAND,4823,HTTP://DATA.QLD.GOV.AU,,HTTP://DATA.QLD.GOV.AU,,,2018/07/04 00:00:00+00,,-21.27294399999994,141.289845,,,GAQLD162209209,26 WYLDE STREET,1,4823,MCKINLAY,8,-21.272996259999957,141.28978802000006
148.702255,-22.8093529999999,1033,EMERGENCY FACILITY,"An emergency management facility from which a particular agency’s resources are commanded, coordinated and assigned to an incident or emergency",POLICING FACILITY,MIDDLEMOUNT STATION,OPERATIONAL,,MIDDLEMOUNT,QUEENSLAND,4746,HTTP://DATA.QLD.GOV.AU,,HTTP://DATA.QLD.GOV.AU,,,2018/07/04 00:00:00+00,,-22.80935299999993,148.70225500000004,,,GAQLD156853507,22 JAMES RANDELL DRIVE,1,4746,MIDDLEMOUNT,34,-22.809421759999964,148.7019339300001
150.185895,-26.6573739999999,1034,EMERGENCY FACILITY,"An emergency management facility from which a particular agency’s resources are commanded, coordinated and assigned to an incident or emergency",POLICING FACILITY,MILES STATION,OPERATIONAL,,MILES,QUEENSLAND,4415,HTTP://DATA.QLD.GOV.AU,,HTTP://DATA.QLD.GOV.AU,,,2018/07/04 00:00:00+00,,-26.657373999999948,150.18589500000007,,,GAQLD158281513,34 CONSTANCE STREET,1,4415,MILES,9,-26.65737464999995,150.18598799000006
146.005254,-17.8067379999999,1035,EMERGENCY FACILITY,"An emergency management facility from which a particular agency’s resources are commanded, coordinated and assigned to an incident or emergency",POLICING FACILITY,EL ARISH STATION,OPERATIONAL,,EL ARISH,QUEENSLAND,4855,HTTP://DATA.QLD.GOV.AU,,HTTP://DATA.QLD.GOV.AU,,,2018/07/04 00:00:00+00,,-17.80673799999994,146.00525400000004,,,GAQLD156543090,24 RYRIE STREET,2,4855,EL ARISH,13,-17.806810049999967,146.0051612000001
138.354836899,-33.2685305759999,1036,EMERGENCY FACILITY,"An emergency management facility from which a particular agency’s resources are commanded, coordinated and assigned to an incident or emergency",POLICING FACILITY,GLADSTONE POLICE STATION,OPERATIONAL,21 HIGH STREET,GLADSTONE,SOUTH AUSTRALIA,5473,HTTP://WWW.POLICE.SA.GOV.AU,,HTTP://WWW.POLICE.SA.GOV.AU,,,2018/08/18 00:00:00+00,,-33.26853057599993,138.35483689900002,,GLADSTONE POLICE STATION,GASA_415189601,21 HIGH STREET,2,5473,GLADSTONE,1,-33.26853449999993,138.35483513000008
138.51411175,-34.979865877,1037,EMERGENCY FACILITY,"An emergency management facility from which a particular agency’s resources are commanded, coordinated and assigned to an incident or emergency",POLICING FACILITY,GLENELG POLICE STATION,OPERATIONAL,4 SUSSEX STREET,GLENELG,SOUTH AUSTRALIA,5045,HTTP://WWW.POLICE.SA.GOV.AU,,HTTP://WWW.POLICE.SA.GOV.AU,,,2018/08/18 00:00:00+00,,-34.97986587699995,138.5141117500001,,GLENELG POLICE STATION,GASA_415569370,4 SUSSEX STREET,1,5045,GLENELG,0,-34.97986579999997,138.5141108800001
138.700573242,-34.7883724989999,1038,EMERGENCY FACILITY,"An emergency management facility from which a particular agency’s resources are commanded, coordinated and assigned to an incident or emergency",POLICING FACILITY,GOLDEN GROVE POLICE STATION,OPERATIONAL,LOT 2001 THE GOLDEN WAY,GOLDEN GROVE,SOUTH AUSTRALIA,5125,HTTP://WWW.POLICE.SA.GOV.AU,,HTTP://WWW.POLICE.SA.GOV.AU,,,2018/08/18 00:00:00+00,,-34.788372498999934,138.70057324200002,,POLICE,GASA_424665489,250 THE GOLDEN WAY ,1,5125,GOLDEN GROVE,12,-34.788264099999935,138.70053990000008
138.780061735,-35.4990520169999,1039,EMERGENCY FACILITY,"An emergency management facility from which a particular agency’s resources are commanded, coordinated and assigned to an incident or emergency",POLICING FACILITY,GOOLWA POLICE STATION,OPERATIONAL,37 CADELL STREET,GOOLWA,SOUTH AUSTRALIA,5214,HTTP://WWW.POLICE.SA.GOV.AU,,HTTP://WWW.POLICE.SA.GOV.AU,,,2018/08/18 00:00:00+00,,-35.49905201699994,138.78006173500012,,GOOLWA POLICE STATION,GASA_416987394,37 CADELL STREET,2,5214,GOOLWA,1,-35.49905604999998,138.78007200000002
138.883943415,-34.8248938949999,1040,EMERGENCY FACILITY,"An emergency management facility from which a particular agency’s resources are commanded, coordinated and assigned to an incident or emergency",POLICING FACILITY,GUMERACHA POLICE STATION,OPERATIONAL,12 ALBERT STREET,GUMERACHA,SOUTH AUSTRALIA,5233,HTTP://WWW.POLICE.SA.GOV.AU,,HTTP://WWW.POLICE.SA.GOV.AU,,,2018/08/18 00:00:00+00,,-34.824893894999946,138.8839434150001,,,GASA_423184214,12 ALBERT STREET,1,5233,GUMERACHA,2,-34.82488247999993,138.88393478000012
138.892706442,-33.4093500669999,1041,EMERGENCY FACILITY,"An emergency management facility from which a particular agency’s resources are commanded, coordinated and assigned to an incident or emergency",POLICING FACILITY,HALLETT POLICE STATION,OPERATIONAL,ALFRED STREET,HALLETT,SOUTH AUSTRALIA,5419,HTTP://WWW.POLICE.SA.GOV.AU,,HTTP://WWW.POLICE.SA.GOV.AU,,,2018/08/18 00:00:00+00,,-33.409350066999934,138.89270644200008,,HALLETT POLICE STATION,GASA_424152135,LOT 14 ALFRED STREET,2,5419,HALLETT,18,-33.409304479999946,138.89251647000003
138.508457084,-34.436921594,1042,EMERGENCY FACILITY,"An emergency management facility from which a particular agency’s resources are commanded, coordinated and assigned to an incident or emergency",POLICING FACILITY,MALLALA POLICE STATION,OPERATIONAL,10 BALAKLAVA ROAD,MALLALA,SOUTH AUSTRALIA,5502,HTTP://WWW.POLICE.SA.GOV.AU,,HTTP://WWW.POLICE.SA.GOV.AU,,,2018/08/18 00:00:00+00,,-34.436921593999955,138.50845708400004,,,GASA_415110310,10 BALAKLAVA ROAD,2,5502,MALLALA,6,-34.436960219999946,138.5085013900001
138.608407299,-34.957183889,1043,EMERGENCY FACILITY,"An emergency management facility from which a particular agency’s resources are commanded, coordinated and assigned to an incident or emergency",POLICING FACILITY,MALVERN POLICE STATION,OPERATIONAL,259-269 UNLEY ROAD,MALVERN,SOUTH AUSTRALIA,5061,HTTP://WWW.POLICE.SA.GOV.AU,,HTTP://WWW.POLICE.SA.GOV.AU,,,2018/08/18 00:00:00+00,,-34.957183888999964,138.60840729900008,,,GASA_415396398,259-269 UNLEY ROAD,0,5061,MALVERN,0,-34.957184429999984,138.6084061900001
139.300042855,-34.9135092499999,1044,EMERGENCY FACILITY,"An emergency management facility from which a particular agency’s resources are commanded, coordinated and assigned to an incident or emergency",POLICING FACILITY,MANNUM POLICE STATION,OPERATIONAL,70-72 ADELAIDE ROAD,MANNUM,SOUTH AUSTRALIA,5238,HTTP://WWW.POLICE.SA.GOV.AU,,HTTP://WWW.POLICE.SA.GOV.AU,,,2018/08/18 00:00:00+00,,-34.91350924999995,139.30004285500002,,,GASA_425430600,70-72 ADELAIDE ROAD,0,5238,MANNUM,6,-34.91354375999998,139.30009173000008
133.620002325,-27.299834946,1045,EMERGENCY FACILITY,"An emergency management facility from which a particular agency’s resources are commanded, coordinated and assigned to an incident or emergency",POLICING FACILITY,MARLA POLICE STATION,OPERATIONAL,PT LT 85 WATTLE STREET,MARLA,SOUTH AUSTRALIA,5724,HTTP://WWW.POLICE.SA.GOV.AU,,HTTP://WWW.POLICE.SA.GOV.AU,,,2018/08/18 00:00:00+00,,-27.299834945999976,133.6200023250001,,MARLA POLICE STATION,GASA_424339645,LOT 85 WATTLE STREET,1,5724,MARLA,59,-27.299353439999948,133.61974680000003
138.061611255,-29.649306708,1046,EMERGENCY FACILITY,"An emergency management facility from which a particular agency’s resources are commanded, coordinated and assigned to an incident or emergency",POLICING FACILITY,MARREE POLICE STATION,OPERATIONAL,LOT 46 FIRST STREET,MARREE,SOUTH AUSTRALIA,5733,HTTP://WWW.POLICE.SA.GOV.AU,,HTTP://WWW.POLICE.SA.GOV.AU,,,2018/08/18 00:00:00+00,,-29.649306707999983,138.06161125500012,,MAREE POLICE STATION,GASA_424171045,LOT 46 FIRST STREET,1,5733,MARREE,197,-29.650238559999934,138.06334577000007
138.536803511,-35.2149871939999,1047,EMERGENCY FACILITY,"An emergency management facility from which a particular agency’s resources are commanded, coordinated and assigned to an incident or emergency",POLICING FACILITY,MCLAREN VALE POLICE STATION,OPERATIONAL,199 MAIN ROAD,MCLAREN VALE,SOUTH AUSTRALIA,5171,HTTP://WWW.POLICE.SA.GOV.AU,,HTTP://WWW.POLICE.SA.GOV.AU,,,2018/08/18 00:00:00+00,,-35.214987193999946,138.53680351100002,,MCLAREN VALE POLICE STATION,GASA_416134697,199 MAIN ROAD,2,5171,MCLAREN VALE,12,-35.21489331999993,138.5368616300001
139.336492008,-35.690166561,1048,EMERGENCY FACILITY,"An emergency management facility from which a particular agency’s resources are commanded, coordinated and assigned to an incident or emergency",POLICING FACILITY,MENINGIE POLICE STATION,OPERATIONAL,81 PRINCES HIGHWAY,MENINGIE,SOUTH AUSTRALIA,5264,HTTP://WWW.POLICE.SA.GOV.AU,,HTTP://WWW.POLICE.SA.GOV.AU,,,2018/08/18 00:00:00+00,,-35.690166560999955,139.33649200800005,,,GASA_415734672,81 PRINCES HIGHWAY,0,5264,MENINGIE,1,-35.69017354999994,139.33649072000003
145.612198,-17.5123589999999,1049,EMERGENCY FACILITY,"An emergency management facility from which a particular agency’s resources are commanded, coordinated and assigned to an incident or emergency",POLICING FACILITY,MILLAA MILLAA STATION,OPERATIONAL,,MILLAA MILLAA,QUEENSLAND,4886,HTTP://DATA.QLD.GOV.AU,,HTTP://DATA.QLD.GOV.AU,,,2018/07/04 00:00:00+00,,-17.512358999999947,145.61219800000003,,,GAQLD156832853,7 PALM AVENUE,2,4886,MILLAA MILLAA,3,-17.51238718999997,145.6121970700001
151.272169,-27.8731749999999,1050,EMERGENCY FACILITY,"An emergency management facility from which a particular agency’s resources are commanded, coordinated and assigned to an incident or emergency",POLICING FACILITY,MILLMERRAN STATION,OPERATIONAL,,MILLMERRAN,QUEENSLAND,4357,HTTP://DATA.QLD.GOV.AU,,HTTP://DATA.QLD.GOV.AU,,,2018/07/04 00:00:00+00,,-27.873174999999947,151.27216900000008,,,GAQLD155554153,26 WALPOLE STREET,2,4357,MILLMERRAN,4,-27.873144369999977,151.27217631000008
148.865616,-21.158466,1051,EMERGENCY FACILITY,"An emergency management facility from which a particular agency’s resources are commanded, coordinated and assigned to an incident or emergency",POLICING FACILITY,MIRANI STATION,OPERATIONAL,,MIRANI,QUEENSLAND,4754,HTTP://DATA.QLD.GOV.AU,,HTTP://DATA.QLD.GOV.AU,,,2018/07/04 00:00:00+00,,-21.158465999999976,148.86561600000005,,,GAQLD156840442,27 ALEXANDRA STREET,2,4754,MIRANI,12,-21.15854829999995,148.8656845800001
151.559996,-24.3288659999999,1052,EMERGENCY FACILITY,"An emergency management facility from which a particular agency’s resources are commanded, coordinated and assigned to an incident or emergency",POLICING FACILITY,MIRIAM VALE STATION,OPERATIONAL,,MIRIAM VALE,QUEENSLAND,4677,HTTP://DATA.QLD.GOV.AU,,HTTP://DATA.QLD.GOV.AU,,,2018/07/04 00:00:00+00,,-24.328865999999948,151.55999600000007,,POLICE STN MIRIAM VALE,GAQLD158307111,31 ROE STREET,1,4677,MIRIAM VALE,20,-24.328824039999972,151.55980670000008
147.977706,-26.4885459999999,1053,EMERGENCY FACILITY,"An emergency management facility from which a particular agency’s resources are commanded, coordinated and assigned to an incident or emergency",POLICING FACILITY,MITCHELL STATION,OPERATIONAL,,MITCHELL,QUEENSLAND,4465,HTTP://DATA.QLD.GOV.AU,,HTTP://DATA.QLD.GOV.AU,,,2018/07/04 00:00:00+00,,-26.48854599999993,147.977706,,,GAQLD155563540,15 DUBLIN STREET,1,4465,MITCHELL,38,-26.488230809999948,147.9775613800001
151.603099,-26.1653889999999,1054,EMERGENCY FACILITY,"An emergency management facility from which a particular agency’s resources are commanded, coordinated and assigned to an incident or emergency",POLICING FACILITY,PROSTON STATION,OPERATIONAL,,PROSTON,QUEENSLAND,4613,HTTP://DATA.QLD.GOV.AU,,HTTP://DATA.QLD.GOV.AU,,,2018/07/04 00:00:00+00,,-26.165388999999948,151.60309900000004,,,GAQLD425039322,24 NELSON STREET,2,4613,PROSTON,23,-26.165234659999953,151.60294339000006
144.268658,-26.614473,1055,EMERGENCY FACILITY,"An emergency management facility from which a particular agency’s resources are commanded, coordinated and assigned to an incident or emergency",POLICING FACILITY,QUILPIE STATION,OPERATIONAL,,QUILPIE,QUEENSLAND,4480,HTTP://DATA.QLD.GOV.AU,,HTTP://DATA.QLD.GOV.AU,,,2018/07/04 00:00:00+00,,-26.614472999999975,144.26865800000007,,,GAQLD162371068,43 BOONKAI STREET,2,4480,QUILPIE,5,-26.614433369999972,144.26864015
152.86132,-28.211643,1056,EMERGENCY FACILITY,"An emergency management facility from which a particular agency’s resources are commanded, coordinated and assigned to an incident or emergency",POLICING FACILITY,RATHDOWNEY STATION,OPERATIONAL,,RATHDOWNEY,QUEENSLAND,4287,HTTP://DATA.QLD.GOV.AU,,HTTP://DATA.QLD.GOV.AU,,,2018/07/04 00:00:00+00,,-28.21164299999998,152.8613200000001,,,GAQLD157023574,89-93 COLLINS STREET,2,4287,RATHDOWNEY,5,-28.211634579999952,152.86127463000003
138.51675076,-35.0777452299999,1057,EMERGENCY FACILITY,"An emergency management facility from which a particular agency’s resources are commanded, coordinated and assigned to an incident or emergency",POLICING FACILITY,HALLETT COVE POLICE SHOPFRONT,OPERATIONAL,RAMROD AVENUE,HALLETT COVE,SOUTH AUSTRALIA,5158,HTTP://WWW.POLICE.SA.GOV.AU,,HTTP://WWW.POLICE.SA.GOV.AU,,,2018/08/18 00:00:00+00,,-35.07774522999995,138.51675076000004,,,GASA_424524357,LOT 1 RAMROD AVENUE,0,5158,HALLETT COVE,40,-35.07806591999997,138.51655830000004
149.528553,-22.344082,1058,EMERGENCY FACILITY,"An emergency management facility from which a particular agency’s resources are commanded, coordinated and assigned to an incident or emergency",POLICING FACILITY,SAINT LAWRENCE STATION,OPERATIONAL,,ST LAWRENCE,QUEENSLAND,4707,HTTP://DATA.QLD.GOV.AU,,HTTP://DATA.QLD.GOV.AU,,,2018/07/04 00:00:00+00,,-22.344081999999958,149.5285530000001,,,GAQLD425126391,10-16 MARGARET STREET,0,4707,ST LAWRENCE,11,-22.344075269999962,149.5286551700001
153.015924,-27.414437,1059,EMERGENCY FACILITY,"An emergency management facility from which a particular agency’s resources are commanded, coordinated and assigned to an incident or emergency",POLICING FACILITY,STAFFORD STATION,OPERATIONAL,,STAFFORD,QUEENSLAND,4053,HTTP://DATA.QLD.GOV.AU,,HTTP://DATA.QLD.GOV.AU,,,2018/07/04 00:00:00+00,,-27.414436999999964,153.01592400000004,,,GAQLD162902379,2 LINDLEY STREET,0,4053,STAFFORD,4,-27.414403009999944,153.01590219000002
151.934048,-28.653337,1060,EMERGENCY FACILITY,"An emergency management facility from which a particular agency’s resources are commanded, coordinated and assigned to an incident or emergency",POLICING FACILITY,STANTHORPE STATION,OPERATIONAL,,STANTHORPE,QUEENSLAND,4380,HTTP://DATA.QLD.GOV.AU,,HTTP://DATA.QLD.GOV.AU,,,2018/07/04 00:00:00+00,,-28.653336999999965,151.93404800000008,,,GAQLD155827753,57 MARSH STREET,2,4380,STANTHORPE,30,-28.653337689999944,151.93435050000005
153.049706,-27.499874,1061,EMERGENCY FACILITY,"An emergency management facility from which a particular agency’s resources are commanded, coordinated and assigned to an incident or emergency",POLICING FACILITY,COORPAROO STATION,OPERATIONAL,,STONES CORNER,QUEENSLAND,4120,HTTP://DATA.QLD.GOV.AU,,HTTP://DATA.QLD.GOV.AU,,,2018/07/04 00:00:00+00,,-27.499873999999977,153.04970600000001,,POLICE STATION,GAQLD719624707,19 KNOWSLEY STREET,1,4120,STONES CORNER,15,-27.499756539999964,153.04963294000004
149.07108,-27.1529659999999,1062,EMERGENCY FACILITY,"An emergency management facility from which a particular agency’s resources are commanded, coordinated and assigned to an incident or emergency",POLICING FACILITY,SURAT STATION,OPERATIONAL,,SURAT,QUEENSLAND,4417,HTTP://DATA.QLD.GOV.AU,,HTTP://DATA.QLD.GOV.AU,,,2018/07/04 00:00:00+00,,-27.152965999999935,149.07108000000005,,,GAQLD157152200,86 BURROWES STREET,1,4417,SURAT,30,-27.153123189999974,149.07132796000008
153.429885,-28.000335,1063,EMERGENCY FACILITY,"An emergency management facility from which a particular agency’s resources are commanded, coordinated and assigned to an incident or emergency",POLICING FACILITY,SURFERS PARADISE STATION,OPERATIONAL,,SURFERS PARADISE,QUEENSLAND,4217,HTTP://DATA.QLD.GOV.AU,,HTTP://DATA.QLD.GOV.AU,,,2018/07/04 00:00:00+00,,-28.00033499999995,153.429885,,,GAQLD719546208,UNIT 90 20 THE ESPLANADE ,0,4217,SURFERS PARADISE,0,-28.000335909999933,153.4298874200001
146.25668,-24.8820749999999,1064,EMERGENCY FACILITY,"An emergency management facility from which a particular agency’s resources are commanded, coordinated and assigned to an incident or emergency",POLICING FACILITY,TAMBO STATION,OPERATIONAL,,TAMBO,QUEENSLAND,4478,HTTP://DATA.QLD.GOV.AU,,HTTP://DATA.QLD.GOV.AU,,,2018/07/04 00:00:00+00,,-24.88207499999993,146.25668000000007,,,GAQLD158731200,6 ALBERT STREET,2,4478,TAMBO,38,-24.881798919999937,146.25645706000012
153.00943,-27.480311,1065,EMERGENCY FACILITY,"An emergency management facility from which a particular agency’s resources are commanded, coordinated and assigned to an incident or emergency",POLICING FACILITY,WEST END STATION,OPERATIONAL,,WEST END,QUEENSLAND,4101,HTTP://DATA.QLD.GOV.AU,,HTTP://DATA.QLD.GOV.AU,,,2018/07/04 00:00:00+00,,-27.480310999999972,153.00943000000007,,,GAQLD155970826,36 VULTURE STREET,1,4101,WEST END,40,-27.479951909999954,153.00935993000007
142.657896,-25.4218549999999,1066,EMERGENCY FACILITY,"An emergency management facility from which a particular agency’s resources are commanded, coordinated and assigned to an incident or emergency",POLICING FACILITY,WINDORAH STATION,OPERATIONAL,,WINDORAH,QUEENSLAND,4481,HTTP://DATA.QLD.GOV.AU,,HTTP://DATA.QLD.GOV.AU,,,2018/07/04 00:00:00+00,,-25.421854999999937,142.65789600000005,,,GAQLD161979080,10 MARYBOROUGH STREET,1,4481,WINDORAH,2,-25.421855049999976,142.6579106900001
143.037997,-22.388473,1067,EMERGENCY FACILITY,"An emergency management facility from which a particular agency’s resources are commanded, coordinated and assigned to an incident or emergency",POLICING FACILITY,WINTON STATION,OPERATIONAL,,WINTON,QUEENSLAND,4735,HTTP://DATA.QLD.GOV.AU,,HTTP://DATA.QLD.GOV.AU,,,2018/07/04 00:00:00+00,,-22.388472999999976,143.03799700000002,,,GAQLD157286345,70 VINDEX STREET,2,4735,WINTON,10,-22.388508009999953,143.03808389000005
151.87744,-26.3179019999999,1068,EMERGENCY FACILITY,"An emergency management facility from which a particular agency’s resources are commanded, coordinated and assigned to an incident or emergency",POLICING FACILITY,WONDAI STATION,OPERATIONAL,,WONDAI,QUEENSLAND,4606,HTTP://DATA.QLD.GOV.AU,,HTTP://DATA.QLD.GOV.AU,,,2018/07/04 00:00:00+00,,-26.317901999999947,151.8774400000001,,,GAQLD158873419,24 PRING STREET,2,4606,WONDAI,28,-26.318087039999966,151.8772432400001
146.091849,-17.9048989999999,1069,EMERGENCY FACILITY,"An emergency management facility from which a particular agency’s resources are commanded, coordinated and assigned to an incident or emergency",POLICING FACILITY,MISSION BEACH STATION,OPERATIONAL,,WONGALING BEACH,QUEENSLAND,4852,HTTP://DATA.QLD.GOV.AU,,HTTP://DATA.QLD.GOV.AU,,,2018/07/04 00:00:00+00,,-17.904898999999943,146.09184900000002,,POLICE STATION,GAQLD160511792,2 WEBB ROAD,2,4852,WONGALING BEACH,36,-17.90520750999997,146.09196398000006
152.776508,-26.953336,1070,EMERGENCY FACILITY,"An emergency management facility from which a particular agency’s resources are commanded, coordinated and assigned to an incident or emergency",POLICING FACILITY,WOODFORD STATION,OPERATIONAL,,WOODFORD,QUEENSLAND,4514,HTTP://DATA.QLD.GOV.AU,,HTTP://DATA.QLD.GOV.AU,,,2018/07/04 00:00:00+00,,-26.95333599999998,152.77650800000004,,WOODFORD POLICE STATION,GAQLD161424886,84-86 ARCHER STREET,0,4514,WOODFORD,9,-26.95325780999997,152.77650216000006
149.456325,-24.1301359999999,1071,EMERGENCY FACILITY,"An emergency management facility from which a particular agency’s resources are commanded, coordinated and assigned to an incident or emergency",POLICING FACILITY,WOORABINDA STATION,OPERATIONAL,,WOORABINDA,QUEENSLAND,4713,HTTP://DATA.QLD.GOV.AU,,HTTP://DATA.QLD.GOV.AU,,,2018/07/04 00:00:00+00,,-24.130135999999936,149.4563250000001,,,GAQLD158904181,49 MUNNS DRIVE,1,4713,WOORABINDA,16,-24.130078999999967,149.4564660000001
145.320337,-15.9428359999999,1072,EMERGENCY FACILITY,"An emergency management facility from which a particular agency’s resources are commanded, coordinated and assigned to an incident or emergency",POLICING FACILITY,WUJAL WUJAL STATION,OPERATIONAL,,WUJAL WUJAL,QUEENSLAND,4895,HTTP://DATA.QLD.GOV.AU,,HTTP://DATA.QLD.GOV.AU,,,2018/07/04 00:00:00+00,,-15.942835999999943,145.3203370000001,,,GAQLD424857979,45 HEORLEIN STREET,2,4895,WUJAL WUJAL,6,-15.942793869999946,145.3203003000001
141.616589,-14.899683,1073,EMERGENCY FACILITY,"An emergency management facility from which a particular agency’s resources are commanded, coordinated and assigned to an incident or emergency",POLICING FACILITY,PORMPURAAW STATION,OPERATIONAL,,PORMPURAAW,QUEENSLAND,4892,HTTP://DATA.QLD.GOV.AU,,HTTP://DATA.QLD.GOV.AU,,,2018/07/04 00:00:00+00,NO GNAF POINT,-14.899682999999982,141.6165890000001,,,,,,,,,,
145.993213,-17.601682,1074,EMERGENCY FACILITY,"An emergency management facility from which a particular agency’s resources are commanded, coordinated and assigned to an incident or emergency",POLICING FACILITY,SOUTH JOHNSTONE STATION,OPERATIONAL,,SOUTH JOHNSTONE,QUEENSLAND,4859,HTTP://DATA.QLD.GOV.AU,,HTTP://DATA.QLD.GOV.AU,,,2018/07/04 00:00:00+00,NO GNAF POINT,-17.601681999999983,145.99321300000008,,,,,,,,,,
148.864553,-28.6390739999999,1075,EMERGENCY FACILITY,"An emergency management facility from which a particular agency’s resources are commanded, coordinated and assigned to an incident or emergency",POLICING FACILITY,THALLON STATION,OPERATIONAL,,THALLON,QUEENSLAND,4497,HTTP://DATA.QLD.GOV.AU,,HTTP://DATA.QLD.GOV.AU,,,2018/07/04 00:00:00+00,NO GNAF POINT,-28.639073999999937,148.86455300000011,,,,,,,,,,
150.156941,-23.618012,1076,EMERGENCY FACILITY,"An emergency management facility from which a particular agency’s resources are commanded, coordinated and assigned to an incident or emergency",POLICING FACILITY,WESTWOOD STATION,OPERATIONAL,,WESTWOOD,QUEENSLAND,4702,HTTP://DATA.QLD.GOV.AU,,HTTP://DATA.QLD.GOV.AU,,,2018/07/04 00:00:00+00,NO GNAF POINT,-23.618011999999965,150.15694100000007,,,,,,,,,,
150.196691,-23.906214,1077,EMERGENCY FACILITY,"An emergency management facility from which a particular agency’s resources are commanded, coordinated and assigned to an incident or emergency",POLICING FACILITY,WOWAN STATION,OPERATIONAL,,WOWAN,QUEENSLAND,4702,HTTP://DATA.QLD.GOV.AU,,HTTP://DATA.QLD.GOV.AU,,,2018/07/04 00:00:00+00,NO GNAF POINT,-23.906213999999977,150.1966910000001,,,,,,,,,,
117.881352083,-35.027234326,1078,EMERGENCY FACILITY,"An emergency management facility from which a particular agency’s resources are commanded, coordinated and assigned to an incident or emergency",POLICING FACILITY,ALBANY POLICE STATION,OPERATIONAL,210 STIRLING TERRACE,ALBANY,WESTERN AUSTRALIA,6330,HTTPS://CATALOGUE.DATA.WA.GOV.AU/DATASET/WA-POLICE-STATIONS,,HTTPS://CATALOGUE.DATA.WA.GOV.AU/DATASET/WA-POLICE-STATIONS,,,2018/08/15 00:00:00+00,,-35.027234325999984,117.88135208300002,,,GAWA_149057147,210 STIRLING TERRACE,1,6330,ALBANY,37,-35.02707363999997,117.88170557000001
152.793806,-27.613668,1079,EMERGENCY FACILITY,"An emergency management facility from which a particular agency’s resources are commanded, coordinated and assigned to an incident or emergency",POLICING FACILITY,BOOVAL STATION,OPERATIONAL,,BOOVAL,QUEENSLAND,4304,HTTP://DATA.QLD.GOV.AU,,HTTP://DATA.QLD.GOV.AU,,,2018/07/04 00:00:00+00,,-27.61366799999996,152.79380600000002,,,GAQLD155048061,163 BRISBANE ROAD,2,4304,BOOVAL,26,-27.613898749999976,152.7938038000001
139.910416,-22.912101,1080,EMERGENCY FACILITY,"An emergency management facility from which a particular agency’s resources are commanded, coordinated and assigned to an incident or emergency",POLICING FACILITY,BOULIA STATION,OPERATIONAL,,BOULIA,QUEENSLAND,4829,HTTP://DATA.QLD.GOV.AU,,HTTP://DATA.QLD.GOV.AU,,,2018/07/04 00:00:00+00,,-22.91210099999995,139.91041600000005,,,GAQLD163295545,35 HERBERT STREET,1,4829,BOULIA,5,-22.91207935999995,139.91046032000008
148.247189,-20.011942,1081,EMERGENCY FACILITY,"An emergency management facility from which a particular agency’s resources are commanded, coordinated and assigned to an incident or emergency",POLICING FACILITY,BOWEN STATION,OPERATIONAL,,BOWEN,QUEENSLAND,4805,HTTP://DATA.QLD.GOV.AU,,HTTP://DATA.QLD.GOV.AU,,,2018/07/04 00:00:00+00,,-20.011941999999976,148.24718900000005,,BOWEN POLICE STATION,GAQLD155048835,25 POWELL STREET,1,4805,BOWEN,41,-20.01229505999993,148.24730809000005
145.488624,-17.614448,1082,EMERGENCY FACILITY,"An emergency management facility from which a particular agency’s resources are commanded, coordinated and assigned to an incident or emergency",POLICING FACILITY,RAVENSHOE STATION,OPERATIONAL,,RAVENSHOE,QUEENSLAND,4888,HTTP://DATA.QLD.GOV.AU,,HTTP://DATA.QLD.GOV.AU,,,2018/07/04 00:00:00+00,,-17.61444799999998,145.48862400000007,,,GAQLD163160046,1 CARRICK STREET,1,4888,RAVENSHOE,60,-17.61454236999998,145.48806587
146.890938,-20.0937779999999,1083,EMERGENCY FACILITY,"An emergency management facility from which a particular agency’s resources are commanded, coordinated and assigned to an incident or emergency",POLICING FACILITY,RAVENSWOOD STATION,OPERATIONAL,,RAVENSWOOD,QUEENSLAND,4816,HTTP://DATA.QLD.GOV.AU,,HTTP://DATA.QLD.GOV.AU,,,2018/07/04 00:00:00+00,,-20.09377799999993,146.89093800000012,,,GAQLD425219657,4 TOWNSVILLE STREET,2,4816,RAVENSWOOD,24,-20.093881259999932,146.89114424000002
153.114272,-27.223575,1084,EMERGENCY FACILITY,"An emergency management facility from which a particular agency’s resources are commanded, coordinated and assigned to an incident or emergency",POLICING FACILITY,REDCLIFFE STATION,OPERATIONAL,,REDCLIFFE,QUEENSLAND,4020,HTTP://DATA.QLD.GOV.AU,,HTTP://DATA.QLD.GOV.AU,,,2018/07/04 00:00:00+00,,-27.223574999999983,153.11427200000003,,POLICE STATION & WATCH HOUSE,GAQLD163222901,195 REDCLIFFE PARADE,1,4020,REDCLIFFE,38,-27.22380716999993,153.11398970000005
153.307516,-27.6165839999999,1085,EMERGENCY FACILITY,"An emergency management facility from which a particular agency’s resources are commanded, coordinated and assigned to an incident or emergency",POLICING FACILITY,REDLAND BAY STATION,OPERATIONAL,,REDLAND BAY,QUEENSLAND,4165,HTTP://DATA.QLD.GOV.AU,,HTTP://DATA.QLD.GOV.AU,,,2018/07/04 00:00:00+00,,-27.616583999999932,153.30751600000008,,,GAQLD155743637,60 HAMILTON STREET,2,4165,REDLAND BAY,17,-27.616443239999967,153.30745175000004
143.141905,-20.728809,1086,EMERGENCY FACILITY,"An emergency management facility from which a particular agency’s resources are commanded, coordinated and assigned to an incident or emergency",POLICING FACILITY,RICHMOND STATION,OPERATIONAL,,RICHMOND,QUEENSLAND,4822,HTTP://DATA.QLD.GOV.AU,,HTTP://DATA.QLD.GOV.AU,,,2018/07/04 00:00:00+00,,-20.728808999999956,143.14190500000007,,,GAQLD160533271,53 GOLDRING STREET,0,4822,RICHMOND,17,-20.72886976999996,143.14175152000007
113.656101514,-24.884559383,1087,EMERGENCY FACILITY,"An emergency management facility from which a particular agency’s resources are commanded, coordinated and assigned to an incident or emergency",POLICING FACILITY,CARNARVON POLICE STATION,OPERATIONAL,11 ROBINSON STREET,CARNARVON,WESTERN AUSTRALIA,6701,HTTPS://CATALOGUE.DATA.WA.GOV.AU/DATASET/WA-POLICE-STATIONS,,HTTPS://CATALOGUE.DATA.WA.GOV.AU/DATASET/WA-POLICE-STATIONS,,,2018/08/15 00:00:00+00,,-24.884559382999953,113.65610151400006,,,GAWA_149170390,11 ROBINSON STREET,-1,6701,CARNARVON,35,-24.884513529999936,113.65575611000008
115.716065937,-31.690024288,1088,EMERGENCY FACILITY,"An emergency management facility from which a particular agency’s resources are commanded, coordinated and assigned to an incident or emergency",POLICING FACILITY,CLARKSON POLICE STATION,OPERATIONAL,14 OCEAN KEYS BVD,CLARKSON,WESTERN AUSTRALIA,6030,HTTPS://CATALOGUE.DATA.WA.GOV.AU/DATASET/WA-POLICE-STATIONS,,HTTPS://CATALOGUE.DATA.WA.GOV.AU/DATASET/WA-POLICE-STATIONS,,,2018/08/15 00:00:00+00,,-31.69002428799996,115.71606593700005,,CLARKSON POLICE STATION,GAWA_147247565,14 OCEAN KEYS BOULEVARD,2,6030,CLARKSON,1,-31.690019999999947,115.71607000000006
153.185356,-27.9229359999999,1089,EMERGENCY FACILITY,"An emergency management facility from which a particular agency’s resources are commanded, coordinated and assigned to an incident or emergency",POLICING FACILITY,NORTH TAMBORINE STATION,OPERATIONAL,,TAMBORINE MOUNTAIN,QUEENSLAND,4272,HTTP://DATA.QLD.GOV.AU,,HTTP://DATA.QLD.GOV.AU,,,2018/07/04 00:00:00+00,,-27.922935999999936,153.18535600000007,,,GAQLD155662534,5-9 GEISSMANN STREET,-1,4272,TAMBORINE MOUNTAIN,68,-27.923086079999962,153.18469119000008
138.609636377,-33.498442403,1090,EMERGENCY FACILITY,"An emergency management facility from which a particular agency’s resources are commanded, coordinated and assigned to an incident or emergency",POLICING FACILITY,SPALDING POLICE STATION,OPERATIONAL,EILEEN STREET,SPALDING,SOUTH AUSTRALIA,5454,HTTP://WWW.POLICE.SA.GOV.AU,,HTTP://WWW.POLICE.SA.GOV.AU,,,2018/08/18 00:00:00+00,,-33.498442402999956,138.60963637700002,,,GASA_416341696,10 EILEEN STREET,2,5454,SPALDING,1,-33.49844766999996,138.6096392600001
137.796877572,-34.909111971,1091,EMERGENCY FACILITY,"An emergency management facility from which a particular agency’s resources are commanded, coordinated and assigned to an incident or emergency",POLICING FACILITY,STANSBURY POLICE STATION,OPERATIONAL,4 WEAVER STREET,STANSBURY,SOUTH AUSTRALIA,5582,HTTP://WWW.POLICE.SA.GOV.AU,,HTTP://WWW.POLICE.SA.GOV.AU,,,2018/08/18 00:00:00+00,,-34.90911197099996,137.79687757200008,,STANSBURY LPO,GASA_416358440,4 WEAVER STREET,1,5582,STANSBURY,2,-34.90912511999994,137.79686746000004
138.717264974,-35.006455956,1092,EMERGENCY FACILITY,"An emergency management facility from which a particular agency’s resources are commanded, coordinated and assigned to an incident or emergency",POLICING FACILITY,STIRLING POLICE STATION,OPERATIONAL,46 MOUNT BARKER ROAD,STIRLING,SOUTH AUSTRALIA,5152,HTTP://WWW.POLICE.SA.GOV.AU,,HTTP://WWW.POLICE.SA.GOV.AU,,,2018/08/18 00:00:00+00,,-35.00645595599997,138.71726497400005,,STIRLING POLICE STATION,GASA_415163176,46 MOUNT BARKER ROAD,1,5152,STIRLING,0,-35.00645399999996,138.71726563000004
138.888392077,-35.256366214,1093,EMERGENCY FACILITY,"An emergency management facility from which a particular agency’s resources are commanded, coordinated and assigned to an incident or emergency",POLICING FACILITY,STRATHALBYN POLICE STATION,OPERATIONAL,11 COMMERCIAL ROAD,STRATHALBYN,SOUTH AUSTRALIA,5255,HTTP://WWW.POLICE.SA.GOV.AU,,HTTP://WWW.POLICE.SA.GOV.AU,,,2018/08/18 00:00:00+00,,-35.25636621399997,138.88839207700005,,,GASA_416347622,11 COMMERCIAL ROAD,2,5255,STRATHALBYN,12,-35.25626619999997,138.88835748000008
134.208193879,-32.796133939,1094,EMERGENCY FACILITY,"An emergency management facility from which a particular agency’s resources are commanded, coordinated and assigned to an incident or emergency",POLICING FACILITY,STREAKY BAY POLICE STATION,OPERATIONAL,3 LINKLATER STREET,STREAKY BAY,SOUTH AUSTRALIA,5680,HTTP://WWW.POLICE.SA.GOV.AU,,HTTP://WWW.POLICE.SA.GOV.AU,,,2018/08/18 00:00:00+00,,-32.79613393899996,134.20819387900008,,STREAKY BAY POLICE STATION,GASA_415616423,3 LINKLATER STREET,2,5680,STREAKY BAY,0,-32.79613393999995,134.20819388000007
139.596742108,-34.569730872,1095,EMERGENCY FACILITY,"An emergency management facility from which a particular agency’s resources are commanded, coordinated and assigned to an incident or emergency",POLICING FACILITY,SWAN REACH POLICE STATION,OPERATIONAL,7 NILDOTTIE ROAD,SWAN REACH,SOUTH AUSTRALIA,5354,HTTP://WWW.POLICE.SA.GOV.AU,,HTTP://WWW.POLICE.SA.GOV.AU,,,2018/08/18 00:00:00+00,,-34.56973087199998,139.59674210800006,,,GASA_416367943,7 NILDOTTIE ROAD,2,5354,SWAN REACH,5,-34.56969002999995,139.59675544000004
151.907981,-24.212576,1096,EMERGENCY FACILITY,"An emergency management facility from which a particular agency’s resources are commanded, coordinated and assigned to an incident or emergency",POLICING FACILITY,AGNES WATER STATION,OPERATIONAL,,AGNES WATER,QUEENSLAND,4677,HTTP://DATA.QLD.GOV.AU,,HTTP://DATA.QLD.GOV.AU,,,2018/07/04 00:00:00+00,,-24.212575999999956,151.90798100000006,,POLICE STATION,GAQLD162965188,10-12 SPRINGS ROAD,0,4677,AGNES WATER,17,-24.212642009999968,151.90813543000002
152.965198,-27.344526,1097,EMERGENCY FACILITY,"An emergency management facility from which a particular agency’s resources are commanded, coordinated and assigned to an incident or emergency",POLICING FACILITY,ALBANY CREEK STATION,OPERATIONAL,,ALBANY CREEK,QUEENSLAND,4035,HTTP://DATA.QLD.GOV.AU,,HTTP://DATA.QLD.GOV.AU,,,2018/07/04 00:00:00+00,,-27.344525999999973,152.9651980000001,,,GAQLD163315399,179 OLD NORTHERN ROAD,1,4035,ALBANY CREEK,0,-27.344525209999972,152.96519805000003
151.984592,-28.035288,1098,EMERGENCY FACILITY,"An emergency management facility from which a particular agency’s resources are commanded, coordinated and assigned to an incident or emergency",POLICING FACILITY,ALLORA STATION,OPERATIONAL,,ALLORA,QUEENSLAND,4362,HTTP://DATA.QLD.GOV.AU,,HTTP://DATA.QLD.GOV.AU,,,2018/07/04 00:00:00+00,,-28.03528799999998,151.98459200000002,,POLICE ALLORA RESERV,GAQLD157436564,40 RAFF STREET,2,4362,ALLORA,29,-28.03503066999997,151.98464461000003
146.640265,-23.6499519999999,1099,EMERGENCY FACILITY,"An emergency management facility from which a particular agency’s resources are commanded, coordinated and assigned to an incident or emergency",POLICING FACILITY,ALPHA STATION,OPERATIONAL,,ALPHA,QUEENSLAND,4724,HTTP://DATA.QLD.GOV.AU,,HTTP://DATA.QLD.GOV.AU,,,2018/07/04 00:00:00+00,,-23.649951999999928,146.6402650000001,,,GAQLD156198030,19 MILTON STREET,2,4724,ALPHA,7,-23.650013829999978,146.64026318000003
153.033648,-27.509183,1100,EMERGENCY FACILITY,"An emergency management facility from which a particular agency’s resources are commanded, coordinated and assigned to an incident or emergency",POLICING FACILITY,ANNERLEY STATION,OPERATIONAL,,ANNERLEY,QUEENSLAND,4103,HTTP://DATA.QLD.GOV.AU,,HTTP://DATA.QLD.GOV.AU,,,2018/07/04 00:00:00+00,,-27.50918299999995,153.03364800000008,,,GAQLD156192142,444 IPSWICH ROAD,1,4103,ANNERLEY,0,-27.50918293999996,153.03364795000005
145.239628,-22.972544,1101,EMERGENCY FACILITY,"An emergency management facility from which a particular agency’s resources are commanded, coordinated and assigned to an incident or emergency",POLICING FACILITY,ARAMAC STATION,OPERATIONAL,,ARAMAC,QUEENSLAND,4726,HTTP://DATA.QLD.GOV.AU,,HTTP://DATA.QLD.GOV.AU,,,2018/07/04 00:00:00+00,,-22.97254399999997,145.23962800000004,,,GAQLD424937004,50 BURT STREET,2,4726,ARAMAC,42,-22.97233370999993,145.23929209000005
145.474511,-17.26681,1102,EMERGENCY FACILITY,"An emergency management facility from which a particular agency’s resources are commanded, coordinated and assigned to an incident or emergency",POLICING FACILITY,ATHERTON STATION,OPERATIONAL,,ATHERTON,QUEENSLAND,4883,HTTP://DATA.QLD.GOV.AU,,HTTP://DATA.QLD.GOV.AU,,,2018/07/04 00:00:00+00,,-17.266809999999964,145.47451100000012,,,GAQLD163168806,83-85 MAIN STREET,0,4883,ATHERTON,4,-17.266810309999983,145.47454789000005
146.585258,-25.7955979999999,1103,EMERGENCY FACILITY,"An emergency management facility from which a particular agency’s resources are commanded, coordinated and assigned to an incident or emergency",POLICING FACILITY,AUGATHELLA STATION,OPERATIONAL,,AUGATHELLA,QUEENSLAND,4477,HTTP://DATA.QLD.GOV.AU,,HTTP://DATA.QLD.GOV.AU,,,2018/07/04 00:00:00+00,,-25.795597999999927,146.58525800000007,,,GAQLD161065180,LOT 301 BENDEE STREET,0,4477,AUGATHELLA,6,-25.795549619999974,146.58524621000004
151.373499,-24.538964,1104,EMERGENCY FACILITY,"An emergency management facility from which a particular agency’s resources are commanded, coordinated and assigned to an incident or emergency",POLICING FACILITY,MANY PEAKS STATION,OPERATIONAL,,BOYNE VALLEY,QUEENSLAND,4680,HTTP://DATA.QLD.GOV.AU,,HTTP://DATA.QLD.GOV.AU,,,2018/07/04 00:00:00+00,,-24.538963999999964,151.37349900000004,,,GAQLD160287941,2 MORGAN STREET,2,4680,BOYNE VALLEY,24,-24.53877669999997,151.37362354000004
153.105515,-27.4041159999999,1105,EMERGENCY FACILITY,"An emergency management facility from which a particular agency’s resources are commanded, coordinated and assigned to an incident or emergency",POLICING FACILITY,AFP - QLD AVIATION - BRISBANE AIRPORT,OPERATIONAL,5-7 LOBELIA CIRCLE,BRISBANE AIRPORT,QUEENSLAND,4008,WWW.AFP.GOV.AU,,WWW.AFP.GOV.AU,,,2018/08/16 00:00:00+00,,-27.40411599999993,153.10551500000008,,,GAQLD720112566,5-7 LOBELIA CIRCLE,0,4008,BRISBANE AIRPORT,51,-27.404567889999953,153.10560800000007
153.017866,-27.466873,1106,EMERGENCY FACILITY,"An emergency management facility from which a particular agency’s resources are commanded, coordinated and assigned to an incident or emergency",POLICING FACILITY,ROMA STREET STATION,OPERATIONAL,,BRISBANE CITY,QUEENSLAND,4000,HTTP://DATA.QLD.GOV.AU,,HTTP://DATA.QLD.GOV.AU,,,2018/07/04 00:00:00+00,,-27.466872999999964,153.01786600000003,,QUEENSLAND POLICE HEADQUARTERS,GAQLD163267089,200 ROMA STREET,1,4000,BRISBANE CITY,15,-27.466968359999953,153.0177596000001
153.025747,-27.471559,1107,EMERGENCY FACILITY,"An emergency management facility from which a particular agency’s resources are commanded, coordinated and assigned to an incident or emergency",POLICING FACILITY,BRISBANE CITY STATION,OPERATIONAL,,BRISBANE CITY,QUEENSLAND,4000,HTTP://DATA.QLD.GOV.AU,,HTTP://DATA.QLD.GOV.AU,,,2018/07/04 00:00:00+00,,-27.471558999999957,153.02574700000002,,,GAQLD163133201,46 CHARLOTTE STREET,0,4000,BRISBANE CITY,0,-27.471559209999953,153.02574705000006
153.431963,-28.031669,1108,EMERGENCY FACILITY,"An emergency management facility from which a particular agency’s resources are commanded, coordinated and assigned to an incident or emergency",POLICING FACILITY,BROADBEACH STATION,OPERATIONAL,,BROADBEACH,QUEENSLAND,4218,HTTP://DATA.QLD.GOV.AU,,HTTP://DATA.QLD.GOV.AU,,,2018/07/04 00:00:00+00,,-28.031668999999965,153.4319630000001,,BROADBEACH POLICE STATION,GAQLD157617368,20 ELIZABETH AVENUE,2,4218,BROADBEACH,31,-28.031454959999962,153.4321624600001
152.296613,-28.332726,1109,EMERGENCY FACILITY,"An emergency management facility from which a particular agency’s resources are commanded, coordinated and assigned to an incident or emergency",POLICING FACILITY,KILLARNEY STATION,OPERATIONAL,,KILLARNEY,QUEENSLAND,4373,HTTP://DATA.QLD.GOV.AU,,HTTP://DATA.QLD.GOV.AU,,,2018/07/04 00:00:00+00,,-28.33272599999998,152.2966130000001,,POLICE KIL STAT,GAQLD162157359,27 IVY STREET,1,4373,KILLARNEY,21,-28.332631669999955,152.29679295000005
151.839778,-26.541705,1110,EMERGENCY FACILITY,"An emergency management facility from which a particular agency’s resources are commanded, coordinated and assigned to an incident or emergency",POLICING FACILITY,KINGAROY STATION,OPERATIONAL,,KINGAROY,QUEENSLAND,4610,HTTP://DATA.QLD.GOV.AU,,HTTP://DATA.QLD.GOV.AU,,,2018/07/04 00:00:00+00,,-26.54170499999998,151.83977800000002,,POLICE STATION,GAQLD160200280,11 ALFORD STREET,1,4610,KINGAROY,33,-26.541410489999976,151.8397351000001
150.555712,-23.3745989999999,1111,EMERGENCY FACILITY,"An emergency management facility from which a particular agency’s resources are commanded, coordinated and assigned to an incident or emergency",POLICING FACILITY,LAKES CREEK STATION,OPERATIONAL,,KOONGAL,QUEENSLAND,4701,HTTP://DATA.QLD.GOV.AU,,HTTP://DATA.QLD.GOV.AU,,,2018/07/04 00:00:00+00,,-23.374598999999932,150.55571200000009,,POLICE STATION,GAQLD158164756,393 LAKES CREEK ROAD,2,4701,KOONGAL,1,-23.374587479999946,150.55571070000008
115.934345765,-31.9603395039999,1112,EMERGENCY FACILITY,"An emergency management facility from which a particular agency’s resources are commanded, coordinated and assigned to an incident or emergency",POLICING FACILITY,BELMONT POLICE STATION,OPERATIONAL,273 ABERNETHY ROAD,CLOVERDALE,WESTERN AUSTRALIA,6105,HTTPS://CATALOGUE.DATA.WA.GOV.AU/DATASET/WA-POLICE-STATIONS,,HTTPS://CATALOGUE.DATA.WA.GOV.AU/DATASET/WA-POLICE-STATIONS,,,2018/08/15 00:00:00+00,,-31.960339503999933,115.9343457650001,,BELMONT POLICE STATION,GAWA_147157593,273 ABERNETHY ROAD,1,6105,CLOVERDALE,0,-31.960339999999974,115.93435000000011
115.855990606,-32.124554652,1113,EMERGENCY FACILITY,"An emergency management facility from which a particular agency’s resources are commanded, coordinated and assigned to an incident or emergency",POLICING FACILITY,COCKBURN POLICE STATION,OPERATIONAL,34 LINKAGE AVENUE,COCKBURN CENTRAL,WESTERN AUSTRALIA,6164,HTTPS://CATALOGUE.DATA.WA.GOV.AU/DATASET/WA-POLICE-STATIONS,,HTTPS://CATALOGUE.DATA.WA.GOV.AU/DATASET/WA-POLICE-STATIONS,,,2018/08/15 00:00:00+00,,-32.12455465199997,115.85599060600009,,,GAWA_718871965,34 LINKAGE AVENUE,1,6164,COCKBURN CENTRAL,0,-32.124554649999936,115.85599060000004
116.159174915,-33.36300605,1114,EMERGENCY FACILITY,"An emergency management facility from which a particular agency’s resources are commanded, coordinated and assigned to an incident or emergency",POLICING FACILITY,COLLIE POLICE STATION,OPERATIONAL,39 WITTENOOM STREET,COLLIE,WESTERN AUSTRALIA,6225,HTTPS://CATALOGUE.DATA.WA.GOV.AU/DATASET/WA-POLICE-STATIONS,,HTTPS://CATALOGUE.DATA.WA.GOV.AU/DATASET/WA-POLICE-STATIONS,,,2018/08/15 00:00:00+00,,-33.36300604999997,116.15917491500011,,POLICE STATION,GAWA_147119709,39 WITTENOOM STREET,1,6225,COLLIE,0,-33.36300604999997,116.15917491000005
121.164817959,-30.9540444899999,1115,EMERGENCY FACILITY,"An emergency management facility from which a particular agency’s resources are commanded, coordinated and assigned to an incident or emergency",POLICING FACILITY,COOLGARDIE POLICE STATION,OPERATIONAL,61 SYLVESTER STREET,COOLGARDIE,WESTERN AUSTRALIA,6429,HTTPS://CATALOGUE.DATA.WA.GOV.AU/DATASET/WA-POLICE-STATIONS,,HTTPS://CATALOGUE.DATA.WA.GOV.AU/DATASET/WA-POLICE-STATIONS,,,2018/08/15 00:00:00+00,,-30.954044489999944,121.16481795900006,,,GAWA_147609827,61 SYLVESTER STREET,1,6429,COOLGARDIE,0,-30.954044479999936,121.16481795000004
150.625221,-26.740331,1116,EMERGENCY FACILITY,"An emergency management facility from which a particular agency’s resources are commanded, coordinated and assigned to an incident or emergency",POLICING FACILITY,CHINCHILLA STATION,OPERATIONAL,,CHINCHILLA,QUEENSLAND,4413,HTTP://DATA.QLD.GOV.AU,,HTTP://DATA.QLD.GOV.AU,,,2018/07/04 00:00:00+00,,-26.74033099999997,150.625221,,,GAQLD157741999,30 BELL STREET,2,4413,CHINCHILLA,11,-26.740318539999976,150.6251139100001
147.227456,-19.78594,1117,EMERGENCY FACILITY,"An emergency management facility from which a particular agency’s resources are commanded, coordinated and assigned to an incident or emergency",POLICING FACILITY,CLARE STATION,OPERATIONAL,,CLARE,QUEENSLAND,4807,HTTP://DATA.QLD.GOV.AU,,HTTP://DATA.QLD.GOV.AU,,,2018/07/04 00:00:00+00,,-19.785939999999982,147.22745600000007,,,GAQLD163015619,44-46 GEORGE ROAD,1,4807,CLARE,4,-19.78592691999995,147.22749237000005
147.640473,-22.8204049999999,1118,EMERGENCY FACILITY,"An emergency management facility from which a particular agency’s resources are commanded, coordinated and assigned to an incident or emergency",POLICING FACILITY,CLERMONT STATION,OPERATIONAL,,CLERMONT,QUEENSLAND,4721,HTTP://DATA.QLD.GOV.AU,,HTTP://DATA.QLD.GOV.AU,,,2018/07/04 00:00:00+00,,-22.820404999999937,147.64047300000004,,,GAQLD160381295,41 MIMOSA STREET,0,4721,CLERMONT,3,-22.820398379999972,147.6404993000001
139.45664393,-35.256860162,1119,EMERGENCY FACILITY,"An emergency management facility from which a particular agency’s resources are commanded, coordinated and assigned to an incident or emergency",POLICING FACILITY,TAILEM BEND POLICE STATION,OPERATIONAL,49 RAILWAY TERRACE,TAILEM BEND,SOUTH AUSTRALIA,5260,HTTP://WWW.POLICE.SA.GOV.AU,,HTTP://WWW.POLICE.SA.GOV.AU,,,2018/08/18 00:00:00+00,,-35.25686016199995,139.45664393000004,,,GASA_415744761,49 RAILWAY TERRACE,2,5260,TAILEM BEND,0,-35.256859609999935,139.45664411000007
148.161008,-23.524718,1120,EMERGENCY FACILITY,"An emergency management facility from which a particular agency’s resources are commanded, coordinated and assigned to an incident or emergency",POLICING FACILITY,EMERALD STATION,OPERATIONAL,,EMERALD,QUEENSLAND,4720,HTTP://DATA.QLD.GOV.AU,,HTTP://DATA.QLD.GOV.AU,,,2018/07/04 00:00:00+00,,-23.52471799999995,148.16100800000004,,,GAQLD160733005,35 EGERTON STREET,1,4720,EMERALD,15,-23.524730959999943,148.1608630300001
150.824993,-23.2563519999999,1121,EMERGENCY FACILITY,"An emergency management facility from which a particular agency’s resources are commanded, coordinated and assigned to an incident or emergency",POLICING FACILITY,EMU PARK STATION,OPERATIONAL,,EMU PARK,QUEENSLAND,4710,HTTP://DATA.QLD.GOV.AU,,HTTP://DATA.QLD.GOV.AU,,,2018/07/04 00:00:00+00,,-23.256351999999936,150.82499300000006,,POLICE STATION EMU PARK,GAQLD425114283,47-51 ARCHER STREET,1,4710,EMU PARK,0,-23.25635258999995,150.82499197000004
143.270756,-26.668415,1122,EMERGENCY FACILITY,"An emergency management facility from which a particular agency’s resources are commanded, coordinated and assigned to an incident or emergency",POLICING FACILITY,EROMANGA STATION,OPERATIONAL,,EROMANGA,QUEENSLAND,4480,HTTP://DATA.QLD.GOV.AU,,HTTP://DATA.QLD.GOV.AU,,,2018/07/04 00:00:00+00,,-26.66841499999998,143.27075600000012,,EROMANGA POLICE STATION,GAQLD719799642,15 WEBBER STREET,2,4480,EROMANGA,25,-26.66823464999993,143.2706066500001
152.419026,-27.240732,1123,EMERGENCY FACILITY,"An emergency management facility from which a particular agency’s resources are commanded, coordinated and assigned to an incident or emergency",POLICING FACILITY,ESK STATION,OPERATIONAL,,ESK,QUEENSLAND,4312,HTTP://DATA.QLD.GOV.AU,,HTTP://DATA.QLD.GOV.AU,,,2018/07/04 00:00:00+00,,-27.24073199999998,152.41902600000003,,,GAQLD156572934,20 HIGHLAND STREET,2,4312,ESK,2,-27.240722309999967,152.4190101800001
148.973326,-21.265371,1124,EMERGENCY FACILITY,"An emergency management facility from which a particular agency’s resources are commanded, coordinated and assigned to an incident or emergency",POLICING FACILITY,ETON STATION,OPERATIONAL,,ETON,QUEENSLAND,4741,HTTP://DATA.QLD.GOV.AU,,HTTP://DATA.QLD.GOV.AU,,,2018/07/04 00:00:00+00,,-21.26537099999996,148.97332600000004,,ETON COURT HOUSE/POLICE STATION,GAQLD155286754,17 TELEGRAPH STREET,2,4741,ETON,20,-21.26549812999997,148.9731954
145.046285,-28.1612249999999,1125,EMERGENCY FACILITY,"An emergency management facility from which a particular agency’s resources are commanded, coordinated and assigned to an incident or emergency",POLICING FACILITY,EULO STATION,OPERATIONAL,,EULO,QUEENSLAND,4491,HTTP://DATA.QLD.GOV.AU,,HTTP://DATA.QLD.GOV.AU,,,2018/07/04 00:00:00+00,,-28.161224999999945,145.046285,,,GAQLD158941089,LOT 2 LEO STREET,1,4491,EULO,54,-28.160816069999953,145.04598638000004
152.951705,-26.4741559999999,1126,EMERGENCY FACILITY,"An emergency management facility from which a particular agency’s resources are commanded, coordinated and assigned to an incident or emergency",POLICING FACILITY,EUMUNDI STATION,OPERATIONAL,,EUMUNDI,QUEENSLAND,4562,HTTP://DATA.QLD.GOV.AU,,HTTP://DATA.QLD.GOV.AU,,,2018/07/04 00:00:00+00,,-26.474155999999937,152.95170500000006,,,GAQLD719338803,5 NAPIER ROAD,0,4562,EUMUNDI,19,-26.473985469999946,152.95169184000008
153.074538,-27.416895,1127,EMERGENCY FACILITY,"An emergency management facility from which a particular agency’s resources are commanded, coordinated and assigned to an incident or emergency",POLICING FACILITY,HENDRA STATION,OPERATIONAL,,HENDRA,QUEENSLAND,4011,HTTP://DATA.QLD.GOV.AU,,HTTP://DATA.QLD.GOV.AU,,,2018/07/04 00:00:00+00,,-27.416894999999954,153.07453800000008,,,GAQLD162893370,8 GADARA STREET,0,4011,HENDRA,16,-27.41694524999997,153.07468905000007
145.386803,-17.383048,1128,EMERGENCY FACILITY,"An emergency management facility from which a particular agency’s resources are commanded, coordinated and assigned to an incident or emergency",POLICING FACILITY,HERBERTON STATION,OPERATIONAL,,HERBERTON,QUEENSLAND,4887,HTTP://DATA.QLD.GOV.AU,,HTTP://DATA.QLD.GOV.AU,,,2018/07/04 00:00:00+00,,-17.383047999999974,145.3868030000001,,,GAQLD156636255,8 LILIAN STREET,1,4887,HERBERTON,9,-17.38300881999993,145.3868753600001
146.797178,-19.2873349999999,1129,EMERGENCY FACILITY,"An emergency management facility from which a particular agency’s resources are commanded, coordinated and assigned to an incident or emergency",POLICING FACILITY,MUNDINGBURRA STATION,OPERATIONAL,,HERMIT PARK,QUEENSLAND,4812,HTTP://DATA.QLD.GOV.AU,,HTTP://DATA.QLD.GOV.AU,,,2018/07/04 00:00:00+00,,-19.287334999999928,146.79717800000003,,,GAQLD161682543,240-246 CHARTERS TOWERS ROAD,2,4812,HERMIT PARK,13,-19.287293889999944,146.79729549
153.029495,-27.6779999999999,1130,EMERGENCY FACILITY,"An emergency management facility from which a particular agency’s resources are commanded, coordinated and assigned to an incident or emergency",POLICING FACILITY,BROWNS PLAINS STATION,OPERATIONAL,,HILLCREST,QUEENSLAND,4118,HTTP://DATA.QLD.GOV.AU,,HTTP://DATA.QLD.GOV.AU,,,2018/07/04 00:00:00+00,,-27.67799999999994,153.0294950000001,,,GAQLD155386747,3 ORR COURT,2,4118,HILLCREST,12,-27.677898849999963,153.02952664000009
153.063585,-27.521472,1131,EMERGENCY FACILITY,"An emergency management facility from which a particular agency’s resources are commanded, coordinated and assigned to an incident or emergency",POLICING FACILITY,HOLLAND PARK STATION,OPERATIONAL,,HOLLAND PARK WEST,QUEENSLAND,4121,HTTP://DATA.QLD.GOV.AU,,HTTP://DATA.QLD.GOV.AU,,,2018/07/04 00:00:00+00,,-27.52147199999996,153.0635850000001,,,GAQLD155394886,1025 LOGAN ROAD,1,4121,HOLLAND PARK WEST,0,-27.521472769999946,153.06358510000007
147.412076,-19.6614939999999,1132,EMERGENCY FACILITY,"An emergency management facility from which a particular agency’s resources are commanded, coordinated and assigned to an incident or emergency",POLICING FACILITY,HOME HILL STATION,OPERATIONAL,,HOME HILL,QUEENSLAND,4806,HTTP://DATA.QLD.GOV.AU,,HTTP://DATA.QLD.GOV.AU,,,2018/07/04 00:00:00+00,,-19.661493999999948,147.41207600000007,,,GAQLD158031622,142 EIGHTH AVENUE,1,4806,HOME HILL,3,-19.66151605999994,147.41206477000003
142.249562,-10.595022,1133,EMERGENCY FACILITY,"An emergency management facility from which a particular agency’s resources are commanded, coordinated and assigned to an incident or emergency",POLICING FACILITY,HORN ISLAND STATION,OPERATIONAL,,HORN,QUEENSLAND,4875,HTTP://DATA.QLD.GOV.AU,,HTTP://DATA.QLD.GOV.AU,,,2018/07/04 00:00:00+00,,-10.595021999999972,142.24956200000008,,,GAQLD161286697,LOT 23 RATTLER STREET,0,4875,HORN,13,-10.595075479999934,142.2496699200001
152.559541,-25.3214639999999,1134,EMERGENCY FACILITY,"An emergency management facility from which a particular agency’s resources are commanded, coordinated and assigned to an incident or emergency",POLICING FACILITY,HOWARD STATION,OPERATIONAL,,HOWARD,QUEENSLAND,4659,HTTP://DATA.QLD.GOV.AU,,HTTP://DATA.QLD.GOV.AU,,,2018/07/04 00:00:00+00,,-25.321463999999935,152.55954100000008,,,GAQLD155410908,98 WILLIAM STREET,2,4659,HOWARD,28,-25.32130109999997,152.55932555000004
145.637121,-16.817934,1135,EMERGENCY FACILITY,"An emergency management facility from which a particular agency’s resources are commanded, coordinated and assigned to an incident or emergency",POLICING FACILITY,KURANDA STATION,OPERATIONAL,,KURANDA,QUEENSLAND,4881,HTTP://DATA.QLD.GOV.AU,,HTTP://DATA.QLD.GOV.AU,,,2018/07/04 00:00:00+00,,-16.81793399999998,145.6371210000001,,,GAQLD155484448,27 COONDOO STREET,2,4881,KURANDA,6,-16.817891989999964,145.63709156000004
141.921355,-21.57951,1136,EMERGENCY FACILITY,"An emergency management facility from which a particular agency’s resources are commanded, coordinated and assigned to an incident or emergency",POLICING FACILITY,KYNUNA STATION,OPERATIONAL,,KYNUNA,QUEENSLAND,4823,HTTP://DATA.QLD.GOV.AU,,HTTP://DATA.QLD.GOV.AU,,,2018/07/04 00:00:00+00,,-21.57950999999997,141.92135500000006,,,GAQLD161629682,LOT 101 HULBERT STREET,1,4823,KYNUNA,10,-21.579515989999948,141.9214519100001
152.395108,-27.630104,1137,EMERGENCY FACILITY,"An emergency management facility from which a particular agency’s resources are commanded, coordinated and assigned to an incident or emergency",POLICING FACILITY,LAIDLEY STATION,OPERATIONAL,,LAIDLEY,QUEENSLAND,4341,HTTP://DATA.QLD.GOV.AU,,HTTP://DATA.QLD.GOV.AU,,,2018/07/04 00:00:00+00,,-27.63010399999996,152.39510800000005,,,GAQLD161313431,LOT 19 SPICER STREET,-1,4341,LAIDLEY,3,-27.630096159999937,152.39514051000003
152.968361,-26.810662,1138,EMERGENCY FACILITY,"An emergency management facility from which a particular agency’s resources are commanded, coordinated and assigned to an incident or emergency",POLICING FACILITY,LANDSBOROUGH STATION,OPERATIONAL,,LANDSBOROUGH,QUEENSLAND,4550,HTTP://DATA.QLD.GOV.AU,,HTTP://DATA.QLD.GOV.AU,,,2018/07/04 00:00:00+00,,-26.81066199999998,152.96836100000007,,POLICE LANDSBOROUGH,GAQLD162380846,5 BEERWAH STREET,2,4550,LANDSBOROUGH,8,-26.81069592999995,152.96829609000008
144.446257,-15.560056,1139,EMERGENCY FACILITY,"An emergency management facility from which a particular agency’s resources are commanded, coordinated and assigned to an incident or emergency",POLICING FACILITY,LAURA STATION,OPERATIONAL,,LAURA,QUEENSLAND,4892,HTTP://DATA.QLD.GOV.AU,,HTTP://DATA.QLD.GOV.AU,,,2018/07/04 00:00:00+00,,-15.560055999999975,144.44625700000006,,,GAQLD161753786,LOT 191 GLADWELL COURT,1,4892,LAURA,15,-15.560185279999928,144.4462819700001
153.36344,-28.0741619999999,1140,EMERGENCY FACILITY,"An emergency management facility from which a particular agency’s resources are commanded, coordinated and assigned to an incident or emergency",POLICING FACILITY,MUDGEERABA STATION,OPERATIONAL,,MUDGEERABA,QUEENSLAND,4213,HTTP://DATA.QLD.GOV.AU,,HTTP://DATA.QLD.GOV.AU,,,2018/07/04 00:00:00+00,,-28.074161999999944,153.36344000000008,,,GAQLD155614852,18 RAILWAY STREET,1,4213,MUDGEERABA,23,-28.07406956999995,153.3636465300001
151.298853,-25.5892729999999,1141,EMERGENCY FACILITY,"An emergency management facility from which a particular agency’s resources are commanded, coordinated and assigned to an incident or emergency",POLICING FACILITY,MUNDUBBERA STATION,OPERATIONAL,,MUNDUBBERA,QUEENSLAND,4626,HTTP://DATA.QLD.GOV.AU,,HTTP://DATA.QLD.GOV.AU,,,2018/07/04 00:00:00+00,,-25.589272999999935,151.29885300000012,,,GAQLD162381068,22-26 BOUVERIE STREET,1,4626,MUNDUBBERA,30,-25.589076759999955,151.29864252000004
147.543916,-26.443998,1142,EMERGENCY FACILITY,"An emergency management facility from which a particular agency’s resources are commanded, coordinated and assigned to an incident or emergency",POLICING FACILITY,MUNGALLALA STATION,OPERATIONAL,,MUNGALLALA,QUEENSLAND,4467,HTTP://DATA.QLD.GOV.AU,,HTTP://DATA.QLD.GOV.AU,,,2018/07/04 00:00:00+00,,-26.443997999999965,147.54391600000008,,,GAQLD719478172,25 SCHOOL STREET,0,4467,MUNGALLALA,48,-26.443728309999983,147.54428573000007
153.263333,-27.525899,1143,EMERGENCY FACILITY,"An emergency management facility from which a particular agency’s resources are commanded, coordinated and assigned to an incident or emergency",POLICING FACILITY,CLEVELAND STATION,OPERATIONAL,,CLEVELAND,QUEENSLAND,4163,HTTP://DATA.QLD.GOV.AU,,HTTP://DATA.QLD.GOV.AU,,,2018/07/04 00:00:00+00,,-27.52589899999998,153.2633330000001,,,GAQLD159491125,7-11 MIDDLE STREET,0,4163,CLEVELAND,22,-27.526035909999962,153.26349319000008
151.904836,-27.931665,1144,EMERGENCY FACILITY,"An emergency management facility from which a particular agency’s resources are commanded, coordinated and assigned to an incident or emergency",POLICING FACILITY,CLIFTON STATION,OPERATIONAL,,CLIFTON,QUEENSLAND,4361,HTTP://DATA.QLD.GOV.AU,,HTTP://DATA.QLD.GOV.AU,,,2018/07/04 00:00:00+00,,-27.931664999999953,151.90483600000005,,,GAQLD162219176,10 MOWEN STREET,2,4361,CLIFTON,10,-27.93174584999997,151.90479116000006
140.50702,-20.7053079999999,1145,EMERGENCY FACILITY,"An emergency management facility from which a particular agency’s resources are commanded, coordinated and assigned to an incident or emergency",POLICING FACILITY,CLONCURRY STATION,OPERATIONAL,,CLONCURRY,QUEENSLAND,4824,HTTP://DATA.QLD.GOV.AU,,HTTP://DATA.QLD.GOV.AU,,,2018/07/04 00:00:00+00,,-20.705307999999945,140.50702,,,GAQLD157766992,35 SCARR STREET,2,4824,CLONCURRY,30,-20.705037709999942,140.50703239000006
143.196749,-13.947938,1146,EMERGENCY FACILITY,"An emergency management facility from which a particular agency’s resources are commanded, coordinated and assigned to an incident or emergency",POLICING FACILITY,COEN STATION,OPERATIONAL,,COEN,QUEENSLAND,4892,HTTP://DATA.QLD.GOV.AU,,HTTP://DATA.QLD.GOV.AU,,,2018/07/04 00:00:00+00,,-13.947937999999965,143.19674900000007,,,GAQLD162119112,7 AYAPATHU STREET,2,4892,COEN,11,-13.947965229999966,143.1968489400001
147.842337,-20.549343,1147,EMERGENCY FACILITY,"An emergency management facility from which a particular agency’s resources are commanded, coordinated and assigned to an incident or emergency",POLICING FACILITY,COLLINSVILLE STATION,OPERATIONAL,,COLLINSVILLE,QUEENSLAND,4804,HTTP://DATA.QLD.GOV.AU,,HTTP://DATA.QLD.GOV.AU,,,2018/07/04 00:00:00+00,,-20.549342999999965,147.84233700000004,,,GAQLD157773456,62 SONOMA STREET,2,4804,COLLINSVILLE,10,-20.54926598999998,147.84239199
138.352229803,-32.880831326,1148,EMERGENCY FACILITY,"An emergency management facility from which a particular agency’s resources are commanded, coordinated and assigned to an incident or emergency",POLICING FACILITY,BOOLEROO CENTRE POLICE STATION,OPERATIONAL,34A ARTHUR STREET,BOOLEROO CENTRE,SOUTH AUSTRALIA,5482,HTTP://WWW.POLICE.SA.GOV.AU,,HTTP://WWW.POLICE.SA.GOV.AU,,,2018/08/18 00:00:00+00,,-32.880831325999964,138.3522298030001,,,GASA_425431316,34 ARTHUR STREET,2,5482,BOOLEROO CENTRE,2,-32.88081287999995,138.3522356300001
140.773833967,-36.3080893869999,1149,EMERGENCY FACILITY,"An emergency management facility from which a particular agency’s resources are commanded, coordinated and assigned to an incident or emergency",POLICING FACILITY,BORDERTOWN POLICE STATION,OPERATIONAL,PT LT 159 WOOLSHED STREET,BORDERTOWN,SOUTH AUSTRALIA,5268,HTTP://WWW.POLICE.SA.GOV.AU,,HTTP://WWW.POLICE.SA.GOV.AU,,,2018/08/18 00:00:00+00,,-36.30808938699994,140.7738339670001,,,GASA_424341772,LOT 159 WOOLSHED STREET,-1,5268,BORDERTOWN,17,-36.308069649999936,140.77364904
138.402285533,-33.693660446,1150,EMERGENCY FACILITY,"An emergency management facility from which a particular agency’s resources are commanded, coordinated and assigned to an incident or emergency",POLICING FACILITY,BRINKWORTH POLICE STATION,OPERATIONAL,59 MAIN STREET,BRINKWORTH,SOUTH AUSTRALIA,5464,HTTP://WWW.POLICE.SA.GOV.AU,,HTTP://WWW.POLICE.SA.GOV.AU,,,2018/08/18 00:00:00+00,,-33.69366044599997,138.40228553300005,,,GASA_414967204,59 MAIN STREET,2,5464,BRINKWORTH,48,-33.69368863999995,138.40279928000007
149.102691,-21.102565,1151,EMERGENCY FACILITY,"An emergency management facility from which a particular agency’s resources are commanded, coordinated and assigned to an incident or emergency",POLICING FACILITY,FARLEIGH STATION,OPERATIONAL,,FARLEIGH,QUEENSLAND,4741,HTTP://DATA.QLD.GOV.AU,,HTTP://DATA.QLD.GOV.AU,,,2018/07/04 00:00:00+00,,-21.10256499999997,149.10269100000005,,,GAQLD425547329,5 TAYLOR STREET,1,4741,FARLEIGH,6,-21.102599779999935,149.10265325000012
138.683745667,-34.35812033,1152,EMERGENCY FACILITY,"An emergency management facility from which a particular agency’s resources are commanded, coordinated and assigned to an incident or emergency",POLICING FACILITY,HAMLEY BRIDGE POLICE STATION,OPERATIONAL,6 RAILWAY TERRACE,HAMLEY BRIDGE,SOUTH AUSTRALIA,5401,HTTP://WWW.POLICE.SA.GOV.AU,,HTTP://WWW.POLICE.SA.GOV.AU,,,2018/08/18 00:00:00+00,,-34.35812032999996,138.68374566700004,,HAMLEY BRIDGE POLICE STATION,GASA_416042612,6 RAILWAY TERRACE,2,5401,HAMLEY BRIDGE,0,-34.35811750999994,138.68374892000008
138.422590086,-31.887746749,1153,EMERGENCY FACILITY,"An emergency management facility from which a particular agency’s resources are commanded, coordinated and assigned to an incident or emergency",POLICING FACILITY,HAWKER POLICE STATION,OPERATIONAL,19 WILPENA ROAD,HAWKER,SOUTH AUSTRALIA,5434,HTTP://WWW.POLICE.SA.GOV.AU,,HTTP://WWW.POLICE.SA.GOV.AU,,,2018/08/18 00:00:00+00,,-31.887746748999973,138.422590086,,,GASA_415711571,19 WILPENA ROAD,1,5434,HAWKER,15,-31.887734319999936,138.42274322000003
138.495519438,-34.919919718,1154,EMERGENCY FACILITY,"An emergency management facility from which a particular agency’s resources are commanded, coordinated and assigned to an incident or emergency",POLICING FACILITY,HENLEY BEACH POLICE STATION,OPERATIONAL,198-200 MAIN STREET,HENLEY BEACH,SOUTH AUSTRALIA,5022,HTTP://WWW.POLICE.SA.GOV.AU,,HTTP://WWW.POLICE.SA.GOV.AU,,,2018/08/18 00:00:00+00,,-34.91991971799996,138.4955194380001,,,GASA_425443774,198-200 MAIN STREET,0,5022,HENLEY BEACH,5,-34.91996269999993,138.49549935000005
138.657120141,-34.857469129,1155,EMERGENCY FACILITY,"An emergency management facility from which a particular agency’s resources are commanded, coordinated and assigned to an incident or emergency",POLICING FACILITY,HOLDEN HILL POLICE STATION,OPERATIONAL,2A SUDHOLZ ROAD,HOLDEN HILL,SOUTH AUSTRALIA,5088,HTTP://WWW.POLICE.SA.GOV.AU,,HTTP://WWW.POLICE.SA.GOV.AU,,,2018/08/18 00:00:00+00,,-34.85746912899998,138.65712014100006,,HOLDEN HILL POLICE STATION,GASA_415152283,2 SUDHOLZ ROAD,1,5088,HOLDEN HILL,25,-34.857481779999944,138.65684743000008
138.601429949,-33.204857821,1156,EMERGENCY FACILITY,"An emergency management facility from which a particular agency’s resources are commanded, coordinated and assigned to an incident or emergency",POLICING FACILITY,JAMESTOWN POLICE STATION,OPERATIONAL,AYR STREET,JAMESTOWN,SOUTH AUSTRALIA,5491,HTTP://WWW.POLICE.SA.GOV.AU,,HTTP://WWW.POLICE.SA.GOV.AU,,,2018/08/18 00:00:00+00,,-33.20485782099996,138.60142994900002,,JAMESTOWN POLICE STATION,GASA_416072410,98 AYR STREET,2,5491,JAMESTOWN,2,-33.20484604999996,138.6014084300001
137.715549807,-33.963352366,1157,EMERGENCY FACILITY,"An emergency management facility from which a particular agency’s resources are commanded, coordinated and assigned to an incident or emergency",POLICING FACILITY,KADINA POLICE STATION,OPERATIONAL,58 GRAVES STREET,KADINA,SOUTH AUSTRALIA,5554,HTTP://WWW.POLICE.SA.GOV.AU,,HTTP://WWW.POLICE.SA.GOV.AU,,,2018/08/18 00:00:00+00,,-33.96335236599998,137.71554980700012,,,GASA_415700581,58 GRAVES STREET,1,5554,KADINA,0,-33.96335306999998,137.71554907000007
140.353325195,-37.595304578,1158,EMERGENCY FACILITY,"An emergency management facility from which a particular agency’s resources are commanded, coordinated and assigned to an incident or emergency",POLICING FACILITY,MILLICENT POLICE STATION,OPERATIONAL,48 GEORGE STREET,MILLICENT,SOUTH AUSTRALIA,5280,HTTP://WWW.POLICE.SA.GOV.AU,,HTTP://WWW.POLICE.SA.GOV.AU,,,2018/08/18 00:00:00+00,,-37.59530457799997,140.35332519500002,,,GASA_417013162,48 GEORGE STREET,2,5280,MILLICENT,29,-37.59554848999994,140.35319977000006
132.709387904,-27.0069619229999,1159,EMERGENCY FACILITY,"An emergency management facility from which a particular agency’s resources are commanded, coordinated and assigned to an incident or emergency",POLICING FACILITY,MIMILI POLICE STATION,OPERATIONAL,MAKU RD,MIMILI,SOUTH AUSTRALIA,0872,HTTP://WWW.POLICE.SA.GOV.AU,,HTTP://WWW.POLICE.SA.GOV.AU,,,2018/08/18 00:00:00+00,,-27.00696192299995,132.7093879040001,,,GASA_718981080,3 WAITUNNA AVENUE,1,0872,MIMILI,16,-27.00698665999994,132.70923156000003
137.596279645,-34.7708608569999,1160,EMERGENCY FACILITY,"An emergency management facility from which a particular agency’s resources are commanded, coordinated and assigned to an incident or emergency",POLICING FACILITY,MINLATON POLICE STATION,OPERATIONAL,20 MAIN STREET,MINLATON,SOUTH AUSTRALIA,5575,HTTP://WWW.POLICE.SA.GOV.AU,,HTTP://WWW.POLICE.SA.GOV.AU,,,2018/08/18 00:00:00+00,,-34.770860856999946,137.5962796450001,,MINLATON POLICE STATION,GASA_415685944,20 MAIN STREET,2,5575,MINLATON,0,-34.77086084999996,137.59627964000003
135.157406918,-32.8538922069999,1161,EMERGENCY FACILITY,"An emergency management facility from which a particular agency’s resources are commanded, coordinated and assigned to an incident or emergency",POLICING FACILITY,MINNIPA POLICE STATION,OPERATIONAL,23 JAMES STREET,MINNIPA,SOUTH AUSTRALIA,5654,HTTP://WWW.POLICE.SA.GOV.AU,,HTTP://WWW.POLICE.SA.GOV.AU,,,2018/08/18 00:00:00+00,,-32.853892206999944,135.1574069180001,,,GASA_423951436,23 JAMES STREET,1,5654,MINNIPA,10,-32.85381907999994,135.1574639900001
137.592675152,-34.067491237,1162,EMERGENCY FACILITY,"An emergency management facility from which a particular agency’s resources are commanded, coordinated and assigned to an incident or emergency",POLICING FACILITY,MOONTA POLICE STATION,OPERATIONAL,16 RYAN STREET,MOONTA,SOUTH AUSTRALIA,5558,HTTP://WWW.POLICE.SA.GOV.AU,,HTTP://WWW.POLICE.SA.GOV.AU,,,2018/08/18 00:00:00+00,,-34.067491236999956,137.59267515200008,,MOONTA POLICE STATION,GASA_415690123,16 RYAN STREET,2,5558,MOONTA,22,-34.06735373999993,137.59284279000008
139.66929426,-34.0341742439999,1163,EMERGENCY FACILITY,"An emergency management facility from which a particular agency’s resources are commanded, coordinated and assigned to an incident or emergency",POLICING FACILITY,MORGAN POLICE STATION,OPERATIONAL,4 THIRD STREET,MORGAN,SOUTH AUSTRALIA,5320,HTTP://WWW.POLICE.SA.GOV.AU,,HTTP://WWW.POLICE.SA.GOV.AU,,,2018/08/18 00:00:00+00,,-34.03417424399993,139.66929426000002,,MORGAN POLICE STATION,GASA_415661756,4 THIRD STREET,2,5320,MORGAN,12,-34.03422790999997,139.66940918000012
140.777714676,-37.8334316419999,1164,EMERGENCY FACILITY,"An emergency management facility from which a particular agency’s resources are commanded, coordinated and assigned to an incident or emergency",POLICING FACILITY,MOUNT GAMBIER POLICE STATION,OPERATIONAL,40 BAY ROAD,MOUNT GAMBIER,SOUTH AUSTRALIA,5290,HTTP://WWW.POLICE.SA.GOV.AU,,HTTP://WWW.POLICE.SA.GOV.AU,,,2018/08/18 00:00:00+00,,-37.83343164199994,140.77771467600007,,,GASA_415097080,40 BAY ROAD,1,5290,MOUNT GAMBIER,19,-37.833438919999935,140.77750014000003
146.825978,-19.3332809999999,1165,EMERGENCY FACILITY,"An emergency management facility from which a particular agency’s resources are commanded, coordinated and assigned to an incident or emergency",POLICING FACILITY,STUART STATION,OPERATIONAL,,WULGURU,QUEENSLAND,4811,HTTP://DATA.QLD.GOV.AU,,HTTP://DATA.QLD.GOV.AU,,,2018/07/04 00:00:00+00,,-19.333280999999943,146.82597800000008,,,GAQLD163285588,347-351 STUART DRIVE,0,4811,WULGURU,10,-19.33336349999996,146.82600171
151.941153,-26.2398219999999,1166,EMERGENCY FACILITY,"An emergency management facility from which a particular agency’s resources are commanded, coordinated and assigned to an incident or emergency",POLICING FACILITY,MURGON STATION,OPERATIONAL,,MURGON,QUEENSLAND,4605,HTTP://DATA.QLD.GOV.AU,,HTTP://DATA.QLD.GOV.AU,,,2018/07/04 00:00:00+00,,-26.239821999999947,151.9411530000001,,,GAQLD160228424,48 STEPHENS STREET,1,4605,MURGON,12,-26.239925209999967,151.94119594000006
144.548241,-22.595198,1167,EMERGENCY FACILITY,"An emergency management facility from which a particular agency’s resources are commanded, coordinated and assigned to an incident or emergency",POLICING FACILITY,MUTTABURRA STATION,OPERATIONAL,,MUTTABURRA,QUEENSLAND,4732,HTTP://DATA.QLD.GOV.AU,,HTTP://DATA.QLD.GOV.AU,,,2018/07/04 00:00:00+00,,-22.595197999999982,144.54824100000008,,,GAQLD425202103,46 CORNISH STREET,1,4732,MUTTABURRA,31,-22.594959039999935,144.5480876900001
152.959233,-26.629454,1168,EMERGENCY FACILITY,"An emergency management facility from which a particular agency’s resources are commanded, coordinated and assigned to an incident or emergency",POLICING FACILITY,NAMBOUR STATION,OPERATIONAL,,NAMBOUR,QUEENSLAND,4560,HTTP://DATA.QLD.GOV.AU,,HTTP://DATA.QLD.GOV.AU,,,2018/07/04 00:00:00+00,,-26.629453999999953,152.95923300000004,,,GAQLD162606808,1 MITCHELL STREET,0,4560,NAMBOUR,14,-26.62956646999993,152.95929088000003
152.002169,-26.669879,1169,EMERGENCY FACILITY,"An emergency management facility from which a particular agency’s resources are commanded, coordinated and assigned to an incident or emergency",POLICING FACILITY,NANANGO STATION,OPERATIONAL,,NANANGO,QUEENSLAND,4615,HTTP://DATA.QLD.GOV.AU,,HTTP://DATA.QLD.GOV.AU,,,2018/07/04 00:00:00+00,,-26.66987899999998,152.0021690000001,,,GAQLD155622409,34 HENRY STREET,2,4615,NANANGO,5,-26.66984082999994,152.0022026700001
153.334655,-27.990419,1170,EMERGENCY FACILITY,"An emergency management facility from which a particular agency’s resources are commanded, coordinated and assigned to an incident or emergency",POLICING FACILITY,NERANG STATION,OPERATIONAL,,NERANG,QUEENSLAND,4211,HTTP://DATA.QLD.GOV.AU,,HTTP://DATA.QLD.GOV.AU,,,2018/07/04 00:00:00+00,,-27.990418999999974,153.3346550000001,,NERANG POLICE STATION,GAQLD156872787,32-34 COTTON STREET,0,4211,NERANG,34,-27.990541379999968,153.33497425000007
116.017194391,-32.15118525,1171,EMERGENCY FACILITY,"An emergency management facility from which a particular agency’s resources are commanded, coordinated and assigned to an incident or emergency",POLICING FACILITY,ARMADALE POLICE STATION,OPERATIONAL,23 PROSPECT ROAD,ARMADALE,WESTERN AUSTRALIA,6112,HTTPS://CATALOGUE.DATA.WA.GOV.AU/DATASET/WA-POLICE-STATIONS,,HTTPS://CATALOGUE.DATA.WA.GOV.AU/DATASET/WA-POLICE-STATIONS,,,2018/08/15 00:00:00+00,,-32.15118524999997,116.01719439100009,,ARMADALE POLICE STATION,GAWA_148743077,23 PROSPECT ROAD,1,6112,ARMADALE,42,-32.15156301999997,116.01713167000003
115.157232601,-34.31724122,1172,EMERGENCY FACILITY,"An emergency management facility from which a particular agency’s resources are commanded, coordinated and assigned to an incident or emergency",POLICING FACILITY,AUGUSTA POLICE STATION,OPERATIONAL,3 HILLVIEW ROAD,AUGUSTA,WESTERN AUSTRALIA,6290,HTTPS://CATALOGUE.DATA.WA.GOV.AU/DATASET/WA-POLICE-STATIONS,,HTTPS://CATALOGUE.DATA.WA.GOV.AU/DATASET/WA-POLICE-STATIONS,,,2018/08/15 00:00:00+00,,-34.31724121999997,115.15723260100003,,AUGUSTA POLICE STATION,GAWA_163273333,3 HILLVIEW ROAD,1,6290,AUGUSTA,19,-34.317249199999935,115.1574344600001
138.93902611,-33.682677079,1173,EMERGENCY FACILITY,"An emergency management facility from which a particular agency’s resources are commanded, coordinated and assigned to an incident or emergency",POLICING FACILITY,BURRA POLICE STATION,OPERATIONAL,LOT 294 CHAPEL STREET,BURRA,SOUTH AUSTRALIA,5417,HTTP://WWW.POLICE.SA.GOV.AU,,HTTP://WWW.POLICE.SA.GOV.AU,,,2018/08/18 00:00:00+00,,-33.68267707899997,138.9390261100001,,,GASA_424161853,LOT 294 CHAPEL STREET,-1,5417,BURRA,0,-33.682679579999956,138.93902543000002
133.674746511,-32.1267525809999,1174,EMERGENCY FACILITY,"An emergency management facility from which a particular agency’s resources are commanded, coordinated and assigned to an incident or emergency",POLICING FACILITY,CEDUNA POLICE STATION,OPERATIONAL,6 SOUTH TERRACE,CEDUNA,SOUTH AUSTRALIA,5690,HTTP://WWW.POLICE.SA.GOV.AU,,HTTP://WWW.POLICE.SA.GOV.AU,,,2018/08/18 00:00:00+00,,-32.12675258099995,133.67474651100008,,,GASA_415023853,6 SOUTH TERRACE,1,5690,CEDUNA,2,-32.12676279999994,133.67472625000005
138.486781022,-35.137341627,1175,EMERGENCY FACILITY,"An emergency management facility from which a particular agency’s resources are commanded, coordinated and assigned to an incident or emergency",POLICING FACILITY,CHRISTIES BEACH POLICE STATION,OPERATIONAL,DYSON ROAD,CHRISTIE DOWNS,SOUTH AUSTRALIA,5164,HTTP://WWW.POLICE.SA.GOV.AU,,HTTP://WWW.POLICE.SA.GOV.AU,,,2018/08/18 00:00:00+00,,-35.137341626999955,138.48678102200006,,,GASA_424298892,LOT 43 DYSON ROAD,0,5164,CHRISTIE DOWNS,5,-35.13735514999996,138.48672925000005
138.608209179,-33.830580034,1176,EMERGENCY FACILITY,"An emergency management facility from which a particular agency’s resources are commanded, coordinated and assigned to an incident or emergency",POLICING FACILITY,CLARE POLICE STATION,OPERATIONAL,5 DALY STREET,CLARE,SOUTH AUSTRALIA,5453,HTTP://WWW.POLICE.SA.GOV.AU,,HTTP://WWW.POLICE.SA.GOV.AU,,,2018/08/18 00:00:00+00,,-33.83058003399998,138.60820917900003,,,GASA_415503109,5 DALY STREET,2,5453,CLARE,23,-33.83076456999993,138.6080963700001
153.393662,-28.0919749999999,1177,EMERGENCY FACILITY,"An emergency management facility from which a particular agency’s resources are commanded, coordinated and assigned to an incident or emergency",POLICING FACILITY,ROBINA STATION,OPERATIONAL,,ROBINA,QUEENSLAND,4226,HTTP://DATA.QLD.GOV.AU,,HTTP://DATA.QLD.GOV.AU,,,2018/07/04 00:00:00+00,,-28.091974999999934,153.39366200000006,,,GAQLD162832531,291 SCOTTSDALE DRIVE,1,4226,ROBINA,2,-28.091967249999982,153.3936852800001
150.512386,-23.37866,1178,EMERGENCY FACILITY,"An emergency management facility from which a particular agency’s resources are commanded, coordinated and assigned to an incident or emergency",POLICING FACILITY,ROCKHAMPTON STATION,OPERATIONAL,,ROCKHAMPTON CITY,QUEENSLAND,4700,HTTP://DATA.QLD.GOV.AU,,HTTP://DATA.QLD.GOV.AU,,,2018/07/04 00:00:00+00,,-23.378659999999968,150.5123860000001,,,GAQLD160373731,165 BOLSOVER STREET,0,4700,ROCKHAMPTON CITY,29,-23.37843431999994,150.5125202600001
141.880238,-12.6231149999999,1179,EMERGENCY FACILITY,"An emergency management facility from which a particular agency’s resources are commanded, coordinated and assigned to an incident or emergency",POLICING FACILITY,WEIPA STATION,OPERATIONAL,,ROCKY POINT,QUEENSLAND,4874,HTTP://DATA.QLD.GOV.AU,,HTTP://DATA.QLD.GOV.AU,,,2018/07/04 00:00:00+00,,-12.623114999999927,141.88023800000008,,,GAQLD155764826,1 CENTRAL AVENUE,1,4874,ROCKY POINT,4,-12.623085089999961,141.8802227100001
148.620373,-24.46329,1180,EMERGENCY FACILITY,"An emergency management facility from which a particular agency’s resources are commanded, coordinated and assigned to an incident or emergency",POLICING FACILITY,ROLLESTON STATION,OPERATIONAL,,ROLLESTON,QUEENSLAND,4702,HTTP://DATA.QLD.GOV.AU,,HTTP://DATA.QLD.GOV.AU,,,2018/07/04 00:00:00+00,,-24.463289999999972,148.6203730000001,,,GAQLD157053756,43 ALBINIA STREET,2,4702,ROLLESTON,56,-24.462794539999948,148.62026922000007
140.702782357,-37.5626883809999,1181,EMERGENCY FACILITY,"An emergency management facility from which a particular agency’s resources are commanded, coordinated and assigned to an incident or emergency",POLICING FACILITY,KALANGADOO POLICE STATION,OPERATIONAL,7 JOHN STREET,KALANGADOO,SOUTH AUSTRALIA,5278,HTTP://WWW.POLICE.SA.GOV.AU,,HTTP://WWW.POLICE.SA.GOV.AU,,,2018/08/18 00:00:00+00,,-37.56268838099993,140.70278235700005,,,GASA_416082270,7 JOHN STREET,2,5278,KALANGADOO,14,-37.56262078999998,140.70264643000007
151.371912,-23.952962,1182,EMERGENCY FACILITY,"An emergency management facility from which a particular agency’s resources are commanded, coordinated and assigned to an incident or emergency",POLICING FACILITY,TANNUM SANDS STATION,OPERATIONAL,,TANNUM SANDS,QUEENSLAND,4680,HTTP://DATA.QLD.GOV.AU,,HTTP://DATA.QLD.GOV.AU,,,2018/07/04 00:00:00+00,,-23.952961999999957,151.37191200000007,,,GAQLD160327747,5 STEEL STREET,0,4680,TANNUM SANDS,0,-23.95296210999993,151.37191158000007
150.45797,-27.2747019999999,1183,EMERGENCY FACILITY,"An emergency management facility from which a particular agency’s resources are commanded, coordinated and assigned to an incident or emergency",POLICING FACILITY,TARA STATION,OPERATIONAL,,TARA,QUEENSLAND,4421,HTTP://DATA.QLD.GOV.AU,,HTTP://DATA.QLD.GOV.AU,,,2018/07/04 00:00:00+00,,-27.274701999999934,150.45797000000005,,,GAQLD161477824,7 SARA STREET,1,4421,TARA,4,-27.27467276999994,150.45798560000003
149.795281,-25.6408959999999,1184,EMERGENCY FACILITY,"An emergency management facility from which a particular agency’s resources are commanded, coordinated and assigned to an incident or emergency",POLICING FACILITY,TAROOM STATION,OPERATIONAL,,TAROOM,QUEENSLAND,4420,HTTP://DATA.QLD.GOV.AU,,HTTP://DATA.QLD.GOV.AU,,,2018/07/04 00:00:00+00,,-25.64089599999994,149.79528100000005,,,GAQLD155876802,33 YALDWYN STREET,2,4420,TAROOM,0,-25.64089574999997,149.7952810700001
151.169149,-28.8545109999999,1185,EMERGENCY FACILITY,"An emergency management facility from which a particular agency’s resources are commanded, coordinated and assigned to an incident or emergency",POLICING FACILITY,TEXAS STATION,OPERATIONAL,,TEXAS,QUEENSLAND,4385,HTTP://DATA.QLD.GOV.AU,,HTTP://DATA.QLD.GOV.AU,,,2018/07/04 00:00:00+00,,-28.854510999999945,151.16914900000006,,,GAQLD162216485,31 HIGH STREET,2,4385,TEXAS,8,-28.854490319999968,151.16922805000002
143.820966,-27.9966709999999,1186,EMERGENCY FACILITY,"An emergency management facility from which a particular agency’s resources are commanded, coordinated and assigned to an incident or emergency",POLICING FACILITY,THARGOMINDAH STATION,OPERATIONAL,,THARGOMINDAH,QUEENSLAND,4492,HTTP://DATA.QLD.GOV.AU,,HTTP://DATA.QLD.GOV.AU,,,2018/07/04 00:00:00+00,,-27.996670999999935,143.8209660000001,,,GAQLD161951813,76 DOWLING STREET,2,4492,THARGOMINDAH,18,-27.996506959999977,143.8209873300001
152.953627,-27.4446839999999,1187,EMERGENCY FACILITY,"An emergency management facility from which a particular agency’s resources are commanded, coordinated and assigned to an incident or emergency",POLICING FACILITY,THE GAP STATION,OPERATIONAL,,THE GAP,QUEENSLAND,4061,HTTP://DATA.QLD.GOV.AU,,HTTP://DATA.QLD.GOV.AU,,,2018/07/04 00:00:00+00,,-27.44468399999994,152.9536270000001,,,GAQLD155893521,965 WATERWORKS ROAD,2,4061,THE GAP,2,-27.444699669999977,152.9536222900001
150.076063,-24.948949,1188,EMERGENCY FACILITY,"An emergency management facility from which a particular agency’s resources are commanded, coordinated and assigned to an incident or emergency",POLICING FACILITY,THEODORE STATION,OPERATIONAL,,THEODORE,QUEENSLAND,4719,HTTP://DATA.QLD.GOV.AU,,HTTP://DATA.QLD.GOV.AU,,,2018/07/04 00:00:00+00,,-24.94894899999997,150.0760630000001,,,GAQLD158734416,40 THE BOULEVARD ,0,4719,THEODORE,2,-24.948965559999976,150.07605407000005
145.978968,-27.248171,1189,EMERGENCY FACILITY,"An emergency management facility from which a particular agency’s resources are commanded, coordinated and assigned to an incident or emergency",POLICING FACILITY,WYANDRA STATION,OPERATIONAL,,WYANDRA,QUEENSLAND,4489,HTTP://DATA.QLD.GOV.AU,,HTTP://DATA.QLD.GOV.AU,,,2018/07/04 00:00:00+00,,-27.248170999999957,145.978968,,,GAQLD161019894,18 MOODY STREET,1,4489,WYANDRA,45,-27.24828315999997,145.97853410000005
153.175734,-27.447143,1190,EMERGENCY FACILITY,"An emergency management facility from which a particular agency’s resources are commanded, coordinated and assigned to an incident or emergency",POLICING FACILITY,WYNNUM STATION,OPERATIONAL,,WYNNUM,QUEENSLAND,4178,HTTP://DATA.QLD.GOV.AU,,HTTP://DATA.QLD.GOV.AU,,,2018/07/04 00:00:00+00,,-27.447142999999983,153.17573400000003,,,GAQLD157369375,82 PINE STREET,1,4178,WYNNUM,7,-27.447175199999947,153.17579594000006
152.75133,-27.6475429999999,1191,EMERGENCY FACILITY,"An emergency management facility from which a particular agency’s resources are commanded, coordinated and assigned to an incident or emergency",POLICING FACILITY,YAMANTO STATION,OPERATIONAL,,YAMANTO,QUEENSLAND,4305,HTTP://DATA.QLD.GOV.AU,,HTTP://DATA.QLD.GOV.AU,,,2018/07/04 00:00:00+00,,-27.647542999999928,152.75133000000005,,,GAQLD163321354,300 WARWICK ROAD,0,4305,YAMANTO,40,-27.647183859999927,152.75139051000008
152.20968,-28.1966879999999,1192,EMERGENCY FACILITY,"An emergency management facility from which a particular agency’s resources are commanded, coordinated and assigned to an incident or emergency",POLICING FACILITY,YANGAN STATION,OPERATIONAL,,YANGAN,QUEENSLAND,4371,HTTP://DATA.QLD.GOV.AU,,HTTP://DATA.QLD.GOV.AU,,,2018/07/04 00:00:00+00,,-28.196687999999938,152.20968000000005,,YANGAN POLICE STATION,GAQLD160712846,11 KING STREET,2,4371,YANGAN,6,-28.19663486999997,152.2096605700001
145.873987,-16.9220749999999,1193,EMERGENCY FACILITY,"An emergency management facility from which a particular agency’s resources are commanded, coordinated and assigned to an incident or emergency",POLICING FACILITY,YARRABAH STATION,OPERATIONAL,,YARRABAH,QUEENSLAND,4871,HTTP://DATA.QLD.GOV.AU,,HTTP://DATA.QLD.GOV.AU,,,2018/07/04 00:00:00+00,,-16.92207499999995,145.87398700000006,,POLICE,GAQLD425753654,LOT 644 RANGE ROAD,0,4871,YARRABAH,116,-16.921159769999974,145.87451881000004
151.979289,-26.8394759999999,1194,EMERGENCY FACILITY,"An emergency management facility from which a particular agency’s resources are commanded, coordinated and assigned to an incident or emergency",POLICING FACILITY,YARRAMAN STATION,OPERATIONAL,,YARRAMAN,QUEENSLAND,4614,HTTP://DATA.QLD.GOV.AU,,HTTP://DATA.QLD.GOV.AU,,,2018/07/04 00:00:00+00,,-26.839475999999934,151.9792890000001,,,GAQLD158907125,7 TOOMEY STREET,2,4614,YARRAMAN,0,-26.83947570999993,151.9792897000001
150.75643,-28.574202,1195,EMERGENCY FACILITY,"An emergency management facility from which a particular agency’s resources are commanded, coordinated and assigned to an incident or emergency",POLICING FACILITY,YELARBON STATION,OPERATIONAL,,YELARBON,QUEENSLAND,4388,HTTP://DATA.QLD.GOV.AU,,HTTP://DATA.QLD.GOV.AU,,,2018/07/04 00:00:00+00,,-28.574201999999957,150.75643000000002,,,GAQLD162343564,58 BURREL STREET,1,4388,YELARBON,10,-28.574287089999928,150.75644747
152.891346,-27.665967,1196,EMERGENCY FACILITY,"An emergency management facility from which a particular agency’s resources are commanded, coordinated and assigned to an incident or emergency",POLICING FACILITY,SPRINGFIELD STATION,OPERATIONAL,,AUGUSTINE HEIGHTS,QUEENSLAND,4300,HTTP://DATA.QLD.GOV.AU,,HTTP://DATA.QLD.GOV.AU,,,2018/07/04 00:00:00+00,,-27.665966999999966,152.8913460000001,,,GAQLD163301838,112 AUGUSTA PARKWAY,1,4300,AUGUSTINE HEIGHTS,1,-27.665961789999983,152.89134347000004
115.734539307,-33.273341747,1197,EMERGENCY FACILITY,"An emergency management facility from which a particular agency’s resources are commanded, coordinated and assigned to an incident or emergency",POLICING FACILITY,AUSTRALIND POLICE STATION,OPERATIONAL,LOT 5787 PARIS ROAD,AUSTRALIND,WESTERN AUSTRALIA,6233,HTTPS://CATALOGUE.DATA.WA.GOV.AU/DATASET/WA-POLICE-STATIONS,,HTTPS://CATALOGUE.DATA.WA.GOV.AU/DATASET/WA-POLICE-STATIONS,,,2018/08/15 00:00:00+00,,-33.27334174699996,115.73453930700009,,AUSTRALIND POLICE STATION,GAWA_148992744,101 PARIS ROAD,1,6233,AUSTRALIND,11,-33.273272229999975,115.73446010000009
115.8957018,-31.8457362149999,1198,EMERGENCY FACILITY,"An emergency management facility from which a particular agency’s resources are commanded, coordinated and assigned to an incident or emergency",POLICING FACILITY,BALLAJURA POLICE STATION,OPERATIONAL,37 CASSOWARY DRIVE,BALLAJURA,WESTERN AUSTRALIA,6066,HTTPS://CATALOGUE.DATA.WA.GOV.AU/DATASET/WA-POLICE-STATIONS,,HTTPS://CATALOGUE.DATA.WA.GOV.AU/DATASET/WA-POLICE-STATIONS,,,2018/08/15 00:00:00+00,,-31.84573621499993,115.8957018000001,,,GAWA_147104407,37 CASSOWARY DRIVE,1,6066,BALLAJURA,1,-31.845739999999978,115.89570000000003
115.913582968,-31.9185644639999,1199,EMERGENCY FACILITY,"An emergency management facility from which a particular agency’s resources are commanded, coordinated and assigned to an incident or emergency",POLICING FACILITY,BAYSWATER POLICE STATION,OPERATIONAL,1A HAMILTON STREET,BAYSWATER,WESTERN AUSTRALIA,6053,HTTPS://CATALOGUE.DATA.WA.GOV.AU/DATASET/WA-POLICE-STATIONS,,HTTPS://CATALOGUE.DATA.WA.GOV.AU/DATASET/WA-POLICE-STATIONS,,,2018/08/15 00:00:00+00,,-31.918564463999928,115.91358296800001,,,GAWA_162721907,1 HAMILTON STREET,0,6053,BAYSWATER,0,-31.91856445999997,115.9135829600001
116.922657676,-32.1094516749999,1200,EMERGENCY FACILITY,"An emergency management facility from which a particular agency’s resources are commanded, coordinated and assigned to an incident or emergency",POLICING FACILITY,BEVERLEY POLICE STATION,OPERATIONAL,57 HUNT ROAD,BEVERLEY,WESTERN AUSTRALIA,6304,HTTPS://CATALOGUE.DATA.WA.GOV.AU/DATASET/WA-POLICE-STATIONS,,HTTPS://CATALOGUE.DATA.WA.GOV.AU/DATASET/WA-POLICE-STATIONS,,,2018/08/15 00:00:00+00,,-32.109451674999946,116.92265767600009,,BEVERLEY POLICE STATION,GAWA_149062761,57 HUNT ROAD,2,6304,BEVERLEY,0,-32.10945166999994,116.92265767000004
152.339257,-24.869118,1201,EMERGENCY FACILITY,"An emergency management facility from which a particular agency’s resources are commanded, coordinated and assigned to an incident or emergency",POLICING FACILITY,BUNDABERG STATION,OPERATIONAL,,BUNDABERG WEST,QUEENSLAND,4670,HTTP://DATA.QLD.GOV.AU,,HTTP://DATA.QLD.GOV.AU,,,2018/07/04 00:00:00+00,,-24.869117999999958,152.3392570000001,,,GAQLD155103447,258 BOURBONG STREET,2,4670,BUNDABERG WEST,25,-24.869323659999964,152.3393524700001
139.547217,-17.743233,1202,EMERGENCY FACILITY,"An emergency management facility from which a particular agency’s resources are commanded, coordinated and assigned to an incident or emergency",POLICING FACILITY,BURKETOWN STATION,OPERATIONAL,,BURKETOWN,QUEENSLAND,4830,HTTP://DATA.QLD.GOV.AU,,HTTP://DATA.QLD.GOV.AU,,,2018/07/04 00:00:00+00,,-17.743232999999975,139.54721700000005,,,GAQLD720864794,18-20 GREGORY STREET,0,4830,BURKETOWN,42,-17.742856949999975,139.5472113400001
152.971009,-27.155266,1203,EMERGENCY FACILITY,"An emergency management facility from which a particular agency’s resources are commanded, coordinated and assigned to an incident or emergency",POLICING FACILITY,BURPENGARY STATION,OPERATIONAL,,BURPENGARY,QUEENSLAND,4505,HTTP://DATA.QLD.GOV.AU,,HTTP://DATA.QLD.GOV.AU,,,2018/07/04 00:00:00+00,,-27.155265999999983,152.9710090000001,,BURPENGARY POLICE STATION,GAQLD161459420,151-153 STATION ROAD,1,4505,BURPENGARY,3,-27.155291009999928,152.97101872000007
146.390069,-19.0430039999999,1204,EMERGENCY FACILITY,"An emergency management facility from which a particular agency’s resources are commanded, coordinated and assigned to an incident or emergency",POLICING FACILITY,ROLLINGSTONE STATION,OPERATIONAL,,ROLLINGSTONE,QUEENSLAND,4816,HTTP://DATA.QLD.GOV.AU,,HTTP://DATA.QLD.GOV.AU,,,2018/07/04 00:00:00+00,,-19.04300399999994,146.39006900000004,,,GAQLD162062680,33 ROLLINGSTONE STREET,1,4816,ROLLINGSTONE,19,-19.042941259999964,146.39023267000005
148.784402,-26.570034,1205,EMERGENCY FACILITY,"An emergency management facility from which a particular agency’s resources are commanded, coordinated and assigned to an incident or emergency",POLICING FACILITY,ROMA STATION,OPERATIONAL,,ROMA,QUEENSLAND,4455,HTTP://DATA.QLD.GOV.AU,,HTTP://DATA.QLD.GOV.AU,,,2018/07/04 00:00:00+00,,-26.570033999999964,148.7844020000001,,,GAQLD155771349,143 MCDOWALL STREET,1,4455,ROMA,53,-26.570037169999978,148.78386603
151.914518,-24.630437,1206,EMERGENCY FACILITY,"An emergency management facility from which a particular agency’s resources are commanded, coordinated and assigned to an incident or emergency",POLICING FACILITY,ROSEDALE STATION,OPERATIONAL,,ROSEDALE,QUEENSLAND,4674,HTTP://DATA.QLD.GOV.AU,,HTTP://DATA.QLD.GOV.AU,,,2018/07/04 00:00:00+00,,-24.630436999999972,151.91451800000004,,,GAQLD158589182,14 MCPHERSON STREET,2,4674,ROSEDALE,27,-24.630631149999942,151.9146843100001
152.594005,-27.6420669999999,1207,EMERGENCY FACILITY,"An emergency management facility from which a particular agency’s resources are commanded, coordinated and assigned to an incident or emergency",POLICING FACILITY,ROSEWOOD STATION,OPERATIONAL,,ROSEWOOD,QUEENSLAND,4340,HTTP://DATA.QLD.GOV.AU,,HTTP://DATA.QLD.GOV.AU,,,2018/07/04 00:00:00+00,,-27.64206699999994,152.59400500000004,,,GAQLD163115229,11 RAILWAY STREET,2,4340,ROSEWOOD,7,-27.64201263999996,152.59403339000005
133.011353231,-31.928852326,1208,EMERGENCY FACILITY,"An emergency management facility from which a particular agency’s resources are commanded, coordinated and assigned to an incident or emergency",POLICING FACILITY,PENONG POLICE STATION,OPERATIONAL,LOT 25 MAIN STREET,PENONG,SOUTH AUSTRALIA,5690,HTTP://WWW.POLICE.SA.GOV.AU,,HTTP://WWW.POLICE.SA.GOV.AU,,,2018/08/18 00:00:00+00,,-31.92885232599997,133.01135323100004,,,GASA_719778869,LOT 25 MILLER STREET,0,5690,PENONG,3,-31.92887159999998,133.01133889000005
138.837627002,-32.9726504409999,1209,EMERGENCY FACILITY,"An emergency management facility from which a particular agency’s resources are commanded, coordinated and assigned to an incident or emergency",POLICING FACILITY,PETERBOROUGH POLICE STATION,OPERATIONAL,2 JERVOIS STREET,PETERBOROUGH,SOUTH AUSTRALIA,5422,HTTP://WWW.POLICE.SA.GOV.AU,,HTTP://WWW.POLICE.SA.GOV.AU,,,2018/08/18 00:00:00+00,,-32.97265044099993,138.8376270020001,,,GASA_415386056,2 JERVOIS STREET,1,5422,PETERBOROUGH,13,-32.972557019999954,138.83753904000002
140.9048339,-35.261700186,1210,EMERGENCY FACILITY,"An emergency management facility from which a particular agency’s resources are commanded, coordinated and assigned to an incident or emergency",POLICING FACILITY,PINNAROO POLICE STATION,OPERATIONAL,1 RAILWAY SOUTH TERRACE,PINNAROO,SOUTH AUSTRALIA,5304,HTTP://WWW.POLICE.SA.GOV.AU,,HTTP://WWW.POLICE.SA.GOV.AU,,,2018/08/18 00:00:00+00,,-35.261700185999985,140.90483390000009,,,GASA_417045331,1 RAILWAY TERRACE,2,5304,PINNAROO,10,-35.26173875999996,140.9047351800001
134.836624779,-32.7195681269999,1211,EMERGENCY FACILITY,"An emergency management facility from which a particular agency’s resources are commanded, coordinated and assigned to an incident or emergency",POLICING FACILITY,POOCHERA POLICE STATION,OPERATIONAL,2-4 BARNES STREET,POOCHERA,SOUTH AUSTRALIA,5655,HTTP://WWW.POLICE.SA.GOV.AU,,HTTP://WWW.POLICE.SA.GOV.AU,,,2018/08/18 00:00:00+00,,-32.719568126999945,134.8366247790001,,,GASA_424430728,2-4 BARNES STREET,2,5655,POOCHERA,12,-32.71946834999994,134.83657419000008
146.730755,-19.310133,1212,EMERGENCY FACILITY,"An emergency management facility from which a particular agency’s resources are commanded, coordinated and assigned to an incident or emergency",POLICING FACILITY,KIRWAN STATION,OPERATIONAL,,THURINGOWA CENTRAL,QUEENSLAND,4817,HTTP://DATA.QLD.GOV.AU,,HTTP://DATA.QLD.GOV.AU,,,2018/07/04 00:00:00+00,,-19.31013299999995,146.73075500000004,,,GAQLD155893546,76 THURINGOWA DRIVE,1,4817,THURINGOWA CENTRAL,45,-19.309747929999958,146.73062225
138.72221294,-34.8205230029999,1213,EMERGENCY FACILITY,"An emergency management facility from which a particular agency’s resources are commanded, coordinated and assigned to an incident or emergency",POLICING FACILITY,TEA TREE GULLY POLICE STATION,OPERATIONAL,1305-1307 NORTH EAST ROAD,TEA TREE GULLY,SOUTH AUSTRALIA,5091,HTTP://WWW.POLICE.SA.GOV.AU,,HTTP://WWW.POLICE.SA.GOV.AU,,,2018/08/18 00:00:00+00,,-34.82052300299995,138.72221294000008,,,GASA_415246376,1305 NORTH EAST ROAD,1,5091,TEA TREE GULLY,0,-34.82052379999993,138.72221103000004
136.102784956,-34.3760827209999,1214,EMERGENCY FACILITY,"An emergency management facility from which a particular agency’s resources are commanded, coordinated and assigned to an incident or emergency",POLICING FACILITY,TUMBY BAY POLICE STATION,OPERATIONAL,6 TUMBY TERRACE,TUMBY BAY,SOUTH AUSTRALIA,5605,HTTP://WWW.POLICE.SA.GOV.AU,,HTTP://WWW.POLICE.SA.GOV.AU,,,2018/08/18 00:00:00+00,,-34.37608272099993,136.10278495600005,,,GASA_415704693,6 TUMBY TERRACE,2,5605,TUMBY BAY,13,-34.37617736999994,136.10285883000006
138.514701805,-34.594609803,1215,EMERGENCY FACILITY,"An emergency management facility from which a particular agency’s resources are commanded, coordinated and assigned to an incident or emergency",POLICING FACILITY,TWO WELLS POLICE STATION,OPERATIONAL,47-49 OLD PT WAKEFIELD ROAD,TWO WELLS,SOUTH AUSTRALIA,5501,HTTP://WWW.POLICE.SA.GOV.AU,,HTTP://WWW.POLICE.SA.GOV.AU,,,2018/08/18 00:00:00+00,,-34.59460980299997,138.51470180500007,,,GASA_425447018,47-49 OLD PORT WAKEFIELD ROAD,0,5501,TWO WELLS,2,-34.59462820999994,138.51469641000006
138.605920409,-35.5565437889999,1216,EMERGENCY FACILITY,"An emergency management facility from which a particular agency’s resources are commanded, coordinated and assigned to an incident or emergency",POLICING FACILITY,VICTOR HARBOR POLICE STATION,OPERATIONAL,17 GEORGE MAIN ROAD,VICTOR HARBOR,SOUTH AUSTRALIA,5211,HTTP://WWW.POLICE.SA.GOV.AU,,HTTP://WWW.POLICE.SA.GOV.AU,,,2018/08/18 00:00:00+00,,-35.55654378899993,138.60592040900008,,POLICE STATION/COURT HOUSE,GASA_423775214,17 GEORGE MAIN ROAD,2,5211,VICTOR HARBOR,9,-35.556531519999965,138.60601415000008
139.99051257,-34.1832344229999,1217,EMERGENCY FACILITY,"An emergency management facility from which a particular agency’s resources are commanded, coordinated and assigned to an incident or emergency",POLICING FACILITY,WAIKERIE POLICE STATION,OPERATIONAL,1 CIVIC AVENUE,WAIKERIE,SOUTH AUSTRALIA,5330,HTTP://WWW.POLICE.SA.GOV.AU,,HTTP://WWW.POLICE.SA.GOV.AU,,,2018/08/18 00:00:00+00,,-34.18323442299993,139.99051257000008,,,GASA_415052998,1 CIVIC AVENUE,2,5330,WAIKERIE,0,-34.18323509999993,139.99051276000012
137.585618278,-33.033677161,1218,EMERGENCY FACILITY,"An emergency management facility from which a particular agency’s resources are commanded, coordinated and assigned to an incident or emergency",POLICING FACILITY,WHYALLA POLICE STATION,OPERATIONAL,3 WHITEHEAD STREET,WHYALLA,SOUTH AUSTRALIA,5600,HTTP://WWW.POLICE.SA.GOV.AU,,HTTP://WWW.POLICE.SA.GOV.AU,,,2018/08/18 00:00:00+00,,-33.03367716099996,137.58561827800008,,WHYALLA POLICE STATION,GASA_415705890,3 WHITEHEAD STREET,2,5600,WHYALLA,0,-33.03367715999997,137.58561828000006
147.40381,-19.577234,1219,EMERGENCY FACILITY,"An emergency management facility from which a particular agency’s resources are commanded, coordinated and assigned to an incident or emergency",POLICING FACILITY,AYR STATION,OPERATIONAL,,AYR,QUEENSLAND,4807,HTTP://DATA.QLD.GOV.AU,,HTTP://DATA.QLD.GOV.AU,,,2018/07/04 00:00:00+00,,-19.577233999999976,147.40381000000002,,AYR POLICE STATION,GAQLD154986073,165 QUEEN STREET,2,4807,AYR,17,-19.577113719999943,147.4037135000001
145.924543,-17.343916,1220,EMERGENCY FACILITY,"An emergency management facility from which a particular agency’s resources are commanded, coordinated and assigned to an incident or emergency",POLICING FACILITY,BABINDA STATION,OPERATIONAL,,BABINDA,QUEENSLAND,4861,HTTP://DATA.QLD.GOV.AU,,HTTP://DATA.QLD.GOV.AU,,,2018/07/04 00:00:00+00,,-17.34391599999998,145.92454300000009,,,GAQLD720310985,10-14 MUNRO STREET,0,4861,BABINDA,4,-17.34388103999993,145.92455072000007
142.391006,-10.892421,1221,EMERGENCY FACILITY,"An emergency management facility from which a particular agency’s resources are commanded, coordinated and assigned to an incident or emergency",POLICING FACILITY,BAMAGA STATION,OPERATIONAL,,BAMAGA,QUEENSLAND,4876,HTTP://DATA.QLD.GOV.AU,,HTTP://DATA.QLD.GOV.AU,,,2018/07/04 00:00:00+00,,-10.892420999999956,142.39100600000006,,,GAQLD163373862,47 LUI STREET,2,4876,BAMAGA,42,-10.89278343999996,142.3911145300001
149.812992,-24.176009,1222,EMERGENCY FACILITY,"An emergency management facility from which a particular agency’s resources are commanded, coordinated and assigned to an incident or emergency",POLICING FACILITY,BARALABA STATION,OPERATIONAL,,BARALABA,QUEENSLAND,4702,HTTP://DATA.QLD.GOV.AU,,HTTP://DATA.QLD.GOV.AU,,,2018/07/04 00:00:00+00,,-24.176008999999965,149.81299200000012,,,GAQLD157492778,84 POWER STREET,2,4702,BARALABA,20,-24.17616272999993,149.8130892900001
145.290058,-23.5539439999999,1223,EMERGENCY FACILITY,"An emergency management facility from which a particular agency’s resources are commanded, coordinated and assigned to an incident or emergency",POLICING FACILITY,BARCALDINE STATION,OPERATIONAL,,BARCALDINE,QUEENSLAND,4725,HTTP://DATA.QLD.GOV.AU,,HTTP://DATA.QLD.GOV.AU,,,2018/07/04 00:00:00+00,,-23.553943999999944,145.29005800000004,,COURT HOUSE,GAQLD156252067,65 ASH STREET,2,4725,BARCALDINE,35,-23.554253269999947,145.28997848000006
152.462669,-24.815912,1224,EMERGENCY FACILITY,"An emergency management facility from which a particular agency’s resources are commanded, coordinated and assigned to an incident or emergency",POLICING FACILITY,BARGARA STATION,OPERATIONAL,,BARGARA,QUEENSLAND,4670,HTTP://DATA.QLD.GOV.AU,,HTTP://DATA.QLD.GOV.AU,,,2018/07/04 00:00:00+00,,-24.81591199999997,152.46266900000012,,,GAQLD160283682,9-11 BAUER STREET,0,4670,BARGARA,5,-24.815865719999977,152.46268658000008
152.998347,-27.990289,1225,EMERGENCY FACILITY,"An emergency management facility from which a particular agency’s resources are commanded, coordinated and assigned to an incident or emergency",POLICING FACILITY,BEAUDESERT STATION,OPERATIONAL,,BEAUDESERT,QUEENSLAND,4285,HTTP://DATA.QLD.GOV.AU,,HTTP://DATA.QLD.GOV.AU,,,2018/07/04 00:00:00+00,,-27.99028899999996,152.99834700000008,,COURT HOUSE & DPI,GAQLD159805024,29 ANNA STREET,2,4285,BEAUDESERT,0,-27.990289049999944,152.9983463200001
144.409466,-28.99689,1226,EMERGENCY FACILITY,"An emergency management facility from which a particular agency’s resources are commanded, coordinated and assigned to an incident or emergency",POLICING FACILITY,HUNGERFORD STATION,OPERATIONAL,,HUNGERFORD,QUEENSLAND,4493,HTTP://DATA.QLD.GOV.AU,,HTTP://DATA.QLD.GOV.AU,,,2018/07/04 00:00:00+00,,-28.99688999999995,144.40946600000007,,,GAQLD425745264,LOT 11 ACHERNAR STREET,1,4493,HUNGERFORD,8,-28.99691021999996,144.40938941000002
152.95219,-27.085234,1227,EMERGENCY FACILITY,"An emergency management facility from which a particular agency’s resources are commanded, coordinated and assigned to an incident or emergency",POLICING FACILITY,CABOOLTURE STATION,OPERATIONAL,,CABOOLTURE,QUEENSLAND,4510,HTTP://DATA.QLD.GOV.AU,,HTTP://DATA.QLD.GOV.AU,,,2018/07/04 00:00:00+00,,-27.085233999999957,152.9521900000001,,CABOOLTURE POLICE STATION,GAQLD156368985,30 KING STREET,0,4510,CABOOLTURE,30,-27.08550194999998,152.95219968000004
145.775453,-16.9266689999999,1228,EMERGENCY FACILITY,"An emergency management facility from which a particular agency’s resources are commanded, coordinated and assigned to an incident or emergency",POLICING FACILITY,CAIRNS STATION,OPERATIONAL,,CAIRNS CITY,QUEENSLAND,4870,HTTP://DATA.QLD.GOV.AU,,HTTP://DATA.QLD.GOV.AU,,,2018/07/04 00:00:00+00,,-16.926668999999947,145.77545300000008,,,GAQLD160569889,5 SHERIDAN STREET,1,4870,CAIRNS CITY,0,-16.926669109999978,145.77545328000008
145.755611,-16.896448,1229,EMERGENCY FACILITY,"An emergency management facility from which a particular agency’s resources are commanded, coordinated and assigned to an incident or emergency",POLICING FACILITY,AFP - QLD - CAIRNS NORTH OFFICE,OPERATIONAL,422-440 SHERIDAN STREET,CAIRNS NORTH,QUEENSLAND,4870,WWW.AFP.GOV.AU,,WWW.AFP.GOV.AU,,,2018/08/16 00:00:00+00,,-16.896447999999964,145.75561100000004,,,GAQLD155126850,422 SHERIDAN STREET,1,4870,CAIRNS NORTH,38,-16.896219119999955,145.75587646000008
153.050607,-27.623816,1230,EMERGENCY FACILITY,"An emergency management facility from which a particular agency’s resources are commanded, coordinated and assigned to an incident or emergency",POLICING FACILITY,CALAMVALE STATION,OPERATIONAL,,CALAMVALE,QUEENSLAND,4116,HTTP://DATA.QLD.GOV.AU,,HTTP://DATA.QLD.GOV.AU,,,2018/07/04 00:00:00+00,,-27.623815999999977,153.050607,,,GAQLD155110866,42 KAMERUKA STREET,1,4116,CALAMVALE,26,-27.62361152999995,153.05073929000002
148.773668,-20.8990929999999,1231,EMERGENCY FACILITY,"An emergency management facility from which a particular agency’s resources are commanded, coordinated and assigned to an incident or emergency",POLICING FACILITY,CALEN STATION,OPERATIONAL,,CALEN,QUEENSLAND,4798,HTTP://DATA.QLD.GOV.AU,,HTTP://DATA.QLD.GOV.AU,,,2018/07/04 00:00:00+00,,-20.899092999999937,148.77366800000004,,,GAQLD161365255,5377 BRUCE HIGHWAY,2,4798,CALEN,19,-20.899122809999938,148.77384841000003
151.587111,-28.009847,1232,EMERGENCY FACILITY,"An emergency management facility from which a particular agency’s resources are commanded, coordinated and assigned to an incident or emergency",POLICING FACILITY,LEYBURN STATION,OPERATIONAL,,LEYBURN,QUEENSLAND,4365,HTTP://DATA.QLD.GOV.AU,,HTTP://DATA.QLD.GOV.AU,,,2018/07/04 00:00:00+00,,-28.00984699999998,151.58711100000005,,POLICE LEYBURN ST/RE,GAQLD161461688,5805 TOOWOOMBA KARARA ROAD,2,4365,LEYBURN,41,-28.009474299999965,151.58711051000012
143.344136,-12.787883,1233,EMERGENCY FACILITY,"An emergency management facility from which a particular agency’s resources are commanded, coordinated and assigned to an incident or emergency",POLICING FACILITY,LOCKHART RIVER STATION,OPERATIONAL,,LOCKHART RIVER,QUEENSLAND,4892,HTTP://DATA.QLD.GOV.AU,,HTTP://DATA.QLD.GOV.AU,,,2018/07/04 00:00:00+00,,-12.787882999999965,143.34413600000005,,,GAQLD425593509,LOT 14 PIIRAMO STREET,1,4892,LOCKHART RIVER,1,-12.787887229999967,143.34414779000008
153.104904,-27.6458459999999,1234,EMERGENCY FACILITY,"An emergency management facility from which a particular agency’s resources are commanded, coordinated and assigned to an incident or emergency",POLICING FACILITY,LOGAN CENTRAL STATION,OPERATIONAL,,LOGAN CENTRAL,QUEENSLAND,4114,HTTP://DATA.QLD.GOV.AU,,HTTP://DATA.QLD.GOV.AU,,,2018/07/04 00:00:00+00,,-27.64584599999995,153.10490400000003,,,GAQLD160969629,11-13 CIVIC PARADE,2,4114,LOGAN CENTRAL,0,-27.645845619999932,153.10490368000012
138.621814225,-34.824011447,1235,EMERGENCY FACILITY,"An emergency management facility from which a particular agency’s resources are commanded, coordinated and assigned to an incident or emergency",POLICING FACILITY,POORAKA SHOP FRONT,OPERATIONAL,121 HENDERSON AVENUE,POORAKA,SOUTH AUSTRALIA,5095,HTTP://WWW.POLICE.SA.GOV.AU,,HTTP://WWW.POLICE.SA.GOV.AU,,,2018/08/18 00:00:00+00,,-34.824011446999975,138.6218142250001,,,GASA_424821469,121 HENDERSON AVENUE,0,5095,POORAKA,38,-34.82366939999997,138.62178132000008
138.5080211,-34.8442687469999,1236,EMERGENCY FACILITY,"An emergency management facility from which a particular agency’s resources are commanded, coordinated and assigned to an incident or emergency",POLICING FACILITY,PORT ADELAIDE POLICE STATION,OPERATIONAL,244-260 ST VINCENT STREET,PORT ADELAIDE,SOUTH AUSTRALIA,5015,HTTP://WWW.POLICE.SA.GOV.AU,,HTTP://WWW.POLICE.SA.GOV.AU,,,2018/08/18 00:00:00+00,,-34.844268746999944,138.50802110000006,,PORT ADELAIDE POLICE STATION,GASA_415038041,244-260 ST VINCENT STREET,1,5015,PORT ADELAIDE,0,-34.84426874999997,138.50802110000006
137.765361567,-32.494143483,1237,EMERGENCY FACILITY,"An emergency management facility from which a particular agency’s resources are commanded, coordinated and assigned to an incident or emergency",POLICING FACILITY,PORT AUGUSTA POLICE STATION,OPERATIONAL,LOT 201 COMMERCIAL ROAD,PORT AUGUSTA,SOUTH AUSTRALIA,5700,HTTP://WWW.POLICE.SA.GOV.AU,,HTTP://WWW.POLICE.SA.GOV.AU,,,2018/08/18 00:00:00+00,,-32.49414348299996,137.765361567,,PORT AUGUSTA POLICE STATION,GASA_422041360,106 COMMERCIAL ROAD,1,5700,PORT AUGUSTA,0,-32.49414114999996,137.76536207000004
145.250715,-15.462599,1238,EMERGENCY FACILITY,"An emergency management facility from which a particular agency’s resources are commanded, coordinated and assigned to an incident or emergency",POLICING FACILITY,COOKTOWN STATION,OPERATIONAL,,COOKTOWN,QUEENSLAND,4895,HTTP://DATA.QLD.GOV.AU,,HTTP://DATA.QLD.GOV.AU,,,2018/07/04 00:00:00+00,,-15.462598999999955,145.250715,,,GAQLD157780562,170 CHARLOTTE STREET,2,4895,COOKTOWN,2,-15.462583739999957,145.25070511
153.534824,-28.1687879999999,1239,EMERGENCY FACILITY,"An emergency management facility from which a particular agency’s resources are commanded, coordinated and assigned to an incident or emergency",POLICING FACILITY,COOLANGATTA STATION,OPERATIONAL,,COOLANGATTA,QUEENSLAND,4225,HTTP://DATA.QLD.GOV.AU,,HTTP://DATA.QLD.GOV.AU,,,2018/07/04 00:00:00+00,,-28.16878799999995,153.53482400000007,,,GAQLD425477932,136 MUSGRAVE STREET,1,4225,COOLANGATTA,56,-28.16903690999993,153.53432998000005
153.077204,-26.540297,1240,EMERGENCY FACILITY,"An emergency management facility from which a particular agency’s resources are commanded, coordinated and assigned to an incident or emergency",POLICING FACILITY,COOLUM STATION,OPERATIONAL,,COOLUM BEACH,QUEENSLAND,4573,HTTP://DATA.QLD.GOV.AU,,HTTP://DATA.QLD.GOV.AU,,,2018/07/04 00:00:00+00,,-26.540296999999953,153.07720400000005,,,GAQLD424995901,42-46 SOUTH COOLUM ROAD,2,4573,COOLUM BEACH,22,-26.540166169999964,153.07703426000012
153.315027,-27.874406,1241,EMERGENCY FACILITY,"An emergency management facility from which a particular agency’s resources are commanded, coordinated and assigned to an incident or emergency",POLICING FACILITY,COOMERA STATION,OPERATIONAL,,COOMERA,QUEENSLAND,4209,HTTP://DATA.QLD.GOV.AU,,HTTP://DATA.QLD.GOV.AU,,,2018/07/04 00:00:00+00,,-27.874405999999965,153.3150270000001,,COOMERA POLICE STATION,GAQLD425329716,1 FORTUNE STREET,0,4209,COOMERA,34,-27.874100589999955,153.31508811000003
152.910323,-26.418855,1242,EMERGENCY FACILITY,"An emergency management facility from which a particular agency’s resources are commanded, coordinated and assigned to an incident or emergency",POLICING FACILITY,COOROY STATION,OPERATIONAL,,COOROY,QUEENSLAND,4563,HTTP://DATA.QLD.GOV.AU,,HTTP://DATA.QLD.GOV.AU,,,2018/07/04 00:00:00+00,,-26.41885499999995,152.91032300000006,,,GAQLD156475890,35 MAPLE STREET,2,4563,COOROY,3,-26.41887954999993,152.9103330700001
138.89020535,-34.671329369,1243,EMERGENCY FACILITY,"An emergency management facility from which a particular agency’s resources are commanded, coordinated and assigned to an incident or emergency",POLICING FACILITY,WILLIAMSTOWN POLICE STATION,OPERATIONAL,LOT 9 QUEEN STREET,WILLIAMSTOWN,SOUTH AUSTRALIA,5351,HTTP://WWW.POLICE.SA.GOV.AU,,HTTP://WWW.POLICE.SA.GOV.AU,,,2018/08/18 00:00:00+00,,-34.67132936899998,138.8902053500001,,,GASA_416405873,21 QUEEN STREET,1,5351,WILLIAMSTOWN,10,-34.67136136999994,138.89010770000004
152.939647,-27.4060069999999,1244,EMERGENCY FACILITY,"An emergency management facility from which a particular agency’s resources are commanded, coordinated and assigned to an incident or emergency",POLICING FACILITY,FERNY GROVE STATION,OPERATIONAL,,FERNY GROVE,QUEENSLAND,4055,HTTP://DATA.QLD.GOV.AU,,HTTP://DATA.QLD.GOV.AU,,,2018/07/04 00:00:00+00,,-27.40600699999993,152.93964700000004,,,GAQLD162549223,15 TRAMWAY STREET,1,4055,FERNY GROVE,7,-27.405995599999983,152.9395827500001
148.633029,-21.141241,1245,EMERGENCY FACILITY,"An emergency management facility from which a particular agency’s resources are commanded, coordinated and assigned to an incident or emergency",POLICING FACILITY,FINCH HATTON STATION,OPERATIONAL,,FINCH HATTON,QUEENSLAND,4756,HTTP://DATA.QLD.GOV.AU,,HTTP://DATA.QLD.GOV.AU,,,2018/07/04 00:00:00+00,,-21.14124099999998,148.63302900000008,,,GAQLD425834012,7 BAGLEY STREET,1,4756,FINCH HATTON,11,-21.141338859999962,148.63306123000007
143.60462,-18.5859859999999,1246,EMERGENCY FACILITY,"An emergency management facility from which a particular agency’s resources are commanded, coordinated and assigned to an incident or emergency",POLICING FACILITY,FORSAYTH STATION,OPERATIONAL,,FORSAYTH,QUEENSLAND,4871,HTTP://DATA.QLD.GOV.AU,,HTTP://DATA.QLD.GOV.AU,,,2018/07/04 00:00:00+00,,-18.585985999999934,143.60462000000007,,,GAQLD720934328,LOT 4 EINASLEIGH ROAD,0,4871,FORSAYTH,11,-18.585886949999974,143.60462952000012
153.037536,-27.453384,1247,EMERGENCY FACILITY,"An emergency management facility from which a particular agency’s resources are commanded, coordinated and assigned to an incident or emergency",POLICING FACILITY,FORTITUDE VALLEY STATION,OPERATIONAL,,FORTITUDE VALLEY,QUEENSLAND,4006,HTTP://DATA.QLD.GOV.AU,,HTTP://DATA.QLD.GOV.AU,,,2018/07/04 00:00:00+00,,-27.45338399999997,153.03753600000005,,,GAQLD155314751,119 BROOKES STREET,1,4006,FORTITUDE VALLEY,21,-27.453337329999954,153.03733036000006
150.536386,-23.3521979999999,1248,EMERGENCY FACILITY,"An emergency management facility from which a particular agency’s resources are commanded, coordinated and assigned to an incident or emergency",POLICING FACILITY,NORTH ROCKHAMPTON STATION,OPERATIONAL,,FRENCHVILLE,QUEENSLAND,4701,HTTP://DATA.QLD.GOV.AU,,HTTP://DATA.QLD.GOV.AU,,,2018/07/04 00:00:00+00,,-23.35219799999993,150.5363860000001,,,GAQLD162062334,163-171 ROBINSON STREET,1,4701,FRENCHVILLE,45,-23.35192184999994,150.53606895000007
152.278858,-27.5564189999999,1249,EMERGENCY FACILITY,"An emergency management facility from which a particular agency’s resources are commanded, coordinated and assigned to an incident or emergency",POLICING FACILITY,GATTON STATION,OPERATIONAL,,GATTON,QUEENSLAND,4343,HTTP://DATA.QLD.GOV.AU,,HTTP://DATA.QLD.GOV.AU,,,2018/07/04 00:00:00+00,,-27.55641899999995,152.278858,,,GAQLD157973784,5 WILLIAM STREET,2,4343,GATTON,2,-27.556440109999983,152.2788574000001
151.608835,-25.6264659999999,1250,EMERGENCY FACILITY,"An emergency management facility from which a particular agency’s resources are commanded, coordinated and assigned to an incident or emergency",POLICING FACILITY,GAYNDAH STATION,OPERATIONAL,,GAYNDAH,QUEENSLAND,4625,HTTP://DATA.QLD.GOV.AU,,HTTP://DATA.QLD.GOV.AU,,,2018/07/04 00:00:00+00,,-25.626465999999937,151.6088350000001,,,GAQLD157962161,16 PINEAPPLE STREET,1,4625,GAYNDAH,22,-25.62653279999995,151.6090375000001
144.505072,-23.489337,1251,EMERGENCY FACILITY,"An emergency management facility from which a particular agency’s resources are commanded, coordinated and assigned to an incident or emergency",POLICING FACILITY,ILFRACOMBE STATION,OPERATIONAL,,ILFRACOMBE,QUEENSLAND,4727,HTTP://DATA.QLD.GOV.AU,,HTTP://DATA.QLD.GOV.AU,,,2018/07/04 00:00:00+00,,-23.489336999999978,144.50507200000004,,,GAQLD162474155,6-10 MCMASTER DRIVE,1,4727,ILFRACOMBE,6,-23.489313829999958,144.5050223300001
152.674897,-26.459489,1252,EMERGENCY FACILITY,"An emergency management facility from which a particular agency’s resources are commanded, coordinated and assigned to an incident or emergency",POLICING FACILITY,IMBIL STATION,OPERATIONAL,,IMBIL,QUEENSLAND,4570,HTTP://DATA.QLD.GOV.AU,,HTTP://DATA.QLD.GOV.AU,,,2018/07/04 00:00:00+00,,-26.459488999999962,152.6748970000001,,,GAQLD162835121,97 YABBA ROAD,0,4570,IMBIL,58,-26.459172729999977,152.6744319500001
152.972052,-27.5955269999999,1253,EMERGENCY FACILITY,"An emergency management facility from which a particular agency’s resources are commanded, coordinated and assigned to an incident or emergency",POLICING FACILITY,INALA STATION,OPERATIONAL,,INALA,QUEENSLAND,4077,HTTP://DATA.QLD.GOV.AU,,HTTP://DATA.QLD.GOV.AU,,,2018/07/04 00:00:00+00,,-27.595526999999947,152.97205200000008,,,GAQLD159244942,58 HYACINTH STREET,1,4077,INALA,24,-27.595413049999934,152.9722634200001
152.97178,-27.4973469999999,1254,EMERGENCY FACILITY,"An emergency management facility from which a particular agency’s resources are commanded, coordinated and assigned to an incident or emergency",POLICING FACILITY,INDOOROOPILLY STATION,OPERATIONAL,,INDOOROOPILLY,QUEENSLAND,4068,HTTP://DATA.QLD.GOV.AU,,HTTP://DATA.QLD.GOV.AU,,,2018/07/04 00:00:00+00,,-27.497346999999934,152.97178000000008,,,GAQLD161240165,349 MOGGILL ROAD,0,4068,INDOOROOPILLY,21,-27.49716191999994,152.97174340000004
146.15614,-18.651127,1255,EMERGENCY FACILITY,"An emergency management facility from which a particular agency’s resources are commanded, coordinated and assigned to an incident or emergency",POLICING FACILITY,INGHAM STATION,OPERATIONAL,,INGHAM,QUEENSLAND,4850,HTTP://DATA.QLD.GOV.AU,,HTTP://DATA.QLD.GOV.AU,,,2018/07/04 00:00:00+00,,-18.651126999999974,146.15614000000005,,,GAQLD163172074,35 PALM TERRACE,0,4850,INGHAM,33,-18.65118991999998,146.15644097000006
151.083354,-28.4145609999999,1256,EMERGENCY FACILITY,"An emergency management facility from which a particular agency’s resources are commanded, coordinated and assigned to an incident or emergency",POLICING FACILITY,INGLEWOOD STATION,OPERATIONAL,,INGLEWOOD,QUEENSLAND,4387,HTTP://DATA.QLD.GOV.AU,,HTTP://DATA.QLD.GOV.AU,,,2018/07/04 00:00:00+00,,-28.414560999999935,151.0833540000001,,,GAQLD425472525,LOT 43 ALBERT STREET,0,4387,INGLEWOOD,37,-28.414226379999945,151.08330677000004
148.566084,-25.84459,1257,EMERGENCY FACILITY,"An emergency management facility from which a particular agency’s resources are commanded, coordinated and assigned to an incident or emergency",POLICING FACILITY,INJUNE STATION,OPERATIONAL,,INJUNE,QUEENSLAND,4454,HTTP://DATA.QLD.GOV.AU,,HTTP://DATA.QLD.GOV.AU,,,2018/07/04 00:00:00+00,,-25.844589999999982,148.56608400000005,,,GAQLD161329422,LOT 210 THIRD AVENUE,0,4454,INJUNE,3,-25.84460392999995,148.56605402000002
139.046328778,-34.775484045,1258,EMERGENCY FACILITY,"An emergency management facility from which a particular agency’s resources are commanded, coordinated and assigned to an incident or emergency",POLICING FACILITY,MOUNT PLEASANT POLICE STATION,OPERATIONAL,27 MELROSE STREET,MOUNT PLEASANT,SOUTH AUSTRALIA,5235,HTTP://WWW.POLICE.SA.GOV.AU,,HTTP://WWW.POLICE.SA.GOV.AU,,,2018/08/18 00:00:00+00,,-34.775484044999985,139.0463287780001,,POLICE STATION,GASA_415537621,27 MELROSE STREET,2,5235,MOUNT PLEASANT,2,-34.775471719999985,139.04634980000003
153.179721,-27.663607,1259,EMERGENCY FACILITY,"An emergency management facility from which a particular agency’s resources are commanded, coordinated and assigned to an incident or emergency",POLICING FACILITY,LOGANHOLME STATION,OPERATIONAL,,LOGANHOLME,QUEENSLAND,4129,HTTP://DATA.QLD.GOV.AU,,HTTP://DATA.QLD.GOV.AU,,,2018/07/04 00:00:00+00,,-27.663606999999956,153.1797210000001,,LOGANHOLME POLICE STATION,GAQLD155490103,1-9 TIMOR AVENUE,0,4129,LOGANHOLME,50,-27.66385631999998,153.1792952500001
144.250862,-23.441653,1260,EMERGENCY FACILITY,"An emergency management facility from which a particular agency’s resources are commanded, coordinated and assigned to an incident or emergency",POLICING FACILITY,LONGREACH STATION,OPERATIONAL,,LONGREACH,QUEENSLAND,4730,HTTP://DATA.QLD.GOV.AU,,HTTP://DATA.QLD.GOV.AU,,,2018/07/04 00:00:00+00,,-23.441652999999974,144.2508620000001,,,GAQLD156783987,99 GALAH STREET,1,4730,LONGREACH,13,-23.44167048999998,144.250987
152.579524,-27.467305,1261,EMERGENCY FACILITY,"An emergency management facility from which a particular agency’s resources are commanded, coordinated and assigned to an incident or emergency",POLICING FACILITY,LOWOOD STATION,OPERATIONAL,,LOWOOD,QUEENSLAND,4311,HTTP://DATA.QLD.GOV.AU,,HTTP://DATA.QLD.GOV.AU,,,2018/07/04 00:00:00+00,,-27.467304999999953,152.5795240000001,,,GAQLD158205358,52 PROSPECT STREET,2,4311,LOWOOD,29,-27.467067569999983,152.57939307000004
149.187689,-21.1421389999999,1262,EMERGENCY FACILITY,"An emergency management facility from which a particular agency’s resources are commanded, coordinated and assigned to an incident or emergency",POLICING FACILITY,MACKAY STATION,OPERATIONAL,,MACKAY,QUEENSLAND,4740,HTTP://DATA.QLD.GOV.AU,,HTTP://DATA.QLD.GOV.AU,,,2018/07/04 00:00:00+00,,-21.14213899999993,149.1876890000001,,,GAQLD156774555,57 SYDNEY STREET,1,4740,MACKAY,5,-21.142126099999928,149.18773254000007
153.360666,-27.617607,1263,EMERGENCY FACILITY,"An emergency management facility from which a particular agency’s resources are commanded, coordinated and assigned to an incident or emergency",POLICING FACILITY,MACLEAY ISLAND STATION,OPERATIONAL,,MACLEAY ISLAND,QUEENSLAND,4184,HTTP://DATA.QLD.GOV.AU,,HTTP://DATA.QLD.GOV.AU,,,2018/07/04 00:00:00+00,,-27.617606999999964,153.36066600000004,,,GAQLD161963409,11 PELICAN STREET,0,4184,MACLEAY ISLAND,2,-27.61762448999997,153.36067300000002
153.043021,-27.453627,1264,EMERGENCY FACILITY,"An emergency management facility from which a particular agency’s resources are commanded, coordinated and assigned to an incident or emergency",POLICING FACILITY,AFP - QLD - BRISBANE OFFICE HQ,OPERATIONAL,45 COMMERCIAL ROAD,NEWSTEAD,QUEENSLAND,4006,WWW.AFP.GOV.AU,,WWW.AFP.GOV.AU,,,2018/08/16 00:00:00+00,,-27.453626999999983,153.04302100000007,,,GAQLD156937450,45 COMMERCIAL ROAD,2,4006,NEWSTEAD,8,-27.453556719999938,153.0430173100001
153.091583,-26.407834,1265,EMERGENCY FACILITY,"An emergency management facility from which a particular agency’s resources are commanded, coordinated and assigned to an incident or emergency",POLICING FACILITY,NOOSA HEADS STATION,OPERATIONAL,,NOOSA HEADS,QUEENSLAND,4567,HTTP://DATA.QLD.GOV.AU,,HTTP://DATA.QLD.GOV.AU,,,2018/07/04 00:00:00+00,,-26.40783399999998,153.091583,,,GAQLD158406893,9 LANGURA STREET,2,4567,NOOSA HEADS,7,-26.407789999999977,153.09163568000008
141.079292,-17.6687429999999,1266,EMERGENCY FACILITY,"An emergency management facility from which a particular agency’s resources are commanded, coordinated and assigned to an incident or emergency",POLICING FACILITY,NORMANTON STATION,OPERATIONAL,,NORMANTON,QUEENSLAND,4890,HTTP://DATA.QLD.GOV.AU,,HTTP://DATA.QLD.GOV.AU,,,2018/07/04 00:00:00+00,,-17.66874299999995,141.079292,,,GAQLD720667013,22-24 HAIG STREET,1,4890,NORMANTON,8,-17.668680989999928,141.07924749000006
151.83453,-26.982676,1267,EMERGENCY FACILITY,"An emergency management facility from which a particular agency’s resources are commanded, coordinated and assigned to an incident or emergency",POLICING FACILITY,COOYAR STATION,OPERATIONAL,,COOYAR,QUEENSLAND,4402,HTTP://DATA.QLD.GOV.AU,,HTTP://DATA.QLD.GOV.AU,,,2018/07/04 00:00:00+00,,-26.98267599999997,151.8345300000001,,,GAQLD156480755,24 MCDOUGALL STREET,2,4402,COOYAR,7,-26.982741519999934,151.83451548000005
153.081762,-27.6788589999999,1268,EMERGENCY FACILITY,"An emergency management facility from which a particular agency’s resources are commanded, coordinated and assigned to an incident or emergency",POLICING FACILITY,CRESTMEAD STATION,OPERATIONAL,,CRESTMEAD,QUEENSLAND,4132,HTTP://DATA.QLD.GOV.AU,,HTTP://DATA.QLD.GOV.AU,,,2018/07/04 00:00:00+00,,-27.67885899999993,153.08176200000003,,,GAQLD160715852,501-503 BROWNS PLAINS ROAD,1,4132,CRESTMEAD,0,-27.67885917999996,153.08176231000004
152.058777,-27.2654019999999,1269,EMERGENCY FACILITY,"An emergency management facility from which a particular agency’s resources are commanded, coordinated and assigned to an incident or emergency",POLICING FACILITY,CROWS NEST STATION,OPERATIONAL,,CROWS NEST,QUEENSLAND,4355,HTTP://DATA.QLD.GOV.AU,,HTTP://DATA.QLD.GOV.AU,,,2018/07/04 00:00:00+00,,-27.265401999999938,152.05877700000008,,,GAQLD159922388,30 ALBERT STREET,0,4355,CROWS NEST,5,-27.265425919999927,152.05873011000006
136.496550574,-33.701412083,1270,EMERGENCY FACILITY,"An emergency management facility from which a particular agency’s resources are commanded, coordinated and assigned to an incident or emergency",POLICING FACILITY,CLEVE POLICE STATION,OPERATIONAL,2 MAIN STREET,CLEVE,SOUTH AUSTRALIA,5640,HTTP://WWW.POLICE.SA.GOV.AU,,HTTP://WWW.POLICE.SA.GOV.AU,,,2018/08/18 00:00:00+00,,-33.70141208299998,136.49655057400003,,,GASA_415725562,2 MAIN STREET,2,5640,CLEVE,27,-33.701267049999956,136.4963233100001
141.0000067,-32.077170361,1271,EMERGENCY FACILITY,"An emergency management facility from which a particular agency’s resources are commanded, coordinated and assigned to an incident or emergency",POLICING FACILITY,COCKBURN POLICE STATION,OPERATIONAL,PT LT 202 WAITE TERRACE,COCKBURN,SOUTH AUSTRALIA,5440,HTTP://WWW.POLICE.SA.GOV.AU,,HTTP://WWW.POLICE.SA.GOV.AU,,,2018/08/18 00:00:00+00,,-32.07717036099996,141.00000670000009,,,GASA_424054985,LOT 202 WAITE TERRACE,2,5440,COCKBURN,63,-32.07773937999997,141.0000048700001
134.753197808,-29.0162954539999,1272,EMERGENCY FACILITY,"An emergency management facility from which a particular agency’s resources are commanded, coordinated and assigned to an incident or emergency",POLICING FACILITY,COOBER PEDY POLICE STATION,OPERATIONAL,PT LT 2126 MALLIOTIS BLVD,COOBER PEDY,SOUTH AUSTRALIA,5723,HTTP://WWW.POLICE.SA.GOV.AU,,HTTP://WWW.POLICE.SA.GOV.AU,,,2018/08/18 00:00:00+00,,-29.01629545399993,134.7531978080001,,,GASA_422227746,LOT 2126 MALLIOTIS BOULEVARD,1,5723,COOBER PEDY,2,-29.016307919999974,134.7531905200001
139.859956276,-35.698817984,1273,EMERGENCY FACILITY,"An emergency management facility from which a particular agency’s resources are commanded, coordinated and assigned to an incident or emergency",POLICING FACILITY,COONALPYN POLICE STATION,OPERATIONAL,LOT 123 POYNTZ TERRACE,COONALPYN,SOUTH AUSTRALIA,5265,HTTP://WWW.POLICE.SA.GOV.AU,,HTTP://WWW.POLICE.SA.GOV.AU,,,2018/08/18 00:00:00+00,,-35.69881798399996,139.85995627600005,,,GASA_424202308,LOT 123 POYNTZ TERRACE,0,5265,COONALPYN,6,-35.698862119999944,139.85991981000006
136.925564277,-33.685505892,1274,EMERGENCY FACILITY,"An emergency management facility from which a particular agency’s resources are commanded, coordinated and assigned to an incident or emergency",POLICING FACILITY,COWELL POLICE STATION,OPERATIONAL,15 THIRD STREET,COWELL,SOUTH AUSTRALIA,5602,HTTP://WWW.POLICE.SA.GOV.AU,,HTTP://WWW.POLICE.SA.GOV.AU,,,2018/08/18 00:00:00+00,,-33.68550589199998,136.92556427700003,,,GASA_415712378,15 THIRD STREET,1,5602,COWELL,13,-33.68551926999993,136.92542365000008
143.546905,-18.290364,1275,EMERGENCY FACILITY,"An emergency management facility from which a particular agency’s resources are commanded, coordinated and assigned to an incident or emergency",POLICING FACILITY,GEORGETOWN STATION,OPERATIONAL,,GEORGETOWN,QUEENSLAND,4871,HTTP://DATA.QLD.GOV.AU,,HTTP://DATA.QLD.GOV.AU,,,2018/07/04 00:00:00+00,,-18.290363999999954,143.54690500000004,,,GAQLD425476198,10 HIGH STREET,1,4871,GEORGETOWN,14,-18.29038677999995,143.54677362000007
132.028176899,-26.763805416,1276,EMERGENCY FACILITY,"An emergency management facility from which a particular agency’s resources are commanded, coordinated and assigned to an incident or emergency",POLICING FACILITY,FREGON POLICE STATION,OPERATIONAL,,KALTJITI,SOUTH AUSTRALIA,0872,HTTP://WWW.POLICE.SA.GOV.AU,,HTTP://WWW.POLICE.SA.GOV.AU,,,2018/08/18 00:00:00+00,,-26.76380541599997,132.02817689900007,,,GASA_719184831,13 TJUNTUN PLACE,1,0872,KALTJITI,9,-26.763723269999957,132.02818647000004
138.913366522,-34.3429807169999,1277,EMERGENCY FACILITY,"An emergency management facility from which a particular agency’s resources are commanded, coordinated and assigned to an incident or emergency",POLICING FACILITY,KAPUNDA POLICE STATION,OPERATIONAL,PT LT 215 MAIN STREET,KAPUNDA,SOUTH AUSTRALIA,5373,HTTP://WWW.POLICE.SA.GOV.AU,,HTTP://WWW.POLICE.SA.GOV.AU,,,2018/08/18 00:00:00+00,,-34.34298071699993,138.91336652200005,,KAPUNDA POLICE STATION,GASA_423697167,101 MAIN STREET,1,5373,KAPUNDA,4,-34.34301836999998,138.9133641300001
139.894876073,-35.0936854729999,1278,EMERGENCY FACILITY,"An emergency management facility from which a particular agency’s resources are commanded, coordinated and assigned to an incident or emergency",POLICING FACILITY,KAROONDA POLICE STATION,OPERATIONAL,PEAKE STREET,KAROONDA,SOUTH AUSTRALIA,5307,HTTP://WWW.POLICE.SA.GOV.AU,,HTTP://WWW.POLICE.SA.GOV.AU,,,2018/08/18 00:00:00+00,,-35.09368547299994,139.8948760730001,,,GASA_424199594,LOT 61 PEAKE STREET,0,5307,KAROONDA,1,-35.09368054999993,139.8948673100001
140.355364432,-36.0995589689999,1279,EMERGENCY FACILITY,"An emergency management facility from which a particular agency’s resources are commanded, coordinated and assigned to an incident or emergency",POLICING FACILITY,KEITH POLICE STATION,OPERATIONAL,9 MCBAIN STREET,KEITH,SOUTH AUSTRALIA,5267,HTTP://WWW.POLICE.SA.GOV.AU,,HTTP://WWW.POLICE.SA.GOV.AU,,,2018/08/18 00:00:00+00,,-36.09955896899993,140.3553644320001,,,GASA_719777731,9 MCBAIN STREET,0,5267,KEITH,25,-36.099417639999956,140.35558415000003
138.575793801,-34.9454278489999,1280,EMERGENCY FACILITY,"An emergency management facility from which a particular agency’s resources are commanded, coordinated and assigned to an incident or emergency",POLICING FACILITY,GRENFELL POLICE STATION,OPERATIONAL,42-44 KENT ROAD,KESWICK,SOUTH AUSTRALIA,5035,HTTP://WWW.POLICE.SA.GOV.AU,,HTTP://WWW.POLICE.SA.GOV.AU,,,2018/08/18 00:00:00+00,,-34.94542784899994,138.57579380100003,,,GASA_425460247,42-44 KENT ROAD,0,5035,KESWICK,9,-34.94535245999998,138.57584053000005
136.420961787,-33.1393796479999,1281,EMERGENCY FACILITY,"An emergency management facility from which a particular agency’s resources are commanded, coordinated and assigned to an incident or emergency",POLICING FACILITY,KIMBA POLICE STATION,OPERATIONAL,19-21 RAILWAY TERRACE,KIMBA,SOUTH AUSTRALIA,5641,HTTP://WWW.POLICE.SA.GOV.AU,,HTTP://WWW.POLICE.SA.GOV.AU,,,2018/08/18 00:00:00+00,,-33.13937964799993,136.420961787,,,GASA_423689024,19-21 RAILWAY TERRACE,1,5641,KIMBA,0,-33.13937963999996,136.42096177000008
137.637769828,-35.6567895329999,1282,EMERGENCY FACILITY,"An emergency management facility from which a particular agency’s resources are commanded, coordinated and assigned to an incident or emergency",POLICING FACILITY,KANGAROO ISLAND POLICE STATION,OPERATIONAL,31 DAUNCEY STREET,KINGSCOTE,SOUTH AUSTRALIA,5223,HTTP://WWW.POLICE.SA.GOV.AU,,HTTP://WWW.POLICE.SA.GOV.AU,,,2018/08/18 00:00:00+00,,-35.65678953299994,137.63776982800005,,,GASA_423421807,31 DAUNCEY STREET,2,5223,KINGSCOTE,0,-35.65678988999997,137.63776858000006
130.183763783,-26.160388714,1283,EMERGENCY FACILITY,"An emergency management facility from which a particular agency’s resources are commanded, coordinated and assigned to an incident or emergency",POLICING FACILITY,MURPUTJA POLICE STATION,OPERATIONAL,GUNBARREL HIGHWAY,MURPUTJA - NYAPARI,SOUTH AUSTRALIA,0872,HTTP://WWW.POLICE.SA.GOV.AU,,HTTP://WWW.POLICE.SA.GOV.AU,,,2018/08/18 00:00:00+00,,-26.160388713999964,130.18376378300002,,,GASA_719550089,1 POLICE STATION ROAD,0,0872,MURPUTJA,120,-26.161231089999944,130.1845119300001
139.276735007,-35.1178380769999,1284,EMERGENCY FACILITY,"An emergency management facility from which a particular agency’s resources are commanded, coordinated and assigned to an incident or emergency",POLICING FACILITY,MURRAY BRIDGE POLICE STATION,OPERATIONAL,LOT 2 RAILWAY TERRACE,MURRAY BRIDGE,SOUTH AUSTRALIA,5253,HTTP://WWW.POLICE.SA.GOV.AU,,HTTP://WWW.POLICE.SA.GOV.AU,,,2018/08/18 00:00:00+00,,-35.11783807699993,139.27673500700007,,,GASA_424203890,LOT 2 RAILWAY TERRACE,-1,5253,MURRAY BRIDGE,2,-35.11782359999995,139.27674323000008
140.740473866,-36.9569012699999,1285,EMERGENCY FACILITY,"An emergency management facility from which a particular agency’s resources are commanded, coordinated and assigned to an incident or emergency",POLICING FACILITY,NARACOORTE POLICE STATION,OPERATIONAL,56 SMITH STREET,NARACOORTE,SOUTH AUSTRALIA,5271,HTTP://WWW.POLICE.SA.GOV.AU,,HTTP://WWW.POLICE.SA.GOV.AU,,,2018/08/18 00:00:00+00,,-36.956901269999946,140.74047386600012,,,GASA_417024168,56 SMITH STREET,1,5271,NARACOORTE,0,-36.956900179999934,140.74047582000003
138.552150518,-34.9463628039999,1286,EMERGENCY FACILITY,"An emergency management facility from which a particular agency’s resources are commanded, coordinated and assigned to an incident or emergency",POLICING FACILITY,NETLEY POLICE STATION,OPERATIONAL,LOT 702 MARION ROAD,NETLEY,SOUTH AUSTRALIA,5037,HTTP://WWW.POLICE.SA.GOV.AU,,HTTP://WWW.POLICE.SA.GOV.AU,,,2018/08/18 00:00:00+00,,-34.94636280399993,138.55215051800008,,NETLEY POLICE STATION,GASA_424346959,242-246 MARION ROAD,0,5037,NETLEY,3,-34.94633720999997,138.5521545900001
138.675968672,-34.8765431259999,1287,EMERGENCY FACILITY,"An emergency management facility from which a particular agency’s resources are commanded, coordinated and assigned to an incident or emergency",POLICING FACILITY,NEWTON POLICE STATION,OPERATIONAL,94 GORGE ROAD,NEWTON,SOUTH AUSTRALIA,5074,HTTP://WWW.POLICE.SA.GOV.AU,,HTTP://WWW.POLICE.SA.GOV.AU,,,2018/08/18 00:00:00+00,,-34.876543125999945,138.67596867200007,,,GASA_423865658,94 GORGE ROAD,1,5074,NEWTON,1,-34.87654620999996,138.67596518000005
138.319520981,-35.446686594,1288,EMERGENCY FACILITY,"An emergency management facility from which a particular agency’s resources are commanded, coordinated and assigned to an incident or emergency",POLICING FACILITY,NORMANVILLE POLICE STATION,OPERATIONAL,EDWARDS AVENUE,NORMANVILLE,SOUTH AUSTRALIA,5204,HTTP://WWW.POLICE.SA.GOV.AU,,HTTP://WWW.POLICE.SA.GOV.AU,,,2018/08/18 00:00:00+00,,-35.44668659399997,138.3195209810001,,,GASA_415611209,SHOP 1 10 EDWARDS AVENUE,0,5204,NORMANVILLE,35,-35.44662982999995,138.31990450000012
153.02273,-27.238235,1289,EMERGENCY FACILITY,"An emergency management facility from which a particular agency’s resources are commanded, coordinated and assigned to an incident or emergency",POLICING FACILITY,MANGO HILL NORTH LAKES STATION,OPERATIONAL,,NORTH LAKES,QUEENSLAND,4509,HTTP://DATA.QLD.GOV.AU,,HTTP://DATA.QLD.GOV.AU,,,2018/07/04 00:00:00+00,,-27.238234999999975,153.02273000000002,,NORTH LAKES POLICE STATION,GAQLD162973084,2 ENDEAVOUR BOULEVARD,1,4509,NORTH LAKES,1,-27.238234389999946,153.0227249300001
151.720665,-27.434119,1290,EMERGENCY FACILITY,"An emergency management facility from which a particular agency’s resources are commanded, coordinated and assigned to an incident or emergency",POLICING FACILITY,OAKEY STATION,OPERATIONAL,,OAKEY,QUEENSLAND,4401,HTTP://DATA.QLD.GOV.AU,,HTTP://DATA.QLD.GOV.AU,,,2018/07/04 00:00:00+00,,-27.434118999999953,151.72066500000005,,,GAQLD155651806,75 CAMPBELL STREET,1,4401,OAKEY,3,-27.434143809999966,151.7206696500001
153.475238,-28.125593,1291,EMERGENCY FACILITY,"An emergency management facility from which a particular agency’s resources are commanded, coordinated and assigned to an incident or emergency",POLICING FACILITY,PALM BEACH STATION,OPERATIONAL,,PALM BEACH,QUEENSLAND,4221,HTTP://DATA.QLD.GOV.AU,,HTTP://DATA.QLD.GOV.AU,,,2018/07/04 00:00:00+00,,-28.12559299999998,153.4752380000001,,,GAQLD157031898,1042 GOLD COAST HIGHWAY,1,4221,PALM BEACH,1,-28.12558495999997,153.47524122000004
146.578554,-18.7343749999999,1292,EMERGENCY FACILITY,"An emergency management facility from which a particular agency’s resources are commanded, coordinated and assigned to an incident or emergency",POLICING FACILITY,PALM ISLAND STATION,OPERATIONAL,,PALM ISLAND,QUEENSLAND,4816,HTTP://DATA.QLD.GOV.AU,,HTTP://DATA.QLD.GOV.AU,,,2018/07/04 00:00:00+00,,-18.734374999999943,146.57855400000005,,,GAQLD425174720,72 MAIN STREET,1,4816,PALM ISLAND,15,-18.734310019999953,146.5784279400001
152.957706,-26.68751,1293,EMERGENCY FACILITY,"An emergency management facility from which a particular agency’s resources are commanded, coordinated and assigned to an incident or emergency",POLICING FACILITY,PALMWOODS STATION,OPERATIONAL,,PALMWOODS,QUEENSLAND,4555,HTTP://DATA.QLD.GOV.AU,,HTTP://DATA.QLD.GOV.AU,,,2018/07/04 00:00:00+00,,-26.687509999999975,152.95770600000003,,PALMWOODS POLICE STATION,GAQLD161226012,15 MARGARET STREET,2,4555,PALMWOODS,9,-26.687574619999964,152.95776238000008
116.4732974,-32.80145723,1294,EMERGENCY FACILITY,"An emergency management facility from which a particular agency’s resources are commanded, coordinated and assigned to an incident or emergency",POLICING FACILITY,BODDINGTON POLICE STATION,OPERATIONAL,12 JOHNSTONE STREET,BODDINGTON,WESTERN AUSTRALIA,6390,HTTPS://CATALOGUE.DATA.WA.GOV.AU/DATASET/WA-POLICE-STATIONS,,HTTPS://CATALOGUE.DATA.WA.GOV.AU/DATASET/WA-POLICE-STATIONS,,,2018/08/15 00:00:00+00,,-32.80145722999998,116.47329740000009,,BODDINGTON POLICE STATION,GAWA_160798725,12 JOHNSTONE STREET,0,6390,BODDINGTON,29,-32.80121822999996,116.47342807000007
116.389865014,-33.833270683,1295,EMERGENCY FACILITY,"An emergency management facility from which a particular agency’s resources are commanded, coordinated and assigned to an incident or emergency",POLICING FACILITY,BOYUP BROOK POLICE STATION,OPERATIONAL,88 ABEL STREET,BOYUP BROOK,WESTERN AUSTRALIA,6244,HTTPS://CATALOGUE.DATA.WA.GOV.AU/DATASET/WA-POLICE-STATIONS,,HTTPS://CATALOGUE.DATA.WA.GOV.AU/DATASET/WA-POLICE-STATIONS,,,2018/08/15 00:00:00+00,,-33.83327068299997,116.38986501400007,,BOYUP BROOK POLICE STATION,GAWA_146937761,88 ABEL STREET,0,6244,BOYUP BROOK,616,-33.829843049999965,116.38463280000008
138.208807864,-33.3531779899999,1296,EMERGENCY FACILITY,"An emergency management facility from which a particular agency’s resources are commanded, coordinated and assigned to an incident or emergency",POLICING FACILITY,CRYSTAL BROOK POLICE STATION,OPERATIONAL,29 BRANDIS STREET,CRYSTAL BROOK,SOUTH AUSTRALIA,5523,HTTP://WWW.POLICE.SA.GOV.AU,,HTTP://WWW.POLICE.SA.GOV.AU,,,2018/08/18 00:00:00+00,,-33.35317798999995,138.20880786400005,,CRYSTAL BROOK POLICE STATION,GASA_415706236,29 BRANDIS STREET,2,5523,CRYSTAL BROOK,0,-33.35317769999995,138.2088080100001
135.728247303,-34.263017759,1297,EMERGENCY FACILITY,"An emergency management facility from which a particular agency’s resources are commanded, coordinated and assigned to an incident or emergency",POLICING FACILITY,CUMMINS POLICE STATION,OPERATIONAL,20 RAILWAY TERRACE,CUMMINS,SOUTH AUSTRALIA,5631,HTTP://WWW.POLICE.SA.GOV.AU,,HTTP://WWW.POLICE.SA.GOV.AU,,,2018/08/18 00:00:00+00,,-34.26301775899998,135.7282473030001,,CUMMINS POLICE STATION,GASA_423016772,20 RAILWAY TERRACE,2,5631,CUMMINS,55,-34.26319442999994,135.72880768000005
153.396944,-27.911583,1298,EMERGENCY FACILITY,"An emergency management facility from which a particular agency’s resources are commanded, coordinated and assigned to an incident or emergency",POLICING FACILITY,RUNAWAY BAY STATION,OPERATIONAL,,RUNAWAY BAY,QUEENSLAND,4216,HTTP://DATA.QLD.GOV.AU,,HTTP://DATA.QLD.GOV.AU,,,2018/07/04 00:00:00+00,,-27.91158299999995,153.39694400000008,,RUNAWAY BAY POLICE STATION,GAQLD162287922,LOT 323 LAE DRIVE,0,4216,RUNAWAY BAY,0,-27.91158256999995,153.3969440400001
149.161002,-21.063554,1299,EMERGENCY FACILITY,"An emergency management facility from which a particular agency’s resources are commanded, coordinated and assigned to an incident or emergency",POLICING FACILITY,MACKAY NORTHERN BEACHES STATION,OPERATIONAL,,RURAL VIEW,QUEENSLAND,4740,HTTP://DATA.QLD.GOV.AU,,HTTP://DATA.QLD.GOV.AU,,,2018/07/04 00:00:00+00,,-21.063553999999954,149.16100200000005,,,GAQLD162824521,2 CARL COURT,1,4740,RURAL VIEW,5,-21.06350632999994,149.16101131000005
153.382083,-27.6484659999999,1300,EMERGENCY FACILITY,"An emergency management facility from which a particular agency’s resources are commanded, coordinated and assigned to an incident or emergency",POLICING FACILITY,RUSSELL ISLAND STATION,OPERATIONAL,,RUSSELL ISLAND,QUEENSLAND,4184,HTTP://DATA.QLD.GOV.AU,,HTTP://DATA.QLD.GOV.AU,,,2018/07/04 00:00:00+00,,-27.648465999999928,153.38208300000008,,,GAQLD155785647,28-30 HIGH STREET,2,4184,RUSSELL ISLAND,20,-27.648339789999966,153.38222544000007
153.067688,-27.318282,1301,EMERGENCY FACILITY,"An emergency management facility from which a particular agency’s resources are commanded, coordinated and assigned to an incident or emergency",POLICING FACILITY,SANDGATE STATION,OPERATIONAL,,SANDGATE,QUEENSLAND,4017,HTTP://DATA.QLD.GOV.AU,,HTTP://DATA.QLD.GOV.AU,,,2018/07/04 00:00:00+00,,-27.318281999999954,153.0676880000001,,,GAQLD155783296,84 BRIGHTON ROAD,1,4017,SANDGATE,0,-27.318281999999954,153.06768791000002
149.217487,-21.421624,1302,EMERGENCY FACILITY,"An emergency management facility from which a particular agency’s resources are commanded, coordinated and assigned to an incident or emergency",POLICING FACILITY,SARINA STATION,OPERATIONAL,,SARINA,QUEENSLAND,4737,HTTP://DATA.QLD.GOV.AU,,HTTP://DATA.QLD.GOV.AU,,,2018/07/04 00:00:00+00,,-21.42162399999995,149.21748700000012,,,GAQLD162126166,52-54 BROAD STREET,0,4737,SARINA,16,-21.421753429999967,149.21756275000007
152.853743,-25.286301,1303,EMERGENCY FACILITY,"An emergency management facility from which a particular agency’s resources are commanded, coordinated and assigned to an incident or emergency",POLICING FACILITY,HERVEY BAY STATION,OPERATIONAL,,SCARNESS,QUEENSLAND,4655,HTTP://DATA.QLD.GOV.AU,,HTTP://DATA.QLD.GOV.AU,,,2018/07/04 00:00:00+00,,-25.28630099999998,152.85374300000012,,,GAQLD160247045,142 TORQUAY ROAD,0,4655,SCARNESS,20,-25.28621167999995,152.85391807000008
142.220215,-10.584668,1304,EMERGENCY FACILITY,"An emergency management facility from which a particular agency’s resources are commanded, coordinated and assigned to an incident or emergency",POLICING FACILITY,AFP - QLD - THURSDAY ISLAND,OPERATIONAL,COMMONWEALTH CENTRE - VICTORIA PAR,THURSDAY ISLAND,QUEENSLAND,4875,WWW.AFP.GOV.AU,,WWW.AFP.GOV.AU,,,2018/08/16 00:00:00+00,,-10.584667999999965,142.22021500000005,,,GAQLD161800675,4 VICTORIA PARADE,2,4875,THURSDAY ISLAND,13,-10.584783229999971,142.22024862000012
142.211644,-10.586986,1305,EMERGENCY FACILITY,"An emergency management facility from which a particular agency’s resources are commanded, coordinated and assigned to an incident or emergency",POLICING FACILITY,THURSDAY ISLAND STATION,OPERATIONAL,,THURSDAY ISLAND,QUEENSLAND,4875,HTTP://DATA.QLD.GOV.AU,,HTTP://DATA.QLD.GOV.AU,,,2018/07/04 00:00:00+00,,-10.586985999999968,142.2116440000001,,THURSDAY ISLAND POLICE STATION,GAQLD719341440,LOT 29 DOUGLAS STREET,0,4875,THURSDAY ISLAND,4,-10.586954849999927,142.21164613000008
152.582642,-25.7270809999999,1306,EMERGENCY FACILITY,"An emergency management facility from which a particular agency’s resources are commanded, coordinated and assigned to an incident or emergency",POLICING FACILITY,TIARO STATION,OPERATIONAL,,TIARO,QUEENSLAND,4650,HTTP://DATA.QLD.GOV.AU,,HTTP://DATA.QLD.GOV.AU,,,2018/07/04 00:00:00+00,,-25.72708099999994,152.58264200000008,,,GAQLD162659326,1 MUNGAR ROAD,0,4650,TIARO,9,-25.727006109999934,152.58268035000003
148.343648,-23.0367659999999,1307,EMERGENCY FACILITY,"An emergency management facility from which a particular agency’s resources are commanded, coordinated and assigned to an incident or emergency",POLICING FACILITY,TIERI STATION,OPERATIONAL,,TIERI,QUEENSLAND,4709,HTTP://DATA.QLD.GOV.AU,,HTTP://DATA.QLD.GOV.AU,,,2018/07/04 00:00:00+00,,-23.036765999999943,148.34364800000003,,,GAQLD162523366,LOT 5 TALAGAI AVENUE,1,4709,TIERI,4,-23.036791739999956,148.34367496000004
153.005961,-25.913806,1308,EMERGENCY FACILITY,"An emergency management facility from which a particular agency’s resources are commanded, coordinated and assigned to an incident or emergency",POLICING FACILITY,TIN CAN BAY STATION,OPERATIONAL,,TIN CAN BAY,QUEENSLAND,4580,HTTP://DATA.QLD.GOV.AU,,HTTP://DATA.QLD.GOV.AU,,,2018/07/04 00:00:00+00,,-25.913805999999965,153.00596100000007,,,GAQLD425758411,37 GYMPIE ROAD,1,4580,TIN CAN BAY,1,-25.913804669999934,153.0059703400001
152.380039,-27.0882159999999,1309,EMERGENCY FACILITY,"An emergency management facility from which a particular agency’s resources are commanded, coordinated and assigned to an incident or emergency",POLICING FACILITY,TOOGOOLAWAH STATION,OPERATIONAL,,TOOGOOLAWAH,QUEENSLAND,4313,HTTP://DATA.QLD.GOV.AU,,HTTP://DATA.QLD.GOV.AU,,,2018/07/04 00:00:00+00,,-27.08821599999993,152.380039,,,GAQLD162602972,30 GARDNER STREET,1,4313,TOOGOOLAWAH,7,-27.088177989999963,152.37998655
151.957144,-27.562576,1310,EMERGENCY FACILITY,"An emergency management facility from which a particular agency’s resources are commanded, coordinated and assigned to an incident or emergency",POLICING FACILITY,TOOWOOMBA STATION,OPERATIONAL,,TOOWOOMBA CITY,QUEENSLAND,4350,HTTP://DATA.QLD.GOV.AU,,HTTP://DATA.QLD.GOV.AU,,,2018/07/04 00:00:00+00,,-27.56257599999998,151.95714400000008,,COURT HOUSE,GAQLD161837755,159 HUME STREET,1,4350,TOOWOOMBA CITY,82,-27.56241116999996,151.9563318700001
146.814853,-19.261093,1311,EMERGENCY FACILITY,"An emergency management facility from which a particular agency’s resources are commanded, coordinated and assigned to an incident or emergency",POLICING FACILITY,TOWNSVILLE STATION,OPERATIONAL,,TOWNSVILLE CITY,QUEENSLAND,4810,HTTP://DATA.QLD.GOV.AU,,HTTP://DATA.QLD.GOV.AU,,,2018/07/04 00:00:00+00,,-19.26109299999996,146.81485300000008,,,GAQLD161874876,134 STANLEY STREET,0,4810,TOWNSVILLE CITY,13,-19.26115079999994,146.81474561000005
116.138922939,-33.9587641849999,1312,EMERGENCY FACILITY,"An emergency management facility from which a particular agency’s resources are commanded, coordinated and assigned to an incident or emergency",POLICING FACILITY,BRIDGETOWN POLICE STATION,OPERATIONAL,26 STEERE STREET,BRIDGETOWN,WESTERN AUSTRALIA,6255,HTTPS://CATALOGUE.DATA.WA.GOV.AU/DATASET/WA-POLICE-STATIONS,,HTTPS://CATALOGUE.DATA.WA.GOV.AU/DATASET/WA-POLICE-STATIONS,,,2018/08/15 00:00:00+00,,-33.95876418499995,116.13892293900005,,BRIDGETOWN COURT HOUSE & POLIC,GAWA_162645877,26 STEERE STREET,1,6255,BRIDGETOWN,9,-33.958805319999954,116.1390042700001
117.01298366,-32.3708721909999,1313,EMERGENCY FACILITY,"An emergency management facility from which a particular agency’s resources are commanded, coordinated and assigned to an incident or emergency",POLICING FACILITY,BROOKTON POLICE STATION,OPERATIONAL,9 GROSER STREET,BROOKTON,WESTERN AUSTRALIA,6306,HTTPS://CATALOGUE.DATA.WA.GOV.AU/DATASET/WA-POLICE-STATIONS,,HTTPS://CATALOGUE.DATA.WA.GOV.AU/DATASET/WA-POLICE-STATIONS,,,2018/08/15 00:00:00+00,,-32.37087219099993,117.01298366000003,,BROOKTON POLICE STATION,GAWA_147404315,9 GROSER STREET,1,6306,BROOKTON,1,-32.370879499999944,117.01298560000009
122.241418855,-17.9566519329999,1314,EMERGENCY FACILITY,"An emergency management facility from which a particular agency’s resources are commanded, coordinated and assigned to an incident or emergency",POLICING FACILITY,BROOME POLICE STATION,OPERATIONAL,7 FREDERICK STREET,BROOME,WESTERN AUSTRALIA,6725,HTTPS://CATALOGUE.DATA.WA.GOV.AU/DATASET/WA-POLICE-STATIONS,,HTTPS://CATALOGUE.DATA.WA.GOV.AU/DATASET/WA-POLICE-STATIONS,,,2018/08/15 00:00:00+00,,-17.956651932999932,122.241418855,,POLICE STATION,GAWA_147545709,7 FREDERICK STREET,2,6725,BROOME,70,-17.95709372999994,122.24188472000003
118.148345022,-31.875342851,1315,EMERGENCY FACILITY,"An emergency management facility from which a particular agency’s resources are commanded, coordinated and assigned to an incident or emergency",POLICING FACILITY,BRUCE ROCK POLICE STATION,OPERATIONAL,14 JOHNSON STREET,BRUCE ROCK,WESTERN AUSTRALIA,6418,HTTPS://CATALOGUE.DATA.WA.GOV.AU/DATASET/WA-POLICE-STATIONS,,HTTPS://CATALOGUE.DATA.WA.GOV.AU/DATASET/WA-POLICE-STATIONS,,,2018/08/15 00:00:00+00,,-31.87534285099997,118.14834502200006,,,GAWA_147359781,14 JOHNSON STREET,2,6418,BRUCE ROCK,2,-31.87532995999993,118.14833202000011
151.198743,-24.0062829999999,1316,EMERGENCY FACILITY,"An emergency management facility from which a particular agency’s resources are commanded, coordinated and assigned to an incident or emergency",POLICING FACILITY,CALLIOPE STATION,OPERATIONAL,,CALLIOPE,QUEENSLAND,4680,HTTP://DATA.QLD.GOV.AU,,HTTP://DATA.QLD.GOV.AU,,,2018/07/04 00:00:00+00,,-24.00628299999994,151.19874300000004,,CALLIOPE POLICE STATION,GAQLD156389687,17 BLOOMFIELD STREET,2,4680,CALLIOPE,0,-24.006282589999955,151.19874214000004
153.117958,-26.801031,1317,EMERGENCY FACILITY,"An emergency management facility from which a particular agency’s resources are commanded, coordinated and assigned to an incident or emergency",POLICING FACILITY,CALOUNDRA STATION,OPERATIONAL,,CALOUNDRA,QUEENSLAND,4551,HTTP://DATA.QLD.GOV.AU,,HTTP://DATA.QLD.GOV.AU,,,2018/07/04 00:00:00+00,,-26.801030999999966,153.11795800000004,,,GAQLD157668761,5 GREGSON PLACE,2,4551,CALOUNDRA,52,-26.80070398999993,153.1175822900001
138.120542,-19.919679,1318,EMERGENCY FACILITY,"An emergency management facility from which a particular agency’s resources are commanded, coordinated and assigned to an incident or emergency",POLICING FACILITY,CAMOOWEAL STATION,OPERATIONAL,,CAMOOWEAL,QUEENSLAND,4828,HTTP://DATA.QLD.GOV.AU,,HTTP://DATA.QLD.GOV.AU,,,2018/07/04 00:00:00+00,,-19.919678999999974,138.1205420000001,,,GAQLD162306648,36-40 NOWRANIE STREET,0,4828,CAMOOWEAL,40,-19.919878189999963,138.1208608500001
152.983338,-27.530234,1319,EMERGENCY FACILITY,"An emergency management facility from which a particular agency’s resources are commanded, coordinated and assigned to an incident or emergency",POLICING FACILITY,SHERWOOD STATION,OPERATIONAL,,SHERWOOD,QUEENSLAND,4075,HTTP://DATA.QLD.GOV.AU,,HTTP://DATA.QLD.GOV.AU,,,2018/07/04 00:00:00+00,,-27.53023399999995,152.98333800000012,,,GAQLD157102548,424 OXLEY ROAD,2,4075,SHERWOOD,14,-27.53018605999995,152.98346563000007
146.021789,-17.7473919999999,1320,EMERGENCY FACILITY,"An emergency management facility from which a particular agency’s resources are commanded, coordinated and assigned to an incident or emergency",POLICING FACILITY,SILKWOOD STATION,OPERATIONAL,,SILKWOOD,QUEENSLAND,4856,HTTP://DATA.QLD.GOV.AU,,HTTP://DATA.QLD.GOV.AU,,,2018/07/04 00:00:00+00,,-17.747391999999934,146.021789,,,GAQLD163116603,1 SILKWOOD JAPOON ROAD,2,4856,SILKWOOD,15,-17.74736121999996,146.02192491000005
137.931412078,-33.599688257,1321,EMERGENCY FACILITY,"An emergency management facility from which a particular agency’s resources are commanded, coordinated and assigned to an incident or emergency",POLICING FACILITY,PORT BROUGHTON POLICE STATION,OPERATIONAL,25 HARVEY STREET,PORT BROUGHTON,SOUTH AUSTRALIA,5522,HTTP://WWW.POLICE.SA.GOV.AU,,HTTP://WWW.POLICE.SA.GOV.AU,,,2018/08/18 00:00:00+00,,-33.59968825699997,137.9314120780001,,PORT BROUGHTON POLICE STATION,GASA_416267403,25 HARVEY STREET,2,5522,PORT BROUGHTON,1,-33.59968373999993,137.93140275000007
138.000435532,-33.0231090939999,1322,EMERGENCY FACILITY,"An emergency management facility from which a particular agency’s resources are commanded, coordinated and assigned to an incident or emergency",POLICING FACILITY,PORT GERMEIN POLICE STATION,OPERATIONAL,43 ESPLANADE,PORT GERMEIN,SOUTH AUSTRALIA,5495,HTTP://WWW.POLICE.SA.GOV.AU,,HTTP://WWW.POLICE.SA.GOV.AU,,,2018/08/18 00:00:00+00,,-33.02310909399995,138.0004355320001,,,GASA_424147103,43 ESPLANADE ,2,5495,PORT GERMEIN,28,-33.02286484999996,138.00051037000003
135.857972354,-34.721578544,1323,EMERGENCY FACILITY,"An emergency management facility from which a particular agency’s resources are commanded, coordinated and assigned to an incident or emergency",POLICING FACILITY,PORT LINCOLN POLICE STATION,OPERATIONAL,1-7 LIVERPOOL STREET,PORT LINCOLN,SOUTH AUSTRALIA,5606,HTTP://WWW.POLICE.SA.GOV.AU,,HTTP://WWW.POLICE.SA.GOV.AU,,,2018/08/18 00:00:00+00,,-34.721578543999954,135.85797235400003,,PORT LINCOLN POLICE STATION,GASA_423194172,1-7 LIVERPOOL STREET,2,5606,PORT LINCOLN,0,-34.72157853999994,135.85797236000008
140.699760784,-38.052641642,1324,EMERGENCY FACILITY,"An emergency management facility from which a particular agency’s resources are commanded, coordinated and assigned to an incident or emergency",POLICING FACILITY,PORT MACDONNELL POLICE STATION,OPERATIONAL,MEYLIN STREET,PORT MACDONNELL,SOUTH AUSTRALIA,5291,HTTP://WWW.POLICE.SA.GOV.AU,,HTTP://WWW.POLICE.SA.GOV.AU,,,2018/08/18 00:00:00+00,,-38.05264164199997,140.6997607840001,,,GASA_415715815,42 MEYLIN STREET,1,5291,PORT MACDONNELL,20,-38.05282479999994,140.69974213000012
138.01316845,-33.181801784,1325,EMERGENCY FACILITY,"An emergency management facility from which a particular agency’s resources are commanded, coordinated and assigned to an incident or emergency",POLICING FACILITY,PORT PIRIE POLICE STATION,OPERATIONAL,18 MAIN ROAD,PORT PIRIE,SOUTH AUSTRALIA,5540,HTTP://WWW.POLICE.SA.GOV.AU,,HTTP://WWW.POLICE.SA.GOV.AU,,,2018/08/18 00:00:00+00,,-33.18180178399996,138.01316845000008,,POLICE BOX 56,GASA_424902882,18 MAIN ROAD,1,5540,PORT PIRIE,0,-33.181801779999944,138.01316845000008
138.270695715,-33.032898797,1326,EMERGENCY FACILITY,"An emergency management facility from which a particular agency’s resources are commanded, coordinated and assigned to an incident or emergency",POLICING FACILITY,WIRRABARA POLICE STATION,OPERATIONAL,24 CALLISTEMON STREET,WIRRABARA,SOUTH AUSTRALIA,5481,HTTP://WWW.POLICE.SA.GOV.AU,,HTTP://WWW.POLICE.SA.GOV.AU,,,2018/08/18 00:00:00+00,,-33.03289879699997,138.2706957150001,,,GASA_425433373,24 CALLISTEMON STREET,2,5481,WIRRABARA,1,-33.03289934999998,138.27070399000002
134.52996658,-32.403623276,1327,EMERGENCY FACILITY,"An emergency management facility from which a particular agency’s resources are commanded, coordinated and assigned to an incident or emergency",POLICING FACILITY,WIRRULLA POLICE STATION,OPERATIONAL,1-3 HAY TERRACE,WIRRULLA,SOUTH AUSTRALIA,5661,HTTP://WWW.POLICE.SA.GOV.AU,,HTTP://WWW.POLICE.SA.GOV.AU,,,2018/08/18 00:00:00+00,,-32.40362327599996,134.52996658000006,,,GASA_425440218,1-3 HAY TERRACE,0,5661,WIRRULLA,7,-32.403616159999956,134.52989371
138.876470256,-34.953120199,1328,EMERGENCY FACILITY,"An emergency management facility from which a particular agency’s resources are commanded, coordinated and assigned to an incident or emergency",POLICING FACILITY,WOODSIDE POLICE STATION,OPERATIONAL,9 NAIRNE ROAD,WOODSIDE,SOUTH AUSTRALIA,5244,HTTP://WWW.POLICE.SA.GOV.AU,,HTTP://WWW.POLICE.SA.GOV.AU,,,2018/08/18 00:00:00+00,,-34.953120198999954,138.87647025600006,,,GASA_424808900,9 NAIRNE ROAD,2,5244,WOODSIDE,2,-34.95311646999994,138.87649548000002
135.462511387,-33.045966945,1329,EMERGENCY FACILITY,"An emergency management facility from which a particular agency’s resources are commanded, coordinated and assigned to an incident or emergency",POLICING FACILITY,WUDINNA POLICE STATION,OPERATIONAL,34-36 MEDLEY TERRACE,WUDINNA,SOUTH AUSTRALIA,5652,HTTP://WWW.POLICE.SA.GOV.AU,,HTTP://WWW.POLICE.SA.GOV.AU,,,2018/08/18 00:00:00+00,,-33.045966944999975,135.46251138700006,,WUDINNA POLICE STATION,GASA_415722236,34-36 MEDLEY TERRACE,2,5652,WUDINNA,1,-33.045971219999956,135.46250714000007
131.844124446,-31.480981749,1330,EMERGENCY FACILITY,"An emergency management facility from which a particular agency’s resources are commanded, coordinated and assigned to an incident or emergency",POLICING FACILITY,YALATA POLICE STATION,OPERATIONAL,SEC 2 EYRE HIGHWAY,YALATA,SOUTH AUSTRALIA,5690,HTTP://WWW.POLICE.SA.GOV.AU,,HTTP://WWW.POLICE.SA.GOV.AU,,,2018/08/18 00:00:00+00,,-31.480981748999966,131.84412444600002,,,GASA_719246344,1 EAST COURT,0,5690,YALATA,11,-31.48089400999993,131.84406438000008
137.605934801,-35.018140348,1331,EMERGENCY FACILITY,"An emergency management facility from which a particular agency’s resources are commanded, coordinated and assigned to an incident or emergency",POLICING FACILITY,YORKETOWN POLICE STATION,OPERATIONAL,22 MINLATON ROAD,YORKETOWN,SOUTH AUSTRALIA,5576,HTTP://WWW.POLICE.SA.GOV.AU,,HTTP://WWW.POLICE.SA.GOV.AU,,,2018/08/18 00:00:00+00,,-35.018140347999974,137.6059348010001,,YORKETOWN POLICE STATION,GASA_417121684,22 MINLATON ROAD,1,5576,YORKETOWN,0,-35.018140339999945,137.6059348000001
139.561188645,-32.5817942199999,1332,EMERGENCY FACILITY,"An emergency management facility from which a particular agency’s resources are commanded, coordinated and assigned to an incident or emergency",POLICING FACILITY,YUNTA POLICE STATION,OPERATIONAL,LOT 2 RAILWAY TERRACE,YUNTA,SOUTH AUSTRALIA,5440,HTTP://WWW.POLICE.SA.GOV.AU,,HTTP://WWW.POLICE.SA.GOV.AU,,,2018/08/18 00:00:00+00,,-32.58179421999995,139.56118864500002,,,GASA_424204173,LOT 2 RAILWAY TERRACE,1,5440,YUNTA,102,-32.58271132999994,139.56121904000008
131.147723391,-26.150852078,1333,EMERGENCY FACILITY,"An emergency management facility from which a particular agency’s resources are commanded, coordinated and assigned to an incident or emergency",POLICING FACILITY,AMATA POLICE STATION,OPERATIONAL,1 WATTLE ST,AMATA,SOUTH AUSTRALIA,0872,HTTP://WWW.POLICE.SA.GOV.AU,,HTTP://WWW.POLICE.SA.GOV.AU,,,2018/08/18 00:00:00+00,NO GNAF POINT,-26.150852077999957,131.1477233910001,,,,,,,,,,
148.704913,-20.27233,1334,EMERGENCY FACILITY,"An emergency management facility from which a particular agency’s resources are commanded, coordinated and assigned to an incident or emergency",POLICING FACILITY,WHITSUNDAY STATION,OPERATIONAL,,CANNONVALE,QUEENSLAND,4802,HTTP://DATA.QLD.GOV.AU,,HTTP://DATA.QLD.GOV.AU,,,2018/07/04 00:00:00+00,,-20.272329999999954,148.70491300000003,,,GAQLD425862672,6-8 ALTMANN AVENUE,0,4802,CANNONVALE,15,-20.27233580999996,148.70505542000012
153.163827,-28.0199479999999,1335,EMERGENCY FACILITY,"An emergency management facility from which a particular agency’s resources are commanded, coordinated and assigned to an incident or emergency",POLICING FACILITY,CANUNGRA STATION,OPERATIONAL,,CANUNGRA,QUEENSLAND,4275,HTTP://DATA.QLD.GOV.AU,,HTTP://DATA.QLD.GOV.AU,,,2018/07/04 00:00:00+00,,-28.019947999999943,153.16382700000008,,CANUNGRA POLICE STATION,GAQLD156406467,33-41 KIDSTON STREET,2,4275,CANUNGRA,2,-28.019947939999952,153.16384613000002
153.189964,-27.5423019999999,1336,EMERGENCY FACILITY,"An emergency management facility from which a particular agency’s resources are commanded, coordinated and assigned to an incident or emergency",POLICING FACILITY,CAPALABA STATION,OPERATIONAL,,CAPALABA,QUEENSLAND,4157,HTTP://DATA.QLD.GOV.AU,,HTTP://DATA.QLD.GOV.AU,,,2018/07/04 00:00:00+00,,-27.54230199999995,153.18996400000003,,,GAQLD156386799,217-219 MOUNT COTTON ROAD,1,4157,CAPALABA,13,-27.54222414999998,153.18985959000008
148.024466,-23.080662,1337,EMERGENCY FACILITY,"An emergency management facility from which a particular agency’s resources are commanded, coordinated and assigned to an incident or emergency",POLICING FACILITY,CAPELLA STATION,OPERATIONAL,,CAPELLA,QUEENSLAND,4723,HTTP://DATA.QLD.GOV.AU,,HTTP://DATA.QLD.GOV.AU,,,2018/07/04 00:00:00+00,,-23.08066199999996,148.02446600000007,,,GAQLD156398947,33 HUNTLEY STREET,2,4723,CAPELLA,11,-23.08071390999993,148.02437039000006
146.029959,-18.268086,1338,EMERGENCY FACILITY,"An emergency management facility from which a particular agency’s resources are commanded, coordinated and assigned to an incident or emergency",POLICING FACILITY,CARDWELL STATION,OPERATIONAL,,CARDWELL,QUEENSLAND,4849,HTTP://DATA.QLD.GOV.AU,,HTTP://DATA.QLD.GOV.AU,,,2018/07/04 00:00:00+00,,-18.268085999999983,146.02995900000008,,,GAQLD156394913,47 VICTORIA STREET,2,4849,CARDWELL,3,-18.268102359999943,146.02998003000005
152.843617,-26.7554279999999,1339,EMERGENCY FACILITY,"An emergency management facility from which a particular agency’s resources are commanded, coordinated and assigned to an incident or emergency",POLICING FACILITY,MALENY STATION,OPERATIONAL,,MALENY,QUEENSLAND,4552,HTTP://DATA.QLD.GOV.AU,,HTTP://DATA.QLD.GOV.AU,,,2018/07/04 00:00:00+00,,-26.755427999999938,152.8436170000001,,,GAQLD160689520,14 MACADAMIA DRIVE,1,4552,MALENY,20,-26.755290749999972,152.84349069000007
152.597079,-27.5652449999999,1340,EMERGENCY FACILITY,"An emergency management facility from which a particular agency’s resources are commanded, coordinated and assigned to an incident or emergency",POLICING FACILITY,MARBURG STATION,OPERATIONAL,,MARBURG,QUEENSLAND,4346,HTTP://DATA.QLD.GOV.AU,,HTTP://DATA.QLD.GOV.AU,,,2018/07/04 00:00:00+00,,-27.565244999999948,152.59707900000012,,,GAQLD158232466,115 QUEEN STREET,0,4346,MARBURG,4,-27.565208319999954,152.59706939000012
145.424401,-16.995331,1341,EMERGENCY FACILITY,"An emergency management facility from which a particular agency’s resources are commanded, coordinated and assigned to an incident or emergency",POLICING FACILITY,MAREEBA STATION,OPERATIONAL,,MAREEBA,QUEENSLAND,4880,HTTP://DATA.QLD.GOV.AU,,HTTP://DATA.QLD.GOV.AU,,,2018/07/04 00:00:00+00,,-16.995330999999965,145.4244010000001,,,GAQLD155519505,167 WALSH STREET,0,4880,MAREEBA,8,-16.995379139999955,145.42445348
137.484131174,-34.4995937469999,1342,EMERGENCY FACILITY,"An emergency management facility from which a particular agency’s resources are commanded, coordinated and assigned to an incident or emergency",POLICING FACILITY,PORT VICTORIA POLICE STATION,OPERATIONAL,35 LAWHILL STREET,PORT VICTORIA,SOUTH AUSTRALIA,5573,HTTP://WWW.POLICE.SA.GOV.AU,,HTTP://WWW.POLICE.SA.GOV.AU,,,2018/08/18 00:00:00+00,,-34.49959374699995,137.48413117400003,,,GASA_415700680,35 LAWHILL STREET,1,5573,PORT VICTORIA,0,-34.49959409999997,137.48413301000005
138.152092614,-34.184206989,1343,EMERGENCY FACILITY,"An emergency management facility from which a particular agency’s resources are commanded, coordinated and assigned to an incident or emergency",POLICING FACILITY,PORT WAKEFIELD POLICE STATION,OPERATIONAL,COMPANY STREET,PORT WAKEFIELD,SOUTH AUSTRALIA,5550,HTTP://WWW.POLICE.SA.GOV.AU,,HTTP://WWW.POLICE.SA.GOV.AU,,,2018/08/18 00:00:00+00,,-34.18420698899996,138.15209261400003,,,GASA_424164123,LOT 205 COMPANY STREET,-1,5550,PORT WAKEFIELD,2,-34.18419008999996,138.1520938000001
142.24433,-18.202871,1344,EMERGENCY FACILITY,"An emergency management facility from which a particular agency’s resources are commanded, coordinated and assigned to an incident or emergency",POLICING FACILITY,CROYDON STATION,OPERATIONAL,,CROYDON,QUEENSLAND,4871,HTTP://DATA.QLD.GOV.AU,,HTTP://DATA.QLD.GOV.AU,,,2018/07/04 00:00:00+00,,-18.20287099999996,142.2443300000001,,,GAQLD163184178,63 BROWN STREET,2,4871,CROYDON,34,-18.203178139999977,142.2443175300001
145.681914,-28.0699949999999,1345,EMERGENCY FACILITY,"An emergency management facility from which a particular agency’s resources are commanded, coordinated and assigned to an incident or emergency",POLICING FACILITY,CUNNAMULLA STATION,OPERATIONAL,,CUNNAMULLA,QUEENSLAND,4490,HTTP://DATA.QLD.GOV.AU,,HTTP://DATA.QLD.GOV.AU,,,2018/07/04 00:00:00+00,,-28.06999499999995,145.68191400000012,,PAROO SHIRE COUNCIL OFFICE,GAQLD720859940,49 STOCKYARD STREET,0,4490,CUNNAMULLA,14,-28.070114579999938,145.68185569000002
139.515177,-21.6944789999999,1346,EMERGENCY FACILITY,"An emergency management facility from which a particular agency’s resources are commanded, coordinated and assigned to an incident or emergency",POLICING FACILITY,DAJARRA STATION,OPERATIONAL,,DAJARRA,QUEENSLAND,4825,HTTP://DATA.QLD.GOV.AU,,HTTP://DATA.QLD.GOV.AU,,,2018/07/04 00:00:00+00,,-21.694478999999944,139.5151770000001,,,GAQLD425210528,7-9 MATHESON STREET,0,4825,DAJARRA,26,-21.694608849999952,139.5153814800001
151.263082,-27.1825299999999,1347,EMERGENCY FACILITY,"An emergency management facility from which a particular agency’s resources are commanded, coordinated and assigned to an incident or emergency",POLICING FACILITY,DALBY STATION,OPERATIONAL,,DALBY,QUEENSLAND,4405,HTTP://DATA.QLD.GOV.AU,,HTTP://DATA.QLD.GOV.AU,,,2018/07/04 00:00:00+00,,-27.18252999999993,151.26308200000005,,,GAQLD162213489,47 DRAYTON STREET,0,4405,DALBY,28,-27.18269738999993,151.26329047000002
152.823532,-27.1974789999999,1348,EMERGENCY FACILITY,"An emergency management facility from which a particular agency’s resources are commanded, coordinated and assigned to an incident or emergency",POLICING FACILITY,DAYBORO STATION,OPERATIONAL,,DAYBORO,QUEENSLAND,4521,HTTP://DATA.QLD.GOV.AU,,HTTP://DATA.QLD.GOV.AU,,,2018/07/04 00:00:00+00,,-27.19747899999993,152.8235320000001,,,GAQLD160046095,14 BRADLEY STREET,1,4521,DAYBORO,4,-27.19748980999998,152.82356776000006
152.995014,-27.181705,1349,EMERGENCY FACILITY,"An emergency management facility from which a particular agency’s resources are commanded, coordinated and assigned to an incident or emergency",POLICING FACILITY,DECEPTION BAY STATION,OPERATIONAL,,DECEPTION BAY,QUEENSLAND,4508,HTTP://DATA.QLD.GOV.AU,,HTTP://DATA.QLD.GOV.AU,,,2018/07/04 00:00:00+00,,-27.181704999999965,152.99501400000008,,DECEPTION BAY POLICE STATION,GAQLD161433813,115-121 DECEPTION BAY ROAD,1,4508,DECEPTION BAY,24,-27.181909659999974,152.9949314700001
151.957207,-24.9928909999999,1350,EMERGENCY FACILITY,"An emergency management facility from which a particular agency’s resources are commanded, coordinated and assigned to an incident or emergency",POLICING FACILITY,GIN GIN STATION,OPERATIONAL,,GIN GIN,QUEENSLAND,4671,HTTP://DATA.QLD.GOV.AU,,HTTP://DATA.QLD.GOV.AU,,,2018/07/04 00:00:00+00,,-24.99289099999993,151.95720700000004,,,GAQLD155336963,81 MULGRAVE STREET,2,4671,GIN GIN,16,-24.992907799999955,151.9570490100001
147.106958,-19.513005,1351,EMERGENCY FACILITY,"An emergency management facility from which a particular agency’s resources are commanded, coordinated and assigned to an incident or emergency",POLICING FACILITY,GIRU STATION,OPERATIONAL,,GIRU,QUEENSLAND,4809,HTTP://DATA.QLD.GOV.AU,,HTTP://DATA.QLD.GOV.AU,,,2018/07/04 00:00:00+00,,-19.513004999999964,147.10695800000008,,,GAQLD157957224,21 BIRD STREET,1,4809,GIRU,2,-19.51299229999995,147.10697515000004
151.254979,-23.8391,1352,EMERGENCY FACILITY,"An emergency management facility from which a particular agency’s resources are commanded, coordinated and assigned to an incident or emergency",POLICING FACILITY,GLADSTONE STATION,OPERATIONAL,,GLADSTONE CENTRAL,QUEENSLAND,4680,HTTP://DATA.QLD.GOV.AU,,HTTP://DATA.QLD.GOV.AU,,,2018/07/04 00:00:00+00,,-23.839099999999974,151.25497900000005,,POLICE STATION,GAQLD162527352,10 YARROON STREET,1,4680,GLADSTONE CENTRAL,13,-23.839012519999983,151.25506352000002
148.119366,-21.358532,1353,EMERGENCY FACILITY,"An emergency management facility from which a particular agency’s resources are commanded, coordinated and assigned to an incident or emergency",POLICING FACILITY,GLENDEN STATION,OPERATIONAL,,GLENDEN,QUEENSLAND,4743,HTTP://DATA.QLD.GOV.AU,,HTTP://DATA.QLD.GOV.AU,,,2018/07/04 00:00:00+00,,-21.35853199999997,148.119366,,,GAQLD162933890,8 BELL PLACE,1,4743,GLENDEN,0,-21.358531579999976,148.11936591000006
152.899102,-27.612558,1354,EMERGENCY FACILITY,"An emergency management facility from which a particular agency’s resources are commanded, coordinated and assigned to an incident or emergency",POLICING FACILITY,GOODNA STATION,OPERATIONAL,,GOODNA,QUEENSLAND,4300,HTTP://DATA.QLD.GOV.AU,,HTTP://DATA.QLD.GOV.AU,,,2018/07/04 00:00:00+00,,-27.61255799999998,152.89910200000008,,,GAQLD156602115,14 CHURCH STREET,0,4300,GOODNA,24,-27.61258911999994,152.89934202000006
151.855688,-27.306643,1355,EMERGENCY FACILITY,"An emergency management facility from which a particular agency’s resources are commanded, coordinated and assigned to an incident or emergency",POLICING FACILITY,GOOMBUNGEE STATION,OPERATIONAL,,GOOMBUNGEE,QUEENSLAND,4354,HTTP://DATA.QLD.GOV.AU,,HTTP://DATA.QLD.GOV.AU,,,2018/07/04 00:00:00+00,,-27.30664299999995,151.8556880000001,,,GAQLD162120143,40-42 BARKER STREET,0,4354,GOOMBUNGEE,94,-27.30647665999993,151.85476113000004
152.069256,-26.184048,1356,EMERGENCY FACILITY,"An emergency management facility from which a particular agency’s resources are commanded, coordinated and assigned to an incident or emergency",POLICING FACILITY,GOOMERI STATION,OPERATIONAL,,GOOMERI,QUEENSLAND,4601,HTTP://DATA.QLD.GOV.AU,,HTTP://DATA.QLD.GOV.AU,,,2018/07/04 00:00:00+00,,-26.18404799999996,152.0692560000001,,,GAQLD156609224,40 MOORE STREET,1,4601,GOOMERI,6,-26.183997399999953,152.06924214000003
150.305259,-28.5445789999999,1357,EMERGENCY FACILITY,"An emergency management facility from which a particular agency’s resources are commanded, coordinated and assigned to an incident or emergency",POLICING FACILITY,GOONDIWINDI STATION,OPERATIONAL,,GOONDIWINDI,QUEENSLAND,4390,HTTP://DATA.QLD.GOV.AU,,HTTP://DATA.QLD.GOV.AU,,,2018/07/04 00:00:00+00,,-28.544578999999942,150.3052590000001,,,GAQLD156599541,23 HERBERT STREET,2,4390,GOONDIWINDI,20,-28.54462898999998,150.30506622000007
143.059703,-24.831401,1358,EMERGENCY FACILITY,"An emergency management facility from which a particular agency’s resources are commanded, coordinated and assigned to an incident or emergency",POLICING FACILITY,JUNDAH STATION,OPERATIONAL,,JUNDAH,QUEENSLAND,4736,HTTP://DATA.QLD.GOV.AU,,HTTP://DATA.QLD.GOV.AU,,,2018/07/04 00:00:00+00,,-24.83140099999997,143.059703,,,GAQLD162347066,19 DICKSON STREET,2,4736,JUNDAH,7,-24.831387289999952,143.0597714700001
152.625035,-27.9380679999999,1359,EMERGENCY FACILITY,"An emergency management facility from which a particular agency’s resources are commanded, coordinated and assigned to an incident or emergency",POLICING FACILITY,KALBAR STATION,OPERATIONAL,,KALBAR,QUEENSLAND,4309,HTTP://DATA.QLD.GOV.AU,,HTTP://DATA.QLD.GOV.AU,,,2018/07/04 00:00:00+00,,-27.93806799999993,152.62503500000003,,,GAQLD162213607,60-62 EDWARD STREET,0,4309,KALBAR,0,-27.93806798999998,152.6250349400001
152.807319,-27.552331,1360,EMERGENCY FACILITY,"An emergency management facility from which a particular agency’s resources are commanded, coordinated and assigned to an incident or emergency",POLICING FACILITY,KARANA DOWNS STATION,OPERATIONAL,,KARANA DOWNS,QUEENSLAND,4306,HTTP://DATA.QLD.GOV.AU,,HTTP://DATA.QLD.GOV.AU,,,2018/07/04 00:00:00+00,,-27.55233099999998,152.80731900000012,,,GAQLD156711867,6 COLLEGE ROAD,2,4306,KARANA DOWNS,0,-27.55233112999997,152.80731959000002
152.728533,-26.5965249999999,1361,EMERGENCY FACILITY,"An emergency management facility from which a particular agency’s resources are commanded, coordinated and assigned to an incident or emergency",POLICING FACILITY,KENILWORTH STATION,OPERATIONAL,,KENILWORTH,QUEENSLAND,4574,HTTP://DATA.QLD.GOV.AU,,HTTP://DATA.QLD.GOV.AU,,,2018/07/04 00:00:00+00,,-26.59652499999993,152.72853300000008,,KENILWORTH POLICE STATION,GAQLD161228160,2 MARY STREET,2,4574,KENILWORTH,11,-26.596427779999942,152.72856478000006
152.562857,-26.946138,1362,EMERGENCY FACILITY,"An emergency management facility from which a particular agency’s resources are commanded, coordinated and assigned to an incident or emergency",POLICING FACILITY,KILCOY STATION,OPERATIONAL,,KILCOY,QUEENSLAND,4515,HTTP://DATA.QLD.GOV.AU,,HTTP://DATA.QLD.GOV.AU,,,2018/07/04 00:00:00+00,,-26.946137999999962,152.56285700000012,,,GAQLD156749791,37 ROYSTON STREET,0,4515,KILCOY,6,-26.94608316999995,152.5628357500001
152.239458,-26.086494,1363,EMERGENCY FACILITY,"An emergency management facility from which a particular agency’s resources are commanded, coordinated and assigned to an incident or emergency",POLICING FACILITY,KILKIVAN STATION,OPERATIONAL,,KILKIVAN,QUEENSLAND,4600,HTTP://DATA.QLD.GOV.AU,,HTTP://DATA.QLD.GOV.AU,,,2018/07/04 00:00:00+00,,-26.08649399999996,152.239458,,,GAQLD156746132,20 ROSE STREET,1,4600,KILKIVAN,23,-26.086691689999952,152.23950789000003
150.981266,-23.8126349999999,1364,EMERGENCY FACILITY,"An emergency management facility from which a particular agency’s resources are commanded, coordinated and assigned to an incident or emergency",POLICING FACILITY,MOUNT LARCOM STATION,OPERATIONAL,,MOUNT LARCOM,QUEENSLAND,4695,HTTP://DATA.QLD.GOV.AU,,HTTP://DATA.QLD.GOV.AU,,,2018/07/04 00:00:00+00,,-23.812634999999943,150.98126600000012,,,GAQLD158333071,10 GLADSTONE STREET,0,4695,MOUNT LARCOM,0,-23.812634939999953,150.98126636000006
145.330996,-16.6750499999999,1365,EMERGENCY FACILITY,"An emergency management facility from which a particular agency’s resources are commanded, coordinated and assigned to an incident or emergency",POLICING FACILITY,MOUNT MOLLOY STATION,OPERATIONAL,,MOUNT MOLLOY,QUEENSLAND,4871,HTTP://DATA.QLD.GOV.AU,,HTTP://DATA.QLD.GOV.AU,,,2018/07/04 00:00:00+00,,-16.675049999999942,145.33099600000003,,,GAQLD163104798,3 FRASER ROAD,2,4871,MOUNT MOLLOY,11,-16.674952969999936,145.33097979000001
121.891517507,-33.863091599,1366,EMERGENCY FACILITY,"An emergency management facility from which a particular agency’s resources are commanded, coordinated and assigned to an incident or emergency",POLICING FACILITY,ESPERANCE POLICE STATION,OPERATIONAL,100-102 DEMPSTER STREET,ESPERANCE,WESTERN AUSTRALIA,6450,HTTPS://CATALOGUE.DATA.WA.GOV.AU/DATASET/WA-POLICE-STATIONS,,HTTPS://CATALOGUE.DATA.WA.GOV.AU/DATASET/WA-POLICE-STATIONS,,,2018/08/15 00:00:00+00,,-33.86309159899997,121.89151750700012,,,GAWA_162639285,100-102 DEMPSTER STREET,0,6450,ESPERANCE,0,-33.863091589999954,121.89151750000008
128.887722799,-31.676657755,1367,EMERGENCY FACILITY,"An emergency management facility from which a particular agency’s resources are commanded, coordinated and assigned to an incident or emergency",POLICING FACILITY,EUCLA POLICE STATION,OPERATIONAL,LOT 17 PATUPIS STREET,EUCLA,WESTERN AUSTRALIA,6443,HTTPS://CATALOGUE.DATA.WA.GOV.AU/DATASET/WA-POLICE-STATIONS,,HTTPS://CATALOGUE.DATA.WA.GOV.AU/DATASET/WA-POLICE-STATIONS,,,2018/08/15 00:00:00+00,,-31.67665775499995,128.88772279900002,,,GAWA_163084198,LOT 17 PATUPIS STREET,0,6443,EUCLA,38,-31.67672557999998,128.8873335400001
114.123612916,-21.929987389,1368,EMERGENCY FACILITY,"An emergency management facility from which a particular agency’s resources are commanded, coordinated and assigned to an incident or emergency",POLICING FACILITY,EXMOUTH POLICE STATION,OPERATIONAL,32 MAIDSTONE CRESCENT,EXMOUTH,WESTERN AUSTRALIA,6707,HTTPS://CATALOGUE.DATA.WA.GOV.AU/DATASET/WA-POLICE-STATIONS,,HTTPS://CATALOGUE.DATA.WA.GOV.AU/DATASET/WA-POLICE-STATIONS,,,2018/08/15 00:00:00+00,,-21.92998738899996,114.12361291600007,,EXMOUTH POLICE STATION,GAWA_147019873,32 MAIDSTONE CRESCENT,1,6707,EXMOUTH,0,-21.929989999999975,114.1236100000001
125.566291183,-18.1902540309999,1369,EMERGENCY FACILITY,"An emergency management facility from which a particular agency’s resources are commanded, coordinated and assigned to an incident or emergency",POLICING FACILITY,FITZROY CROSSING POLICE STATION,OPERATIONAL,55 MCLARTY ROAD,FITZROY CROSSING,WESTERN AUSTRALIA,6765,HTTPS://CATALOGUE.DATA.WA.GOV.AU/DATASET/WA-POLICE-STATIONS,,HTTPS://CATALOGUE.DATA.WA.GOV.AU/DATASET/WA-POLICE-STATIONS,,,2018/08/15 00:00:00+00,,-18.190254030999938,125.56629118300009,,FITZROY CROSSING POLICE STATIO,GAWA_147006039,55 MCLARTY ROAD,2,6765,FITZROY CROSSING,1,-18.190249999999935,125.5662900000001
116.009699512,-31.985741671,1370,EMERGENCY FACILITY,"An emergency management facility from which a particular agency’s resources are commanded, coordinated and assigned to an incident or emergency",POLICING FACILITY,FORRESTFIELD POLICE STATION,OPERATIONAL,40 STRELITZIA AVENUE,FORRESTFIELD,WESTERN AUSTRALIA,6058,HTTPS://CATALOGUE.DATA.WA.GOV.AU/DATASET/WA-POLICE-STATIONS,,HTTPS://CATALOGUE.DATA.WA.GOV.AU/DATASET/WA-POLICE-STATIONS,,,2018/08/15 00:00:00+00,,-31.98574167099997,116.00969951200011,,FORRESTFIELD POLICE STATION,GAWA_147141388,40 STRELITZIA AVENUE,2,6058,FORRESTFIELD,0,-31.985739999999964,116.00970000000007
115.745768576,-32.0543110689999,1371,EMERGENCY FACILITY,"An emergency management facility from which a particular agency’s resources are commanded, coordinated and assigned to an incident or emergency",POLICING FACILITY,FREMANTLE POLICE STATION,OPERATIONAL,88 HIGH STREET,FREMANTLE,WESTERN AUSTRALIA,6160,HTTPS://CATALOGUE.DATA.WA.GOV.AU/DATASET/WA-POLICE-STATIONS,,HTTPS://CATALOGUE.DATA.WA.GOV.AU/DATASET/WA-POLICE-STATIONS,,,2018/08/15 00:00:00+00,,-32.05431106899994,115.74576857600005,,,GAWA_149213936,88 HIGH STREET,1,6160,FREMANTLE,0,-32.05431053999996,115.74576744000001
150.387975,-23.648297,1372,EMERGENCY FACILITY,"An emergency management facility from which a particular agency’s resources are commanded, coordinated and assigned to an incident or emergency",POLICING FACILITY,MOUNT MORGAN STATION,OPERATIONAL,,MOUNT MORGAN,QUEENSLAND,4714,HTTP://DATA.QLD.GOV.AU,,HTTP://DATA.QLD.GOV.AU,,,2018/07/04 00:00:00+00,,-23.648296999999957,150.3879750000001,,,GAQLD158357778,25 PATTISON STREET,2,4714,MOUNT MORGAN,16,-23.648419719999936,150.38805263000006
152.934288,-27.5526839999999,1373,EMERGENCY FACILITY,"An emergency management facility from which a particular agency’s resources are commanded, coordinated and assigned to an incident or emergency",POLICING FACILITY,MOUNT OMMANEY STATION,OPERATIONAL,,MOUNT OMMANEY,QUEENSLAND,4074,HTTP://DATA.QLD.GOV.AU,,HTTP://DATA.QLD.GOV.AU,,,2018/07/04 00:00:00+00,,-27.552683999999942,152.93428800000004,,,GAQLD161215987,7 LOFFS ROAD,0,4074,MOUNT OMMANEY,26,-27.55245297999994,152.93426666000005
151.646469,-25.1801169999999,1374,EMERGENCY FACILITY,"An emergency management facility from which a particular agency’s resources are commanded, coordinated and assigned to an incident or emergency",POLICING FACILITY,MOUNT PERRY STATION,OPERATIONAL,,MOUNT PERRY,QUEENSLAND,4671,HTTP://DATA.QLD.GOV.AU,,HTTP://DATA.QLD.GOV.AU,,,2018/07/04 00:00:00+00,,-25.18011699999994,151.64646900000002,,,GAQLD163359927,145 HEUSMAN STREET,1,4671,MOUNT PERRY,68,-25.180599779999966,151.64688838000006
144.317128,-18.14789,1375,EMERGENCY FACILITY,"An emergency management facility from which a particular agency’s resources are commanded, coordinated and assigned to an incident or emergency",POLICING FACILITY,MOUNT SURPRISE STATION,OPERATIONAL,,MOUNT SURPRISE,QUEENSLAND,4871,HTTP://DATA.QLD.GOV.AU,,HTTP://DATA.QLD.GOV.AU,,,2018/07/04 00:00:00+00,,-18.14788999999996,144.31712800000003,,,GAQLD720932651,39 GARLAND STREET,0,4871,MOUNT SURPRISE,23,-18.14809176999995,144.31717644000003
149.974304,-24.570219,1376,EMERGENCY FACILITY,"An emergency management facility from which a particular agency’s resources are commanded, coordinated and assigned to an incident or emergency",POLICING FACILITY,MOURA STATION,OPERATIONAL,,MOURA,QUEENSLAND,4718,HTTP://DATA.QLD.GOV.AU,,HTTP://DATA.QLD.GOV.AU,,,2018/07/04 00:00:00+00,,-24.570218999999952,149.97430400000007,,,GAQLD158353779,7 GILCHRIST STREET,1,4718,MOURA,10,-24.57025821999997,149.9742117400001
146.042829,-17.584076,1377,EMERGENCY FACILITY,"An emergency management facility from which a particular agency’s resources are commanded, coordinated and assigned to an incident or emergency",POLICING FACILITY,MOURILYAN STATION,OPERATIONAL,,MOURILYAN,QUEENSLAND,4858,HTTP://DATA.QLD.GOV.AU,,HTTP://DATA.QLD.GOV.AU,,,2018/07/04 00:00:00+00,,-17.584075999999982,146.0428290000001,,,GAQLD156899407,18 MOURILYAN HARBOUR ROAD,2,4858,MOURILYAN,15,-17.58407282999997,146.04268464000006
148.691242,-21.6882219999999,1378,EMERGENCY FACILITY,"An emergency management facility from which a particular agency’s resources are commanded, coordinated and assigned to an incident or emergency",POLICING FACILITY,NEBO STATION,OPERATIONAL,,NEBO,QUEENSLAND,4742,HTTP://DATA.QLD.GOV.AU,,HTTP://DATA.QLD.GOV.AU,,,2018/07/04 00:00:00+00,NO GNAF POINT,-21.68822199999994,148.6912420000001,,,,,,,,,,
149.470068,-28.484317,1379,EMERGENCY FACILITY,"An emergency management facility from which a particular agency’s resources are commanded, coordinated and assigned to an incident or emergency",POLICING FACILITY,TALWOOD STATION,OPERATIONAL,,NORTH TALWOOD,QUEENSLAND,4496,HTTP://DATA.QLD.GOV.AU,,HTTP://DATA.QLD.GOV.AU,,,2018/07/04 00:00:00+00,NO GNAF POINT,-28.484316999999976,149.47006800000008,,,,,,,,,,
151.694263,-27.1457129999999,1380,EMERGENCY FACILITY,"An emergency management facility from which a particular agency’s resources are commanded, coordinated and assigned to an incident or emergency",POLICING FACILITY,PERANGA STATION,OPERATIONAL,,PERANGA,QUEENSLAND,4352,HTTP://DATA.QLD.GOV.AU,,HTTP://DATA.QLD.GOV.AU,,,2018/07/04 00:00:00+00,NO GNAF POINT,-27.145712999999944,151.6942630000001,,,,,,,,,,
116.719643031,-30.896023671,1381,EMERGENCY FACILITY,"An emergency management facility from which a particular agency’s resources are commanded, coordinated and assigned to an incident or emergency",POLICING FACILITY,WONGAN HILLS POLICE STATION,OPERATIONAL,1A MITCHELL STREET,WONGAN HILLS,WESTERN AUSTRALIA,6603,HTTPS://CATALOGUE.DATA.WA.GOV.AU/DATASET/WA-POLICE-STATIONS,,HTTPS://CATALOGUE.DATA.WA.GOV.AU/DATASET/WA-POLICE-STATIONS,,,2018/08/15 00:00:00+00,,-30.896023670999966,116.71964303100003,,WONGAN HILLS POLICE STATION,GAWA_162488213,1 MITCHELL STREET,1,6603,WONGAN HILLS,31,-30.895799179999983,116.71945581000011
116.382957976,-31.7587687299999,1382,EMERGENCY FACILITY,"An emergency management facility from which a particular agency’s resources are commanded, coordinated and assigned to an incident or emergency",POLICING FACILITY,WUNDOWIE POLICE STATION,OPERATIONAL,42 BORONIA AVENUE,WUNDOWIE,WESTERN AUSTRALIA,6560,HTTPS://CATALOGUE.DATA.WA.GOV.AU/DATASET/WA-POLICE-STATIONS,,HTTPS://CATALOGUE.DATA.WA.GOV.AU/DATASET/WA-POLICE-STATIONS,,,2018/08/15 00:00:00+00,,-31.75876872999993,116.38295797600006,,WUNDOWIE POLICE STATION,GAWA_146916199,42 BORONIA AVENUE,2,6560,WUNDOWIE,32,-31.758616079999967,116.38324847000001
117.380825354,-31.178104107,1383,EMERGENCY FACILITY,"An emergency management facility from which a particular agency’s resources are commanded, coordinated and assigned to an incident or emergency",POLICING FACILITY,WYALKATCHEM POLICE STATION,OPERATIONAL,21 GAMBLE STREET,WYALKATCHEM,WESTERN AUSTRALIA,6485,HTTPS://CATALOGUE.DATA.WA.GOV.AU/DATASET/WA-POLICE-STATIONS,,HTTPS://CATALOGUE.DATA.WA.GOV.AU/DATASET/WA-POLICE-STATIONS,,,2018/08/15 00:00:00+00,,-31.178104106999967,117.38082535400008,,WYALKATCHEM POLICE STATION,GAWA_161923495,21 GAMBLE STREET,1,6485,WYALKATCHEM,0,-31.178104099999928,117.38082535000001
128.101981922,-15.4613181469999,1384,EMERGENCY FACILITY,"An emergency management facility from which a particular agency’s resources are commanded, coordinated and assigned to an incident or emergency",POLICING FACILITY,WYNDHAM POLICE STATION,OPERATIONAL,16 MACPHEE STREET,WYNDHAM,WESTERN AUSTRALIA,6740,HTTPS://CATALOGUE.DATA.WA.GOV.AU/DATASET/WA-POLICE-STATIONS,,HTTPS://CATALOGUE.DATA.WA.GOV.AU/DATASET/WA-POLICE-STATIONS,,,2018/08/15 00:00:00+00,,-15.461318146999929,128.10198192200005,,WYNDHAM POLICE STATION,GAWA_162642842,16 MACPHEE STREET,1,6740,WYNDHAM,2,-15.461328909999963,128.1019904000001
116.683146971,-28.345916711,1385,EMERGENCY FACILITY,"An emergency management facility from which a particular agency’s resources are commanded, coordinated and assigned to an incident or emergency",POLICING FACILITY,YALGOO POLICE STATION,OPERATIONAL,37-39 PIESSE STREET,YALGOO,WESTERN AUSTRALIA,6635,HTTPS://CATALOGUE.DATA.WA.GOV.AU/DATASET/WA-POLICE-STATIONS,,HTTPS://CATALOGUE.DATA.WA.GOV.AU/DATASET/WA-POLICE-STATIONS,,,2018/08/15 00:00:00+00,,-28.345916710999973,116.68314697100004,,,GAWA_147068443,37 PIESSE STREET,1,6635,YALGOO,1,-28.34591999999998,116.68315000000007
115.638916787,-31.546616876,1386,EMERGENCY FACILITY,"An emergency management facility from which a particular agency’s resources are commanded, coordinated and assigned to an incident or emergency",POLICING FACILITY,YANCHEP POLICE STATION,OPERATIONAL,110 YANCHEP BEACH ROAD,YANCHEP,WESTERN AUSTRALIA,6035,HTTPS://CATALOGUE.DATA.WA.GOV.AU/DATASET/WA-POLICE-STATIONS,,HTTPS://CATALOGUE.DATA.WA.GOV.AU/DATASET/WA-POLICE-STATIONS,,,2018/08/15 00:00:00+00,,-31.546616875999973,115.63891678700008,,YANCHEP POLICE STATION,GAWA_163205601,110 YANCHEP BEACH ROAD,1,6035,YANCHEP,378,-31.54324122999998,115.63945983000008
116.929146809,-24.652892466,1387,EMERGENCY FACILITY,"An emergency management facility from which a particular agency’s resources are commanded, coordinated and assigned to an incident or emergency",POLICING FACILITY,BURRINGURRAH MFPF,OPERATIONAL,LOT 8 LANDOR-MOUNT AUGUSTUS ROAD,GASCOYNE RIVER,WESTERN AUSTRALIA,6705,HTTPS://CATALOGUE.DATA.WA.GOV.AU/DATASET/WA-POLICE-STATIONS,,HTTPS://CATALOGUE.DATA.WA.GOV.AU/DATASET/WA-POLICE-STATIONS,,,2018/08/15 00:00:00+00,MULTI FUNCTIONAL POLICE FACILITY,-24.65289246599997,116.92914680900003,,BURRINGURRAH MFPF,GAWA_718340810,LOT 8 LANDOR-MOUNT AUGUSTUS ROAD,2,6705,GASCOYNE RIVER,8222,-24.693706849999955,116.86129183000003
114.611593808,-28.771247026,1388,EMERGENCY FACILITY,"An emergency management facility from which a particular agency’s resources are commanded, coordinated and assigned to an incident or emergency",POLICING FACILITY,GERALDTON POLICE STATION,OPERATIONAL,21 MARINE TERRACE,GERALDTON,WESTERN AUSTRALIA,6530,HTTPS://CATALOGUE.DATA.WA.GOV.AU/DATASET/WA-POLICE-STATIONS,,HTTPS://CATALOGUE.DATA.WA.GOV.AU/DATASET/WA-POLICE-STATIONS,,,2018/08/15 00:00:00+00,,-28.77124702599997,114.61159380800007,,GERALDTON POLICE STATION,GAWA_147186420,21 MARINE TERRACE,2,6530,GERALDTON,20,-28.77141938999995,114.61164230000009
115.905286581,-31.3453772669999,1389,EMERGENCY FACILITY,"An emergency management facility from which a particular agency’s resources are commanded, coordinated and assigned to an incident or emergency",POLICING FACILITY,GINGIN POLICE STATION,OPERATIONAL,4 CONSTABLE STREET,GINGIN,WESTERN AUSTRALIA,6503,HTTPS://CATALOGUE.DATA.WA.GOV.AU/DATASET/WA-POLICE-STATIONS,,HTTPS://CATALOGUE.DATA.WA.GOV.AU/DATASET/WA-POLICE-STATIONS,,,2018/08/15 00:00:00+00,,-31.345377266999947,115.90528658100004,,POLICE STATION,GAWA_146972078,4 CONSTABLE STREET,2,6503,GINGIN,39,-31.345727309999972,115.90535582000007
118.002715059,-33.936119893,1390,EMERGENCY FACILITY,"An emergency management facility from which a particular agency’s resources are commanded, coordinated and assigned to an incident or emergency",POLICING FACILITY,GNOWANGERUP POLICE STATION,OPERATIONAL,3 CORBETT STREET,GNOWANGERUP,WESTERN AUSTRALIA,6335,HTTPS://CATALOGUE.DATA.WA.GOV.AU/DATASET/WA-POLICE-STATIONS,,HTTPS://CATALOGUE.DATA.WA.GOV.AU/DATASET/WA-POLICE-STATIONS,,,2018/08/15 00:00:00+00,,-33.936119892999955,118.00271505900002,,,GAWA_147400115,3 CORBETT STREET,2,6335,GNOWANGERUP,0,-33.93611988999993,118.00271505
116.829167804,-31.2985235639999,1391,EMERGENCY FACILITY,"An emergency management facility from which a particular agency’s resources are commanded, coordinated and assigned to an incident or emergency",POLICING FACILITY,GOOMALLING POLICE STATION,OPERATIONAL,14 QUINLAN STREET,GOOMALLING,WESTERN AUSTRALIA,6460,HTTPS://CATALOGUE.DATA.WA.GOV.AU/DATASET/WA-POLICE-STATIONS,,HTTPS://CATALOGUE.DATA.WA.GOV.AU/DATASET/WA-POLICE-STATIONS,,,2018/08/15 00:00:00+00,,-31.298523563999936,116.82916780400001,,,GAWA_146976849,14 QUINLAN STREET,1,6460,GOOMALLING,0,-31.29852355999998,116.82916780000005
116.003727272,-32.073644987,1392,EMERGENCY FACILITY,"An emergency management facility from which a particular agency’s resources are commanded, coordinated and assigned to an incident or emergency",POLICING FACILITY,GOSNELLS POLICE STATION,OPERATIONAL,2291 ALBANY HIGHWAY,GOSNELLS,WESTERN AUSTRALIA,6110,HTTPS://CATALOGUE.DATA.WA.GOV.AU/DATASET/WA-POLICE-STATIONS,,HTTPS://CATALOGUE.DATA.WA.GOV.AU/DATASET/WA-POLICE-STATIONS,,,2018/08/15 00:00:00+00,,-32.073644986999966,116.0037272720001,,GOSNELLS POLICE STATION,GAWA_148738638,2291 ALBANY HIGHWAY,1,6110,GOSNELLS,39,-32.07338866999993,116.00344686000005
120.699131044,-27.916970014,1393,EMERGENCY FACILITY,"An emergency management facility from which a particular agency’s resources are commanded, coordinated and assigned to an incident or emergency",POLICING FACILITY,LEINSTER POLICE STATION,OPERATIONAL,LOT 492 MANSBRIDGE STREET,LEINSTER,WESTERN AUSTRALIA,6437,HTTPS://CATALOGUE.DATA.WA.GOV.AU/DATASET/WA-POLICE-STATIONS,,HTTPS://CATALOGUE.DATA.WA.GOV.AU/DATASET/WA-POLICE-STATIONS,,,2018/08/15 00:00:00+00,,-27.916970013999958,120.69913104400007,,,GAWA_718253319,LOT 492 MANSBRIDGE STREET,0,6437,LEINSTER,20,-27.917133209999974,120.6992194500001
121.331378793,-28.885395468,1394,EMERGENCY FACILITY,"An emergency management facility from which a particular agency’s resources are commanded, coordinated and assigned to an incident or emergency",POLICING FACILITY,LEONORA POLICE STATION,OPERATIONAL,13 ROCHESTER STREET,LEONORA,WESTERN AUSTRALIA,6438,HTTPS://CATALOGUE.DATA.WA.GOV.AU/DATASET/WA-POLICE-STATIONS,,HTTPS://CATALOGUE.DATA.WA.GOV.AU/DATASET/WA-POLICE-STATIONS,,,2018/08/15 00:00:00+00,,-28.885395467999956,121.33137879300011,,LEONORA POLICE STATION,GAWA_147071962,13 ROCHESTER STREET,1,6438,LEONORA,14,-28.885439789999964,121.33124988000009
115.743683713,-32.5385501559999,1395,EMERGENCY FACILITY,"An emergency management facility from which a particular agency’s resources are commanded, coordinated and assigned to an incident or emergency",POLICING FACILITY,MANDURAH POLICE STATION,OPERATIONAL,333 PINJARRA ROAD,MANDURAH,WESTERN AUSTRALIA,6210,HTTPS://CATALOGUE.DATA.WA.GOV.AU/DATASET/WA-POLICE-STATIONS,,HTTPS://CATALOGUE.DATA.WA.GOV.AU/DATASET/WA-POLICE-STATIONS,,,2018/08/15 00:00:00+00,,-32.53855015599993,115.74368371300011,,MANDURAH POLICE STATION,GAWA_146901748,333 PINJARRA ROAD,2,6210,MANDURAH,56,-32.53816999999998,115.74329000000012
116.147070788,-34.238461128,1396,EMERGENCY FACILITY,"An emergency management facility from which a particular agency’s resources are commanded, coordinated and assigned to an incident or emergency",POLICING FACILITY,MANJIMUP POLICE STATION,OPERATIONAL,6 MOUNT STREET,MANJIMUP,WESTERN AUSTRALIA,6258,HTTPS://CATALOGUE.DATA.WA.GOV.AU/DATASET/WA-POLICE-STATIONS,,HTTPS://CATALOGUE.DATA.WA.GOV.AU/DATASET/WA-POLICE-STATIONS,,,2018/08/15 00:00:00+00,,-34.23846112799998,116.14707078800006,,POLICE STATION,GAWA_146924990,6 MOUNT STREET,2,6258,MANJIMUP,0,-34.238459999999975,116.1470700000001
119.74228545,-21.17228905,1397,EMERGENCY FACILITY,"An emergency management facility from which a particular agency’s resources are commanded, coordinated and assigned to an incident or emergency",POLICING FACILITY,MARBLE BAR POLICE STATION,OPERATIONAL,31 STATION STREET,MARBLE BAR,WESTERN AUSTRALIA,6760,HTTPS://CATALOGUE.DATA.WA.GOV.AU/DATASET/WA-POLICE-STATIONS,,HTTPS://CATALOGUE.DATA.WA.GOV.AU/DATASET/WA-POLICE-STATIONS,,,2018/08/15 00:00:00+00,,-21.17228904999996,119.74228545000005,,,GAWA_718255444,31 STATION STREET,1,6760,MARBLE BAR,0,-21.17228904999996,119.74228545000005
115.07605888,-33.9516543789999,1398,EMERGENCY FACILITY,"An emergency management facility from which a particular agency’s resources are commanded, coordinated and assigned to an incident or emergency",POLICING FACILITY,MARGARET RIVER POLICE STATION,OPERATIONAL,47 WILLMOTT AVENUE,MARGARET RIVER,WESTERN AUSTRALIA,6285,HTTPS://CATALOGUE.DATA.WA.GOV.AU/DATASET/WA-POLICE-STATIONS,,HTTPS://CATALOGUE.DATA.WA.GOV.AU/DATASET/WA-POLICE-STATIONS,,,2018/08/15 00:00:00+00,,-33.95165437899993,115.07605888,,POLICE STATION,GAWA_147178311,47 WILLMOTT AVENUE,2,6285,MARGARET RIVER,1,-33.95164999999997,115.0760600000001
115.900337965,-32.9534009119999,1399,EMERGENCY FACILITY,"An emergency management facility from which a particular agency’s resources are commanded, coordinated and assigned to an incident or emergency",POLICING FACILITY,YARLOOP POLICE STATION,OPERATIONAL,107 JOHNSTON ROAD,YARLOOP,WESTERN AUSTRALIA,6218,HTTPS://CATALOGUE.DATA.WA.GOV.AU/DATASET/WA-POLICE-STATIONS,,HTTPS://CATALOGUE.DATA.WA.GOV.AU/DATASET/WA-POLICE-STATIONS,,,2018/08/15 00:00:00+00,,-32.95340091199995,115.90033796500006,,YARLOOP POLICE STATION,GAWA_147181674,107 JOHNSTON ROAD,1,6218,YARLOOP,1,-32.95340122999994,115.90032911000003
116.767963451,-31.884288848,1400,EMERGENCY FACILITY,"An emergency management facility from which a particular agency’s resources are commanded, coordinated and assigned to an incident or emergency",POLICING FACILITY,YORK POLICE STATION,OPERATIONAL,4 FORD STREET,YORK,WESTERN AUSTRALIA,6302,HTTPS://CATALOGUE.DATA.WA.GOV.AU/DATASET/WA-POLICE-STATIONS,,HTTPS://CATALOGUE.DATA.WA.GOV.AU/DATASET/WA-POLICE-STATIONS,,,2018/08/15 00:00:00+00,,-31.884288847999983,116.76796345100001,,POLICE STATION,GAWA_146903086,4 FORD STREET,2,6302,YORK,0,-31.884288839999954,116.76796345000002
117.860115682,-30.810813835,1401,EMERGENCY FACILITY,"An emergency management facility from which a particular agency’s resources are commanded, coordinated and assigned to an incident or emergency",POLICING FACILITY,BENCUBBIN POLICE STATION,OPERATIONAL,LOT 282 MONGER STREET,BENCUBBIN,WESTERN AUSTRALIA,6477,HTTPS://CATALOGUE.DATA.WA.GOV.AU/DATASET/WA-POLICE-STATIONS,,HTTPS://CATALOGUE.DATA.WA.GOV.AU/DATASET/WA-POLICE-STATIONS,,,2018/08/15 00:00:00+00,NO GNAF POINT,-30.810813834999976,117.86011568200001,,,,,,,,,,
122.894374054,-16.5153091619999,1402,EMERGENCY FACILITY,"An emergency management facility from which a particular agency’s resources are commanded, coordinated and assigned to an incident or emergency",POLICING FACILITY,DAMPIER PENINSULA MFPF,OPERATIONAL,LOT 144 LOMBADINA ROAD,DAMPIER PENINSULA,WESTERN AUSTRALIA,6725,HTTPS://CATALOGUE.DATA.WA.GOV.AU/DATASET/WA-POLICE-STATIONS,,HTTPS://CATALOGUE.DATA.WA.GOV.AU/DATASET/WA-POLICE-STATIONS,,,2018/08/15 00:00:00+00,NO GNAF POINT,-16.515309161999937,122.89437405400008,,,,,,,,,,
120.783260605,-23.3611745759999,1403,EMERGENCY FACILITY,"An emergency management facility from which a particular agency’s resources are commanded, coordinated and assigned to an incident or emergency",POLICING FACILITY,JIGALONG MFPF,OPERATIONAL,175 INTERIOR 1 ROAD,JIGALONG,WESTERN AUSTRALIA,6753,HTTPS://CATALOGUE.DATA.WA.GOV.AU/DATASET/WA-POLICE-STATIONS,,HTTPS://CATALOGUE.DATA.WA.GOV.AU/DATASET/WA-POLICE-STATIONS,,,2018/08/15 00:00:00+00,NO GNAF POINT,-23.36117457599994,120.78326060500001,,,,,,,,,,
126.644813857,-14.2925776119999,1404,EMERGENCY FACILITY,"An emergency management facility from which a particular agency’s resources are commanded, coordinated and assigned to an incident or emergency",POLICING FACILITY,KALUMBURU MFPF,OPERATIONAL,7 CARSON STREET,KALUMBURU,WESTERN AUSTRALIA,6740,HTTPS://CATALOGUE.DATA.WA.GOV.AU/DATASET/WA-POLICE-STATIONS,,HTTPS://CATALOGUE.DATA.WA.GOV.AU/DATASET/WA-POLICE-STATIONS,,,2018/08/15 00:00:00+00,NO GNAF POINT,-14.292577611999945,126.64481385700003,,,,,,,,,,
129.383000932,-23.2750009659999,1405,EMERGENCY FACILITY,"An emergency management facility from which a particular agency’s resources are commanded, coordinated and assigned to an incident or emergency",POLICING FACILITY,KINTORE POLICE STATION,OPERATIONAL,GARRY JUNCTION ROAD,KINTORE,WESTERN AUSTRALIA,0872,HTTPS://CATALOGUE.DATA.WA.GOV.AU/DATASET/WA-POLICE-STATIONS,,HTTPS://CATALOGUE.DATA.WA.GOV.AU/DATASET/WA-POLICE-STATIONS,,,2018/08/15 00:00:00+00,NO GNAF POINT,-23.275000965999936,129.38300093200007,,,,,,,,,,
118.49551383,-26.592269029,1406,EMERGENCY FACILITY,"An emergency management facility from which a particular agency’s resources are commanded, coordinated and assigned to an incident or emergency",POLICING FACILITY,MEEKATHARRA POLICE STATION,OPERATIONAL,78 MAIN STREET,MEEKATHARRA,WESTERN AUSTRALIA,6642,HTTPS://CATALOGUE.DATA.WA.GOV.AU/DATASET/WA-POLICE-STATIONS,,HTTPS://CATALOGUE.DATA.WA.GOV.AU/DATASET/WA-POLICE-STATIONS,,,2018/08/15 00:00:00+00,,-26.592269028999965,118.49551383000005,,,GAWA_163081916,78 MAIN STREET,2,6642,MEEKATHARRA,16,-26.592155099999957,118.49540836000006
118.280477657,-31.4805205,1407,EMERGENCY FACILITY,"An emergency management facility from which a particular agency’s resources are commanded, coordinated and assigned to an incident or emergency",POLICING FACILITY,MERREDIN POLICE STATION,OPERATIONAL,22 MITCHELL STREET,MERREDIN,WESTERN AUSTRALIA,6415,HTTPS://CATALOGUE.DATA.WA.GOV.AU/DATASET/WA-POLICE-STATIONS,,HTTPS://CATALOGUE.DATA.WA.GOV.AU/DATASET/WA-POLICE-STATIONS,,,2018/08/15 00:00:00+00,,-31.480520499999955,118.280477657,,MERREDIN POLICE STATION,GAWA_147024473,22 MITCHELL STREET,1,6415,MERREDIN,0,-31.480519999999956,118.28048000000001
116.002302216,-31.886622824,1408,EMERGENCY FACILITY,"An emergency management facility from which a particular agency’s resources are commanded, coordinated and assigned to an incident or emergency",POLICING FACILITY,MIDLAND POLICE STATION,OPERATIONAL,32 SPRING PARK ROAD,MIDLAND,WESTERN AUSTRALIA,6056,HTTPS://CATALOGUE.DATA.WA.GOV.AU/DATASET/WA-POLICE-STATIONS,,HTTPS://CATALOGUE.DATA.WA.GOV.AU/DATASET/WA-POLICE-STATIONS,,,2018/08/15 00:00:00+00,,-31.88662282399997,116.00230221600009,,MIDLAND POLICE STATION,GAWA_146703349,32 SPRING PARK ROAD,1,6056,MIDLAND,0,-31.886619999999937,116.0023000000001
115.440558376,-29.193389028,1409,EMERGENCY FACILITY,"An emergency management facility from which a particular agency’s resources are commanded, coordinated and assigned to an incident or emergency",POLICING FACILITY,MINGENEW POLICE STATION,OPERATIONAL,8 MOORE STREET,MINGENEW,WESTERN AUSTRALIA,6522,HTTPS://CATALOGUE.DATA.WA.GOV.AU/DATASET/WA-POLICE-STATIONS,,HTTPS://CATALOGUE.DATA.WA.GOV.AU/DATASET/WA-POLICE-STATIONS,,,2018/08/15 00:00:00+00,,-29.193389027999956,115.44055837600001,,MINGENEW POLICE STATION,GAWA_147064076,8 MOORE STREET,1,6522,MINGENEW,0,-29.193389019999984,115.44055837000008
115.864998934,-31.870859856,1410,EMERGENCY FACILITY,"An emergency management facility from which a particular agency’s resources are commanded, coordinated and assigned to an incident or emergency",POLICING FACILITY,MIRRABOOKA POLICE STATION,OPERATIONAL,50 CHESTERFIELD ROAD,MIRRABOOKA,WESTERN AUSTRALIA,6061,HTTPS://CATALOGUE.DATA.WA.GOV.AU/DATASET/WA-POLICE-STATIONS,,HTTPS://CATALOGUE.DATA.WA.GOV.AU/DATASET/WA-POLICE-STATIONS,,,2018/08/15 00:00:00+00,,-31.87085985599998,115.86499893400003,,MIRRABOOKA POLICE STATION,GAWA_147165983,50 CHESTERFIELD ROAD,1,6061,MIRRABOOKA,1,-31.87084999999996,115.86499000000003
116.005446,-30.6398,1411,EMERGENCY FACILITY,"An emergency management facility from which a particular agency’s resources are commanded, coordinated and assigned to an incident or emergency",POLICING FACILITY,MOORA POLICE STATION,OPERATIONAL,LOT 50 ROBERTS STREET,MOORA,WESTERN AUSTRALIA,6510,HTTPS://CATALOGUE.DATA.WA.GOV.AU/DATASET/WA-POLICE-STATIONS,,HTTPS://CATALOGUE.DATA.WA.GOV.AU/DATASET/WA-POLICE-STATIONS,,,2018/08/15 00:00:00+00,,-30.63979999999998,116.005446,,,GAWA_162805898,LOT 50 ROBERTS STREET,0,6510,MOORA,17,-30.639882029999967,116.00529777000008
127.665950812,-18.224735983,1412,EMERGENCY FACILITY,"An emergency management facility from which a particular agency’s resources are commanded, coordinated and assigned to an incident or emergency",POLICING FACILITY,HALLS CREEK POLICE STATION,OPERATIONAL,LOT 500 GREAT NORTHERN HIGHWAY,HALLS CREEK,WESTERN AUSTRALIA,6770,HTTPS://CATALOGUE.DATA.WA.GOV.AU/DATASET/WA-POLICE-STATIONS,,HTTPS://CATALOGUE.DATA.WA.GOV.AU/DATASET/WA-POLICE-STATIONS,,,2018/08/15 00:00:00+00,,-18.22473598299996,127.66595081200012,,HALLS CREEK POLICE STATION,GAWA_718824220,159 GREAT NORTHERN HIGHWAY,1,6770,HALLS CREEK,18,-18.224625769999932,127.66582742000003
115.893122221,-33.080351153,1413,EMERGENCY FACILITY,"An emergency management facility from which a particular agency’s resources are commanded, coordinated and assigned to an incident or emergency",POLICING FACILITY,HARVEY POLICE STATION,OPERATIONAL,107-109 UDUC ROAD,HARVEY,WESTERN AUSTRALIA,6220,HTTPS://CATALOGUE.DATA.WA.GOV.AU/DATASET/WA-POLICE-STATIONS,,HTTPS://CATALOGUE.DATA.WA.GOV.AU/DATASET/WA-POLICE-STATIONS,,,2018/08/15 00:00:00+00,,-33.08035115299998,115.89312222100011,,HARVEY POLICE STATION,GAWA_161038515,107 UDUC ROAD,1,6220,HARVEY,1,-33.08034595999993,115.89312685000004
115.743107627,-31.8090378959999,1414,EMERGENCY FACILITY,"An emergency management facility from which a particular agency’s resources are commanded, coordinated and assigned to an incident or emergency",POLICING FACILITY,HILLARYS POLICE STATION,OPERATIONAL,114 FLINDERS AVENUE,HILLARYS,WESTERN AUSTRALIA,6025,HTTPS://CATALOGUE.DATA.WA.GOV.AU/DATASET/WA-POLICE-STATIONS,,HTTPS://CATALOGUE.DATA.WA.GOV.AU/DATASET/WA-POLICE-STATIONS,,,2018/08/15 00:00:00+00,,-31.80903789599995,115.74310762700009,,HILLARYS POLICE STATION,GAWA_147261279,114 FLINDERS AVENUE,1,6025,HILLARYS,0,-31.80903999999998,115.74311000000012
120.125920455,-33.9481669309999,1415,EMERGENCY FACILITY,"An emergency management facility from which a particular agency’s resources are commanded, coordinated and assigned to an incident or emergency",POLICING FACILITY,HOPETOUN POLICE STATION,OPERATIONAL,37 VEAL STREET,HOPETOUN,WESTERN AUSTRALIA,6348,HTTPS://CATALOGUE.DATA.WA.GOV.AU/DATASET/WA-POLICE-STATIONS,,HTTPS://CATALOGUE.DATA.WA.GOV.AU/DATASET/WA-POLICE-STATIONS,,,2018/08/15 00:00:00+00,,-33.948166930999946,120.12592045500003,,,GAWA_160663683,37 VEAL STREET,1,6348,HOPETOUN,31,-33.94828418999998,120.12561228000004
118.920548614,-33.941879789,1416,EMERGENCY FACILITY,"An emergency management facility from which a particular agency’s resources are commanded, coordinated and assigned to an incident or emergency",POLICING FACILITY,JERRAMUNGUP POLICE STATION,OPERATIONAL,6 VASEY STREET,JERRAMUNGUP,WESTERN AUSTRALIA,6337,HTTPS://CATALOGUE.DATA.WA.GOV.AU/DATASET/WA-POLICE-STATIONS,,HTTPS://CATALOGUE.DATA.WA.GOV.AU/DATASET/WA-POLICE-STATIONS,,,2018/08/15 00:00:00+00,,-33.941879788999984,118.92054861400004,,,GAWA_147249994,6 VASEY STREET,1,6337,JERRAMUNGUP,80,-33.94205660999995,118.91970887000002
115.768484695,-31.740941995,1417,EMERGENCY FACILITY,"An emergency management facility from which a particular agency’s resources are commanded, coordinated and assigned to an incident or emergency",POLICING FACILITY,JOONDALUP POLICE STATION,OPERATIONAL,9 REID PROMENADE,JOONDALUP,WESTERN AUSTRALIA,6027,HTTPS://CATALOGUE.DATA.WA.GOV.AU/DATASET/WA-POLICE-STATIONS,,HTTPS://CATALOGUE.DATA.WA.GOV.AU/DATASET/WA-POLICE-STATIONS,,,2018/08/15 00:00:00+00,,-31.740941994999957,115.7684846950001,,JOONDALUP POLICE STATION,GAWA_147794461,9 REID PROMENADE,2,6027,JOONDALUP,37,-31.74088607999994,115.7688697100001
116.010820613,-29.2139170249999,1418,EMERGENCY FACILITY,"An emergency management facility from which a particular agency’s resources are commanded, coordinated and assigned to an incident or emergency",POLICING FACILITY,MORAWA POLICE STATION,OPERATIONAL,2 STOKES ROAD,MORAWA,WESTERN AUSTRALIA,6623,HTTPS://CATALOGUE.DATA.WA.GOV.AU/DATASET/WA-POLICE-STATIONS,,HTTPS://CATALOGUE.DATA.WA.GOV.AU/DATASET/WA-POLICE-STATIONS,,,2018/08/15 00:00:00+00,,-29.213917024999944,116.01082061300008,,,GAWA_718634055,2 STOKES ROAD,0,6623,MORAWA,0,-29.213919999999973,116.01082000000008
117.660643073,-34.629991493,1419,EMERGENCY FACILITY,"An emergency management facility from which a particular agency’s resources are commanded, coordinated and assigned to an incident or emergency",POLICING FACILITY,MOUNT BARKER POLICE STATION,OPERATIONAL,13 MOUNT BARKER ROAD,MOUNT BARKER,WESTERN AUSTRALIA,6324,HTTPS://CATALOGUE.DATA.WA.GOV.AU/DATASET/WA-POLICE-STATIONS,,HTTPS://CATALOGUE.DATA.WA.GOV.AU/DATASET/WA-POLICE-STATIONS,,,2018/08/15 00:00:00+00,,-34.62999149299998,117.66064307300007,,MOUNT BARKER POLICE STATION,GAWA_147250959,13 MOUNT BARKER ROAD,1,6324,MOUNT BARKER,57,-34.629527759999974,117.66091868000001
117.847814043,-28.065511003,1420,EMERGENCY FACILITY,"An emergency management facility from which a particular agency’s resources are commanded, coordinated and assigned to an incident or emergency",POLICING FACILITY,MOUNT MAGNET POLICE STATION,OPERATIONAL,33 RICHARDSON STREET,MOUNT MAGNET,WESTERN AUSTRALIA,6638,HTTPS://CATALOGUE.DATA.WA.GOV.AU/DATASET/WA-POLICE-STATIONS,,HTTPS://CATALOGUE.DATA.WA.GOV.AU/DATASET/WA-POLICE-STATIONS,,,2018/08/15 00:00:00+00,,-28.065511002999983,117.84781404300008,,MOUNT MAGNET POLICE STATION,GAWA_162249096,33 RICHARDSON STREET,1,6638,MOUNT MAGNET,2,-28.065512429999956,117.84782955000003
118.203681209,-30.915356026,1421,EMERGENCY FACILITY,"An emergency management facility from which a particular agency’s resources are commanded, coordinated and assigned to an incident or emergency",POLICING FACILITY,MUKINBUDIN POLICE STATION,OPERATIONAL,48 MADDOCK STREET,MUKINBUDIN,WESTERN AUSTRALIA,6479,HTTPS://CATALOGUE.DATA.WA.GOV.AU/DATASET/WA-POLICE-STATIONS,,HTTPS://CATALOGUE.DATA.WA.GOV.AU/DATASET/WA-POLICE-STATIONS,,,2018/08/15 00:00:00+00,,-30.915356025999984,118.20368120900002,,MUKINBUDIN POLICE STATION,GAWA_147386051,48 MADDOCK STREET,1,6479,MUKINBUDIN,0,-30.915356019999933,118.2036812
115.510401687,-28.539401288,1422,EMERGENCY FACILITY,"An emergency management facility from which a particular agency’s resources are commanded, coordinated and assigned to an incident or emergency",POLICING FACILITY,MULLEWA POLICE STATION,OPERATIONAL,1 MILLS STREET,MULLEWA,WESTERN AUSTRALIA,6630,HTTPS://CATALOGUE.DATA.WA.GOV.AU/DATASET/WA-POLICE-STATIONS,,HTTPS://CATALOGUE.DATA.WA.GOV.AU/DATASET/WA-POLICE-STATIONS,,,2018/08/15 00:00:00+00,,-28.539401287999965,115.51040168700001,,,GAWA_147251087,1 MILLS STREET,0,6630,MULLEWA,137,-28.538198299999976,115.51072035000004
116.16667434,-31.902304124,1423,EMERGENCY FACILITY,"An emergency management facility from which a particular agency’s resources are commanded, coordinated and assigned to an incident or emergency",POLICING FACILITY,MUNDARING POLICE STATION,OPERATIONAL,7250 GREAT EASTERN HIGHWAY,MUNDARING,WESTERN AUSTRALIA,6073,HTTPS://CATALOGUE.DATA.WA.GOV.AU/DATASET/WA-POLICE-STATIONS,,HTTPS://CATALOGUE.DATA.WA.GOV.AU/DATASET/WA-POLICE-STATIONS,,,2018/08/15 00:00:00+00,,-31.902304123999954,116.1666743400001,,MUNDARING POLICE STATION,GAWA_146724460,7250 GREAT EASTERN HIGHWAY,1,6073,MUNDARING,1,-31.90229999999997,116.16667000000007
121.778824851,-18.684769816,1424,EMERGENCY FACILITY,"An emergency management facility from which a particular agency’s resources are commanded, coordinated and assigned to an incident or emergency",POLICING FACILITY,BIDYADANGA MFPF,OPERATIONAL,69 BIDYADANGA ROAD,LAGRANGE,WESTERN AUSTRALIA,6725,HTTPS://CATALOGUE.DATA.WA.GOV.AU/DATASET/WA-POLICE-STATIONS,,HTTPS://CATALOGUE.DATA.WA.GOV.AU/DATASET/WA-POLICE-STATIONS,,,2018/08/15 00:00:00+00,NO GNAF POINT,-18.68476981599997,121.77882485100008,,,,,,,,,,
128.302097403,-25.0430191519999,1425,EMERGENCY FACILITY,"An emergency management facility from which a particular agency’s resources are commanded, coordinated and assigned to an incident or emergency",POLICING FACILITY,WARAKURNA MFPF,OPERATIONAL,WARAKURNA COMMUNITY ACCESS ROAD,NGAANYATJARRA-GILES,WESTERN AUSTRALIA,0872,HTTPS://CATALOGUE.DATA.WA.GOV.AU/DATASET/WA-POLICE-STATIONS,,HTTPS://CATALOGUE.DATA.WA.GOV.AU/DATASET/WA-POLICE-STATIONS,,,2018/08/15 00:00:00+00,NO GNAF POINT,-25.043019151999943,128.30209740300006,,,,,,,,,,
116.3237241,-21.640139927,1426,EMERGENCY FACILITY,"An emergency management facility from which a particular agency’s resources are commanded, coordinated and assigned to an incident or emergency",POLICING FACILITY,PANNAWONICA POLICE STATION,OPERATIONAL,LOT 54 PANNAWONICA DRIVE,PANNAWONICA,WESTERN AUSTRALIA,6716,HTTPS://CATALOGUE.DATA.WA.GOV.AU/DATASET/WA-POLICE-STATIONS,,HTTPS://CATALOGUE.DATA.WA.GOV.AU/DATASET/WA-POLICE-STATIONS,,,2018/08/15 00:00:00+00,NO GNAF POINT,-21.64013992699995,116.32372410000005,,,,,,,,,,
128.285755452,-25.9977728449999,1427,EMERGENCY FACILITY,"An emergency management facility from which a particular agency’s resources are commanded, coordinated and assigned to an incident or emergency",POLICING FACILITY,BLACKSTONE MFPF,OPERATIONAL,LOT 123 PAPULANKUTJA RD E,PAPULANKUTJA,WESTERN AUSTRALIA,0872,HTTPS://CATALOGUE.DATA.WA.GOV.AU/DATASET/WA-POLICE-STATIONS,,HTTPS://CATALOGUE.DATA.WA.GOV.AU/DATASET/WA-POLICE-STATIONS,,,2018/08/15 00:00:00+00,NO GNAF POINT,-25.99777284499993,128.2857554520001,,,,,,,,,,
116.036394102,-34.446861381,1428,EMERGENCY FACILITY,"An emergency management facility from which a particular agency’s resources are commanded, coordinated and assigned to an incident or emergency",POLICING FACILITY,PEMBERTON POLICE STATION,OPERATIONAL,LOT 239 ELLIS STREET,PEMBERTON,WESTERN AUSTRALIA,6260,HTTPS://CATALOGUE.DATA.WA.GOV.AU/DATASET/WA-POLICE-STATIONS,,HTTPS://CATALOGUE.DATA.WA.GOV.AU/DATASET/WA-POLICE-STATIONS,,,2018/08/15 00:00:00+00,NO GNAF POINT,-34.44686138099996,116.03639410200003,,,,,,,,,,
126.575890467,-26.134284376,1429,EMERGENCY FACILITY,"An emergency management facility from which a particular agency’s resources are commanded, coordinated and assigned to an incident or emergency",POLICING FACILITY,WARBURTON MFPF,OPERATIONAL,168  BLACKSTONE-WARBURTON ROAD,WARBURTON,WESTERN AUSTRALIA,6431,HTTPS://CATALOGUE.DATA.WA.GOV.AU/DATASET/WA-POLICE-STATIONS,,HTTPS://CATALOGUE.DATA.WA.GOV.AU/DATASET/WA-POLICE-STATIONS,,,2018/08/15 00:00:00+00,NO GNAF POINT,-26.134284375999982,126.57589046700002,,,,,,,,,,
115.038562864,-30.306338556,1430,EMERGENCY FACILITY,"An emergency management facility from which a particular agency’s resources are commanded, coordinated and assigned to an incident or emergency",POLICING FACILITY,JURIEN BAY POLICE STATION,OPERATIONAL,2 BATT STREET,JURIEN BAY,WESTERN AUSTRALIA,6516,HTTPS://CATALOGUE.DATA.WA.GOV.AU/DATASET/WA-POLICE-STATIONS,,HTTPS://CATALOGUE.DATA.WA.GOV.AU/DATASET/WA-POLICE-STATIONS,,,2018/08/15 00:00:00+00,,-30.306338555999957,115.03856286400003,,,GAWA_146962733,2 BATT STREET,2,6516,JURIEN BAY,0,-30.306339999999977,115.03856000000007
115.9798813,-32.298057005,1431,EMERGENCY FACILITY,"An emergency management facility from which a particular agency’s resources are commanded, coordinated and assigned to an incident or emergency",POLICING FACILITY,MUNDIJONG POLICE STATION,OPERATIONAL,1445 MUNDIJONG ROAD,MUNDIJONG,WESTERN AUSTRALIA,6123,HTTPS://CATALOGUE.DATA.WA.GOV.AU/DATASET/WA-POLICE-STATIONS,,HTTPS://CATALOGUE.DATA.WA.GOV.AU/DATASET/WA-POLICE-STATIONS,,,2018/08/15 00:00:00+00,,-32.298057004999976,115.9798813000001,,,GAWA_718948040,1445 MUNDIJONG ROAD,1,6123,MUNDIJONG,0,-32.29805699999997,115.9798813000001
115.843705836,-32.071751392,1432,EMERGENCY FACILITY,"An emergency management facility from which a particular agency’s resources are commanded, coordinated and assigned to an incident or emergency",POLICING FACILITY,MURDOCH POLICE STATION,OPERATIONAL,120 MURDOCH DRIVE,MURDOCH,WESTERN AUSTRALIA,6150,HTTPS://CATALOGUE.DATA.WA.GOV.AU/DATASET/WA-POLICE-STATIONS,,HTTPS://CATALOGUE.DATA.WA.GOV.AU/DATASET/WA-POLICE-STATIONS,,,2018/08/15 00:00:00+00,,-32.07175139199995,115.84370583600003,,MURDOCH POLICE STATION,GAWA_147376955,120 MURDOCH DRIVE,1,6150,MURDOCH,1,-32.07175619999998,115.84371464000003
115.765001565,-33.980026477,1433,EMERGENCY FACILITY,"An emergency management facility from which a particular agency’s resources are commanded, coordinated and assigned to an incident or emergency",POLICING FACILITY,NANNUP POLICE STATION,OPERATIONAL,55A WARREN ROAD,NANNUP,WESTERN AUSTRALIA,6275,HTTPS://CATALOGUE.DATA.WA.GOV.AU/DATASET/WA-POLICE-STATIONS,,HTTPS://CATALOGUE.DATA.WA.GOV.AU/DATASET/WA-POLICE-STATIONS,,,2018/08/15 00:00:00+00,MULTI FUNCTIONAL POLICE FACILITY,-33.98002647699997,115.76500156500003,,NANNUP POLICE STATION,GAWA_146951478,55 WARREN ROAD,1,6275,NANNUP,0,-33.980026469999984,115.76500156000009
118.393713401,-32.066761845,1434,EMERGENCY FACILITY,"An emergency management facility from which a particular agency’s resources are commanded, coordinated and assigned to an incident or emergency",POLICING FACILITY,NAREMBEEN POLICE STATION,OPERATIONAL,9 LONGHURST STREET,NAREMBEEN,WESTERN AUSTRALIA,6369,HTTPS://CATALOGUE.DATA.WA.GOV.AU/DATASET/WA-POLICE-STATIONS,,HTTPS://CATALOGUE.DATA.WA.GOV.AU/DATASET/WA-POLICE-STATIONS,,,2018/08/15 00:00:00+00,,-32.066761844999974,118.39371340100001,,NAREMBEEN POLICE STATION,GAWA_147410926,9 LONGHURST STREET,1,6369,NAREMBEEN,6,-32.06681666999998,118.39371835000009
117.175910273,-32.9341365339999,1435,EMERGENCY FACILITY,"An emergency management facility from which a particular agency’s resources are commanded, coordinated and assigned to an incident or emergency",POLICING FACILITY,NARROGIN POLICE STATION,OPERATIONAL,82-84 EARL STREET,NARROGIN,WESTERN AUSTRALIA,6312,HTTPS://CATALOGUE.DATA.WA.GOV.AU/DATASET/WA-POLICE-STATIONS,,HTTPS://CATALOGUE.DATA.WA.GOV.AU/DATASET/WA-POLICE-STATIONS,,,2018/08/15 00:00:00+00,,-32.93413653399995,117.17591027300011,,,GAWA_162639611,82-84 EARL STREET,0,6312,NARROGIN,0,-32.93413652999993,117.17591027000003
119.73421343,-23.35379998,1436,EMERGENCY FACILITY,"An emergency management facility from which a particular agency’s resources are commanded, coordinated and assigned to an incident or emergency",POLICING FACILITY,NEWMAN POLICE STATION,OPERATIONAL,48 MINDARRA DRIVE,NEWMAN,WESTERN AUSTRALIA,6753,HTTPS://CATALOGUE.DATA.WA.GOV.AU/DATASET/WA-POLICE-STATIONS,,HTTPS://CATALOGUE.DATA.WA.GOV.AU/DATASET/WA-POLICE-STATIONS,,,2018/08/15 00:00:00+00,,-23.353799979999962,119.73421343000007,,,GAWA_160671368,48 MINDARRA DRIVE,1,6753,NEWMAN,0,-23.35379999999998,119.73421300000007
114.164691984,-27.711345993,1437,EMERGENCY FACILITY,"An emergency management facility from which a particular agency’s resources are commanded, coordinated and assigned to an incident or emergency",POLICING FACILITY,KALBARRI POLICE STATION,OPERATIONAL,48 GREY STREET,KALBARRI,WESTERN AUSTRALIA,6536,HTTPS://CATALOGUE.DATA.WA.GOV.AU/DATASET/WA-POLICE-STATIONS,,HTTPS://CATALOGUE.DATA.WA.GOV.AU/DATASET/WA-POLICE-STATIONS,,,2018/08/15 00:00:00+00,,-27.711345992999952,114.16469198400011,,KALBARRI POLICE STATION,GAWA_718550682,LOT 40 KALBARRI LANE,0,6536,KALBARRI,0,-27.711345989999984,114.16469198000004
121.472770454,-30.745738033,1438,EMERGENCY FACILITY,"An emergency management facility from which a particular agency’s resources are commanded, coordinated and assigned to an incident or emergency",POLICING FACILITY,KALGOORLIE POLICE STATION,OPERATIONAL,67 BROOKMAN STREET,KALGOORLIE,WESTERN AUSTRALIA,6430,HTTPS://CATALOGUE.DATA.WA.GOV.AU/DATASET/WA-POLICE-STATIONS,,HTTPS://CATALOGUE.DATA.WA.GOV.AU/DATASET/WA-POLICE-STATIONS,,,2018/08/15 00:00:00+00,,-30.745738032999952,121.47277045400006,,KALGOORLIE POLICE STATION,GAWA_163091866,67 BROOKMAN STREET,1,6430,KALGOORLIE,48,-30.74612517999998,121.47255754000003
121.624835574,-31.2091879279999,1439,EMERGENCY FACILITY,"An emergency management facility from which a particular agency’s resources are commanded, coordinated and assigned to an incident or emergency",POLICING FACILITY,KAMBALDA POLICE STATION,OPERATIONAL,15 DODONEA DRIVE,KAMBALDA WEST,WESTERN AUSTRALIA,6442,HTTPS://CATALOGUE.DATA.WA.GOV.AU/DATASET/WA-POLICE-STATIONS,,HTTPS://CATALOGUE.DATA.WA.GOV.AU/DATASET/WA-POLICE-STATIONS,,,2018/08/15 00:00:00+00,,-31.20918792799995,121.62483557400003,,,GAWA_162328516,15 DODONEA DRIVE,1,6442,KAMBALDA WEST,0,-31.209187919999977,121.62483557000007
117.553453908,-33.692835335,1440,EMERGENCY FACILITY,"An emergency management facility from which a particular agency’s resources are commanded, coordinated and assigned to an incident or emergency",POLICING FACILITY,KATANNING POLICE STATION,OPERATIONAL,148 CLIVE STREET,KATANNING,WESTERN AUSTRALIA,6317,HTTPS://CATALOGUE.DATA.WA.GOV.AU/DATASET/WA-POLICE-STATIONS,,HTTPS://CATALOGUE.DATA.WA.GOV.AU/DATASET/WA-POLICE-STATIONS,,,2018/08/15 00:00:00+00,,-33.692835334999984,117.55345390800005,,KATANNING POLICE STATION,GAWA_161598278,148 CLIVE STREET,1,6317,KATANNING,0,-33.69283532999998,117.55345390000002
117.718411682,-31.634216592,1441,EMERGENCY FACILITY,"An emergency management facility from which a particular agency’s resources are commanded, coordinated and assigned to an incident or emergency",POLICING FACILITY,KELLERBERRIN POLICE STATION,OPERATIONAL,56 MASSINGHAM STREET,KELLERBERRIN,WESTERN AUSTRALIA,6410,HTTPS://CATALOGUE.DATA.WA.GOV.AU/DATASET/WA-POLICE-STATIONS,,HTTPS://CATALOGUE.DATA.WA.GOV.AU/DATASET/WA-POLICE-STATIONS,,,2018/08/15 00:00:00+00,,-31.634216591999973,117.71841168200001,,,GAWA_162643137,56 MASSINGHAM STREET,1,6410,KELLERBERRIN,0,-31.634216589999937,117.71841168000003
115.886544073,-31.985146081,1442,EMERGENCY FACILITY,"An emergency management facility from which a particular agency’s resources are commanded, coordinated and assigned to an incident or emergency",POLICING FACILITY,KENSINGTON POLICE STATION,OPERATIONAL,25 GEORGE STREET,KENSINGTON,WESTERN AUSTRALIA,6151,HTTPS://CATALOGUE.DATA.WA.GOV.AU/DATASET/WA-POLICE-STATIONS,,HTTPS://CATALOGUE.DATA.WA.GOV.AU/DATASET/WA-POLICE-STATIONS,,,2018/08/15 00:00:00+00,,-31.985146080999982,115.8865440730001,,POLICE STATION,GAWA_148813133,25 GEORGE STREET,2,6151,KENSINGTON,0,-31.98514599999993,115.88654400000007
121.77835688,-32.198412552,1443,EMERGENCY FACILITY,"An emergency management facility from which a particular agency’s resources are commanded, coordinated and assigned to an incident or emergency",POLICING FACILITY,NORSEMAN POLICE STATION,OPERATIONAL,85 PRINSEP STREET,NORSEMAN,WESTERN AUSTRALIA,6443,HTTPS://CATALOGUE.DATA.WA.GOV.AU/DATASET/WA-POLICE-STATIONS,,HTTPS://CATALOGUE.DATA.WA.GOV.AU/DATASET/WA-POLICE-STATIONS,,,2018/08/15 00:00:00+00,,-32.19841255199998,121.77835688000005,,,GAWA_147322927,85 PRINSEP STREET,0,6443,NORSEMAN,0,-32.19840999999997,121.77836000000002
116.668773343,-31.657143643,1444,EMERGENCY FACILITY,"An emergency management facility from which a particular agency’s resources are commanded, coordinated and assigned to an incident or emergency",POLICING FACILITY,NORTHAM POLICE STATION,OPERATIONAL,7 GAIRDNER STREET,NORTHAM,WESTERN AUSTRALIA,6401,HTTPS://CATALOGUE.DATA.WA.GOV.AU/DATASET/WA-POLICE-STATIONS,,HTTPS://CATALOGUE.DATA.WA.GOV.AU/DATASET/WA-POLICE-STATIONS,,,2018/08/15 00:00:00+00,,-31.657143642999984,116.66877334300011,,NORTHAM POLICE STATION,GAWA_148018774,7 GAIRDNER STREET,2,6401,NORTHAM,39,-31.656884069999933,116.66904470000009
114.631754527,-28.3468637129999,1445,EMERGENCY FACILITY,"An emergency management facility from which a particular agency’s resources are commanded, coordinated and assigned to an incident or emergency",POLICING FACILITY,NORTHAMPTON POLICE STATION,OPERATIONAL,258 HAMPTON ROAD,NORTHAMPTON,WESTERN AUSTRALIA,6535,HTTPS://CATALOGUE.DATA.WA.GOV.AU/DATASET/WA-POLICE-STATIONS,,HTTPS://CATALOGUE.DATA.WA.GOV.AU/DATASET/WA-POLICE-STATIONS,,,2018/08/15 00:00:00+00,,-28.346863712999948,114.63175452700011,,,GAWA_147038985,258 HAMPTON ROAD,1,6535,NORTHAMPTON,4,-28.346868789999974,114.63179191000006
115.852232515,-31.946676549,1446,EMERGENCY FACILITY,"An emergency management facility from which a particular agency’s resources are commanded, coordinated and assigned to an incident or emergency",POLICING FACILITY,PERTH POLICE STATION,OPERATIONAL,2 FITZGERALD STREET,NORTHBRIDGE,WESTERN AUSTRALIA,6003,HTTPS://CATALOGUE.DATA.WA.GOV.AU/DATASET/WA-POLICE-STATIONS,,HTTPS://CATALOGUE.DATA.WA.GOV.AU/DATASET/WA-POLICE-STATIONS,,,2018/08/15 00:00:00+00,,-31.94667654899996,115.85223251500008,,,GAWA_718388845,2 FITZGERALD STREET,1,6003,NORTHBRIDGE,33,-31.94668534999994,115.85258053000007
120.10598382,-21.888852502,1447,EMERGENCY FACILITY,"An emergency management facility from which a particular agency’s resources are commanded, coordinated and assigned to an incident or emergency",POLICING FACILITY,NULLAGINE POLICE STATION,OPERATIONAL,20 GALLOP ROAD,NULLAGINE,WESTERN AUSTRALIA,6758,HTTPS://CATALOGUE.DATA.WA.GOV.AU/DATASET/WA-POLICE-STATIONS,,HTTPS://CATALOGUE.DATA.WA.GOV.AU/DATASET/WA-POLICE-STATIONS,,,2018/08/15 00:00:00+00,,-21.888852501999963,120.10598382,,,GAWA_147055417,20 GALLOP ROAD,0,6758,NULLAGINE,20,-21.889009999999928,120.10590000000002
115.110798741,-21.6344234909999,1448,EMERGENCY FACILITY,"An emergency management facility from which a particular agency’s resources are commanded, coordinated and assigned to an incident or emergency",POLICING FACILITY,ONSLOW POLICE STATION,OPERATIONAL,3 SECOND AVENUE,ONSLOW,WESTERN AUSTRALIA,6710,HTTPS://CATALOGUE.DATA.WA.GOV.AU/DATASET/WA-POLICE-STATIONS,,HTTPS://CATALOGUE.DATA.WA.GOV.AU/DATASET/WA-POLICE-STATIONS,,,2018/08/15 00:00:00+00,,-21.63442349099995,115.11079874100005,,POLICE STATION,GAWA_148016367,3 SECOND AVENUE,2,6710,ONSLOW,33,-21.63463289999993,115.11057705000007
115.93926704,-31.8870593239999,1449,EMERGENCY FACILITY,"An emergency management facility from which a particular agency’s resources are commanded, coordinated and assigned to an incident or emergency",POLICING FACILITY,KIARA POLICE STATION,OPERATIONAL,163 MORLEY DRIVE,KIARA,WESTERN AUSTRALIA,6054,HTTPS://CATALOGUE.DATA.WA.GOV.AU/DATASET/WA-POLICE-STATIONS,,HTTPS://CATALOGUE.DATA.WA.GOV.AU/DATASET/WA-POLICE-STATIONS,,,2018/08/15 00:00:00+00,,-31.88705932399995,115.93926704000012,,KIARA POLICE STATION,GAWA_147205367,163 MORLEY DRIVE,1,6054,KIARA,0,-31.887059999999963,115.93927000000008
117.159624207,-33.8354141149999,1450,EMERGENCY FACILITY,"An emergency management facility from which a particular agency’s resources are commanded, coordinated and assigned to an incident or emergency",POLICING FACILITY,KOJONUP POLICE STATION,OPERATIONAL,125 ALBANY HIGHWAY,KOJONUP,WESTERN AUSTRALIA,6395,HTTPS://CATALOGUE.DATA.WA.GOV.AU/DATASET/WA-POLICE-STATIONS,,HTTPS://CATALOGUE.DATA.WA.GOV.AU/DATASET/WA-POLICE-STATIONS,,,2018/08/15 00:00:00+00,,-33.835414114999935,117.15962420700009,,KOJONUP POLICE STATION,GAWA_147854651,125 ALBANY HIGHWAY,2,6395,KOJONUP,14,-33.83535199999994,117.15976028000011
118.266171634,-32.49170874,1451,EMERGENCY FACILITY,"An emergency management facility from which a particular agency’s resources are commanded, coordinated and assigned to an incident or emergency",POLICING FACILITY,KONDININ POLICE STATION,OPERATIONAL,10 STUBBS STREET,KONDININ,WESTERN AUSTRALIA,6367,HTTPS://CATALOGUE.DATA.WA.GOV.AU/DATASET/WA-POLICE-STATIONS,,HTTPS://CATALOGUE.DATA.WA.GOV.AU/DATASET/WA-POLICE-STATIONS,,,2018/08/15 00:00:00+00,,-32.49170873999998,118.2661716340001,,,GAWA_147050198,10 STUBBS STREET,2,6367,KONDININ,14,-32.49171484999994,118.26602491000006
117.486151385,-30.8252251709999,1452,EMERGENCY FACILITY,"An emergency management facility from which a particular agency’s resources are commanded, coordinated and assigned to an incident or emergency",POLICING FACILITY,KOORDA POLICE STATION,OPERATIONAL,36 HAIG STREET,KOORDA,WESTERN AUSTRALIA,6475,HTTPS://CATALOGUE.DATA.WA.GOV.AU/DATASET/WA-POLICE-STATIONS,,HTTPS://CATALOGUE.DATA.WA.GOV.AU/DATASET/WA-POLICE-STATIONS,,,2018/08/15 00:00:00+00,,-30.825225170999943,117.48615138500008,,KOORDA POLICE STATION,GAWA_146993734,36 HAIG STREET,2,6475,KOORDA,8,-30.825271459999954,117.48620787000004
118.153161743,-32.6719738269999,1453,EMERGENCY FACILITY,"An emergency management facility from which a particular agency’s resources are commanded, coordinated and assigned to an incident or emergency",POLICING FACILITY,KULIN POLICE STATION,OPERATIONAL,21 JOHNSTON STREET,KULIN,WESTERN AUSTRALIA,6365,HTTPS://CATALOGUE.DATA.WA.GOV.AU/DATASET/WA-POLICE-STATIONS,,HTTPS://CATALOGUE.DATA.WA.GOV.AU/DATASET/WA-POLICE-STATIONS,,,2018/08/15 00:00:00+00,,-32.67197382699993,118.15316174300006,,,GAWA_160653737,21 JOHNSTON STREET,2,6365,KULIN,1,-32.67196999999993,118.15316000000007
128.738789776,-15.7747468759999,1454,EMERGENCY FACILITY,"An emergency management facility from which a particular agency’s resources are commanded, coordinated and assigned to an incident or emergency",POLICING FACILITY,KUNUNURRA POLICE STATION,OPERATIONAL,94 COOLIBAH DRIVE,KUNUNURRA,WESTERN AUSTRALIA,6743,HTTPS://CATALOGUE.DATA.WA.GOV.AU/DATASET/WA-POLICE-STATIONS,,HTTPS://CATALOGUE.DATA.WA.GOV.AU/DATASET/WA-POLICE-STATIONS,,,2018/08/15 00:00:00+00,,-15.774746875999938,128.7387897760001,,KUNUNURRA POLICE STATION,GAWA_147191408,94 COOLIBAH DRIVE,2,6743,KUNUNURRA,0,-15.774749999999926,128.7387900000001
115.786746878,-32.036158251,1455,EMERGENCY FACILITY,"An emergency management facility from which a particular agency’s resources are commanded, coordinated and assigned to an incident or emergency",POLICING FACILITY,PALMYRA POLICE STATION,OPERATIONAL,349 CANNING HIGHWAY,PALMYRA,WESTERN AUSTRALIA,6157,HTTPS://CATALOGUE.DATA.WA.GOV.AU/DATASET/WA-POLICE-STATIONS,,HTTPS://CATALOGUE.DATA.WA.GOV.AU/DATASET/WA-POLICE-STATIONS,,,2018/08/15 00:00:00+00,,-32.03615825099996,115.78674687800003,,,GAWA_147184964,349 CANNING HIGHWAY,1,6157,PALMYRA,4,-32.036182819999965,115.78678263000006
117.671094,-23.2009879999999,1456,EMERGENCY FACILITY,"An emergency management facility from which a particular agency’s resources are commanded, coordinated and assigned to an incident or emergency",POLICING FACILITY,PARABURDOO POLICE STATION,OPERATIONAL,LOT 600 ASHBURTON AVENUE,PARABURDOO,WESTERN AUSTRALIA,6754,HTTPS://CATALOGUE.DATA.WA.GOV.AU/DATASET/WA-POLICE-STATIONS,,HTTPS://CATALOGUE.DATA.WA.GOV.AU/DATASET/WA-POLICE-STATIONS,,,2018/08/15 00:00:00+00,,-23.20098799999994,117.67109400000004,,POLICE STATION,GAWA_162772350,LOT 600 ASHBURTON AVENUE,2,6754,PARABURDOO,12,-23.201047179999932,117.6709927600001
116.843170614,-20.73614565,1457,EMERGENCY FACILITY,"An emergency management facility from which a particular agency’s resources are commanded, coordinated and assigned to an incident or emergency",POLICING FACILITY,KARRATHA POLICE STATION,OPERATIONAL,51 WELCOME ROAD,PEGS CREEK,WESTERN AUSTRALIA,6714,HTTPS://CATALOGUE.DATA.WA.GOV.AU/DATASET/WA-POLICE-STATIONS,,HTTPS://CATALOGUE.DATA.WA.GOV.AU/DATASET/WA-POLICE-STATIONS,,,2018/08/15 00:00:00+00,,-20.73614564999997,116.84317061400009,,,GAWA_163205153,51 WELCOME ROAD,1,6714,KARRATHA,172,-20.737610609999933,116.84372181000003
116.289456062,-29.44217911,1458,EMERGENCY FACILITY,"An emergency management facility from which a particular agency’s resources are commanded, coordinated and assigned to an incident or emergency",POLICING FACILITY,PERENJORI POLICE STATION,OPERATIONAL,12 RUSSELL STREET,PERENJORI,WESTERN AUSTRALIA,6620,HTTPS://CATALOGUE.DATA.WA.GOV.AU/DATASET/WA-POLICE-STATIONS,,HTTPS://CATALOGUE.DATA.WA.GOV.AU/DATASET/WA-POLICE-STATIONS,,,2018/08/15 00:00:00+00,,-29.442179109999984,116.28945606200011,,,GAWA_718790256,12 RUSSELL STREET,0,6620,PERENJORI,9,-29.442104419999964,116.28947510000012
115.970613,-31.970919,1459,EMERGENCY FACILITY,"An emergency management facility from which a particular agency’s resources are commanded, coordinated and assigned to an incident or emergency",POLICING FACILITY,AFP - WA AVIATION - PERTH AIRPORT,OPERATIONAL,10 COLQUHOUN ROAD,PERTH AIRPORT,WESTERN AUSTRALIA,6105,WWW.AFP.GOV.AU,,WWW.AFP.GOV.AU,,,2018/08/16 00:00:00+00,,-31.97091899999998,115.97061300000007,,,GAWA_718740123,10 COLQUHOUN ROAD,1,6105,PERTH AIRPORT,276,-31.96914905999995,115.96856421000007
117.082372407,-32.534415837,1460,EMERGENCY FACILITY,"An emergency management facility from which a particular agency’s resources are commanded, coordinated and assigned to an incident or emergency",POLICING FACILITY,PINGELLY POLICE STATION,OPERATIONAL,7 PASTURE STREET,PINGELLY,WESTERN AUSTRALIA,6308,HTTPS://CATALOGUE.DATA.WA.GOV.AU/DATASET/WA-POLICE-STATIONS,,HTTPS://CATALOGUE.DATA.WA.GOV.AU/DATASET/WA-POLICE-STATIONS,,,2018/08/15 00:00:00+00,,-32.53441583699998,117.0823724070001,,PINGELLY POLICE STATION,GAWA_147364169,27 QUEEN STREET,1,6308,PINGELLY,0,-32.53441582999994,117.08237240000005
115.875244198,-32.629253616,1461,EMERGENCY FACILITY,"An emergency management facility from which a particular agency’s resources are commanded, coordinated and assigned to an incident or emergency",POLICING FACILITY,PINJARRA POLICE STATION,OPERATIONAL,24 GEORGE STREET,PINJARRA,WESTERN AUSTRALIA,6208,HTTPS://CATALOGUE.DATA.WA.GOV.AU/DATASET/WA-POLICE-STATIONS,,HTTPS://CATALOGUE.DATA.WA.GOV.AU/DATASET/WA-POLICE-STATIONS,,,2018/08/15 00:00:00+00,,-32.62925361599997,115.87524419800002,,PINJARRA POLICE STATION,GAWA_147398809,24 GEORGE STREET,2,6208,PINJARRA,0,-32.62925360999998,115.8752441900001
115.815681883,-32.2404289679999,1462,EMERGENCY FACILITY,"An emergency management facility from which a particular agency’s resources are commanded, coordinated and assigned to an incident or emergency",POLICING FACILITY,KWINANA POLICE STATION,OPERATIONAL,2 SULPHUR ROAD,KWINANA TOWN CENTRE,WESTERN AUSTRALIA,6167,HTTPS://CATALOGUE.DATA.WA.GOV.AU/DATASET/WA-POLICE-STATIONS,,HTTPS://CATALOGUE.DATA.WA.GOV.AU/DATASET/WA-POLICE-STATIONS,,,2018/08/15 00:00:00+00,,-32.24042896799995,115.81568188300002,,KWINANA POLICE STATION,GAWA_718829125,2 SULPHUR ROAD,1,6167,KWINANA TOWN CENTRE,0,-32.240428959999974,115.81568188000006
118.464914057,-33.101218106,1463,EMERGENCY FACILITY,"An emergency management facility from which a particular agency’s resources are commanded, coordinated and assigned to an incident or emergency",POLICING FACILITY,LAKE GRACE POLICE STATION,OPERATIONAL,54-56 STUBBS STREET,LAKE GRACE,WESTERN AUSTRALIA,6353,HTTPS://CATALOGUE.DATA.WA.GOV.AU/DATASET/WA-POLICE-STATIONS,,HTTPS://CATALOGUE.DATA.WA.GOV.AU/DATASET/WA-POLICE-STATIONS,,,2018/08/15 00:00:00+00,,-33.101218105999976,118.4649140570001,,LAKE GRACE POLICE STATION,GAWA_149085535,54-56 STUBBS STREET,1,6353,LAKE GRACE,0,-33.10121809999998,118.46491405000006
115.333259173,-31.0165387129999,1464,EMERGENCY FACILITY,"An emergency management facility from which a particular agency’s resources are commanded, coordinated and assigned to an incident or emergency",POLICING FACILITY,LANCELIN POLICE STATION,OPERATIONAL,33 ATKINSON WAY,LANCELIN,WESTERN AUSTRALIA,6044,HTTPS://CATALOGUE.DATA.WA.GOV.AU/DATASET/WA-POLICE-STATIONS,,HTTPS://CATALOGUE.DATA.WA.GOV.AU/DATASET/WA-POLICE-STATIONS,,,2018/08/15 00:00:00+00,,-31.01653871299993,115.3332591730001,,LANCELIN POLICE STATION,GAWA_146984240,33 ATKINSON WAY,2,6044,LANCELIN,0,-31.016538709999963,115.33325917000002
122.404802703,-28.625182598,1465,EMERGENCY FACILITY,"An emergency management facility from which a particular agency’s resources are commanded, coordinated and assigned to an incident or emergency",POLICING FACILITY,LAVERTON POLICE STATION,OPERATIONAL,24 AUGUSTA STREET,LAVERTON,WESTERN AUSTRALIA,6440,HTTPS://CATALOGUE.DATA.WA.GOV.AU/DATASET/WA-POLICE-STATIONS,,HTTPS://CATALOGUE.DATA.WA.GOV.AU/DATASET/WA-POLICE-STATIONS,,,2018/08/15 00:00:00+00,,-28.62518259799998,122.40480270300009,,,GAWA_162636970,24 AUGUSTA STREET,1,6440,LAVERTON,92,-28.62600803999993,122.40477336000004
114.981273841,-29.94921934,1466,EMERGENCY FACILITY,"An emergency management facility from which a particular agency’s resources are commanded, coordinated and assigned to an incident or emergency",POLICING FACILITY,LEEMAN POLICE STATION,OPERATIONAL,22 MORCOMBE ROAD,LEEMAN,WESTERN AUSTRALIA,6514,HTTPS://CATALOGUE.DATA.WA.GOV.AU/DATASET/WA-POLICE-STATIONS,,HTTPS://CATALOGUE.DATA.WA.GOV.AU/DATASET/WA-POLICE-STATIONS,,,2018/08/15 00:00:00+00,,-29.949219339999956,114.98127384100007,,LEEMAN POLICE STATION,GAWA_147104174,22 MORCOMBE ROAD,1,6514,LEEMAN,0,-29.94921999999997,114.98127000000011
138.595400587,-34.907045624,1467,EMERGENCY FACILITY,"An emergency management facility from which a particular agency’s resources are commanded, coordinated and assigned to an incident or emergency",POLICING FACILITY,NORTH ADELAIDE POLICE STATION,OPERATIONAL,61-83 O'CONNELL STREET,NORTH ADELAIDE,SOUTH AUSTRALIA,5006,HTTP://WWW.POLICE.SA.GOV.AU,,HTTP://WWW.POLICE.SA.GOV.AU,,,2018/08/18 00:00:00+00,,-34.90704562399998,138.59540058700009,,,GASA_425446851,61-83 O'CONNELL STREET,0,5006,NORTH ADELAIDE,11,-34.90705307999997,138.59528306000004
118.576892059,-20.312679723,1468,EMERGENCY FACILITY,"An emergency management facility from which a particular agency’s resources are commanded, coordinated and assigned to an incident or emergency",POLICING FACILITY,PORT HEDLAND POLICE STATION,OPERATIONAL,3 ANDERSON STREET,PORT HEDLAND,WESTERN AUSTRALIA,6721,HTTPS://CATALOGUE.DATA.WA.GOV.AU/DATASET/WA-POLICE-STATIONS,,HTTPS://CATALOGUE.DATA.WA.GOV.AU/DATASET/WA-POLICE-STATIONS,,,2018/08/15 00:00:00+00,,-20.312679722999974,118.5768920590001,,,GAWA_148038329,3 ANDERSON STREET,1,6721,PORT HEDLAND,10,-20.31261521999994,118.57682456000009
117.400871775,-32.008663591,1469,EMERGENCY FACILITY,"An emergency management facility from which a particular agency’s resources are commanded, coordinated and assigned to an incident or emergency",POLICING FACILITY,QUAIRADING POLICE STATION,OPERATIONAL,25 AVON STREET,QUAIRADING,WESTERN AUSTRALIA,6383,HTTPS://CATALOGUE.DATA.WA.GOV.AU/DATASET/WA-POLICE-STATIONS,,HTTPS://CATALOGUE.DATA.WA.GOV.AU/DATASET/WA-POLICE-STATIONS,,,2018/08/15 00:00:00+00,,-32.00866359099996,117.40087177500004,,POLICE STATION,GAWA_161034203,25 AVON STREET,1,6383,QUAIRADING,0,-32.00865999999996,117.40087000000005
120.046151527,-33.582109633,1470,EMERGENCY FACILITY,"An emergency management facility from which a particular agency’s resources are commanded, coordinated and assigned to an incident or emergency",POLICING FACILITY,RAVENSTHORPE POLICE STATION,OPERATIONAL,62 MORGANS STREET,RAVENSTHORPE,WESTERN AUSTRALIA,6346,HTTPS://CATALOGUE.DATA.WA.GOV.AU/DATASET/WA-POLICE-STATIONS,,HTTPS://CATALOGUE.DATA.WA.GOV.AU/DATASET/WA-POLICE-STATIONS,,,2018/08/15 00:00:00+00,,-33.58210963299996,120.046151527,,RAVENSTHORPE POLICE STATION,GAWA_147046833,62 MORGANS STREET,2,6346,RAVENSTHORPE,0,-33.58210999999994,120.04615000000001
115.747231032,-32.2850057749999,1471,EMERGENCY FACILITY,"An emergency management facility from which a particular agency’s resources are commanded, coordinated and assigned to an incident or emergency",POLICING FACILITY,ROCKINGHAM POLICE STATION,OPERATIONAL,15 WHITFIELD STREET,ROCKINGHAM,WESTERN AUSTRALIA,6168,HTTPS://CATALOGUE.DATA.WA.GOV.AU/DATASET/WA-POLICE-STATIONS,,HTTPS://CATALOGUE.DATA.WA.GOV.AU/DATASET/WA-POLICE-STATIONS,,,2018/08/15 00:00:00+00,,-32.285005774999945,115.74723103200006,,ROCKINGHAM POLICE STATION,GAWA_148939244,21-23 WHITFIELD STREET,1,6168,ROCKINGHAM,65,-32.28547089999995,115.74764234000008
117.145315408,-20.777599541,1472,EMERGENCY FACILITY,"An emergency management facility from which a particular agency’s resources are commanded, coordinated and assigned to an incident or emergency",POLICING FACILITY,ROEBOURNE POLICE STATION,OPERATIONAL,785 QUEEN STREET,ROEBOURNE,WESTERN AUSTRALIA,6718,HTTPS://CATALOGUE.DATA.WA.GOV.AU/DATASET/WA-POLICE-STATIONS,,HTTPS://CATALOGUE.DATA.WA.GOV.AU/DATASET/WA-POLICE-STATIONS,,,2018/08/15 00:00:00+00,,-20.777599540999972,117.1453154080001,,,GAWA_718678534,785 QUEEN STREET,-1,6718,ROEBOURNE,85,-20.77796731999996,117.1445941500001
115.539022356,-31.9941836799999,1473,EMERGENCY FACILITY,"An emergency management facility from which a particular agency’s resources are commanded, coordinated and assigned to an incident or emergency",POLICING FACILITY,ROTTNEST POLICE STATION,OPERATIONAL,1 SOMERVILLE DRIVE,ROTTNEST ISLAND,WESTERN AUSTRALIA,6161,HTTPS://CATALOGUE.DATA.WA.GOV.AU/DATASET/WA-POLICE-STATIONS,,HTTPS://CATALOGUE.DATA.WA.GOV.AU/DATASET/WA-POLICE-STATIONS,,,2018/08/15 00:00:00+00,,-31.994183679999935,115.53902235600003,,POLICE STATION,GAWA_148861515,1 SOMERVILLE DRIVE,1,6161,ROTTNEST ISLAND,2851,-32.00620257999998,115.51234576000002
138.632332514,-34.918500894,1474,EMERGENCY FACILITY,"An emergency management facility from which a particular agency’s resources are commanded, coordinated and assigned to an incident or emergency",POLICING FACILITY,NORWOOD POLICE STATION,OPERATIONAL,38 OSMOND TERRACE,NORWOOD,SOUTH AUSTRALIA,5067,HTTP://WWW.POLICE.SA.GOV.AU,,HTTP://WWW.POLICE.SA.GOV.AU,,,2018/08/18 00:00:00+00,,-34.918500893999976,138.63233251400004,,NORWOOD POLICE STATION,GASA_415552937,38 OSMOND TERRACE,2,5067,NORWOOD,0,-34.91850059999996,138.63233301000002
138.996665746,-34.469102017,1475,EMERGENCY FACILITY,"An emergency management facility from which a particular agency’s resources are commanded, coordinated and assigned to an incident or emergency",POLICING FACILITY,NURIOOTPA POLICE STATION,OPERATIONAL,59-63 MURRAY STREET,NURIOOTPA,SOUTH AUSTRALIA,5355,HTTP://WWW.POLICE.SA.GOV.AU,,HTTP://WWW.POLICE.SA.GOV.AU,,,2018/08/18 00:00:00+00,,-34.469102016999955,138.99666574600008,,,GASA_425445655,59-63 MURRAY STREET,0,5355,NURIOOTPA,0,-34.46910204999995,138.99667016
135.444115869,-27.545095924,1476,EMERGENCY FACILITY,"An emergency management facility from which a particular agency’s resources are commanded, coordinated and assigned to an incident or emergency",POLICING FACILITY,OODNADATTA POLICE STATION,OPERATIONAL,LOT 302 ORIBEE AVENUE,OODNADATTA,SOUTH AUSTRALIA,5734,HTTP://WWW.POLICE.SA.GOV.AU,,HTTP://WWW.POLICE.SA.GOV.AU,,,2018/08/18 00:00:00+00,,-27.545095923999952,135.44411586900003,,,GASA_424127894,LOT 302 ORIBEE AVENUE,1,5734,OODNADATTA,11,-27.54517115999994,135.44404326000006
138.61423545,-32.734141737,1477,EMERGENCY FACILITY,"An emergency management facility from which a particular agency’s resources are commanded, coordinated and assigned to an incident or emergency",POLICING FACILITY,ORROROO POLICE STATION,OPERATIONAL,21A SECOND STREET,ORROROO,SOUTH AUSTRALIA,5431,HTTP://WWW.POLICE.SA.GOV.AU,,HTTP://WWW.POLICE.SA.GOV.AU,,,2018/08/18 00:00:00+00,,-32.73414173699996,138.61423545000002,,,GASA_424643825,21 SECOND STREET,1,5431,ORROROO,3,-32.73415964999998,138.61421973000006
138.544958177,-34.8484704489999,1478,EMERGENCY FACILITY,"An emergency management facility from which a particular agency’s resources are commanded, coordinated and assigned to an incident or emergency",POLICING FACILITY,PARKS POLICE STATION,OPERATIONAL,LOT 18 DUNCAN COURT,OTTOWAY,SOUTH AUSTRALIA,5013,HTTP://WWW.POLICE.SA.GOV.AU,,HTTP://WWW.POLICE.SA.GOV.AU,,,2018/08/18 00:00:00+00,,-34.84847044899993,138.544958177,,,GASA_424167775,LOT 18 DUNCAN COURT,0,5013,OTTOWAY,21,-34.84841043999995,138.54473956000004
140.837196031,-37.380895989,1479,EMERGENCY FACILITY,"An emergency management facility from which a particular agency’s resources are commanded, coordinated and assigned to an incident or emergency",POLICING FACILITY,PENOLA POLICE STATION,OPERATIONAL,24 CHURCH STREET,PENOLA,SOUTH AUSTRALIA,5277,HTTP://WWW.POLICE.SA.GOV.AU,,HTTP://WWW.POLICE.SA.GOV.AU,,,2018/08/18 00:00:00+00,,-37.38089598899995,140.83719603100008,,,GASA_416241985,24 CHURCH STREET,2,5277,PENOLA,0,-37.38089598999994,140.83719600000006
150.747161,-23.128104,1480,EMERGENCY FACILITY,"An emergency management facility from which a particular agency’s resources are commanded, coordinated and assigned to an incident or emergency",POLICING FACILITY,YEPPOON STATION,OPERATIONAL,,YEPPOON,QUEENSLAND,4703,HTTP://DATA.QLD.GOV.AU,,HTTP://DATA.QLD.GOV.AU,,,2018/07/04 00:00:00+00,,-23.12810399999995,150.74716100000012,,YEPPOON POLICE STATION,GAQLD425128112,17-23 NORMANBY STREET,0,4703,YEPPOON,9,-23.128033309999978,150.74712389
149.384853,-26.613716,1481,EMERGENCY FACILITY,"An emergency management facility from which a particular agency’s resources are commanded, coordinated and assigned to an incident or emergency",POLICING FACILITY,YULEBA STATION,OPERATIONAL,,YULEBA,QUEENSLAND,4427,HTTP://DATA.QLD.GOV.AU,,HTTP://DATA.QLD.GOV.AU,,,2018/07/04 00:00:00+00,,-26.613715999999954,149.38485300000002,,,GAQLD161371835,19 STEPHENSON STREET,0,4427,YULEBA,3,-26.613692319999927,149.38486005000004
117.87392785,-32.3286126049999,1482,EMERGENCY FACILITY,"An emergency management facility from which a particular agency’s resources are commanded, coordinated and assigned to an incident or emergency",POLICING FACILITY,CORRIGIN POLICE STATION,OPERATIONAL,35 WALTON STREET,CORRIGIN,WESTERN AUSTRALIA,6375,HTTPS://CATALOGUE.DATA.WA.GOV.AU/DATASET/WA-POLICE-STATIONS,,HTTPS://CATALOGUE.DATA.WA.GOV.AU/DATASET/WA-POLICE-STATIONS,,,2018/08/15 00:00:00+00,,-32.32861260499993,117.87392785000009,,CORRIGIN POLICE STATION,GAWA_147373445,35 WALTON STREET,2,6375,CORRIGIN,20,-32.32879397999994,117.87392798000008
115.760129235,-32.0005826349999,1483,EMERGENCY FACILITY,"An emergency management facility from which a particular agency’s resources are commanded, coordinated and assigned to an incident or emergency",POLICING FACILITY,COTTESLOE POLICE STATION,OPERATIONAL,166 CURTIN AVENUE,COTTESLOE,WESTERN AUSTRALIA,6011,HTTPS://CATALOGUE.DATA.WA.GOV.AU/DATASET/WA-POLICE-STATIONS,,HTTPS://CATALOGUE.DATA.WA.GOV.AU/DATASET/WA-POLICE-STATIONS,,,2018/08/15 00:00:00+00,,-32.000582634999944,115.76012923500002,,COTTESLOE POLICE STATION,GAWA_147336318,166 CURTIN AVENUE,1,6011,COTTESLOE,1,-32.00057999999996,115.76012000000003
117.555751,-34.29373,1484,EMERGENCY FACILITY,"An emergency management facility from which a particular agency’s resources are commanded, coordinated and assigned to an incident or emergency",POLICING FACILITY,CRANBROOK POLICE STATION,OPERATIONAL,LOT 205 CLIMIE STREET,CRANBROOK,WESTERN AUSTRALIA,6321,HTTPS://CATALOGUE.DATA.WA.GOV.AU/DATASET/WA-POLICE-STATIONS,,HTTPS://CATALOGUE.DATA.WA.GOV.AU/DATASET/WA-POLICE-STATIONS,,,2018/08/15 00:00:00+00,,-34.29372999999998,117.5557510000001,,CRANBROOK POLICE STATION,GAWA_718713760,130 CLIMIE STREET,1,6321,CRANBROOK,25,-34.29387247999995,117.5559593800001
117.899840643,-27.4228350289999,1485,EMERGENCY FACILITY,"An emergency management facility from which a particular agency’s resources are commanded, coordinated and assigned to an incident or emergency",POLICING FACILITY,CUE POLICE STATION,OPERATIONAL,74 AUSTIN STREET,CUE,WESTERN AUSTRALIA,6640,HTTPS://CATALOGUE.DATA.WA.GOV.AU/DATASET/WA-POLICE-STATIONS,,HTTPS://CATALOGUE.DATA.WA.GOV.AU/DATASET/WA-POLICE-STATIONS,,,2018/08/15 00:00:00+00,,-27.42283502899994,117.89984064300006,,CUE POLICE STATION,GAWA_161027802,74 AUSTIN STREET,2,6640,CUE,2,-27.42285350999998,117.89984360000005
117.236959,-31.6494769999999,1486,EMERGENCY FACILITY,"An emergency management facility from which a particular agency’s resources are commanded, coordinated and assigned to an incident or emergency",POLICING FACILITY,CUNDERDIN POLICE STATION,OPERATIONAL,LOT 390 LUNDY AVENUE,CUNDERDIN,WESTERN AUSTRALIA,6407,HTTPS://CATALOGUE.DATA.WA.GOV.AU/DATASET/WA-POLICE-STATIONS,,HTTPS://CATALOGUE.DATA.WA.GOV.AU/DATASET/WA-POLICE-STATIONS,,,2018/08/15 00:00:00+00,,-31.649476999999933,117.23695900000007,,POLICE STATION,GAWA_162795314,LOT 390 LUNDY AVENUE,0,6407,CUNDERDIN,13,-31.649358879999966,117.23693112000001
116.661762689,-30.2728216199999,1487,EMERGENCY FACILITY,"An emergency management facility from which a particular agency’s resources are commanded, coordinated and assigned to an incident or emergency",POLICING FACILITY,DALWALLINU POLICE STATION,OPERATIONAL,81 JOHNSTON STREET,DALWALLINU,WESTERN AUSTRALIA,6609,HTTPS://CATALOGUE.DATA.WA.GOV.AU/DATASET/WA-POLICE-STATIONS,,HTTPS://CATALOGUE.DATA.WA.GOV.AU/DATASET/WA-POLICE-STATIONS,,,2018/08/15 00:00:00+00,,-30.272821619999945,116.66176268900006,,POLICE STATION,GAWA_147058901,81 JOHNSTON STREET,2,6609,DALWALLINU,1,-30.272829999999942,116.66177000000005
145.580572,-17.269851,1488,EMERGENCY FACILITY,"An emergency management facility from which a particular agency’s resources are commanded, coordinated and assigned to an incident or emergency",POLICING FACILITY,YUNGABURRA STATION,OPERATIONAL,,YUNGABURRA,QUEENSLAND,4884,HTTP://DATA.QLD.GOV.AU,,HTTP://DATA.QLD.GOV.AU,,,2018/07/04 00:00:00+00,,-17.26985099999996,145.58057200000007,,,GAQLD156025077,6 CEDAR STREET,2,4884,YUNGABURRA,24,-17.27006506999993,145.5805660000001
147.746661,-23.554069,1489,EMERGENCY FACILITY,"An emergency management facility from which a particular agency’s resources are commanded, coordinated and assigned to an incident or emergency",POLICING FACILITY,ANAKIE STATION,OPERATIONAL,,ANAKIE SIDING,QUEENSLAND,4702,HTTP://DATA.QLD.GOV.AU,,HTTP://DATA.QLD.GOV.AU,,,2018/07/04 00:00:00+00,NO GNAF POINT,-23.55406899999997,147.74666100000002,,,,,,,,,,
141.723164,-13.3549819999999,1490,EMERGENCY FACILITY,"An emergency management facility from which a particular agency’s resources are commanded, coordinated and assigned to an incident or emergency",POLICING FACILITY,AURUKUN STATION,OPERATIONAL,,AURUKUN,QUEENSLAND,4892,HTTP://DATA.QLD.GOV.AU,,HTTP://DATA.QLD.GOV.AU,,,2018/07/04 00:00:00+00,NO GNAF POINT,-13.35498199999995,141.7231640000001,,,,,,,,,,
151.859503,-27.7052199999999,1491,EMERGENCY FACILITY,"An emergency management facility from which a particular agency’s resources are commanded, coordinated and assigned to an incident or emergency",POLICING FACILITY,CAMBOOYA STATION,OPERATIONAL,,CAMBOOYA,QUEENSLAND,4358,HTTP://DATA.QLD.GOV.AU,,HTTP://DATA.QLD.GOV.AU,,,2018/07/04 00:00:00+00,NO GNAF POINT,-27.70521999999994,151.85950300000002,,,,,,,,,,
153.100915,-27.496235,1492,EMERGENCY FACILITY,"An emergency management facility from which a particular agency’s resources are commanded, coordinated and assigned to an incident or emergency",POLICING FACILITY,CARINA STATION,OPERATIONAL,,CARINA,QUEENSLAND,4152,HTTP://DATA.QLD.GOV.AU,,HTTP://DATA.QLD.GOV.AU,,,2018/07/04 00:00:00+00,NO GNAF POINT,-27.496234999999956,153.1009150000001,,,,,,,,,,
148.228229,-28.584333,1493,EMERGENCY FACILITY,"An emergency management facility from which a particular agency’s resources are commanded, coordinated and assigned to an incident or emergency",POLICING FACILITY,DIRRANBANDI STATION,OPERATIONAL,,DIRRANBANDI,QUEENSLAND,4486,HTTP://DATA.QLD.GOV.AU,,HTTP://DATA.QLD.GOV.AU,,,2018/07/04 00:00:00+00,NO GNAF POINT,-28.58433299999996,148.22822900000006,,,,,,,,,,
149.758793,-26.6436409999999,1494,EMERGENCY FACILITY,"An emergency management facility from which a particular agency’s resources are commanded, coordinated and assigned to an incident or emergency",POLICING FACILITY,DULACCA STATION,OPERATIONAL,,DULACCA,QUEENSLAND,4425,HTTP://DATA.QLD.GOV.AU,,HTTP://DATA.QLD.GOV.AU,,,2018/07/04 00:00:00+00,NO GNAF POINT,-26.643640999999946,149.75879300000008,,,,,,,,,,
139.471631,-24.3595119999999,1495,EMERGENCY FACILITY,"An emergency management facility from which a particular agency’s resources are commanded, coordinated and assigned to an incident or emergency",POLICING FACILITY,BEDOURIE STATION,OPERATIONAL,,BEDOURIE,QUEENSLAND,4829,HTTP://DATA.QLD.GOV.AU,,HTTP://DATA.QLD.GOV.AU,,,2018/07/04 00:00:00+00,,-24.35951199999994,139.47163100000012,,POLICE STATION,GAQLD157520819,1 MERRI STREET,2,4829,BEDOURIE,22,-24.35970711999994,139.47161273000006
153.20139,-27.7171749999999,1496,EMERGENCY FACILITY,"An emergency management facility from which a particular agency’s resources are commanded, coordinated and assigned to an incident or emergency",POLICING FACILITY,BEENLEIGH STATION,OPERATIONAL,,BEENLEIGH,QUEENSLAND,4207,HTTP://DATA.QLD.GOV.AU,,HTTP://DATA.QLD.GOV.AU,,,2018/07/04 00:00:00+00,,-27.71717499999994,153.20139000000006,,,GAQLD163166909,2-8 JAMES STREET,0,4207,BEENLEIGH,11,-27.717101989999946,153.2014589800001
115.766103122,-31.8937638789999,1497,EMERGENCY FACILITY,"An emergency management facility from which a particular agency’s resources are commanded, coordinated and assigned to an incident or emergency",POLICING FACILITY,SCARBOROUGH POLICE STATION,OPERATIONAL,92 SCARBOROUGH BEACH ROAD,SCARBOROUGH,WESTERN AUSTRALIA,6019,HTTPS://CATALOGUE.DATA.WA.GOV.AU/DATASET/WA-POLICE-STATIONS,,HTTPS://CATALOGUE.DATA.WA.GOV.AU/DATASET/WA-POLICE-STATIONS,,,2018/08/15 00:00:00+00,,-31.89376387899995,115.76610312200012,,,GAWA_146620971,92 SCARBOROUGH BEACH ROAD,1,6019,SCARBOROUGH,20,-31.893781289999936,115.76589139000009
118.596858498,-20.407887516,1498,EMERGENCY FACILITY,"An emergency management facility from which a particular agency’s resources are commanded, coordinated and assigned to an incident or emergency",POLICING FACILITY,SOUTH HEDLAND POLICE STATION,OPERATIONAL,4 HAWKE PLACE,SOUTH HEDLAND,WESTERN AUSTRALIA,6722,HTTPS://CATALOGUE.DATA.WA.GOV.AU/DATASET/WA-POLICE-STATIONS,,HTTPS://CATALOGUE.DATA.WA.GOV.AU/DATASET/WA-POLICE-STATIONS,,,2018/08/15 00:00:00+00,,-20.40788751599996,118.59685849800007,,SOUTH HEDLAND POLICE STATION,GAWA_148111019,2-6 HAWKE PLACE,2,6722,SOUTH HEDLAND,12,-20.407787389999953,118.59688991000007
119.324149961,-31.2310016509999,1499,EMERGENCY FACILITY,"An emergency management facility from which a particular agency’s resources are commanded, coordinated and assigned to an incident or emergency",POLICING FACILITY,SOUTHERN CROSS POLICE STATION,OPERATIONAL,75 CANOPUS STREET,SOUTHERN CROSS,WESTERN AUSTRALIA,6426,HTTPS://CATALOGUE.DATA.WA.GOV.AU/DATASET/WA-POLICE-STATIONS,,HTTPS://CATALOGUE.DATA.WA.GOV.AU/DATASET/WA-POLICE-STATIONS,,,2018/08/15 00:00:00+00,,-31.23100165099993,119.3241499610001,,,GAWA_147067815,75 CANOPUS STREET,2,6426,SOUTHERN CROSS,0,-31.230999999999938,119.32415000000003
117.642796264,-34.046421729,1500,EMERGENCY FACILITY,"An emergency management facility from which a particular agency’s resources are commanded, coordinated and assigned to an incident or emergency",POLICING FACILITY,TAMBELLUP POLICE STATION,OPERATIONAL,3981 GNOWANGERUP-TAMBELLUP ROAD,TAMBELLUP,WESTERN AUSTRALIA,6320,HTTPS://CATALOGUE.DATA.WA.GOV.AU/DATASET/WA-POLICE-STATIONS,,HTTPS://CATALOGUE.DATA.WA.GOV.AU/DATASET/WA-POLICE-STATIONS,,,2018/08/15 00:00:00+00,,-34.046421728999974,117.64279626400003,,,GAWA_162486729,3981 GNOWANGERUP-TAMBELLUP ROAD,0,6320,TAMBELLUP,0,-34.046421719999955,117.64279626000007
127.986571407,-20.133550204,1501,EMERGENCY FACILITY,"An emergency management facility from which a particular agency’s resources are commanded, coordinated and assigned to an incident or emergency",POLICING FACILITY,BALGO MFPF,OPERATIONAL,192 LUURNPA CIR,TANAMI,WESTERN AUSTRALIA,6770,HTTPS://CATALOGUE.DATA.WA.GOV.AU/DATASET/WA-POLICE-STATIONS,,HTTPS://CATALOGUE.DATA.WA.GOV.AU/DATASET/WA-POLICE-STATIONS,,,2018/08/15 00:00:00+00,MULTI FUNCTIONAL POLICE FACILITY,-20.13355020399996,127.98657140700004,,,GAWA_718341009,LOT 192 LUURNPA CIRCLE,1,6770,TANAMI,7,-20.13351061999998,127.98652225000001
115.762361491,-29.535741722,1502,EMERGENCY FACILITY,"An emergency management facility from which a particular agency’s resources are commanded, coordinated and assigned to an incident or emergency",POLICING FACILITY,THREE SPRINGS POLICE STATION,OPERATIONAL,42 CARTER STREET,THREE SPRINGS,WESTERN AUSTRALIA,6519,HTTPS://CATALOGUE.DATA.WA.GOV.AU/DATASET/WA-POLICE-STATIONS,,HTTPS://CATALOGUE.DATA.WA.GOV.AU/DATASET/WA-POLICE-STATIONS,,,2018/08/15 00:00:00+00,,-29.535741721999955,115.76236149100009,,THREE SPRINGS POLICE STATION,GAWA_146974978,42 CARTER STREET,2,6519,THREE SPRINGS,1,-29.53575104999993,115.76235923000002
152.959212,-26.854183,1503,EMERGENCY FACILITY,"An emergency management facility from which a particular agency’s resources are commanded, coordinated and assigned to an incident or emergency",POLICING FACILITY,BEERWAH STATION,OPERATIONAL,,BEERWAH,QUEENSLAND,4519,HTTP://DATA.QLD.GOV.AU,,HTTP://DATA.QLD.GOV.AU,,,2018/07/04 00:00:00+00,,-26.854182999999978,152.9592120000001,,POLICE BEERWAH,GAQLD156263629,13 BEERWAH PARADE,2,4519,BEERWAH,2,-26.85418268999996,152.95918971000003
151.451474,-26.9342339999999,1504,EMERGENCY FACILITY,"An emergency management facility from which a particular agency’s resources are commanded, coordinated and assigned to an incident or emergency",POLICING FACILITY,BELL STATION,OPERATIONAL,,BELL,QUEENSLAND,4408,HTTP://DATA.QLD.GOV.AU,,HTTP://DATA.QLD.GOV.AU,,,2018/07/04 00:00:00+00,,-26.934233999999947,151.45147400000008,,,GAQLD157521064,49 WALLACE STREET,2,4408,BELL,5,-26.93428069999993,151.45147783000004
153.15319,-27.064468,1505,EMERGENCY FACILITY,"An emergency management facility from which a particular agency’s resources are commanded, coordinated and assigned to an incident or emergency",POLICING FACILITY,BRIBIE ISLAND STATION,OPERATIONAL,,BELLARA,QUEENSLAND,4507,HTTP://DATA.QLD.GOV.AU,,HTTP://DATA.QLD.GOV.AU,,,2018/07/04 00:00:00+00,,-27.064467999999977,153.1531900000001,,BRIBIE POLICE STATION,GAQLD720667147,14 AMPERE COURT,0,4507,BELLARA,5,-27.06446909999994,153.15324280000004
152.047687,-25.514034,1506,EMERGENCY FACILITY,"An emergency management facility from which a particular agency’s resources are commanded, coordinated and assigned to an incident or emergency",POLICING FACILITY,BIGGENDEN STATION,OPERATIONAL,,BIGGENDEN,QUEENSLAND,4621,HTTP://DATA.QLD.GOV.AU,,HTTP://DATA.QLD.GOV.AU,,,2018/07/04 00:00:00+00,,-25.51403399999998,152.0476870000001,,,GAQLD157543682,1 EDWARD STREET,1,4621,BIGGENDEN,52,-25.514175879999982,152.04817937000007
153.516863,-28.1683189999999,1507,EMERGENCY FACILITY,"An emergency management facility from which a particular agency’s resources are commanded, coordinated and assigned to an incident or emergency",POLICING FACILITY,AFP - QLD - BILINGA OFFICE,OPERATIONAL,5 ARTHUR BUTLER PARADE,BILINGA,QUEENSLAND,4225,WWW.AFP.GOV.AU,,WWW.AFP.GOV.AU,,,2018/08/16 00:00:00+00,,-28.16831899999994,153.51686300000006,,GOLD COAST AIRPORT,GAQLD161109248,144 COOLANGATTA ROAD,1,4225,BILINGA,33,-28.168185139999935,153.51716325000007
150.513869,-24.4003989999999,1508,EMERGENCY FACILITY,"An emergency management facility from which a particular agency’s resources are commanded, coordinated and assigned to an incident or emergency",POLICING FACILITY,BILOELA STATION,OPERATIONAL,,BILOELA,QUEENSLAND,4715,HTTP://DATA.QLD.GOV.AU,,HTTP://DATA.QLD.GOV.AU,,,2018/07/04 00:00:00+00,,-24.400398999999936,150.5138690000001,,,GAQLD160398310,56 GREVILLEA STREET,2,4715,BILOELA,36,-24.400235279999947,150.51356414000008
146.031912,-17.5245419999999,1509,EMERGENCY FACILITY,"An emergency management facility from which a particular agency’s resources are commanded, coordinated and assigned to an incident or emergency",POLICING FACILITY,INNISFAIL STATION,OPERATIONAL,,INNISFAIL,QUEENSLAND,4860,HTTP://DATA.QLD.GOV.AU,,HTTP://DATA.QLD.GOV.AU,,,2018/07/04 00:00:00+00,,-17.52454199999994,146.03191200000003,,,GAQLD160548021,4-6 EDITH STREET,0,4860,INNISFAIL,22,-17.524579269999947,146.03211878000002
152.756969,-27.615761,1510,EMERGENCY FACILITY,"An emergency management facility from which a particular agency’s resources are commanded, coordinated and assigned to an incident or emergency",POLICING FACILITY,IPSWICH STATION,OPERATIONAL,,IPSWICH,QUEENSLAND,4305,HTTP://DATA.QLD.GOV.AU,,HTTP://DATA.QLD.GOV.AU,,,2018/07/04 00:00:00+00,,-27.615760999999964,152.75696900000003,,,GAQLD156679698,43 ELLENBOROUGH STREET,1,4305,IPSWICH,1,-27.615748519999954,152.75697065000008
116.705944114,-20.6631860009999,1511,EMERGENCY FACILITY,"An emergency management facility from which a particular agency’s resources are commanded, coordinated and assigned to an incident or emergency",POLICING FACILITY,DAMPIER POLICE STATION,OPERATIONAL,LOT 376 NIELSEN PLACE,DAMPIER,WESTERN AUSTRALIA,6713,HTTPS://CATALOGUE.DATA.WA.GOV.AU/DATASET/WA-POLICE-STATIONS,,HTTPS://CATALOGUE.DATA.WA.GOV.AU/DATASET/WA-POLICE-STATIONS,,,2018/08/15 00:00:00+00,,-20.66318600099993,116.70594411400009,,POLICE STATION,GAWA_718652855,3 NIELSEN PLACE,2,6713,DAMPIER,17,-20.66332757999993,116.7058831700001
113.536491195,-25.9273346479999,1512,EMERGENCY FACILITY,"An emergency management facility from which a particular agency’s resources are commanded, coordinated and assigned to an incident or emergency",POLICING FACILITY,SHARK BAY POLICE STATION,OPERATIONAL,20 DURLACHER STREET,DENHAM,WESTERN AUSTRALIA,6537,HTTPS://CATALOGUE.DATA.WA.GOV.AU/DATASET/WA-POLICE-STATIONS,,HTTPS://CATALOGUE.DATA.WA.GOV.AU/DATASET/WA-POLICE-STATIONS,,,2018/08/15 00:00:00+00,,-25.927334647999942,113.53649119500005,,,GAWA_162639600,20 DURLACHER STREET,0,6537,DENHAM,0,-25.92733463999997,113.5364911900001
117.353710534,-34.961170329,1513,EMERGENCY FACILITY,"An emergency management facility from which a particular agency’s resources are commanded, coordinated and assigned to an incident or emergency",POLICING FACILITY,DENMARK POLICE STATION,OPERATIONAL,49 SOUTH COAST HIGHWAY,DENMARK,WESTERN AUSTRALIA,6333,HTTPS://CATALOGUE.DATA.WA.GOV.AU/DATASET/WA-POLICE-STATIONS,,HTTPS://CATALOGUE.DATA.WA.GOV.AU/DATASET/WA-POLICE-STATIONS,,,2018/08/15 00:00:00+00,,-34.96117032899997,117.35371053400002,,DENMARK POLICE STATION,GAWA_161507391,49 SOUTH COAST HIGHWAY,1,6333,DENMARK,0,-34.96117031999995,117.35371053000006
123.636094602,-17.306039449,1514,EMERGENCY FACILITY,"An emergency management facility from which a particular agency’s resources are commanded, coordinated and assigned to an incident or emergency",POLICING FACILITY,DERBY POLICE STATION,OPERATIONAL,123-125 LOCH STREET,DERBY,WESTERN AUSTRALIA,6728,HTTPS://CATALOGUE.DATA.WA.GOV.AU/DATASET/WA-POLICE-STATIONS,,HTTPS://CATALOGUE.DATA.WA.GOV.AU/DATASET/WA-POLICE-STATIONS,,,2018/08/15 00:00:00+00,,-17.306039448999968,123.63609460200007,,DERBY POLICE STATION,GAWA_147624649,123 LOCH STREET,2,6728,DERBY,0,-17.30603943999995,123.63609460000009
115.889121344,-31.8987963239999,1515,EMERGENCY FACILITY,"An emergency management facility from which a particular agency’s resources are commanded, coordinated and assigned to an incident or emergency",POLICING FACILITY,MORLEY POLICE STATION,OPERATIONAL,318 COODE STREET,DIANELLA,WESTERN AUSTRALIA,6059,HTTPS://CATALOGUE.DATA.WA.GOV.AU/DATASET/WA-POLICE-STATIONS,,HTTPS://CATALOGUE.DATA.WA.GOV.AU/DATASET/WA-POLICE-STATIONS,,,2018/08/15 00:00:00+00,,-31.89879632399993,115.88912134400005,,MORLEY POLICE STATION,GAWA_147165982,318 COODE STREET,2,6059,DIANELLA,0,-31.898799999999937,115.88912000000005
114.930487371,-29.252850466,1516,EMERGENCY FACILITY,"An emergency management facility from which a particular agency’s resources are commanded, coordinated and assigned to an incident or emergency",POLICING FACILITY,DONGARA POLICE STATION,OPERATIONAL,3 WALDECK STREET,DONGARA,WESTERN AUSTRALIA,6525,HTTPS://CATALOGUE.DATA.WA.GOV.AU/DATASET/WA-POLICE-STATIONS,,HTTPS://CATALOGUE.DATA.WA.GOV.AU/DATASET/WA-POLICE-STATIONS,,,2018/08/15 00:00:00+00,,-29.252850465999984,114.93048737100003,,DONGARA POLICE STATION,GAWA_146971134,3 WALDECK STREET,2,6525,DONGARA,0,-29.252849999999967,114.93049000000008
144.43955,-24.2584939999999,1517,EMERGENCY FACILITY,"An emergency management facility from which a particular agency’s resources are commanded, coordinated and assigned to an incident or emergency",POLICING FACILITY,ISISFORD STATION,OPERATIONAL,,ISISFORD,QUEENSLAND,4731,HTTP://DATA.QLD.GOV.AU,,HTTP://DATA.QLD.GOV.AU,,,2018/07/04 00:00:00+00,,-24.258493999999928,144.43955000000005,,,GAQLD161921448,30 SAINT MARY STREET,2,4731,ISISFORD,23,-24.258690129999934,144.43948410000007
144.076231,-24.884606,1518,EMERGENCY FACILITY,"An emergency management facility from which a particular agency’s resources are commanded, coordinated and assigned to an incident or emergency",POLICING FACILITY,YARAKA STATION,OPERATIONAL,,ISISFORD,QUEENSLAND,4731,HTTP://DATA.QLD.GOV.AU,,HTTP://DATA.QLD.GOV.AU,,,2018/07/04 00:00:00+00,,-24.884605999999962,144.07623100000012,,,GAQLD720869479,LOT 4 JARLEY STREET,1,4731,YARAKA,39,-24.88475459999995,144.07657967000011
151.111624,-26.7807139999999,1519,EMERGENCY FACILITY,"An emergency management facility from which a particular agency’s resources are commanded, coordinated and assigned to an incident or emergency",POLICING FACILITY,JANDOWAE STATION,OPERATIONAL,,JANDOWAE,QUEENSLAND,4410,HTTP://DATA.QLD.GOV.AU,,HTTP://DATA.QLD.GOV.AU,,,2018/07/04 00:00:00+00,,-26.780713999999932,151.11162400000012,,,GAQLD158101772,45 HICKEY STREET,1,4410,JANDOWAE,10,-26.780798389999973,151.11164684000005
146.653359,-19.2348279999999,1520,EMERGENCY FACILITY,"An emergency management facility from which a particular agency’s resources are commanded, coordinated and assigned to an incident or emergency",POLICING FACILITY,DEERAGUN STATION,OPERATIONAL,,JENSEN,QUEENSLAND,4818,HTTP://DATA.QLD.GOV.AU,,HTTP://DATA.QLD.GOV.AU,,,2018/07/04 00:00:00+00,,-19.234827999999936,146.65335900000002,,,GAQLD162073228,3 VEALES ROAD,2,4818,JENSEN,19,-19.234996059999958,146.6533824400001
146.123994,-23.603776,1521,EMERGENCY FACILITY,"An emergency management facility from which a particular agency’s resources are commanded, coordinated and assigned to an incident or emergency",POLICING FACILITY,JERICHO STATION,OPERATIONAL,,JERICHO,QUEENSLAND,4728,HTTP://DATA.QLD.GOV.AU,,HTTP://DATA.QLD.GOV.AU,,,2018/07/04 00:00:00+00,,-23.603775999999982,146.12399400000004,,,GAQLD161980648,25 PASTEUR STREET,1,4728,JERICHO,7,-23.603714439999976,146.12400462000005
153.025263,-27.8295219999999,1522,EMERGENCY FACILITY,"An emergency management facility from which a particular agency’s resources are commanded, coordinated and assigned to an incident or emergency",POLICING FACILITY,JIMBOOMBA STATION,OPERATIONAL,,JIMBOOMBA,QUEENSLAND,4280,HTTP://DATA.QLD.GOV.AU,,HTTP://DATA.QLD.GOV.AU,,,2018/07/04 00:00:00+00,,-27.82952199999994,153.0252630000001,,JIMBOOMBA POLICE STATION,GAQLD162433599,16-20 JOHANNA STREET,2,4280,JIMBOOMBA,3,-27.829547979999973,153.0252611100001
151.124905,-24.864479,1523,EMERGENCY FACILITY,"An emergency management facility from which a particular agency’s resources are commanded, coordinated and assigned to an incident or emergency",POLICING FACILITY,MONTO STATION,OPERATIONAL,,MONTO,QUEENSLAND,4630,HTTP://DATA.QLD.GOV.AU,,HTTP://DATA.QLD.GOV.AU,,,2018/07/04 00:00:00+00,,-24.86447899999996,151.124905,,,GAQLD161737021,2 LYELL STREET,1,4630,MONTO,6,-24.86453520999993,151.12488865000012
152.291771,-26.892914,1524,EMERGENCY FACILITY,"An emergency management facility from which a particular agency’s resources are commanded, coordinated and assigned to an incident or emergency",POLICING FACILITY,MOORE STATION,OPERATIONAL,,MOORE,QUEENSLAND,4306,HTTP://DATA.QLD.GOV.AU,,HTTP://DATA.QLD.GOV.AU,,,2018/07/04 00:00:00+00,,-26.892913999999962,152.29177100000004,,,GAQLD162712432,21 MAIN STREET,2,4314,MOORE,22,-26.89302533999995,152.2915824700001
117.794721876,-22.695918144,1525,EMERGENCY FACILITY,"An emergency management facility from which a particular agency’s resources are commanded, coordinated and assigned to an incident or emergency",POLICING FACILITY,TOM PRICE POLICE STATION,OPERATIONAL,1 COURT ROAD,TOM PRICE,WESTERN AUSTRALIA,6751,HTTPS://CATALOGUE.DATA.WA.GOV.AU/DATASET/WA-POLICE-STATIONS,,HTTPS://CATALOGUE.DATA.WA.GOV.AU/DATASET/WA-POLICE-STATIONS,,,2018/08/15 00:00:00+00,,-22.69591814399996,117.79472187600004,,POLICE STATION,GAWA_718483759,1 COURT ROAD,2,6751,TOM PRICE,0,-22.695918139999947,117.7947218700001
116.466762223,-31.549697201,1526,EMERGENCY FACILITY,"An emergency management facility from which a particular agency’s resources are commanded, coordinated and assigned to an incident or emergency",POLICING FACILITY,TOODYAY POLICE STATION,OPERATIONAL,118 STIRLING TERRACE,TOODYAY,WESTERN AUSTRALIA,6566,HTTPS://CATALOGUE.DATA.WA.GOV.AU/DATASET/WA-POLICE-STATIONS,,HTTPS://CATALOGUE.DATA.WA.GOV.AU/DATASET/WA-POLICE-STATIONS,,,2018/08/15 00:00:00+00,,-31.549697200999958,116.46676222300005,,TOODYAY POLICE STATION,GAWA_146912182,118 STIRLING TERRACE,2,6566,TOODYAY,0,-31.54969719999997,116.46676222000008
117.3448509,-33.310995583,1527,EMERGENCY FACILITY,"An emergency management facility from which a particular agency’s resources are commanded, coordinated and assigned to an incident or emergency",POLICING FACILITY,WAGIN POLICE STATION,OPERATIONAL,4 UPLAND STREET,WAGIN,WESTERN AUSTRALIA,6315,HTTPS://CATALOGUE.DATA.WA.GOV.AU/DATASET/WA-POLICE-STATIONS,,HTTPS://CATALOGUE.DATA.WA.GOV.AU/DATASET/WA-POLICE-STATIONS,,,2018/08/15 00:00:00+00,,-33.310995582999965,117.3448509000001,,,GAWA_147383942,4 UPLAND STREET,0,6315,WAGIN,0,-33.31099557999994,117.3448509000001
116.733644738,-34.9782231149999,1528,EMERGENCY FACILITY,"An emergency management facility from which a particular agency’s resources are commanded, coordinated and assigned to an incident or emergency",POLICING FACILITY,WALPOLE POLICE STATION,OPERATIONAL,7 VISTA STREET,WALPOLE,WESTERN AUSTRALIA,6398,HTTPS://CATALOGUE.DATA.WA.GOV.AU/DATASET/WA-POLICE-STATIONS,,HTTPS://CATALOGUE.DATA.WA.GOV.AU/DATASET/WA-POLICE-STATIONS,,,2018/08/15 00:00:00+00,,-34.978223114999935,116.73364473800007,,,GAWA_718255989,7 VISTA STREET,1,6398,WALPOLE,17,-34.97823957999998,116.73346426
115.806986507,-31.7501427569999,1529,EMERGENCY FACILITY,"An emergency management facility from which a particular agency’s resources are commanded, coordinated and assigned to an incident or emergency",POLICING FACILITY,WANNEROO POLICE STATION,OPERATIONAL,51 DUNDEBAR ROAD,WANNEROO,WESTERN AUSTRALIA,6065,HTTPS://CATALOGUE.DATA.WA.GOV.AU/DATASET/WA-POLICE-STATIONS,,HTTPS://CATALOGUE.DATA.WA.GOV.AU/DATASET/WA-POLICE-STATIONS,,,2018/08/15 00:00:00+00,,-31.750142756999935,115.80698650700003,,SINAGRA POLICE STATION,GAWA_719501655,51 DUNDEBAR ROAD,1,6065,SINAGRA,37,-31.749960259999966,115.80730830000005
128.218952027,-17.017520313,1530,EMERGENCY FACILITY,"An emergency management facility from which a particular agency’s resources are commanded, coordinated and assigned to an incident or emergency",POLICING FACILITY,WARMUN MFPF,OPERATIONAL,LOT 23 GREAT NORTHERN HIGHWAY,WARMUN,WESTERN AUSTRALIA,6743,HTTPS://CATALOGUE.DATA.WA.GOV.AU/DATASET/WA-POLICE-STATIONS,,HTTPS://CATALOGUE.DATA.WA.GOV.AU/DATASET/WA-POLICE-STATIONS,,,2018/08/15 00:00:00+00,MULTI FUNCTIONAL POLICE FACILITY,-17.017520312999977,128.2189520270001,,WARMUN ABORIGINAL COMMUNITY,GAWA_162787135,LOT 23 GREAT NORTHERN HIGHWAY,0,6743,WARMUN,1340,-17.019773509999936,128.2313141200001
153.016963,-27.538129,1531,EMERGENCY FACILITY,"An emergency management facility from which a particular agency’s resources are commanded, coordinated and assigned to an incident or emergency",POLICING FACILITY,MOOROOKA STATION,OPERATIONAL,,MOOROOKA,QUEENSLAND,4105,HTTP://DATA.QLD.GOV.AU,,HTTP://DATA.QLD.GOV.AU,,,2018/07/04 00:00:00+00,,-27.53812899999997,153.01696300000003,,,GAQLD162910730,33 PIERS STREET,0,4105,MOOROOKA,0,-27.53812894999993,153.0169628000001
148.044641,-22.0001839999999,1532,EMERGENCY FACILITY,"An emergency management facility from which a particular agency’s resources are commanded, coordinated and assigned to an incident or emergency",POLICING FACILITY,MORANBAH STATION,OPERATIONAL,,MORANBAH,QUEENSLAND,4744,HTTP://DATA.QLD.GOV.AU,,HTTP://DATA.QLD.GOV.AU,,,2018/07/04 00:00:00+00,,-22.000183999999933,148.04464100000007,,,GAQLD425216443,2-10 SAINT FRANCIS DRIVE,0,4744,MORANBAH,1,-22.000188229999935,148.04464085000006
153.071085,-27.4656029999999,1533,EMERGENCY FACILITY,"An emergency management facility from which a particular agency’s resources are commanded, coordinated and assigned to an incident or emergency",POLICING FACILITY,MORNINGSIDE STATION,OPERATIONAL,,MORNINGSIDE,QUEENSLAND,4170,HTTP://DATA.QLD.GOV.AU,,HTTP://DATA.QLD.GOV.AU,,,2018/07/04 00:00:00+00,,-27.46560299999993,153.07108500000004,,,GAQLD162878147,2 AGNES STREET,0,4170,MORNINGSIDE,0,-27.46560359999995,153.0710849500001
145.372957,-16.4610059999999,1534,EMERGENCY FACILITY,"An emergency management facility from which a particular agency’s resources are commanded, coordinated and assigned to an incident or emergency",POLICING FACILITY,MOSSMAN STATION,OPERATIONAL,,MOSSMAN,QUEENSLAND,4873,HTTP://DATA.QLD.GOV.AU,,HTTP://DATA.QLD.GOV.AU,,,2018/07/04 00:00:00+00,,-16.46100599999994,145.37295700000004,,,GAQLD161947697,4-8 BOW STREET,0,4873,MOSSMAN,1,-16.46100948999998,145.37295052000002
145.120896,-17.6789929999999,1535,EMERGENCY FACILITY,"An emergency management facility from which a particular agency’s resources are commanded, coordinated and assigned to an incident or emergency",POLICING FACILITY,MOUNT GARNET STATION,OPERATIONAL,,MOUNT GARNET,QUEENSLAND,4872,HTTP://DATA.QLD.GOV.AU,,HTTP://DATA.QLD.GOV.AU,,,2018/07/04 00:00:00+00,,-17.678992999999934,145.12089600000002,,,GAQLD162301267,53 GARNET STREET,2,4872,MOUNT GARNET,19,-17.679142569999954,145.1208062500001
139.49132,-20.728738,1536,EMERGENCY FACILITY,"An emergency management facility from which a particular agency’s resources are commanded, coordinated and assigned to an incident or emergency",POLICING FACILITY,MOUNT ISA STATION,OPERATIONAL,,MOUNT ISA CITY,QUEENSLAND,4825,HTTP://DATA.QLD.GOV.AU,,HTTP://DATA.QLD.GOV.AU,,,2018/07/04 00:00:00+00,,-20.728737999999964,139.4913200000001,,POLICE HEADQUARTERS,GAQLD163030954,2 DORA STREET,2,4825,MOUNT ISA CITY,58,-20.729259599999978,139.49136654000006
153.129541,-25.5047749999999,1537,EMERGENCY FACILITY,"An emergency management facility from which a particular agency’s resources are commanded, coordinated and assigned to an incident or emergency",POLICING FACILITY,FRASER ISLAND STATION,OPERATIONAL,,FRASER ISLAND,QUEENSLAND,4581,HTTP://DATA.QLD.GOV.AU,,HTTP://DATA.QLD.GOV.AU,,,2018/07/04 00:00:00+00,NO GNAF POINT,-25.50477499999994,153.12954100000002,,,,,,,,,,
145.104229,-15.2996009999999,1538,EMERGENCY FACILITY,"An emergency management facility from which a particular agency’s resources are commanded, coordinated and assigned to an incident or emergency",POLICING FACILITY,HOPE VALE STATION,OPERATIONAL,,HOPE VALE,QUEENSLAND,4895,HTTP://DATA.QLD.GOV.AU,,HTTP://DATA.QLD.GOV.AU,,,2018/07/04 00:00:00+00,NO GNAF POINT,-15.299600999999939,145.10422900000003,,,,,,,,,,
144.199995,-20.8423969999999,1539,EMERGENCY FACILITY,"An emergency management facility from which a particular agency’s resources are commanded, coordinated and assigned to an incident or emergency",POLICING FACILITY,HUGHENDEN STATION,OPERATIONAL,,HUGHENDEN,QUEENSLAND,4821,HTTP://DATA.QLD.GOV.AU,,HTTP://DATA.QLD.GOV.AU,,,2018/07/04 00:00:00+00,NO GNAF POINT,-20.84239699999995,144.19999500000006,,,,,,,,,,
115.824242656,-33.571519134,1540,EMERGENCY FACILITY,"An emergency management facility from which a particular agency’s resources are commanded, coordinated and assigned to an incident or emergency",POLICING FACILITY,DONNYBROOK POLICE STATION,OPERATIONAL,50 SOUTH WESTERN HIGHWAY,DONNYBROOK,WESTERN AUSTRALIA,6239,HTTPS://CATALOGUE.DATA.WA.GOV.AU/DATASET/WA-POLICE-STATIONS,,HTTPS://CATALOGUE.DATA.WA.GOV.AU/DATASET/WA-POLICE-STATIONS,,,2018/08/15 00:00:00+00,,-33.57151913399997,115.82424265600002,,POLICE STATION,GAWA_162489955,50 SOUTH WESTERN HIGHWAY,2,6239,DONNYBROOK,30,-33.571561319999944,115.82392596000011
117.032536094,-31.19557351,1541,EMERGENCY FACILITY,"An emergency management facility from which a particular agency’s resources are commanded, coordinated and assigned to an incident or emergency",POLICING FACILITY,DOWERIN POLICE STATION,OPERATIONAL,5 GOLDFIELDS ROAD,DOWERIN,WESTERN AUSTRALIA,6461,HTTPS://CATALOGUE.DATA.WA.GOV.AU/DATASET/WA-POLICE-STATIONS,,HTTPS://CATALOGUE.DATA.WA.GOV.AU/DATASET/WA-POLICE-STATIONS,,,2018/08/15 00:00:00+00,,-31.195573509999974,117.03253609400008,,,GAWA_147084325,5 GOLDFIELDS ROAD,2,6461,DOWERIN,76,-31.19608403999996,117.03199727000003
117.739063004,-33.314401152,1542,EMERGENCY FACILITY,"An emergency management facility from which a particular agency’s resources are commanded, coordinated and assigned to an incident or emergency",POLICING FACILITY,DUMBLEYUNG POLICE STATION,OPERATIONAL,36 ABSOLON STREET,DUMBLEYUNG,WESTERN AUSTRALIA,6350,HTTPS://CATALOGUE.DATA.WA.GOV.AU/DATASET/WA-POLICE-STATIONS,,HTTPS://CATALOGUE.DATA.WA.GOV.AU/DATASET/WA-POLICE-STATIONS,,,2018/08/15 00:00:00+00,,-33.31440115199996,117.73906300400006,,,GAWA_163375950,36 ABSOLON STREET,0,6350,DUMBLEYUNG,16,-33.31426652999994,117.73911942000007
115.101561129,-33.6161650719999,1543,EMERGENCY FACILITY,"An emergency management facility from which a particular agency’s resources are commanded, coordinated and assigned to an incident or emergency",POLICING FACILITY,DUNSBOROUGH POLICE STATION,OPERATIONAL,1 LESLIE PEARCE COURT,DUNSBOROUGH,WESTERN AUSTRALIA,6281,HTTPS://CATALOGUE.DATA.WA.GOV.AU/DATASET/WA-POLICE-STATIONS,,HTTPS://CATALOGUE.DATA.WA.GOV.AU/DATASET/WA-POLICE-STATIONS,,,2018/08/15 00:00:00+00,,-33.616165071999944,115.10156112900006,,DUNSBOROUGH POLICE STATION,GAWA_162642498,1 LESLIE PEARCE COURT,1,6281,DUNSBOROUGH,0,-33.616165069999965,115.10156112000004
116.062175544,-32.7148835679999,1544,EMERGENCY FACILITY,"An emergency management facility from which a particular agency’s resources are commanded, coordinated and assigned to an incident or emergency",POLICING FACILITY,DWELLINGUP POLICE STATION,OPERATIONAL,55 MCLARTY STREET,DWELLINGUP,WESTERN AUSTRALIA,6213,HTTPS://CATALOGUE.DATA.WA.GOV.AU/DATASET/WA-POLICE-STATIONS,,HTTPS://CATALOGUE.DATA.WA.GOV.AU/DATASET/WA-POLICE-STATIONS,,,2018/08/15 00:00:00+00,,-32.71488356799995,116.06217554400007,,DWELLINGUP POLICE STATION,GAWA_146967362,55 MCLARTY STREET,1,6213,DWELLINGUP,1,-32.71487999999994,116.06218000000001
115.966372807,-31.780363343,1545,EMERGENCY FACILITY,"An emergency management facility from which a particular agency’s resources are commanded, coordinated and assigned to an incident or emergency",POLICING FACILITY,ELLENBROOK POLICE STATION,OPERATIONAL,2 CIVIC TERRACE,ELLENBROOK,WESTERN AUSTRALIA,6069,HTTPS://CATALOGUE.DATA.WA.GOV.AU/DATASET/WA-POLICE-STATIONS,,HTTPS://CATALOGUE.DATA.WA.GOV.AU/DATASET/WA-POLICE-STATIONS,,,2018/08/15 00:00:00+00,,-31.780363342999976,115.96637280700008,,,GAWA_162260994,2 CIVIC TERRACE,1,6069,ELLENBROOK,0,-31.780362999999966,115.96637300000009
140.838767,-17.486162,1546,EMERGENCY FACILITY,"An emergency management facility from which a particular agency’s resources are commanded, coordinated and assigned to an incident or emergency",POLICING FACILITY,KARUMBA STATION,OPERATIONAL,,KARUMBA,QUEENSLAND,4891,HTTP://DATA.QLD.GOV.AU,,HTTP://DATA.QLD.GOV.AU,,,2018/07/04 00:00:00+00,NO GNAF POINT,-17.48616199999998,140.83876700000008,,,,,,,,,,
141.743506,-15.4770569999999,1547,EMERGENCY FACILITY,"An emergency management facility from which a particular agency’s resources are commanded, coordinated and assigned to an incident or emergency",POLICING FACILITY,KOWANYAMA STATION,OPERATIONAL,,KOWANYAMA,QUEENSLAND,4892,HTTP://DATA.QLD.GOV.AU,,HTTP://DATA.QLD.GOV.AU,,,2018/07/04 00:00:00+00,NO GNAF POINT,-15.477056999999945,141.74350600000002,,,,,,,,,,
151.652423,-26.692219,1548,EMERGENCY FACILITY,"An emergency management facility from which a particular agency’s resources are commanded, coordinated and assigned to an incident or emergency",POLICING FACILITY,KUMBIA STATION,OPERATIONAL,,KUMBIA,QUEENSLAND,4610,HTTP://DATA.QLD.GOV.AU,,HTTP://DATA.QLD.GOV.AU,,,2018/07/04 00:00:00+00,NO GNAF POINT,-26.692218999999966,151.6524230000001,,,,,,,,,,
145.594863,-17.3528689999999,1549,EMERGENCY FACILITY,"An emergency management facility from which a particular agency’s resources are commanded, coordinated and assigned to an incident or emergency",POLICING FACILITY,MALANDA STATION,OPERATIONAL,,MALANDA,QUEENSLAND,4885,HTTP://DATA.QLD.GOV.AU,,HTTP://DATA.QLD.GOV.AU,,,2018/07/04 00:00:00+00,NO GNAF POINT,-17.35286899999994,145.59486300000003,,,,,,,,,,
149.883188,-27.323413,1550,EMERGENCY FACILITY,"An emergency management facility from which a particular agency’s resources are commanded, coordinated and assigned to an incident or emergency",POLICING FACILITY,MEANDARRA STATION,OPERATIONAL,,MEANDARRA,QUEENSLAND,4422,HTTP://DATA.QLD.GOV.AU,,HTTP://DATA.QLD.GOV.AU,,,2018/07/04 00:00:00+00,NO GNAF POINT,-27.32341299999996,149.88318800000002,,,,,,,,,,
147.112832,-26.4175,1551,EMERGENCY FACILITY,"An emergency management facility from which a particular agency’s resources are commanded, coordinated and assigned to an incident or emergency",POLICING FACILITY,MORVEN STATION,OPERATIONAL,,MORVEN,QUEENSLAND,4468,HTTP://DATA.QLD.GOV.AU,,HTTP://DATA.QLD.GOV.AU,,,2018/07/04 00:00:00+00,NO GNAF POINT,-26.41749999999996,147.11283200000003,,,,,,,,,,
148.983827,-28.9749689999999,1552,EMERGENCY FACILITY,"An emergency management facility from which a particular agency’s resources are commanded, coordinated and assigned to an incident or emergency",POLICING FACILITY,MUNGINDI STATION,OPERATIONAL,,MUNGINDI,QUEENSLAND,2406,HTTP://DATA.QLD.GOV.AU,,HTTP://DATA.QLD.GOV.AU,,,2018/07/04 00:00:00+00,NO GNAF POINT,-28.97496899999993,148.98382700000002,,,,,,,,,,
139.348818,-25.900179,1553,EMERGENCY FACILITY,"An emergency management facility from which a particular agency’s resources are commanded, coordinated and assigned to an incident or emergency",POLICING FACILITY,BIRDSVILLE STATION,OPERATIONAL,,BIRDSVILLE,QUEENSLAND,4482,HTTP://DATA.QLD.GOV.AU,,HTTP://DATA.QLD.GOV.AU,,,2018/07/04 00:00:00+00,,-25.90017899999998,139.34881800000005,,,GAQLD425057395,19 MACDONALD STREET,0,4482,BIRDSVILLE,60,-25.90037374999997,139.34825794000005
145.460608,-24.422456,1554,EMERGENCY FACILITY,"An emergency management facility from which a particular agency’s resources are commanded, coordinated and assigned to an incident or emergency",POLICING FACILITY,BLACKALL STATION,OPERATIONAL,,BLACKALL,QUEENSLAND,4472,HTTP://DATA.QLD.GOV.AU,,HTTP://DATA.QLD.GOV.AU,,,2018/07/04 00:00:00+00,,-24.422455999999954,145.4606080000001,,,GAQLD156274495,139 SHAMROCK STREET,2,4472,BLACKALL,10,-24.422511939999936,145.46068116000004
115.923895149,-32.849458377,1555,EMERGENCY FACILITY,"An emergency management facility from which a particular agency’s resources are commanded, coordinated and assigned to an incident or emergency",POLICING FACILITY,WAROONA POLICE STATION,OPERATIONAL,9 RECREATION ROAD,WAROONA,WESTERN AUSTRALIA,6215,HTTPS://CATALOGUE.DATA.WA.GOV.AU/DATASET/WA-POLICE-STATIONS,,HTTPS://CATALOGUE.DATA.WA.GOV.AU/DATASET/WA-POLICE-STATIONS,,,2018/08/15 00:00:00+00,,-32.84945837699996,115.92389514900003,,WAROONA POLICE STATION,GAWA_146588815,9 RECREATION ROAD,2,6215,WAROONA,0,-32.84945836999998,115.92389514000001
115.812678807,-31.839733727,1556,EMERGENCY FACILITY,"An emergency management facility from which a particular agency’s resources are commanded, coordinated and assigned to an incident or emergency",POLICING FACILITY,WARWICK POLICE STATION,OPERATIONAL,37 EDDINGTON ROAD,WARWICK,WESTERN AUSTRALIA,6024,HTTPS://CATALOGUE.DATA.WA.GOV.AU/DATASET/WA-POLICE-STATIONS,,HTTPS://CATALOGUE.DATA.WA.GOV.AU/DATASET/WA-POLICE-STATIONS,,,2018/08/15 00:00:00+00,,-31.839733726999953,115.81267880700011,,WARWICK POLICE STATION & LICEN,GAWA_147135223,37 EDDINGTON ROAD,2,6024,WARWICK,37,-31.839809999999943,115.81230000000005
115.807938208,-31.9410971309999,1557,EMERGENCY FACILITY,"An emergency management facility from which a particular agency’s resources are commanded, coordinated and assigned to an incident or emergency",POLICING FACILITY,WEMBLEY POLICE STATION,OPERATIONAL,379 CAMBRIDGE STREET,WEMBLEY,WESTERN AUSTRALIA,6014,HTTPS://CATALOGUE.DATA.WA.GOV.AU/DATASET/WA-POLICE-STATIONS,,HTTPS://CATALOGUE.DATA.WA.GOV.AU/DATASET/WA-POLICE-STATIONS,,,2018/08/15 00:00:00+00,,-31.941097130999935,115.80793820800011,,,GAWA_146606242,379 CAMBRIDGE STREET,-1,6014,WEMBLEY,42,-31.941470529999947,115.80800791000001
115.846535,-31.949291,1558,EMERGENCY FACILITY,"An emergency management facility from which a particular agency’s resources are commanded, coordinated and assigned to an incident or emergency",POLICING FACILITY,AFP - WA - PERTH OFFICE,OPERATIONAL,619 MURRAY STREET,WEST PERTH,WESTERN AUSTRALIA,6005,WWW.AFP.GOV.AU,,WWW.AFP.GOV.AU,,,2018/08/16 00:00:00+00,,-31.94929099999996,115.84653500000002,,,GAWA_147339035,619 MURRAY STREET,1,6005,WEST PERTH,4,-31.94925999999998,115.8465500000001
117.503715526,-32.78124442,1559,EMERGENCY FACILITY,"An emergency management facility from which a particular agency’s resources are commanded, coordinated and assigned to an incident or emergency",POLICING FACILITY,WICKEPIN POLICE STATION,OPERATIONAL,69 WOGOLIN ROAD,WICKEPIN,WESTERN AUSTRALIA,6370,HTTPS://CATALOGUE.DATA.WA.GOV.AU/DATASET/WA-POLICE-STATIONS,,HTTPS://CATALOGUE.DATA.WA.GOV.AU/DATASET/WA-POLICE-STATIONS,,,2018/08/15 00:00:00+00,,-32.78124441999995,117.50371552600006,,WICKEPIN POLICE STATION,GAWA_147320280,69 WOGOLIN ROAD,1,6370,WICKEPIN,11,-32.78124464999996,117.50382968000008
116.881937426,-33.0256353619999,1560,EMERGENCY FACILITY,"An emergency management facility from which a particular agency’s resources are commanded, coordinated and assigned to an incident or emergency",POLICING FACILITY,WILLIAMS POLICE STATION,OPERATIONAL,15 BROOKING STREET,WILLIAMS,WESTERN AUSTRALIA,6391,HTTPS://CATALOGUE.DATA.WA.GOV.AU/DATASET/WA-POLICE-STATIONS,,HTTPS://CATALOGUE.DATA.WA.GOV.AU/DATASET/WA-POLICE-STATIONS,,,2018/08/15 00:00:00+00,,-33.025635361999946,116.88193742600004,,,GAWA_162557253,15 BROOKING STREET,0,6391,WILLIAMS,0,-33.02563535999997,116.8819374200001
120.225125397,-26.5920635369999,1561,EMERGENCY FACILITY,"An emergency management facility from which a particular agency’s resources are commanded, coordinated and assigned to an incident or emergency",POLICING FACILITY,WILUNA POLICE STATION,OPERATIONAL,58 WOTTON STREET,WILUNA,WESTERN AUSTRALIA,6646,HTTPS://CATALOGUE.DATA.WA.GOV.AU/DATASET/WA-POLICE-STATIONS,,HTTPS://CATALOGUE.DATA.WA.GOV.AU/DATASET/WA-POLICE-STATIONS,,,2018/08/15 00:00:00+00,,-26.592063536999945,120.22512539700006,,,GAWA_718960746,58 WOTTON STREET,0,6646,WILUNA,16,-26.591954439999938,120.22523530000001
152.106366,-26.8863969999999,1562,EMERGENCY FACILITY,"An emergency management facility from which a particular agency’s resources are commanded, coordinated and assigned to an incident or emergency",POLICING FACILITY,BLACKBUTT STATION,OPERATIONAL,,BLACKBUTT,QUEENSLAND,4306,HTTP://DATA.QLD.GOV.AU,,HTTP://DATA.QLD.GOV.AU,,,2018/07/04 00:00:00+00,,-26.88639699999993,152.1063660000001,,,GAQLD155026652,95 COULSON STREET,1,4314,BLACKBUTT,5,-26.886412749999977,152.10640723000006
148.89041,-23.5760739999999,1563,EMERGENCY FACILITY,"An emergency management facility from which a particular agency’s resources are commanded, coordinated and assigned to an incident or emergency",POLICING FACILITY,BLACKWATER STATION,OPERATIONAL,,BLACKWATER,QUEENSLAND,4717,HTTP://DATA.QLD.GOV.AU,,HTTP://DATA.QLD.GOV.AU,,,2018/07/04 00:00:00+00,,-23.57607399999995,148.8904100000001,,,GAQLD161947398,2 BLAIN STREET,1,4717,BLACKWATER,15,-23.57613268999995,148.89053821000005
153.128638,-26.735515,1564,EMERGENCY FACILITY,"An emergency management facility from which a particular agency’s resources are commanded, coordinated and assigned to an incident or emergency",POLICING FACILITY,KAWANA WATERS STATION,OPERATIONAL,,BOKARINA,QUEENSLAND,4575,HTTP://DATA.QLD.GOV.AU,,HTTP://DATA.QLD.GOV.AU,,,2018/07/04 00:00:00+00,,-26.735514999999964,153.12863800000002,,POLICE BOKARINA,GAQLD156291767,336 NICKLIN WAY,1,4575,BOKARINA,7,-26.735494149999965,153.12857665
147.481099,-28.033386,1565,EMERGENCY FACILITY,"An emergency management facility from which a particular agency’s resources are commanded, coordinated and assigned to an incident or emergency",POLICING FACILITY,BOLLON STATION,OPERATIONAL,,BOLLON,QUEENSLAND,4488,HTTP://DATA.QLD.GOV.AU,,HTTP://DATA.QLD.GOV.AU,,,2018/07/04 00:00:00+00,,-28.03338599999995,147.48109900000009,,,GAQLD157570322,14 MARY STREET,0,4488,BOLLON,23,-28.033544009999957,147.48125647000006
152.681122,-27.9993489999999,1566,EMERGENCY FACILITY,"An emergency management facility from which a particular agency’s resources are commanded, coordinated and assigned to an incident or emergency",POLICING FACILITY,BOONAH STATION,OPERATIONAL,,BOONAH,QUEENSLAND,4310,HTTP://DATA.QLD.GOV.AU,,HTTP://DATA.QLD.GOV.AU,,,2018/07/04 00:00:00+00,,-27.99934899999994,152.68112200000007,,,GAQLD156288464,1 HIGHBURY STREET,1,4310,BOONAH,0,-27.99934909999996,152.6811220500001
153.053644,-27.349938,1567,EMERGENCY FACILITY,"An emergency management facility from which a particular agency’s resources are commanded, coordinated and assigned to an incident or emergency",POLICING FACILITY,BOONDALL STATION,OPERATIONAL,,BOONDALL,QUEENSLAND,4034,HTTP://DATA.QLD.GOV.AU,,HTTP://DATA.QLD.GOV.AU,,,2018/07/04 00:00:00+00,,-27.349937999999952,153.05364400000008,,,GAQLD156294470,149 MULLER ROAD,1,4034,BOONDALL,0,-27.349937679999982,153.0536443000001
151.592116,-27.368867,1568,EMERGENCY FACILITY,"An emergency management facility from which a particular agency’s resources are commanded, coordinated and assigned to an incident or emergency",POLICING FACILITY,JONDARYAN STATION,OPERATIONAL,,JONDARYAN,QUEENSLAND,4403,HTTP://DATA.QLD.GOV.AU,,HTTP://DATA.QLD.GOV.AU,,,2018/07/04 00:00:00+00,,-27.368866999999966,151.59211600000003,,,GAQLD161623412,2 DUKE STREET,2,4403,JONDARYAN,13,-27.36892624999996,151.59200596000005
141.748231,-20.657551,1569,EMERGENCY FACILITY,"An emergency management facility from which a particular agency’s resources are commanded, coordinated and assigned to an incident or emergency",POLICING FACILITY,JULIA CREEK STATION,OPERATIONAL,,JULIA CREEK,QUEENSLAND,4823,HTTP://DATA.QLD.GOV.AU,,HTTP://DATA.QLD.GOV.AU,,,2018/07/04 00:00:00+00,,-20.657550999999955,141.74823100000003,,,GAQLD155427719,13 GOLDRING STREET,2,4823,JULIA CREEK,1,-20.657543029999943,141.74822815000005
